order_item_id,order_id,product_id,quantity,selling_price
1,1,157,4,5351.04
2,1,372,3,2126.62
3,1,466,2,3543.0
4,1,249,1,6139.17
5,1,67,3,6765.53
6,2,457,2,4840.21
7,2,173,2,4328.16
8,2,168,4,4609.57
9,2,34,3,1739.97
10,2,316,2,3281.58
11,3,360,3,2975.5
12,4,393,4,1234.01
13,4,85,3,206.91
14,5,174,4,2623.77
15,5,81,1,3349.11
16,5,197,4,3444.31
17,6,333,2,6331.32
18,6,329,2,6150.42
19,6,140,1,4644.31
20,6,141,2,4217.11
21,7,64,2,5245.29
22,7,462,1,1440.1
23,8,286,1,5544.61
24,8,462,4,1440.1
25,8,323,1,4863.69
26,8,54,1,3298.92
27,9,438,2,3420.48
28,9,491,1,336.73
29,9,291,3,4158.04
30,9,395,3,4977.01
31,9,45,4,2239.06
32,10,384,1,4637.79
33,10,336,2,3505.41
34,10,472,3,3476.76
35,11,185,2,1990.36
36,12,48,2,3118.93
37,13,454,3,469.46
38,13,116,1,584.32
39,14,439,4,5144.08
40,15,91,1,2388.1
41,15,333,3,6331.32
42,15,409,3,4629.95
43,15,215,3,3143.73
44,15,386,3,988.77
45,16,385,4,4521.81
46,16,458,4,4050.01
47,16,361,4,3228.33
48,16,350,2,1035.46
49,17,171,2,6247.86
50,17,484,4,5888.26
51,17,173,4,4328.16
52,18,27,1,1911.35
53,19,410,1,2717.31
54,19,262,2,3433.24
55,19,410,1,2717.31
56,19,364,2,6026.85
57,20,211,3,3182.08
58,20,12,4,5776.18
59,20,257,3,1725.23
60,21,151,4,1368.5
61,22,437,4,1635.15
62,22,170,3,3039.1
63,22,87,2,1282.33
64,23,418,1,4532.15
65,23,370,1,4396.17
66,24,273,2,4355.96
67,24,98,3,5554.21
68,25,427,2,5615.06
69,25,309,2,825.37
70,26,152,1,5260.39
71,26,160,4,6704.84
72,26,190,4,2545.79
73,26,414,3,981.22
74,27,493,2,6088.79
75,27,467,2,5633.33
76,28,135,1,5029.03
77,28,149,4,5667.0
78,28,162,2,3673.3
79,29,38,1,1645.79
80,30,96,3,418.99
81,31,27,2,1911.35
82,31,349,4,4253.69
83,32,47,2,2540.64
84,33,132,4,734.08
85,34,108,4,2189.38
86,34,77,3,5802.31
87,34,500,2,5135.84
88,34,200,1,3146.05
89,35,6,1,2038.84
90,36,411,2,4968.3
91,36,387,1,1384.34
92,36,367,1,2356.19
93,36,25,1,6342.54
94,37,9,1,3407.08
95,38,275,3,1381.85
96,39,220,1,3372.55
97,39,194,1,3575.56
98,39,92,3,4206.66
99,39,431,2,2345.7
100,40,316,3,3281.58
101,41,438,3,3420.48
102,41,499,4,2598.33
103,41,277,4,4935.0
104,41,63,4,639.04
105,41,178,3,3635.79
106,42,187,1,7451.43
107,43,331,3,895.99
108,43,38,2,1645.79
109,44,182,2,4710.47
110,44,353,2,4945.04
111,44,402,4,1337.62
112,44,217,2,1753.76
113,45,109,2,2146.83
114,45,198,1,2183.12
115,45,162,2,3673.3
116,45,200,3,3146.05
117,45,488,2,723.72
118,46,76,3,3624.25
119,46,219,3,1512.13
120,47,426,1,1145.23
121,47,36,4,3194.46
122,47,453,4,2708.83
123,47,187,4,7451.43
124,47,411,3,4968.3
125,48,106,4,1635.06
126,48,352,4,6820.17
127,48,487,3,3602.54
128,48,246,3,2663.81
129,49,46,3,922.81
130,49,186,2,2472.63
131,50,142,1,628.57
132,50,272,3,1207.17
133,50,352,4,6820.17
134,50,317,2,784.53
135,50,351,1,5407.74
136,51,346,3,3160.86
137,51,122,3,1788.84
138,52,137,3,2345.58
139,52,138,4,4165.59
140,53,216,1,4724.1
141,53,14,1,1195.89
142,53,27,4,1911.35
143,54,175,3,1587.68
144,55,375,1,5456.42
145,55,280,2,4382.83
146,55,207,2,5032.22
147,55,493,2,6088.79
148,56,254,3,229.57
149,56,221,3,6443.18
150,57,81,3,3349.11
151,57,147,3,2549.32
152,57,416,4,3452.92
153,57,332,3,336.46
154,57,123,3,5238.56
155,58,181,3,277.41
156,58,24,4,6433.86
157,58,240,3,1220.06
158,58,79,3,2892.49
159,58,439,3,5144.08
160,59,423,3,5959.15
161,60,169,1,5455.24
162,60,214,3,5909.34
163,61,487,2,3602.54
164,61,37,1,1174.23
165,61,73,3,958.17
166,61,464,2,7057.45
167,62,459,1,4650.34
168,62,303,4,1103.01
169,62,420,1,1934.38
170,62,323,2,4863.69
171,63,366,1,3398.33
172,63,257,3,1725.23
173,64,341,2,1594.54
174,64,214,4,5909.34
175,65,372,3,2126.62
176,65,170,4,3039.1
177,65,387,1,1384.34
178,65,169,2,5455.24
179,66,164,3,451.3
180,66,128,3,2947.92
181,67,109,3,2146.83
182,67,338,2,5130.85
183,67,118,3,4371.63
184,68,396,1,1589.43
185,68,4,2,5633.67
186,68,373,4,4435.35
187,68,70,2,2952.71
188,68,447,1,2421.14
189,69,414,4,981.22
190,69,277,4,4935.0
191,69,320,2,6639.63
192,69,252,1,4468.34
193,70,408,4,2432.33
194,70,268,1,2691.51
195,70,129,2,1449.29
196,70,386,2,988.77
197,70,105,3,4056.14
198,71,286,4,5544.61
199,71,294,2,6129.64
200,71,239,1,2892.25
201,71,7,4,1658.11
202,72,261,2,6008.79
203,72,443,1,4924.62
204,72,232,1,6669.4
205,73,144,2,4356.46
206,73,243,2,5813.12
207,73,300,1,1582.87
208,73,421,2,1285.52
209,73,109,3,2146.83
210,74,18,4,3961.8
211,75,120,3,2247.59
212,75,494,3,5234.76
213,76,18,1,3961.8
214,76,189,3,3600.6
215,76,81,1,3349.11
216,77,112,1,5163.37
217,77,101,3,1381.51
218,77,197,1,3444.31
219,77,437,1,1635.15
220,78,387,4,1384.34
221,78,283,2,5922.7
222,78,348,4,4037.99
223,79,139,3,2207.41
224,79,190,4,2545.79
225,79,120,4,2247.59
226,79,187,2,7451.43
227,79,407,1,5614.76
228,80,30,4,1495.61
229,80,270,2,3668.4
230,80,58,4,685.74
231,80,330,2,4391.26
232,81,186,2,2472.63
233,81,40,1,2870.78
234,81,98,3,5554.21
235,82,390,3,222.07
236,82,457,4,4840.21
237,82,342,3,2036.46
238,83,402,3,1337.62
239,84,495,4,5674.17
240,84,401,3,830.88
241,84,200,2,3146.05
242,84,344,1,6982.35
243,84,158,1,4348.37
244,85,410,3,2717.31
245,85,261,4,6008.79
246,85,333,2,6331.32
247,86,162,3,3673.3
248,86,38,3,1645.79
249,87,242,3,3908.61
250,87,425,3,4224.17
251,87,358,1,5127.98
252,88,53,2,1636.05
253,89,26,2,5756.04
254,89,429,1,3529.21
255,90,65,3,1839.77
256,90,402,1,1337.62
257,90,414,2,981.22
258,90,421,1,1285.52
259,90,459,2,4650.34
260,91,403,3,2324.3
261,92,317,2,784.53
262,92,153,1,7154.27
263,92,140,2,4644.31
264,92,435,1,3048.69
265,92,133,2,7682.68
266,93,196,2,4145.76
267,93,299,1,5162.19
268,94,206,3,6451.33
269,94,205,1,6203.46
270,95,174,4,2623.77
271,95,451,4,5285.86
272,95,498,4,5835.24
273,95,314,1,5187.17
274,96,184,2,4693.71
275,96,272,2,1207.17
276,96,20,2,543.91
277,96,479,4,4247.61
278,97,225,4,3865.19
279,97,327,3,2218.76
280,97,320,1,6639.63
281,97,482,1,5294.83
282,98,457,4,4840.21
283,99,474,2,5605.5
284,99,318,3,5367.63
285,99,317,3,784.53
286,99,351,4,5407.74
287,100,297,3,1402.1
288,100,398,3,6965.19
289,101,201,1,1060.46
290,101,398,1,6965.19
291,101,360,2,2975.5
292,101,333,1,6331.32
293,101,498,2,5835.24
294,102,256,3,2686.28
295,102,82,2,5405.87
296,102,408,1,2432.33
297,103,354,2,1425.69
298,104,244,2,1747.97
299,104,332,3,336.46
300,104,282,2,5682.3
301,105,329,3,6150.42
302,105,271,4,740.94
303,105,496,4,5678.29
304,105,259,2,1302.93
305,106,138,1,4165.59
306,106,234,4,1670.39
307,106,50,4,4659.51
308,106,356,3,5880.99
309,107,206,3,6451.33
310,107,162,3,3673.3
311,107,324,1,3848.88
312,107,444,2,5110.75
313,108,327,3,2218.76
314,109,312,2,4519.33
315,109,275,2,1381.85
316,109,493,1,6088.79
317,109,473,1,4224.82
318,109,133,3,7682.68
319,110,118,4,4371.63
320,110,447,2,2421.14
321,110,51,1,775.58
322,111,432,3,3897.39
323,111,201,3,1060.46
324,111,200,2,3146.05
325,112,423,1,5959.15
326,112,500,4,5135.84
327,113,279,3,774.25
328,113,451,3,5285.86
329,113,338,3,5130.85
330,113,71,1,4208.53
331,113,121,2,704.52
332,114,146,3,2758.94
333,114,286,3,5544.61
334,114,76,1,3624.25
335,114,160,3,6704.84
336,115,442,2,6554.24
337,115,264,4,1850.78
338,115,158,1,4348.37
339,115,75,4,3885.28
340,115,231,2,1813.96
341,116,159,3,1782.91
342,116,175,2,1587.68
343,117,107,2,4351.35
344,117,149,4,5667.0
345,117,25,4,6342.54
346,117,301,1,4803.29
347,117,194,1,3575.56
348,118,353,4,4945.04
349,119,20,2,543.91
350,119,180,3,1609.07
351,119,315,3,1950.17
352,120,425,2,4224.17
353,120,463,1,4315.08
354,120,70,3,2952.71
355,121,277,2,4935.0
356,121,414,4,981.22
357,122,178,3,3635.79
358,123,312,4,4519.33
359,124,482,4,5294.83
360,124,263,1,4317.08
361,125,359,2,3218.73
362,125,406,4,2675.38
363,125,235,3,5882.55
364,125,311,2,1952.58
365,126,89,1,4465.7
366,127,393,1,1234.01
367,127,307,2,5262.37
368,127,271,3,740.94
369,128,360,4,2975.5
370,129,199,2,4296.57
371,129,483,4,6442.69
372,129,454,4,469.46
373,129,378,1,5787.24
374,129,188,1,5890.62
375,130,334,3,4382.79
376,130,362,1,4182.94
377,130,283,3,5922.7
378,131,59,1,3551.72
379,131,265,3,5984.67
380,131,229,3,6178.47
381,131,398,2,6965.19
382,131,74,3,1856.46
383,132,244,4,1747.97
384,132,155,3,7062.88
385,132,281,1,767.61
386,132,120,3,2247.59
387,132,94,1,637.72
388,133,4,4,5633.67
389,133,270,1,3668.4
390,133,162,3,3673.3
391,134,458,4,4050.01
392,135,195,3,3142.65
393,135,164,1,451.3
394,135,417,3,4766.29
395,135,73,4,958.17
396,136,201,2,1060.46
397,136,424,2,1011.09
398,136,93,1,2629.61
399,136,250,2,2853.44
400,136,302,4,4353.43
401,137,101,1,1381.51
402,137,95,1,4933.59
403,137,126,4,5865.84
404,137,474,3,5605.5
405,137,276,1,2669.21
406,138,457,4,4840.21
407,138,212,4,155.74
408,138,1,2,2876.42
409,139,335,1,3273.18
410,139,225,3,3865.19
411,140,127,1,4216.76
412,140,265,3,5984.67
413,140,410,1,2717.31
414,140,323,3,4863.69
415,141,273,2,4355.96
416,141,339,3,4212.47
417,141,448,2,1589.08
418,141,359,4,3218.73
419,141,488,4,723.72
420,142,44,4,5953.73
421,142,434,3,5172.12
422,142,429,1,3529.21
423,142,276,4,2669.21
424,143,466,2,3543.0
425,143,11,4,5761.74
426,143,13,3,2922.53
427,144,240,4,1220.06
428,144,250,4,2853.44
429,144,404,3,5691.79
430,144,243,4,5813.12
431,145,80,4,2551.1
432,145,277,1,4935.0
433,146,41,3,5380.63
434,146,268,2,2691.51
435,146,379,4,1894.51
436,146,176,1,2750.53
437,147,231,1,1813.96
438,148,165,3,4937.61
439,148,120,3,2247.59
440,148,217,2,1753.76
441,148,145,3,380.42
442,149,290,4,1518.49
443,150,303,4,1103.01
444,151,300,4,1582.87
445,151,430,3,1289.32
446,151,61,4,1634.69
447,151,336,2,3505.41
448,151,163,3,6699.83
449,152,369,2,3840.55
450,152,160,3,6704.84
451,152,81,2,3349.11
452,152,317,2,784.53
453,153,234,1,1670.39
454,153,271,1,740.94
455,153,133,1,7682.68
456,154,285,1,3625.74
457,155,38,2,1645.79
458,155,124,1,6069.73
459,156,65,1,1839.77
460,156,41,3,5380.63
461,156,98,1,5554.21
462,157,148,1,2389.03
463,158,167,2,6818.7
464,159,498,1,5835.24
465,160,201,3,1060.46
466,160,238,4,555.04
467,160,294,3,6129.64
468,160,29,1,5434.79
469,161,120,4,2247.59
470,161,33,4,6626.78
471,161,110,1,6959.37
472,162,387,3,1384.34
473,162,301,2,4803.29
474,162,43,2,791.88
475,162,456,1,4335.7
476,162,243,2,5813.12
477,163,213,2,3927.95
478,164,8,3,1108.08
479,164,213,2,3927.95
480,164,295,3,1323.61
481,165,157,1,5351.04
482,165,13,1,2922.53
483,165,292,4,5117.95
484,165,364,1,6026.85
485,166,472,2,3476.76
486,166,485,4,4042.01
487,166,399,3,5067.92
488,166,348,4,4037.99
489,166,296,3,959.66
490,167,387,4,1384.34
491,167,32,3,4203.79
492,168,249,3,6139.17
493,168,204,3,3202.4
494,169,433,3,3901.17
495,169,495,4,5674.17
496,170,94,2,637.72
497,171,86,1,4346.28
498,171,473,3,4224.82
499,171,453,3,2708.83
500,171,133,4,7682.68
501,172,183,4,4643.22
502,172,30,2,1495.61
503,172,201,1,1060.46
504,172,445,4,4299.29
505,173,348,4,4037.99
506,173,117,2,924.08
507,174,330,2,4391.26
508,174,308,1,1437.25
509,175,24,4,6433.86
510,175,494,1,5234.76
511,175,83,4,4207.1
512,175,55,2,5294.38
513,175,276,2,2669.21
514,176,447,3,2421.14
515,176,166,3,3680.98
516,176,456,2,4335.7
517,177,209,4,5173.0
518,177,146,3,2758.94
519,177,306,1,1311.81
520,177,221,2,6443.18
521,177,234,1,1670.39
522,178,494,3,5234.76
523,178,94,4,637.72
524,179,101,1,1381.51
525,179,43,2,791.88
526,179,227,3,3884.33
527,179,480,3,1852.13
528,179,359,1,3218.73
529,180,103,4,5044.44
530,180,206,2,6451.33
531,181,98,2,5554.21
532,181,66,4,3951.93
533,181,1,3,2876.42
534,181,307,3,5262.37
535,182,76,3,3624.25
536,183,380,1,4324.63
537,183,62,3,7110.36
538,183,25,3,6342.54
539,183,108,4,2189.38
540,184,131,1,4351.85
541,184,437,3,1635.15
542,184,191,2,1690.83
543,185,388,2,1373.2
544,185,74,4,1856.46
545,185,493,1,6088.79
546,185,186,4,2472.63
547,186,253,2,2797.42
548,187,179,2,2635.11
549,187,227,1,3884.33
550,188,169,1,5455.24
551,189,59,4,3551.72
552,189,110,1,6959.37
553,190,122,4,1788.84
554,190,76,2,3624.25
555,190,319,3,3408.81
556,190,6,4,2038.84
557,191,467,3,5633.33
558,191,433,2,3901.17
559,191,435,1,3048.69
560,192,297,2,1402.1
561,192,457,2,4840.21
562,192,346,2,3160.86
563,192,65,2,1839.77
564,192,129,1,1449.29
565,193,68,1,5048.98
566,193,403,4,2324.3
567,194,137,1,2345.58
568,194,20,2,543.91
569,194,233,3,4261.37
570,194,439,2,5144.08
571,194,365,2,5059.36
572,195,218,2,1046.26
573,195,290,2,1518.49
574,196,279,2,774.25
575,196,351,2,5407.74
576,196,177,3,1399.56
577,196,10,3,1780.12
578,197,89,3,4465.7
579,197,285,1,3625.74
580,198,73,1,958.17
581,198,320,2,6639.63
582,198,144,1,4356.46
583,198,36,3,3194.46
584,199,348,3,4037.99
585,199,160,2,6704.84
586,199,341,2,1594.54
587,199,181,2,277.41
588,199,356,2,5880.99
589,200,138,2,4165.59
590,200,339,3,4212.47
591,201,174,4,2623.77
592,201,40,1,2870.78
593,201,444,4,5110.75
594,201,338,1,5130.85
595,202,102,1,5155.01
596,203,145,4,380.42
597,203,64,2,5245.29
598,203,434,2,5172.12
599,203,80,1,2551.1
600,203,6,2,2038.84
601,204,100,4,7678.63
602,204,362,3,4182.94
603,205,149,1,5667.0
604,205,81,3,3349.11
605,206,194,3,3575.56
606,206,378,3,5787.24
607,206,101,3,1381.51
608,207,474,2,5605.5
609,207,207,2,5032.22
610,207,438,4,3420.48
611,207,148,1,2389.03
612,208,405,3,4305.08
613,209,488,4,723.72
614,209,97,3,3649.64
615,209,276,3,2669.21
616,209,59,2,3551.72
617,209,357,2,3963.48
618,210,289,4,615.43
619,210,285,2,3625.74
620,210,145,1,380.42
621,211,261,4,6008.79
622,211,269,3,2723.78
623,212,168,3,4609.57
624,212,54,1,3298.92
625,212,194,2,3575.56
626,212,18,4,3961.8
627,212,276,3,2669.21
628,213,307,2,5262.37
629,213,163,1,6699.83
630,214,103,4,5044.44
631,215,361,2,3228.33
632,216,370,4,4396.17
633,217,299,2,5162.19
634,217,319,4,3408.81
635,217,103,4,5044.44
636,217,248,4,5396.23
637,218,137,3,2345.58
638,218,199,4,4296.57
639,218,8,4,1108.08
640,219,197,3,3444.31
641,220,455,2,3452.95
642,220,38,2,1645.79
643,220,293,2,5467.31
644,220,69,3,2687.96
645,221,294,2,6129.64
646,221,453,4,2708.83
647,222,417,1,4766.29
648,222,47,2,2540.64
649,222,79,2,2892.49
650,222,187,3,7451.43
651,222,495,1,5674.17
652,223,336,4,3505.41
653,223,126,3,5865.84
654,223,8,4,1108.08
655,224,331,1,895.99
656,224,374,2,3593.06
657,224,31,4,3335.57
658,224,440,1,1786.05
659,225,84,1,5116.75
660,225,453,4,2708.83
661,226,173,4,4328.16
662,226,12,2,5776.18
663,226,136,3,6859.2
664,226,266,1,3100.54
665,226,33,3,6626.78
666,227,278,2,1452.09
667,227,302,3,4353.43
668,228,185,4,1990.36
669,228,223,3,830.78
670,229,428,1,3337.91
671,229,363,4,7234.27
672,229,171,2,6247.86
673,229,194,4,3575.56
674,230,157,1,5351.04
675,230,279,1,774.25
676,231,408,1,2432.33
677,231,11,1,5761.74
678,231,387,1,1384.34
679,231,453,4,2708.83
680,232,87,3,1282.33
681,232,52,3,2554.22
682,232,109,4,2146.83
683,233,456,4,4335.7
684,233,187,3,7451.43
685,233,265,4,5984.67
686,233,258,2,4144.01
687,234,34,1,1739.97
688,234,49,1,1001.46
689,234,446,4,6731.46
690,235,231,3,1813.96
691,235,380,3,4324.63
692,235,153,3,7154.27
693,235,199,1,4296.57
694,236,419,1,4392.23
695,236,144,4,4356.46
696,236,110,4,6959.37
697,236,441,4,5639.25
698,237,427,1,5615.06
699,237,131,2,4351.85
700,237,175,1,1587.68
701,237,382,2,5869.03
702,237,341,3,1594.54
703,238,444,2,5110.75
704,238,193,2,6626.72
705,238,398,1,6965.19
706,238,135,1,5029.03
707,238,281,2,767.61
708,239,393,3,1234.01
709,239,490,1,7539.95
710,240,256,4,2686.28
711,240,43,1,791.88
712,240,388,3,1373.2
713,240,494,3,5234.76
714,240,259,1,1302.93
715,241,75,2,3885.28
716,241,360,1,2975.5
717,242,437,1,1635.15
718,242,131,2,4351.85
719,243,403,3,2324.3
720,243,456,2,4335.7
721,243,371,1,6431.49
722,244,254,4,229.57
723,244,374,2,3593.06
724,245,137,2,2345.58
725,246,424,3,1011.09
726,246,275,1,1381.85
727,246,374,3,3593.06
728,246,316,1,3281.58
729,246,416,4,3452.92
730,247,95,4,4933.59
731,247,274,2,7224.74
732,247,201,2,1060.46
733,248,175,2,1587.68
734,248,213,4,3927.95
735,249,203,1,3122.39
736,249,356,2,5880.99
737,249,185,2,1990.36
738,249,21,4,773.93
739,249,66,2,3951.93
740,250,1,1,2876.42
741,250,200,1,3146.05
742,250,256,4,2686.28
743,250,200,2,3146.05
744,250,249,1,6139.17
745,251,451,4,5285.86
746,251,80,4,2551.1
747,251,142,4,628.57
748,252,62,1,7110.36
749,252,204,2,3202.4
750,253,55,1,5294.38
751,253,345,4,6715.15
752,253,273,1,4355.96
753,253,474,3,5605.5
754,253,473,4,4224.82
755,254,461,1,4553.3
756,254,488,4,723.72
757,254,185,4,1990.36
758,254,415,4,3144.2
759,255,162,3,3673.3
760,255,415,3,3144.2
761,255,437,1,1635.15
762,256,2,3,5222.22
763,257,203,1,3122.39
764,258,96,3,418.99
765,259,161,2,6112.98
766,259,467,4,5633.33
767,259,76,2,3624.25
768,260,453,3,2708.83
769,260,167,4,6818.7
770,260,349,2,4253.69
771,261,233,1,4261.37
772,262,397,1,2867.64
773,262,196,4,4145.76
774,262,468,2,6226.51
775,262,447,3,2421.14
776,262,177,3,1399.56
777,263,317,2,784.53
778,263,233,1,4261.37
779,264,318,2,5367.63
780,264,261,4,6008.79
781,265,166,4,3680.98
782,265,287,3,362.6
783,266,327,1,2218.76
784,266,40,3,2870.78
785,267,64,4,5245.29
786,267,366,2,3398.33
787,268,451,1,5285.86
788,268,282,1,5682.3
789,269,366,2,3398.33
790,269,167,3,6818.7
791,269,62,1,7110.36
792,270,117,4,924.08
793,270,198,2,2183.12
794,270,69,2,2687.96
795,270,354,4,1425.69
796,271,266,4,3100.54
797,271,437,3,1635.15
798,271,174,4,2623.77
799,271,260,2,1846.21
800,272,200,4,3146.05
801,272,409,4,4629.95
802,272,174,1,2623.77
803,272,328,3,2729.68
804,273,231,1,1813.96
805,273,205,3,6203.46
806,273,254,2,229.57
807,273,340,3,6024.22
808,274,155,3,7062.88
809,274,159,4,1782.91
810,274,67,3,6765.53
811,274,414,1,981.22
812,275,293,4,5467.31
813,275,435,2,3048.69
814,275,477,3,1536.6
815,275,74,4,1856.46
816,275,41,4,5380.63
817,276,443,4,4924.62
818,277,419,4,4392.23
819,277,188,2,5890.62
820,277,36,2,3194.46
821,278,81,1,3349.11
822,278,417,4,4766.29
823,278,99,4,377.4
824,278,217,2,1753.76
825,278,397,4,2867.64
826,279,234,3,1670.39
827,280,207,1,5032.22
828,280,353,1,4945.04
829,281,267,1,3128.45
830,282,121,1,704.52
831,283,79,4,2892.49
832,283,198,2,2183.12
833,283,379,1,1894.51
834,283,179,2,2635.11
835,284,251,2,4963.2
836,284,25,4,6342.54
837,284,343,3,2443.83
838,284,217,1,1753.76
839,285,266,4,3100.54
840,285,213,1,3927.95
841,285,106,2,1635.06
842,285,270,2,3668.4
843,285,75,2,3885.28
844,286,404,1,5691.79
845,286,355,1,6023.83
846,286,494,2,5234.76
847,287,168,2,4609.57
848,287,104,2,673.38
849,288,402,3,1337.62
850,288,355,3,6023.83
851,288,308,3,1437.25
852,288,316,3,3281.58
853,289,437,3,1635.15
854,289,233,3,4261.37
855,289,129,4,1449.29
856,290,316,4,3281.58
857,290,426,4,1145.23
858,291,22,2,2628.43
859,291,105,3,4056.14
860,291,269,3,2723.78
861,291,337,4,5116.18
862,291,155,4,7062.88
863,292,443,4,4924.62
864,293,287,1,362.6
865,293,432,4,3897.39
866,293,55,4,5294.38
867,294,257,4,1725.23
868,294,341,4,1594.54
869,294,218,3,1046.26
870,294,353,2,4945.04
871,294,34,1,1739.97
872,295,96,1,418.99
873,295,365,2,5059.36
874,295,438,4,3420.48
875,295,188,4,5890.62
876,296,229,2,6178.47
877,296,365,2,5059.36
878,296,342,4,2036.46
879,296,82,4,5405.87
880,296,356,1,5880.99
881,297,33,2,6626.78
882,297,184,3,4693.71
883,297,435,2,3048.69
884,297,394,1,4349.12
885,297,140,4,4644.31
886,298,205,4,6203.46
887,298,76,1,3624.25
888,298,325,1,6330.63
889,298,71,2,4208.53
890,298,415,1,3144.2
891,299,329,1,6150.42
892,299,398,2,6965.19
893,300,461,2,4553.3
894,300,500,3,5135.84
895,300,17,1,6553.92
896,300,273,3,4355.96
897,301,34,4,1739.97
898,301,41,1,5380.63
899,301,440,1,1786.05
900,301,474,2,5605.5
901,302,234,2,1670.39
902,302,358,2,5127.98
903,302,290,3,1518.49
904,302,154,1,3919.63
905,303,294,2,6129.64
906,303,362,2,4182.94
907,303,381,3,2780.62
908,303,395,4,4977.01
909,303,93,2,2629.61
910,304,176,3,2750.53
911,304,199,3,4296.57
912,304,128,2,2947.92
913,304,272,4,1207.17
914,304,112,2,5163.37
915,305,212,2,155.74
916,305,412,3,2197.41
917,305,492,1,5032.36
918,305,271,1,740.94
919,305,259,2,1302.93
920,306,146,2,2758.94
921,306,82,1,5405.87
922,306,487,1,3602.54
923,307,223,2,830.78
924,307,93,2,2629.61
925,307,500,1,5135.84
926,308,24,1,6433.86
927,308,215,2,3143.73
928,308,203,1,3122.39
929,308,445,2,4299.29
930,308,87,3,1282.33
931,309,65,4,1839.77
932,309,269,4,2723.78
933,309,314,4,5187.17
934,309,294,4,6129.64
935,310,9,2,3407.08
936,310,414,1,981.22
937,310,340,2,6024.22
938,310,291,1,4158.04
939,310,412,4,2197.41
940,311,9,3,3407.08
941,311,410,1,2717.31
942,312,193,2,6626.72
943,312,255,4,3636.36
944,312,148,3,2389.03
945,312,159,1,1782.91
946,312,266,2,3100.54
947,313,192,4,1522.05
948,313,272,3,1207.17
949,313,186,1,2472.63
950,313,466,3,3543.0
951,314,26,4,5756.04
952,315,79,1,2892.49
953,315,22,3,2628.43
954,315,3,3,394.52
955,315,120,1,2247.59
956,316,180,2,1609.07
957,316,382,1,5869.03
958,316,189,3,3600.6
959,316,402,4,1337.62
960,316,400,3,3874.31
961,317,317,3,784.53
962,317,485,1,4042.01
963,318,213,3,3927.95
964,318,369,1,3840.55
965,318,96,3,418.99
966,318,198,4,2183.12
967,318,407,3,5614.76
968,319,481,2,4362.0
969,319,298,3,5143.35
970,319,170,1,3039.1
971,320,264,1,1850.78
972,321,344,3,6982.35
973,321,174,2,2623.77
974,321,40,4,2870.78
975,321,391,4,2831.62
976,322,383,2,1338.8
977,322,69,3,2687.96
978,323,472,3,3476.76
979,323,348,1,4037.99
980,323,383,2,1338.8
981,323,241,2,600.8
982,324,120,2,2247.59
983,324,180,1,1609.07
984,324,60,2,5163.17
985,325,126,4,5865.84
986,325,356,2,5880.99
987,326,493,3,6088.79
988,326,259,3,1302.93
989,326,470,3,4963.98
990,327,372,1,2126.62
991,327,436,2,6428.91
992,327,3,1,394.52
993,328,311,3,1952.58
994,328,267,2,3128.45
995,328,313,3,3303.95
996,328,334,3,4382.79
997,329,200,4,3146.05
998,329,9,4,3407.08
999,329,111,2,2394.51
1000,329,253,2,2797.42
1001,330,97,4,3649.64
1002,330,294,4,6129.64
1003,330,413,4,5368.82
1004,330,394,2,4349.12
1005,330,58,1,685.74
1006,331,65,3,1839.77
1007,331,490,1,7539.95
1008,331,235,4,5882.55
1009,331,140,2,4644.31
1010,332,11,1,5761.74
1011,332,152,4,5260.39
1012,332,455,4,3452.95
1013,332,435,2,3048.69
1014,332,481,4,4362.0
1015,333,433,3,3901.17
1016,333,399,1,5067.92
1017,333,364,1,6026.85
1018,333,342,4,2036.46
1019,334,253,4,2797.42
1020,334,46,2,922.81
1021,335,400,1,3874.31
1022,335,161,4,6112.98
1023,336,212,3,155.74
1024,336,433,1,3901.17
1025,336,18,2,3961.8
1026,336,442,4,6554.24
1027,337,252,3,4468.34
1028,338,121,3,704.52
1029,338,386,3,988.77
1030,338,391,1,2831.62
1031,339,404,1,5691.79
1032,339,315,3,1950.17
1033,340,478,3,4700.05
1034,340,440,1,1786.05
1035,340,140,3,4644.31
1036,340,407,3,5614.76
1037,341,153,3,7154.27
1038,341,134,1,4419.51
1039,341,110,3,6959.37
1040,341,265,2,5984.67
1041,341,16,2,3318.23
1042,342,1,2,2876.42
1043,342,32,3,4203.79
1044,342,382,4,5869.03
1045,342,70,1,2952.71
1046,342,249,2,6139.17
1047,343,438,2,3420.48
1048,343,219,3,1512.13
1049,344,223,1,830.78
1050,345,37,3,1174.23
1051,345,438,4,3420.48
1052,345,351,2,5407.74
1053,345,115,4,2916.37
1054,346,114,2,1305.47
1055,346,322,1,3077.91
1056,346,147,3,2549.32
1057,346,271,3,740.94
1058,346,389,4,1828.56
1059,347,228,4,5999.41
1060,348,309,3,825.37
1061,349,281,3,767.61
1062,349,315,1,1950.17
1063,350,75,3,3885.28
1064,350,471,2,1844.85
1065,350,23,1,4519.4
1066,350,428,4,3337.91
1067,351,200,4,3146.05
1068,351,192,1,1522.05
1069,352,368,3,3127.98
1070,353,372,4,2126.62
1071,353,436,2,6428.91
1072,353,136,1,6859.2
1073,354,174,4,2623.77
1074,354,76,4,3624.25
1075,354,404,1,5691.79
1076,355,40,4,2870.78
1077,355,265,3,5984.67
1078,356,481,4,4362.0
1079,357,406,3,2675.38
1080,357,143,3,4831.33
1081,357,353,2,4945.04
1082,358,423,4,5959.15
1083,358,165,1,4937.61
1084,358,320,4,6639.63
1085,358,245,4,2794.78
1086,359,231,1,1813.96
1087,359,391,4,2831.62
1088,359,402,3,1337.62
1089,359,247,1,3140.62
1090,359,280,1,4382.83
1091,360,396,4,1589.43
1092,360,297,3,1402.1
1093,360,428,3,3337.91
1094,360,336,4,3505.41
1095,360,416,2,3452.92
1096,361,185,1,1990.36
1097,361,76,4,3624.25
1098,362,102,3,5155.01
1099,362,214,3,5909.34
1100,362,88,3,3652.47
1101,362,337,4,5116.18
1102,363,31,4,3335.57
1103,363,9,4,3407.08
1104,363,180,1,1609.07
1105,364,456,1,4335.7
1106,364,345,3,6715.15
1107,364,304,3,4992.14
1108,364,297,2,1402.1
1109,365,441,3,5639.25
1110,365,361,4,3228.33
1111,365,46,3,922.81
1112,366,75,2,3885.28
1113,366,91,4,2388.1
1114,367,330,3,4391.26
1115,367,487,1,3602.54
1116,367,132,1,734.08
1117,368,74,4,1856.46
1118,368,100,3,7678.63
1119,368,463,2,4315.08
1120,369,346,4,3160.86
1121,369,449,1,5990.22
1122,369,371,1,6431.49
1123,369,434,3,5172.12
1124,370,68,2,5048.98
1125,370,457,4,4840.21
1126,370,29,4,5434.79
1127,370,214,1,5909.34
1128,371,132,1,734.08
1129,371,494,3,5234.76
1130,371,197,2,3444.31
1131,371,418,4,4532.15
1132,371,480,2,1852.13
1133,372,29,1,5434.79
1134,373,282,3,5682.3
1135,373,262,3,3433.24
1136,373,460,4,5962.4
1137,373,35,2,3703.55
1138,373,68,1,5048.98
1139,374,295,3,1323.61
1140,374,454,4,469.46
1141,374,281,1,767.61
1142,374,135,4,5029.03
1143,375,311,3,1952.58
1144,375,235,2,5882.55
1145,375,354,2,1425.69
1146,375,139,2,2207.41
1147,376,159,3,1782.91
1148,376,146,3,2758.94
1149,376,178,2,3635.79
1150,376,285,2,3625.74
1151,377,303,2,1103.01
1152,377,314,1,5187.17
1153,378,88,2,3652.47
1154,378,231,2,1813.96
1155,378,398,3,6965.19
1156,379,193,3,6626.72
1157,379,206,2,6451.33
1158,379,233,2,4261.37
1159,380,400,4,3874.31
1160,381,285,4,3625.74
1161,381,189,3,3600.6
1162,381,403,2,2324.3
1163,381,282,3,5682.3
1164,382,326,4,5313.25
1165,382,420,1,1934.38
1166,382,199,1,4296.57
1167,382,272,1,1207.17
1168,383,222,2,5410.26
1169,384,63,1,639.04
1170,384,294,1,6129.64
1171,384,136,1,6859.2
1172,384,94,1,637.72
1173,384,177,2,1399.56
1174,385,168,4,4609.57
1175,385,202,4,3841.09
1176,386,259,1,1302.93
1177,386,24,4,6433.86
1178,386,144,1,4356.46
1179,386,122,4,1788.84
1180,387,124,3,6069.73
1181,387,201,1,1060.46
1182,387,68,4,5048.98
1183,388,151,4,1368.5
1184,388,377,4,5763.68
1185,389,62,3,7110.36
1186,389,235,1,5882.55
1187,389,89,2,4465.7
1188,389,328,3,2729.68
1189,390,318,3,5367.63
1190,390,109,1,2146.83
1191,391,9,2,3407.08
1192,392,80,1,2551.1
1193,392,287,3,362.6
1194,393,111,3,2394.51
1195,393,5,2,2523.37
1196,394,453,3,2708.83
1197,394,124,2,6069.73
1198,394,115,4,2916.37
1199,394,175,1,1587.68
1200,395,478,4,4700.05
1201,395,366,4,3398.33
1202,395,383,4,1338.8
1203,395,231,1,1813.96
1204,395,184,4,4693.71
1205,396,26,3,5756.04
1206,396,466,2,3543.0
1207,397,346,2,3160.86
1208,397,181,2,277.41
1209,397,471,1,1844.85
1210,397,33,1,6626.78
1211,397,197,1,3444.31
1212,398,269,1,2723.78
1213,398,178,1,3635.79
1214,398,247,4,3140.62
1215,398,132,4,734.08
1216,399,141,3,4217.11
1217,399,119,4,224.22
1218,399,259,1,1302.93
1219,400,397,2,2867.64
1220,400,128,3,2947.92
1221,400,278,4,1452.09
1222,400,219,3,1512.13
1223,400,364,1,6026.85
1224,401,437,3,1635.15
1225,401,241,1,600.8
1226,401,451,4,5285.86
1227,401,20,2,543.91
1228,402,198,2,2183.12
1229,403,387,2,1384.34
1230,403,194,1,3575.56
1231,404,463,2,4315.08
1232,404,405,3,4305.08
1233,404,190,4,2545.79
1234,405,290,2,1518.49
1235,405,50,1,4659.51
1236,405,7,4,1658.11
1237,405,387,3,1384.34
1238,406,31,1,3335.57
1239,407,390,4,222.07
1240,407,379,3,1894.51
1241,408,50,3,4659.51
1242,409,306,4,1311.81
1243,410,28,4,801.28
1244,410,147,4,2549.32
1245,410,306,2,1311.81
1246,411,323,4,4863.69
1247,411,82,2,5405.87
1248,412,425,4,4224.17
1249,412,345,4,6715.15
1250,413,242,2,3908.61
1251,414,278,3,1452.09
1252,414,22,4,2628.43
1253,414,265,2,5984.67
1254,414,356,3,5880.99
1255,414,316,3,3281.58
1256,415,223,1,830.78
1257,415,149,1,5667.0
1258,415,52,2,2554.22
1259,416,412,1,2197.41
1260,417,55,3,5294.38
1261,417,130,2,1963.29
1262,417,232,3,6669.4
1263,418,11,3,5761.74
1264,418,7,3,1658.11
1265,419,369,1,3840.55
1266,419,16,1,3318.23
1267,420,267,4,3128.45
1268,420,355,3,6023.83
1269,420,430,3,1289.32
1270,420,332,4,336.46
1271,420,86,1,4346.28
1272,421,420,3,1934.38
1273,421,484,3,5888.26
1274,421,229,3,6178.47
1275,422,181,1,277.41
1276,422,196,3,4145.76
1277,422,410,3,2717.31
1278,422,167,2,6818.7
1279,422,386,1,988.77
1280,423,86,2,4346.28
1281,424,256,2,2686.28
1282,425,200,4,3146.05
1283,425,145,1,380.42
1284,425,212,4,155.74
1285,425,351,1,5407.74
1286,425,385,2,4521.81
1287,426,324,1,3848.88
1288,426,377,3,5763.68
1289,426,314,2,5187.17
1290,426,87,1,1282.33
1291,427,100,1,7678.63
1292,427,249,1,6139.17
1293,428,458,3,4050.01
1294,429,302,4,4353.43
1295,429,154,4,3919.63
1296,429,268,3,2691.51
1297,429,184,2,4693.71
1298,430,405,1,4305.08
1299,431,13,3,2922.53
1300,432,298,4,5143.35
1301,432,65,3,1839.77
1302,432,206,3,6451.33
1303,432,78,2,2623.38
1304,432,253,3,2797.42
1305,433,363,4,7234.27
1306,433,246,4,2663.81
1307,433,11,2,5761.74
1308,434,186,2,2472.63
1309,434,297,1,1402.1
1310,435,302,3,4353.43
1311,435,454,3,469.46
1312,435,81,1,3349.11
1313,436,320,1,6639.63
1314,436,386,1,988.77
1315,436,329,3,6150.42
1316,436,313,4,3303.95
1317,437,228,2,5999.41
1318,437,10,2,1780.12
1319,437,421,2,1285.52
1320,437,92,4,4206.66
1321,438,157,1,5351.04
1322,438,353,4,4945.04
1323,438,155,1,7062.88
1324,438,72,4,5436.37
1325,438,422,3,5095.84
1326,439,277,4,4935.0
1327,439,179,2,2635.11
1328,439,117,2,924.08
1329,439,66,3,3951.93
1330,439,345,2,6715.15
1331,440,151,3,1368.5
1332,440,120,1,2247.59
1333,440,166,4,3680.98
1334,440,72,3,5436.37
1335,440,342,2,2036.46
1336,441,118,3,4371.63
1337,442,115,4,2916.37
1338,442,137,1,2345.58
1339,442,40,1,2870.78
1340,442,421,3,1285.52
1341,443,499,2,2598.33
1342,443,398,1,6965.19
1343,443,163,4,6699.83
1344,443,288,4,6212.26
1345,443,356,2,5880.99
1346,444,186,2,2472.63
1347,444,377,2,5763.68
1348,444,408,3,2432.33
1349,444,184,3,4693.71
1350,445,218,2,1046.26
1351,445,101,4,1381.51
1352,446,419,2,4392.23
1353,446,107,2,4351.35
1354,446,233,2,4261.37
1355,447,485,2,4042.01
1356,447,203,2,3122.39
1357,447,157,3,5351.04
1358,447,85,1,206.91
1359,448,197,2,3444.31
1360,448,318,3,5367.63
1361,448,427,2,5615.06
1362,448,384,4,4637.79
1363,449,415,2,3144.2
1364,449,235,2,5882.55
1365,450,253,1,2797.42
1366,451,162,4,3673.3
1367,451,424,3,1011.09
1368,451,319,4,3408.81
1369,452,6,3,2038.84
1370,452,355,1,6023.83
1371,452,305,2,1283.96
1372,452,166,1,3680.98
1373,453,141,3,4217.11
1374,453,366,3,3398.33
1375,453,305,1,1283.96
1376,453,386,3,988.77
1377,453,150,2,1545.47
1378,454,232,2,6669.4
1379,455,352,4,6820.17
1380,455,448,1,1589.08
1381,455,324,1,3848.88
1382,455,386,1,988.77
1383,455,36,1,3194.46
1384,456,454,3,469.46
1385,456,498,2,5835.24
1386,456,448,2,1589.08
1387,457,241,3,600.8
1388,458,465,1,6681.17
1389,459,282,2,5682.3
1390,459,131,3,4351.85
1391,459,378,1,5787.24
1392,459,479,4,4247.61
1393,459,475,1,1249.33
1394,460,494,4,5234.76
1395,461,232,3,6669.4
1396,461,233,4,4261.37
1397,461,284,3,1954.57
1398,461,277,3,4935.0
1399,462,185,3,1990.36
1400,462,223,2,830.78
1401,462,66,2,3951.93
1402,462,332,3,336.46
1403,462,343,2,2443.83
1404,463,479,4,4247.61
1405,463,399,4,5067.92
1406,463,135,3,5029.03
1407,463,438,4,3420.48
1408,464,352,3,6820.17
1409,464,24,4,6433.86
1410,464,130,3,1963.29
1411,465,65,2,1839.77
1412,465,275,2,1381.85
1413,465,481,4,4362.0
1414,466,190,3,2545.79
1415,466,456,1,4335.7
1416,466,53,1,1636.05
1417,466,484,2,5888.26
1418,467,194,3,3575.56
1419,467,101,2,1381.51
1420,468,464,4,7057.45
1421,468,312,3,4519.33
1422,468,455,3,3452.95
1423,468,302,2,4353.43
1424,469,164,2,451.3
1425,469,285,1,3625.74
1426,470,292,4,5117.95
1427,470,284,1,1954.57
1428,470,78,3,2623.38
1429,470,386,2,988.77
1430,471,500,1,5135.84
1431,471,155,3,7062.88
1432,472,75,4,3885.28
1433,472,71,1,4208.53
1434,472,40,3,2870.78
1435,472,210,2,530.97
1436,472,24,1,6433.86
1437,473,453,3,2708.83
1438,473,242,4,3908.61
1439,474,159,4,1782.91
1440,474,352,2,6820.17
1441,474,490,1,7539.95
1442,474,323,2,4863.69
1443,475,373,1,4435.35
1444,475,274,3,7224.74
1445,475,288,2,6212.26
1446,476,24,4,6433.86
1447,476,216,2,4724.1
1448,476,345,4,6715.15
1449,476,114,2,1305.47
1450,476,170,2,3039.1
1451,477,8,4,1108.08
1452,478,282,3,5682.3
1453,478,24,2,6433.86
1454,478,332,2,336.46
1455,479,8,2,1108.08
1456,479,26,3,5756.04
1457,479,179,4,2635.11
1458,479,50,4,4659.51
1459,480,203,2,3122.39
1460,480,453,1,2708.83
1461,480,16,4,3318.23
1462,480,21,3,773.93
1463,481,177,3,1399.56
1464,481,441,2,5639.25
1465,481,228,4,5999.41
1466,481,65,4,1839.77
1467,481,207,3,5032.22
1468,482,187,4,7451.43
1469,482,444,1,5110.75
1470,482,257,3,1725.23
1471,483,260,4,1846.21
1472,483,9,2,3407.08
1473,483,179,1,2635.11
1474,483,36,2,3194.46
1475,483,351,4,5407.74
1476,484,366,3,3398.33
1477,484,48,1,3118.93
1478,484,188,3,5890.62
1479,484,121,3,704.52
1480,484,19,2,4193.05
1481,485,60,2,5163.17
1482,485,446,4,6731.46
1483,485,112,4,5163.37
1484,485,249,4,6139.17
1485,485,88,1,3652.47
1486,486,241,1,600.8
1487,486,199,4,4296.57
1488,486,103,3,5044.44
1489,486,419,1,4392.23
1490,486,371,3,6431.49
1491,487,60,1,5163.17
1492,487,411,1,4968.3
1493,487,219,3,1512.13
1494,487,42,3,5752.4
1495,488,312,1,4519.33
1496,488,262,1,3433.24
1497,488,66,4,3951.93
1498,489,149,1,5667.0
1499,489,417,4,4766.29
1500,489,481,4,4362.0
1501,490,36,1,3194.46
1502,491,49,1,1001.46
1503,491,117,1,924.08
1504,491,111,4,2394.51
1505,492,339,4,4212.47
1506,493,189,4,3600.6
1507,493,152,1,5260.39
1508,494,453,2,2708.83
1509,495,185,2,1990.36
1510,495,154,1,3919.63
1511,495,54,3,3298.92
1512,495,27,4,1911.35
1513,496,127,3,4216.76
1514,496,31,2,3335.57
1515,497,109,4,2146.83
1516,498,385,3,4521.81
1517,499,449,1,5990.22
1518,500,451,4,5285.86
1519,500,62,4,7110.36
1520,500,319,1,3408.81
1521,500,102,3,5155.01
1522,501,165,2,4937.61
1523,501,231,3,1813.96
1524,501,152,2,5260.39
1525,502,7,2,1658.11
1526,502,474,1,5605.5
1527,502,359,3,3218.73
1528,502,218,4,1046.26
1529,503,363,1,7234.27
1530,504,228,2,5999.41
1531,504,23,2,4519.4
1532,505,12,1,5776.18
1533,505,312,1,4519.33
1534,505,62,4,7110.36
1535,505,79,2,2892.49
1536,506,77,3,5802.31
1537,506,204,4,3202.4
1538,507,150,2,1545.47
1539,507,229,1,6178.47
1540,507,494,2,5234.76
1541,508,244,1,1747.97
1542,508,20,2,543.91
1543,509,223,1,830.78
1544,509,107,3,4351.35
1545,509,228,4,5999.41
1546,510,238,2,555.04
1547,510,53,1,1636.05
1548,510,139,4,2207.41
1549,511,9,1,3407.08
1550,511,488,1,723.72
1551,512,435,4,3048.69
1552,512,105,2,4056.14
1553,512,283,1,5922.7
1554,513,313,4,3303.95
1555,514,104,1,673.38
1556,514,424,1,1011.09
1557,514,199,4,4296.57
1558,514,182,2,4710.47
1559,515,145,1,380.42
1560,515,175,3,1587.68
1561,515,113,3,2129.84
1562,516,485,3,4042.01
1563,516,157,2,5351.04
1564,516,417,1,4766.29
1565,517,78,1,2623.38
1566,517,279,2,774.25
1567,517,366,1,3398.33
1568,517,401,2,830.88
1569,517,427,3,5615.06
1570,518,55,4,5294.38
1571,518,382,1,5869.03
1572,518,341,4,1594.54
1573,519,71,3,4208.53
1574,519,129,1,1449.29
1575,520,216,3,4724.1
1576,520,239,1,2892.25
1577,521,423,3,5959.15
1578,521,457,1,4840.21
1579,521,131,4,4351.85
1580,522,232,3,6669.4
1581,522,70,4,2952.71
1582,522,175,1,1587.68
1583,522,434,4,5172.12
1584,523,182,3,4710.47
1585,523,13,2,2922.53
1586,524,258,1,4144.01
1587,524,27,2,1911.35
1588,524,346,1,3160.86
1589,524,79,3,2892.49
1590,525,235,2,5882.55
1591,525,201,3,1060.46
1592,525,489,1,1979.19
1593,526,182,2,4710.47
1594,526,430,1,1289.32
1595,526,212,4,155.74
1596,526,186,3,2472.63
1597,527,282,3,5682.3
1598,527,404,3,5691.79
1599,527,93,3,2629.61
1600,528,70,2,2952.71
1601,529,170,2,3039.1
1602,529,171,4,6247.86
1603,530,18,4,3961.8
1604,530,381,1,2780.62
1605,530,51,2,775.58
1606,530,215,1,3143.73
1607,531,119,1,224.22
1608,531,23,4,4519.4
1609,531,443,4,4924.62
1610,531,238,4,555.04
1611,531,457,2,4840.21
1612,532,35,2,3703.55
1613,532,263,4,4317.08
1614,532,415,2,3144.2
1615,533,90,3,2134.9
1616,533,142,3,628.57
1617,533,218,3,1046.26
1618,534,478,1,4700.05
1619,535,428,4,3337.91
1620,535,237,4,3807.7
1621,535,300,3,1582.87
1622,535,157,2,5351.04
1623,536,406,1,2675.38
1624,537,384,2,4637.79
1625,537,295,1,1323.61
1626,537,215,4,3143.73
1627,537,495,2,5674.17
1628,537,253,3,2797.42
1629,538,459,2,4650.34
1630,538,166,4,3680.98
1631,538,443,1,4924.62
1632,539,389,3,1828.56
1633,540,447,3,2421.14
1634,540,166,4,3680.98
1635,541,194,3,3575.56
1636,541,210,2,530.97
1637,541,359,2,3218.73
1638,542,282,2,5682.3
1639,542,113,3,2129.84
1640,542,40,2,2870.78
1641,542,68,3,5048.98
1642,543,204,4,3202.4
1643,543,445,2,4299.29
1644,543,203,3,3122.39
1645,543,199,4,4296.57
1646,543,442,2,6554.24
1647,544,301,2,4803.29
1648,544,238,3,555.04
1649,545,88,3,3652.47
1650,545,468,1,6226.51
1651,546,1,2,2876.42
1652,546,427,4,5615.06
1653,547,122,3,1788.84
1654,547,347,4,5269.21
1655,547,390,1,222.07
1656,547,144,2,4356.46
1657,548,205,3,6203.46
1658,548,257,4,1725.23
1659,549,154,2,3919.63
1660,550,167,1,6818.7
1661,550,355,3,6023.83
1662,550,477,4,1536.6
1663,550,440,4,1786.05
1664,551,444,2,5110.75
1665,551,182,2,4710.47
1666,551,453,2,2708.83
1667,552,375,2,5456.42
1668,553,88,1,3652.47
1669,554,104,1,673.38
1670,554,78,2,2623.38
1671,554,67,2,6765.53
1672,555,284,2,1954.57
1673,555,347,1,5269.21
1674,555,11,2,5761.74
1675,556,128,4,2947.92
1676,556,442,2,6554.24
1677,557,368,3,3127.98
1678,557,280,3,4382.83
1679,557,297,2,1402.1
1680,557,360,3,2975.5
1681,557,182,1,4710.47
1682,558,176,2,2750.53
1683,559,41,3,5380.63
1684,560,323,2,4863.69
1685,560,380,2,4324.63
1686,560,61,4,1634.69
1687,560,434,4,5172.12
1688,561,494,3,5234.76
1689,561,28,2,801.28
1690,561,45,4,2239.06
1691,561,207,3,5032.22
1692,562,387,4,1384.34
1693,562,184,3,4693.71
1694,562,341,1,1594.54
1695,562,152,4,5260.39
1696,562,474,3,5605.5
1697,563,147,2,2549.32
1698,564,122,3,1788.84
1699,564,427,3,5615.06
1700,564,11,3,5761.74
1701,565,341,2,1594.54
1702,565,132,4,734.08
1703,566,322,4,3077.91
1704,566,394,2,4349.12
1705,566,175,4,1587.68
1706,566,470,3,4963.98
1707,567,33,3,6626.78
1708,567,32,2,4203.79
1709,567,243,2,5813.12
1710,567,94,1,637.72
1711,567,454,4,469.46
1712,568,153,4,7154.27
1713,569,19,4,4193.05
1714,569,270,2,3668.4
1715,569,325,2,6330.63
1716,569,101,3,1381.51
1717,570,498,1,5835.24
1718,570,401,1,830.88
1719,571,327,3,2218.76
1720,572,13,1,2922.53
1721,572,8,4,1108.08
1722,572,35,2,3703.55
1723,573,451,4,5285.86
1724,573,380,4,4324.63
1725,573,259,1,1302.93
1726,574,187,3,7451.43
1727,574,49,1,1001.46
1728,574,121,1,704.52
1729,575,141,1,4217.11
1730,575,487,4,3602.54
1731,575,378,3,5787.24
1732,576,71,4,4208.53
1733,576,260,4,1846.21
1734,576,255,3,3636.36
1735,577,388,2,1373.2
1736,578,122,4,1788.84
1737,578,378,3,5787.24
1738,578,215,1,3143.73
1739,578,185,4,1990.36
1740,579,253,2,2797.42
1741,579,251,3,4963.2
1742,579,193,1,6626.72
1743,580,178,2,3635.79
1744,580,351,3,5407.74
1745,581,270,4,3668.4
1746,581,195,2,3142.65
1747,581,290,2,1518.49
1748,582,236,3,4782.03
1749,582,340,3,6024.22
1750,583,500,3,5135.84
1751,583,258,1,4144.01
1752,583,151,3,1368.5
1753,583,72,2,5436.37
1754,584,337,2,5116.18
1755,584,129,1,1449.29
1756,585,348,3,4037.99
1757,585,287,4,362.6
1758,585,377,4,5763.68
1759,585,464,1,7057.45
1760,585,158,3,4348.37
1761,586,165,4,4937.61
1762,586,184,4,4693.71
1763,586,494,4,5234.76
1764,586,318,3,5367.63
1765,586,347,4,5269.21
1766,587,42,2,5752.4
1767,588,204,2,3202.4
1768,588,189,2,3600.6
1769,588,59,3,3551.72
1770,589,81,1,3349.11
1771,589,64,3,5245.29
1772,589,300,4,1582.87
1773,590,381,4,2780.62
1774,590,210,2,530.97
1775,590,49,2,1001.46
1776,590,263,3,4317.08
1777,591,105,1,4056.14
1778,591,389,3,1828.56
1779,592,254,2,229.57
1780,592,314,4,5187.17
1781,592,158,2,4348.37
1782,592,292,3,5117.95
1783,592,49,2,1001.46
1784,593,132,1,734.08
1785,593,311,2,1952.58
1786,593,490,1,7539.95
1787,593,441,1,5639.25
1788,593,272,4,1207.17
1789,594,87,4,1282.33
1790,594,461,4,4553.3
1791,594,466,3,3543.0
1792,594,231,3,1813.96
1793,594,287,4,362.6
1794,595,414,4,981.22
1795,595,61,4,1634.69
1796,595,333,2,6331.32
1797,595,148,2,2389.03
1798,595,483,1,6442.69
1799,596,324,1,3848.88
1800,596,34,1,1739.97
1801,596,272,1,1207.17
1802,596,6,4,2038.84
1803,597,328,3,2729.68
1804,597,12,3,5776.18
1805,597,358,1,5127.98
1806,597,405,2,4305.08
1807,597,124,4,6069.73
1808,598,264,4,1850.78
1809,598,61,1,1634.69
1810,598,146,4,2758.94
1811,598,55,1,5294.38
1812,598,44,1,5953.73
1813,599,327,2,2218.76
1814,599,132,4,734.08
1815,599,158,3,4348.37
1816,600,360,3,2975.5
1817,601,40,1,2870.78
1818,601,294,1,6129.64
1819,601,432,3,3897.39
1820,602,43,3,791.88
1821,602,94,1,637.72
1822,602,17,1,6553.92
1823,602,114,4,1305.47
1824,602,369,3,3840.55
1825,603,138,4,4165.59
1826,603,459,1,4650.34
1827,604,430,2,1289.32
1828,604,118,2,4371.63
1829,604,445,4,4299.29
1830,605,400,1,3874.31
1831,605,296,3,959.66
1832,605,126,3,5865.84
1833,606,457,2,4840.21
1834,607,9,3,3407.08
1835,607,174,2,2623.77
1836,608,490,1,7539.95
1837,608,141,1,4217.11
1838,608,187,1,7451.43
1839,608,269,2,2723.78
1840,609,263,4,4317.08
1841,609,170,3,3039.1
1842,609,427,2,5615.06
1843,610,429,1,3529.21
1844,611,442,1,6554.24
1845,612,408,2,2432.33
1846,612,393,3,1234.01
1847,612,282,4,5682.3
1848,613,132,1,734.08
1849,614,221,3,6443.18
1850,614,496,3,5678.29
1851,615,212,4,155.74
1852,615,255,2,3636.36
1853,615,145,4,380.42
1854,615,388,2,1373.2
1855,615,414,1,981.22
1856,616,95,1,4933.59
1857,616,261,1,6008.79
1858,616,343,1,2443.83
1859,617,202,4,3841.09
1860,617,162,4,3673.3
1861,617,360,4,2975.5
1862,617,303,1,1103.01
1863,617,233,3,4261.37
1864,618,2,3,5222.22
1865,618,485,4,4042.01
1866,619,348,1,4037.99
1867,619,246,2,2663.81
1868,619,474,3,5605.5
1869,619,163,3,6699.83
1870,619,90,1,2134.9
1871,620,325,3,6330.63
1872,620,118,2,4371.63
1873,620,468,2,6226.51
1874,620,10,2,1780.12
1875,621,317,3,784.53
1876,621,79,4,2892.49
1877,621,316,4,3281.58
1878,622,162,1,3673.3
1879,622,278,4,1452.09
1880,622,498,3,5835.24
1881,622,128,3,2947.92
1882,622,332,1,336.46
1883,623,124,1,6069.73
1884,623,189,2,3600.6
1885,624,214,3,5909.34
1886,624,290,4,1518.49
1887,625,441,3,5639.25
1888,626,364,2,6026.85
1889,626,59,4,3551.72
1890,626,75,1,3885.28
1891,626,131,4,4351.85
1892,626,209,2,5173.0
1893,627,457,2,4840.21
1894,627,92,2,4206.66
1895,627,70,3,2952.71
1896,627,254,2,229.57
1897,628,377,3,5763.68
1898,628,461,2,4553.3
1899,628,256,4,2686.28
1900,628,90,1,2134.9
1901,629,36,2,3194.46
1902,630,465,4,6681.17
1903,630,302,1,4353.43
1904,630,67,3,6765.53
1905,630,149,4,5667.0
1906,630,187,1,7451.43
1907,631,397,2,2867.64
1908,631,460,3,5962.4
1909,631,184,4,4693.71
1910,631,495,3,5674.17
1911,632,353,4,4945.04
1912,632,185,1,1990.36
1913,632,246,1,2663.81
1914,633,177,4,1399.56
1915,633,230,3,3984.19
1916,633,463,4,4315.08
1917,633,198,1,2183.12
1918,633,215,3,3143.73
1919,634,4,3,5633.67
1920,634,101,2,1381.51
1921,634,308,3,1437.25
1922,634,431,4,2345.7
1923,635,196,1,4145.76
1924,636,425,4,4224.17
1925,636,28,3,801.28
1926,636,255,4,3636.36
1927,636,46,4,922.81
1928,637,66,3,3951.93
1929,637,451,2,5285.86
1930,637,212,2,155.74
1931,637,207,3,5032.22
1932,638,443,4,4924.62
1933,638,346,3,3160.86
1934,638,124,2,6069.73
1935,638,108,2,2189.38
1936,638,435,1,3048.69
1937,639,1,4,2876.42
1938,639,141,1,4217.11
1939,640,446,2,6731.46
1940,640,129,2,1449.29
1941,640,184,4,4693.71
1942,640,241,1,600.8
1943,640,454,2,469.46
1944,641,46,4,922.81
1945,641,10,1,1780.12
1946,641,156,3,3556.59
1947,641,129,4,1449.29
1948,641,265,3,5984.67
1949,642,264,2,1850.78
1950,642,473,4,4224.82
1951,643,238,2,555.04
1952,643,192,4,1522.05
1953,643,286,1,5544.61
1954,643,1,2,2876.42
1955,643,409,4,4629.95
1956,644,299,4,5162.19
1957,645,245,4,2794.78
1958,646,76,1,3624.25
1959,646,88,4,3652.47
1960,646,423,3,5959.15
1961,647,492,1,5032.36
1962,647,467,2,5633.33
1963,647,231,1,1813.96
1964,647,205,3,6203.46
1965,648,221,3,6443.18
1966,648,22,3,2628.43
1967,648,451,3,5285.86
1968,648,484,4,5888.26
1969,649,292,4,5117.95
1970,649,152,4,5260.39
1971,649,275,2,1381.85
1972,650,94,2,637.72
1973,650,352,4,6820.17
1974,650,151,2,1368.5
1975,650,298,1,5143.35
1976,651,264,2,1850.78
1977,651,305,2,1283.96
1978,652,108,2,2189.38
1979,652,313,1,3303.95
1980,653,446,2,6731.46
1981,653,411,1,4968.3
1982,653,225,1,3865.19
1983,654,17,4,6553.92
1984,654,494,2,5234.76
1985,655,452,3,743.06
1986,656,57,4,4604.53
1987,656,377,2,5763.68
1988,656,80,4,2551.1
1989,656,159,1,1782.91
1990,656,144,1,4356.46
1991,657,157,2,5351.04
1992,657,65,2,1839.77
1993,658,357,4,3963.48
1994,658,447,2,2421.14
1995,658,206,4,6451.33
1996,659,244,3,1747.97
1997,659,34,1,1739.97
1998,659,346,1,3160.86
1999,659,305,2,1283.96
2000,660,424,2,1011.09
2001,660,115,2,2916.37
2002,660,27,2,1911.35
2003,660,88,1,3652.47
2004,660,478,1,4700.05
2005,661,169,2,5455.24
2006,661,129,4,1449.29
2007,662,408,3,2432.33
2008,663,405,4,4305.08
2009,663,268,3,2691.51
2010,663,355,1,6023.83
2011,664,77,3,5802.31
2012,664,361,1,3228.33
2013,664,244,4,1747.97
2014,664,246,3,2663.81
2015,664,19,1,4193.05
2016,665,374,2,3593.06
2017,666,459,2,4650.34
2018,666,464,2,7057.45
2019,666,208,2,1461.6
2020,666,406,4,2675.38
2021,666,324,4,3848.88
2022,667,44,2,5953.73
2023,667,84,2,5116.75
2024,667,230,4,3984.19
2025,668,227,2,3884.33
2026,668,447,1,2421.14
2027,668,494,2,5234.76
2028,668,2,1,5222.22
2029,668,32,1,4203.79
2030,669,418,2,4532.15
2031,669,500,2,5135.84
2032,670,38,4,1645.79
2033,670,495,4,5674.17
2034,671,319,4,3408.81
2035,671,56,1,1350.59
2036,672,474,1,5605.5
2037,672,22,3,2628.43
2038,672,282,4,5682.3
2039,673,344,1,6982.35
2040,673,184,3,4693.71
2041,673,275,3,1381.85
2042,673,68,4,5048.98
2043,674,90,3,2134.9
2044,675,103,1,5044.44
2045,675,7,1,1658.11
2046,675,89,1,4465.7
2047,675,52,1,2554.22
2048,675,17,4,6553.92
2049,676,9,3,3407.08
2050,676,149,2,5667.0
2051,676,198,2,2183.12
2052,676,208,2,1461.6
2053,676,230,2,3984.19
2054,677,220,4,3372.55
2055,678,115,3,2916.37
2056,678,100,2,7678.63
2057,678,204,2,3202.4
2058,678,329,1,6150.42
2059,678,405,1,4305.08
2060,679,370,1,4396.17
2061,680,98,4,5554.21
2062,681,439,2,5144.08
2063,681,58,2,685.74
2064,682,216,4,4724.1
2065,682,430,3,1289.32
2066,683,171,2,6247.86
2067,683,36,1,3194.46
2068,683,64,1,5245.29
2069,683,392,3,1502.97
2070,684,255,1,3636.36
2071,684,490,1,7539.95
2072,684,298,2,5143.35
2073,685,275,3,1381.85
2074,685,309,3,825.37
2075,685,381,2,2780.62
2076,686,79,2,2892.49
2077,686,285,4,3625.74
2078,686,155,3,7062.88
2079,687,484,3,5888.26
2080,687,335,3,3273.18
2081,688,136,4,6859.2
2082,689,90,3,2134.9
2083,689,252,3,4468.34
2084,689,370,4,4396.17
2085,689,77,4,5802.31
2086,689,185,1,1990.36
2087,690,231,2,1813.96
2088,690,288,2,6212.26
2089,691,369,2,3840.55
2090,691,320,1,6639.63
2091,691,450,1,2146.91
2092,691,300,1,1582.87
2093,691,331,3,895.99
2094,692,357,1,3963.48
2095,692,21,1,773.93
2096,692,90,1,2134.9
2097,692,115,3,2916.37
2098,693,450,4,2146.91
2099,693,314,2,5187.17
2100,694,161,3,6112.98
2101,694,478,1,4700.05
2102,695,149,2,5667.0
2103,696,458,2,4050.01
2104,696,291,3,4158.04
2105,696,495,1,5674.17
2106,697,102,4,5155.01
2107,697,49,2,1001.46
2108,697,133,1,7682.68
2109,698,28,4,801.28
2110,699,205,4,6203.46
2111,699,165,3,4937.61
2112,700,416,1,3452.92
2113,700,95,4,4933.59
2114,700,399,4,5067.92
2115,701,265,4,5984.67
2116,701,76,1,3624.25
2117,701,371,4,6431.49
2118,701,457,4,4840.21
2119,702,127,4,4216.76
2120,702,49,2,1001.46
2121,702,417,4,4766.29
2122,702,145,2,380.42
2123,702,228,1,5999.41
2124,703,203,2,3122.39
2125,703,342,4,2036.46
2126,703,448,3,1589.08
2127,704,211,1,3182.08
2128,704,105,1,4056.14
2129,704,481,1,4362.0
2130,704,484,3,5888.26
2131,704,225,1,3865.19
2132,705,399,1,5067.92
2133,706,479,2,4247.61
2134,706,82,3,5405.87
2135,706,291,2,4158.04
2136,706,319,2,3408.81
2137,706,6,1,2038.84
2138,707,9,3,3407.08
2139,707,470,1,4963.98
2140,707,17,1,6553.92
2141,707,361,4,3228.33
2142,708,115,2,2916.37
2143,708,416,3,3452.92
2144,708,150,1,1545.47
2145,708,42,3,5752.4
2146,709,239,1,2892.25
2147,709,449,1,5990.22
2148,710,237,4,3807.7
2149,710,2,1,5222.22
2150,710,97,3,3649.64
2151,711,158,4,4348.37
2152,711,98,1,5554.21
2153,711,14,3,1195.89
2154,712,128,3,2947.92
2155,713,186,3,2472.63
2156,713,405,1,4305.08
2157,713,112,4,5163.37
2158,713,178,1,3635.79
2159,713,238,3,555.04
2160,714,373,1,4435.35
2161,714,322,3,3077.91
2162,715,7,2,1658.11
2163,715,251,1,4963.2
2164,715,71,4,4208.53
2165,715,240,4,1220.06
2166,716,405,2,4305.08
2167,716,412,4,2197.41
2168,716,56,2,1350.59
2169,717,377,2,5763.68
2170,717,365,3,5059.36
2171,718,443,1,4924.62
2172,718,382,2,5869.03
2173,718,335,2,3273.18
2174,719,350,3,1035.46
2175,719,412,1,2197.41
2176,720,376,1,4480.08
2177,720,202,1,3841.09
2178,721,90,4,2134.9
2179,721,98,4,5554.21
2180,722,383,1,1338.8
2181,723,144,2,4356.46
2182,723,7,2,1658.11
2183,724,29,2,5434.79
2184,724,404,2,5691.79
2185,724,285,3,3625.74
2186,725,71,4,4208.53
2187,726,261,4,6008.79
2188,726,106,3,1635.06
2189,727,481,3,4362.0
2190,728,342,1,2036.46
2191,728,210,2,530.97
2192,728,273,2,4355.96
2193,728,113,4,2129.84
2194,729,222,3,5410.26
2195,730,164,4,451.3
2196,731,450,3,2146.91
2197,732,101,3,1381.51
2198,732,412,3,2197.41
2199,733,476,3,4727.45
2200,733,89,1,4465.7
2201,734,162,2,3673.3
2202,734,387,3,1384.34
2203,734,335,3,3273.18
2204,734,181,3,277.41
2205,734,245,4,2794.78
2206,735,440,4,1786.05
2207,735,254,3,229.57
2208,735,285,2,3625.74
2209,736,264,2,1850.78
2210,736,138,1,4165.59
2211,737,307,1,5262.37
2212,737,25,2,6342.54
2213,737,323,1,4863.69
2214,738,414,1,981.22
2215,738,491,1,336.73
2216,738,45,3,2239.06
2217,739,216,3,4724.1
2218,739,419,2,4392.23
2219,739,360,3,2975.5
2220,739,25,1,6342.54
2221,739,354,4,1425.69
2222,740,427,2,5615.06
2223,740,385,3,4521.81
2224,741,18,1,3961.8
2225,741,335,3,3273.18
2226,741,323,1,4863.69
2227,741,18,3,3961.8
2228,741,454,2,469.46
2229,742,330,2,4391.26
2230,742,79,2,2892.49
2231,742,97,2,3649.64
2232,742,68,1,5048.98
2233,743,444,2,5110.75
2234,743,42,4,5752.4
2235,744,436,3,6428.91
2236,744,389,4,1828.56
2237,744,94,3,637.72
2238,745,269,2,2723.78
2239,746,464,1,7057.45
2240,746,216,1,4724.1
2241,747,409,2,4629.95
2242,747,28,3,801.28
2243,747,360,4,2975.5
2244,748,308,2,1437.25
2245,748,352,4,6820.17
2246,748,68,3,5048.98
2247,748,151,1,1368.5
2248,748,121,2,704.52
2249,749,484,3,5888.26
2250,749,442,4,6554.24
2251,750,59,1,3551.72
2252,750,471,2,1844.85
2253,750,315,3,1950.17
2254,751,93,1,2629.61
2255,751,42,3,5752.4
2256,751,199,4,4296.57
2257,751,107,1,4351.35
2258,751,211,2,3182.08
2259,752,462,1,1440.1
2260,753,63,1,639.04
2261,753,177,4,1399.56
2262,753,4,2,5633.67
2263,754,274,1,7224.74
2264,754,393,1,1234.01
2265,754,6,4,2038.84
2266,755,415,1,3144.2
2267,755,276,4,2669.21
2268,755,287,1,362.6
2269,755,441,1,5639.25
2270,756,473,2,4224.82
2271,757,133,4,7682.68
2272,758,25,3,6342.54
2273,758,397,4,2867.64
2274,759,217,2,1753.76
2275,759,412,1,2197.41
2276,760,204,3,3202.4
2277,760,377,2,5763.68
2278,760,325,2,6330.63
2279,761,477,4,1536.6
2280,761,414,3,981.22
2281,761,312,2,4519.33
2282,761,364,1,6026.85
2283,761,77,4,5802.31
2284,762,130,2,1963.29
2285,762,9,4,3407.08
2286,762,400,1,3874.31
2287,763,419,2,4392.23
2288,763,201,3,1060.46
2289,764,91,1,2388.1
2290,765,246,2,2663.81
2291,766,209,2,5173.0
2292,766,383,4,1338.8
2293,766,155,3,7062.88
2294,767,384,1,4637.79
2295,767,422,2,5095.84
2296,767,313,3,3303.95
2297,767,297,1,1402.1
2298,767,2,1,5222.22
2299,768,471,2,1844.85
2300,768,320,4,6639.63
2301,769,376,1,4480.08
2302,769,337,4,5116.18
2303,769,131,3,4351.85
2304,770,291,3,4158.04
2305,770,247,2,3140.62
2306,770,279,2,774.25
2307,770,439,3,5144.08
2308,771,480,1,1852.13
2309,772,162,4,3673.3
2310,772,460,3,5962.4
2311,773,52,1,2554.22
2312,773,193,3,6626.72
2313,774,363,2,7234.27
2314,774,143,3,4831.33
2315,774,131,1,4351.85
2316,774,20,4,543.91
2317,774,152,2,5260.39
2318,775,29,3,5434.79
2319,775,41,4,5380.63
2320,775,465,4,6681.17
2321,776,479,2,4247.61
2322,776,420,4,1934.38
2323,776,38,4,1645.79
2324,776,361,2,3228.33
2325,776,371,2,6431.49
2326,777,394,3,4349.12
2327,778,408,1,2432.33
2328,778,119,3,224.22
2329,778,136,4,6859.2
2330,779,151,3,1368.5
2331,780,412,2,2197.41
2332,780,79,2,2892.49
2333,780,15,1,3647.94
2334,781,317,2,784.53
2335,781,132,3,734.08
2336,781,33,3,6626.78
2337,782,18,1,3961.8
2338,782,203,3,3122.39
2339,782,399,2,5067.92
2340,782,465,4,6681.17
2341,782,320,4,6639.63
2342,783,481,3,4362.0
2343,783,410,2,2717.31
2344,783,65,2,1839.77
2345,784,114,2,1305.47
2346,784,478,1,4700.05
2347,784,170,3,3039.1
2348,784,355,1,6023.83
2349,785,350,1,1035.46
2350,785,449,2,5990.22
2351,786,187,1,7451.43
2352,787,487,1,3602.54
2353,787,346,1,3160.86
2354,787,53,2,1636.05
2355,787,286,1,5544.61
2356,787,498,1,5835.24
2357,788,411,3,4968.3
2358,789,108,4,2189.38
2359,790,382,3,5869.03
2360,790,357,4,3963.48
2361,790,496,4,5678.29
2362,791,140,1,4644.31
2363,791,11,4,5761.74
2364,792,63,3,639.04
2365,792,455,3,3452.95
2366,793,273,2,4355.96
2367,793,253,1,2797.42
2368,793,386,3,988.77
2369,794,48,3,3118.93
2370,794,298,3,5143.35
2371,795,334,3,4382.79
2372,795,374,3,3593.06
2373,795,60,1,5163.17
2374,795,414,2,981.22
2375,796,84,2,5116.75
2376,796,313,1,3303.95
2377,797,12,1,5776.18
2378,797,499,2,2598.33
2379,797,159,4,1782.91
2380,797,182,1,4710.47
2381,798,465,3,6681.17
2382,798,78,1,2623.38
2383,798,330,4,4391.26
2384,798,485,2,4042.01
2385,798,69,2,2687.96
2386,799,142,1,628.57
2387,799,81,3,3349.11
2388,799,391,4,2831.62
2389,799,88,2,3652.47
2390,800,451,3,5285.86
2391,800,161,3,6112.98
2392,800,133,2,7682.68
2393,801,104,3,673.38
2394,801,19,4,4193.05
2395,801,71,4,4208.53
2396,801,476,2,4727.45
2397,801,372,4,2126.62
2398,802,352,1,6820.17
2399,802,118,2,4371.63
2400,803,354,2,1425.69
2401,803,5,2,2523.37
2402,804,340,2,6024.22
2403,804,318,4,5367.63
2404,805,385,3,4521.81
2405,806,87,3,1282.33
2406,806,324,2,3848.88
2407,806,210,2,530.97
2408,806,259,4,1302.93
2409,806,481,3,4362.0
2410,807,376,2,4480.08
2411,808,249,3,6139.17
2412,808,407,3,5614.76
2413,808,38,3,1645.79
2414,808,289,2,615.43
2415,809,252,3,4468.34
2416,809,294,1,6129.64
2417,809,249,2,6139.17
2418,810,32,2,4203.79
2419,810,370,1,4396.17
2420,811,499,1,2598.33
2421,812,237,3,3807.7
2422,812,185,3,1990.36
2423,812,312,1,4519.33
2424,812,275,3,1381.85
2425,812,159,1,1782.91
2426,813,456,2,4335.7
2427,813,222,2,5410.26
2428,813,35,4,3703.55
2429,814,59,4,3551.72
2430,814,227,3,3884.33
2431,815,185,1,1990.36
2432,815,10,3,1780.12
2433,815,191,3,1690.83
2434,815,117,4,924.08
2435,815,179,1,2635.11
2436,816,486,1,3925.75
2437,816,435,2,3048.69
2438,816,324,2,3848.88
2439,816,109,3,2146.83
2440,816,51,1,775.58
2441,817,307,2,5262.37
2442,817,119,1,224.22
2443,817,326,3,5313.25
2444,817,370,4,4396.17
2445,818,421,2,1285.52
2446,819,110,3,6959.37
2447,819,398,3,6965.19
2448,820,251,2,4963.2
2449,820,404,2,5691.79
2450,820,443,4,4924.62
2451,820,389,1,1828.56
2452,821,223,3,830.78
2453,821,60,3,5163.17
2454,822,285,4,3625.74
2455,822,423,2,5959.15
2456,822,191,3,1690.83
2457,823,472,1,3476.76
2458,823,34,3,1739.97
2459,823,34,1,1739.97
2460,823,168,3,4609.57
2461,823,253,4,2797.42
2462,824,160,1,6704.84
2463,824,86,1,4346.28
2464,824,154,4,3919.63
2465,824,265,3,5984.67
2466,825,113,2,2129.84
2467,825,489,2,1979.19
2468,825,87,2,1282.33
2469,825,458,4,4050.01
2470,825,100,4,7678.63
2471,826,220,2,3372.55
2472,826,31,3,3335.57
2473,826,406,1,2675.38
2474,827,220,1,3372.55
2475,827,50,1,4659.51
2476,827,53,2,1636.05
2477,828,479,3,4247.61
2478,828,148,3,2389.03
2479,828,153,4,7154.27
2480,828,345,3,6715.15
2481,829,409,4,4629.95
2482,829,32,3,4203.79
2483,829,228,2,5999.41
2484,830,375,1,5456.42
2485,830,181,4,277.41
2486,830,21,4,773.93
2487,831,491,2,336.73
2488,831,309,4,825.37
2489,832,449,4,5990.22
2490,832,221,3,6443.18
2491,833,149,3,5667.0
2492,833,294,2,6129.64
2493,834,424,1,1011.09
2494,834,195,2,3142.65
2495,834,86,1,4346.28
2496,834,246,3,2663.81
2497,835,303,2,1103.01
2498,835,207,1,5032.22
2499,835,256,4,2686.28
2500,835,164,1,451.3
2501,836,498,3,5835.24
2502,837,354,2,1425.69
2503,837,147,1,2549.32
2504,837,226,3,1742.75
2505,837,411,2,4968.3
2506,837,394,4,4349.12
2507,838,200,2,3146.05
2508,838,227,2,3884.33
2509,839,115,1,2916.37
2510,840,101,4,1381.51
2511,840,441,3,5639.25
2512,841,427,4,5615.06
2513,841,74,3,1856.46
2514,841,209,4,5173.0
2515,842,60,3,5163.17
2516,842,429,2,3529.21
2517,842,295,4,1323.61
2518,843,415,4,3144.2
2519,843,407,2,5614.76
2520,843,247,3,3140.62
2521,843,188,2,5890.62
2522,844,122,4,1788.84
2523,845,244,2,1747.97
2524,846,488,1,723.72
2525,846,226,2,1742.75
2526,846,292,4,5117.95
2527,847,234,1,1670.39
2528,847,254,2,229.57
2529,847,369,2,3840.55
2530,848,102,4,5155.01
2531,848,327,3,2218.76
2532,848,124,4,6069.73
2533,849,223,2,830.78
2534,849,285,3,3625.74
2535,849,379,2,1894.51
2536,849,415,3,3144.2
2537,849,416,4,3452.92
2538,850,409,1,4629.95
2539,850,105,3,4056.14
2540,851,157,2,5351.04
2541,851,402,4,1337.62
2542,851,426,2,1145.23
2543,852,124,4,6069.73
2544,852,397,1,2867.64
2545,852,453,2,2708.83
2546,852,414,4,981.22
2547,853,452,1,743.06
2548,853,229,1,6178.47
2549,853,398,2,6965.19
2550,853,468,4,6226.51
2551,854,43,1,791.88
2552,855,257,4,1725.23
2553,855,320,4,6639.63
2554,855,14,2,1195.89
2555,855,233,2,4261.37
2556,856,452,1,743.06
2557,856,31,4,3335.57
2558,857,14,3,1195.89
2559,857,225,3,3865.19
2560,857,146,1,2758.94
2561,857,499,3,2598.33
2562,858,445,4,4299.29
2563,858,132,4,734.08
2564,858,480,2,1852.13
2565,859,221,3,6443.18
2566,860,44,2,5953.73
2567,860,331,2,895.99
2568,860,490,4,7539.95
2569,861,42,4,5752.4
2570,861,351,1,5407.74
2571,861,106,4,1635.06
2572,861,318,2,5367.63
2573,862,86,4,4346.28
2574,862,488,2,723.72
2575,862,303,3,1103.01
2576,862,35,2,3703.55
2577,863,443,4,4924.62
2578,863,75,1,3885.28
2579,863,151,4,1368.5
2580,863,35,2,3703.55
2581,863,177,1,1399.56
2582,864,43,4,791.88
2583,865,279,2,774.25
2584,865,383,2,1338.8
2585,865,405,2,4305.08
2586,865,447,1,2421.14
2587,865,118,4,4371.63
2588,866,470,4,4963.98
2589,866,253,2,2797.42
2590,866,122,3,1788.84
2591,866,167,4,6818.7
2592,866,185,2,1990.36
2593,867,471,2,1844.85
2594,867,301,1,4803.29
2595,867,116,1,584.32
2596,867,181,4,277.41
2597,867,149,1,5667.0
2598,868,87,2,1282.33
2599,868,474,4,5605.5
2600,868,330,4,4391.26
2601,868,72,4,5436.37
2602,869,127,3,4216.76
2603,869,102,1,5155.01
2604,870,41,3,5380.63
2605,871,172,4,5729.96
2606,871,61,2,1634.69
2607,871,136,3,6859.2
2608,871,320,3,6639.63
2609,871,228,4,5999.41
2610,872,245,3,2794.78
2611,872,156,1,3556.59
2612,872,301,1,4803.29
2613,872,98,3,5554.21
2614,872,266,4,3100.54
2615,873,53,3,1636.05
2616,873,136,4,6859.2
2617,873,313,2,3303.95
2618,873,189,2,3600.6
2619,873,52,4,2554.22
2620,874,280,4,4382.83
2621,875,59,2,3551.72
2622,875,126,1,5865.84
2623,875,253,4,2797.42
2624,875,218,2,1046.26
2625,876,147,4,2549.32
2626,876,258,4,4144.01
2627,876,280,2,4382.83
2628,876,4,4,5633.67
2629,876,44,4,5953.73
2630,877,72,4,5436.37
2631,877,376,2,4480.08
2632,877,337,4,5116.18
2633,877,124,4,6069.73
2634,878,457,3,4840.21
2635,878,406,2,2675.38
2636,879,255,2,3636.36
2637,879,298,4,5143.35
2638,879,82,1,5405.87
2639,879,297,1,1402.1
2640,880,486,3,3925.75
2641,880,347,3,5269.21
2642,880,83,1,4207.1
2643,880,289,3,615.43
2644,881,197,3,3444.31
2645,882,401,2,830.88
2646,883,198,2,2183.12
2647,883,483,1,6442.69
2648,883,410,1,2717.31
2649,883,251,1,4963.2
2650,883,271,4,740.94
2651,884,74,2,1856.46
2652,884,222,2,5410.26
2653,884,110,1,6959.37
2654,885,499,1,2598.33
2655,885,74,4,1856.46
2656,885,363,4,7234.27
2657,885,285,4,3625.74
2658,886,31,2,3335.57
2659,887,150,4,1545.47
2660,887,367,1,2356.19
2661,887,305,4,1283.96
2662,888,161,3,6112.98
2663,888,420,1,1934.38
2664,888,286,2,5544.61
2665,888,449,1,5990.22
2666,889,71,1,4208.53
2667,889,6,2,2038.84
2668,890,122,2,1788.84
2669,890,146,3,2758.94
2670,891,293,4,5467.31
2671,891,387,4,1384.34
2672,891,149,1,5667.0
2673,892,74,3,1856.46
2674,892,314,1,5187.17
2675,892,375,4,5456.42
2676,892,420,3,1934.38
2677,893,1,4,2876.42
2678,893,152,4,5260.39
2679,893,52,4,2554.22
2680,893,450,2,2146.91
2681,893,258,4,4144.01
2682,894,374,4,3593.06
2683,894,81,1,3349.11
2684,894,91,3,2388.1
2685,895,161,2,6112.98
2686,895,282,2,5682.3
2687,896,291,2,4158.04
2688,896,288,2,6212.26
2689,896,423,3,5959.15
2690,896,43,1,791.88
2691,896,61,1,1634.69
2692,897,423,4,5959.15
2693,897,116,1,584.32
2694,898,137,4,2345.58
2695,898,380,3,4324.63
2696,898,424,3,1011.09
2697,898,380,4,4324.63
2698,899,487,3,3602.54
2699,899,379,2,1894.51
2700,899,297,4,1402.1
2701,899,386,2,988.77
2702,900,198,3,2183.12
2703,900,118,1,4371.63
2704,900,13,4,2922.53
2705,901,8,3,1108.08
2706,902,412,4,2197.41
2707,902,145,2,380.42
2708,902,199,1,4296.57
2709,903,170,2,3039.1
2710,903,127,4,4216.76
2711,903,416,3,3452.92
2712,903,148,4,2389.03
2713,903,260,3,1846.21
2714,904,496,4,5678.29
2715,904,293,4,5467.31
2716,905,450,3,2146.91
2717,905,156,4,3556.59
2718,905,214,1,5909.34
2719,905,489,1,1979.19
2720,905,322,4,3077.91
2721,906,348,1,4037.99
2722,906,406,4,2675.38
2723,906,255,2,3636.36
2724,906,139,1,2207.41
2725,907,240,1,1220.06
2726,908,451,4,5285.86
2727,909,147,4,2549.32
2728,909,264,4,1850.78
2729,909,287,4,362.6
2730,909,154,4,3919.63
2731,909,154,1,3919.63
2732,910,206,2,6451.33
2733,911,223,1,830.78
2734,911,269,1,2723.78
2735,912,29,4,5434.79
2736,912,233,3,4261.37
2737,913,216,2,4724.1
2738,913,480,2,1852.13
2739,914,37,2,1174.23
2740,914,137,3,2345.58
2741,915,64,2,5245.29
2742,915,13,2,2922.53
2743,915,85,1,206.91
2744,916,167,3,6818.7
2745,916,347,1,5269.21
2746,916,52,2,2554.22
2747,916,17,3,6553.92
2748,916,28,3,801.28
2749,917,7,2,1658.11
2750,917,42,1,5752.4
2751,917,340,2,6024.22
2752,917,247,1,3140.62
2753,918,326,3,5313.25
2754,918,443,3,4924.62
2755,919,374,3,3593.06
2756,920,255,1,3636.36
2757,921,268,4,2691.51
2758,921,189,3,3600.6
2759,922,34,3,1739.97
2760,922,482,2,5294.83
2761,922,151,3,1368.5
2762,923,409,1,4629.95
2763,923,70,4,2952.71
2764,923,229,4,6178.47
2765,924,324,4,3848.88
2766,924,48,2,3118.93
2767,924,186,4,2472.63
2768,925,442,3,6554.24
2769,925,67,1,6765.53
2770,925,431,2,2345.7
2771,926,296,2,959.66
2772,926,263,4,4317.08
2773,926,407,3,5614.76
2774,926,305,4,1283.96
2775,927,64,1,5245.29
2776,927,402,2,1337.62
2777,928,34,3,1739.97
2778,929,287,1,362.6
2779,929,291,4,4158.04
2780,930,308,3,1437.25
2781,931,143,2,4831.33
2782,931,62,3,7110.36
2783,932,188,3,5890.62
2784,932,278,4,1452.09
2785,932,487,1,3602.54
2786,932,289,1,615.43
2787,932,325,4,6330.63
2788,933,275,1,1381.85
2789,933,368,2,3127.98
2790,933,229,2,6178.47
2791,933,55,4,5294.38
2792,933,78,1,2623.38
2793,934,449,3,5990.22
2794,935,49,1,1001.46
2795,935,94,4,637.72
2796,935,122,1,1788.84
2797,936,299,2,5162.19
2798,937,281,3,767.61
2799,937,379,4,1894.51
2800,937,133,1,7682.68
2801,937,231,4,1813.96
2802,938,135,4,5029.03
2803,938,336,3,3505.41
2804,938,193,1,6626.72
2805,938,39,2,3097.27
2806,938,430,1,1289.32
2807,939,320,4,6639.63
2808,939,218,4,1046.26
2809,940,391,1,2831.62
2810,940,337,3,5116.18
2811,940,342,2,2036.46
2812,940,412,4,2197.41
2813,940,471,3,1844.85
2814,941,370,3,4396.17
2815,942,83,3,4207.1
2816,942,265,2,5984.67
2817,943,88,4,3652.47
2818,943,437,1,1635.15
2819,943,240,2,1220.06
2820,943,494,4,5234.76
2821,943,402,4,1337.62
2822,944,443,2,4924.62
2823,944,417,1,4766.29
2824,945,85,3,206.91
2825,946,135,3,5029.03
2826,947,375,2,5456.42
2827,947,28,4,801.28
2828,948,101,3,1381.51
2829,948,66,3,3951.93
2830,948,433,1,3901.17
2831,948,200,1,3146.05
2832,948,274,3,7224.74
2833,949,368,2,3127.98
2834,949,139,2,2207.41
2835,950,14,1,1195.89
2836,951,429,4,3529.21
2837,951,201,3,1060.46
2838,951,301,4,4803.29
2839,951,394,2,4349.12
2840,951,27,2,1911.35
2841,952,63,3,639.04
2842,952,368,4,3127.98
2843,953,206,1,6451.33
2844,953,33,2,6626.78
2845,953,30,3,1495.61
2846,953,358,2,5127.98
2847,953,400,1,3874.31
2848,954,296,3,959.66
2849,955,371,3,6431.49
2850,955,440,4,1786.05
2851,955,7,4,1658.11
2852,955,42,3,5752.4
2853,956,358,2,5127.98
2854,956,130,2,1963.29
2855,956,449,3,5990.22
2856,956,391,1,2831.62
2857,957,394,1,4349.12
2858,957,37,3,1174.23
2859,957,244,4,1747.97
2860,958,146,4,2758.94
2861,959,142,1,628.57
2862,959,199,2,4296.57
2863,960,53,2,1636.05
2864,960,32,2,4203.79
2865,960,155,1,7062.88
2866,961,335,4,3273.18
2867,961,244,2,1747.97
2868,961,114,3,1305.47
2869,961,407,4,5614.76
2870,961,46,4,922.81
2871,962,83,4,4207.1
2872,963,321,1,2051.86
2873,963,131,2,4351.85
2874,963,230,3,3984.19
2875,964,77,1,5802.31
2876,964,447,1,2421.14
2877,965,350,4,1035.46
2878,965,25,3,6342.54
2879,965,65,1,1839.77
2880,966,135,2,5029.03
2881,966,201,4,1060.46
2882,966,334,2,4382.79
2883,966,196,3,4145.76
2884,967,167,4,6818.7
2885,968,289,4,615.43
2886,968,446,3,6731.46
2887,968,332,3,336.46
2888,968,306,1,1311.81
2889,968,145,2,380.42
2890,969,59,4,3551.72
2891,969,456,2,4335.7
2892,970,35,1,3703.55
2893,971,401,1,830.88
2894,971,251,2,4963.2
2895,971,283,2,5922.7
2896,972,436,2,6428.91
2897,972,327,1,2218.76
2898,972,126,2,5865.84
2899,972,449,2,5990.22
2900,972,438,1,3420.48
2901,973,62,2,7110.36
2902,973,284,4,1954.57
2903,974,410,3,2717.31
2904,975,456,1,4335.7
2905,975,53,2,1636.05
2906,975,190,4,2545.79
2907,976,17,4,6553.92
2908,977,221,3,6443.18
2909,977,73,2,958.17
2910,978,316,4,3281.58
2911,979,6,4,2038.84
2912,979,14,2,1195.89
2913,980,281,3,767.61
2914,980,207,1,5032.22
2915,980,393,2,1234.01
2916,981,390,3,222.07
2917,981,142,1,628.57
2918,981,275,4,1381.85
2919,981,54,2,3298.92
2920,981,324,3,3848.88
2921,982,372,4,2126.62
2922,982,455,4,3452.95
2923,982,232,2,6669.4
2924,983,4,4,5633.67
2925,984,222,2,5410.26
2926,985,124,4,6069.73
2927,985,379,2,1894.51
2928,985,394,3,4349.12
2929,985,43,4,791.88
2930,986,382,3,5869.03
2931,986,474,4,5605.5
2932,986,199,1,4296.57
2933,986,107,2,4351.35
2934,987,459,1,4650.34
2935,987,179,4,2635.11
2936,987,366,3,3398.33
2937,987,321,3,2051.86
2938,987,158,2,4348.37
2939,988,449,1,5990.22
2940,989,422,3,5095.84
2941,990,291,1,4158.04
2942,990,186,4,2472.63
2943,991,378,3,5787.24
2944,992,84,4,5116.75
2945,992,231,4,1813.96
2946,992,83,3,4207.1
2947,992,138,4,4165.59
2948,993,109,2,2146.83
2949,994,156,1,3556.59
2950,994,242,1,3908.61
2951,994,335,2,3273.18
2952,995,135,2,5029.03
2953,995,224,1,5253.84
2954,995,100,1,7678.63
2955,995,474,3,5605.5
2956,995,448,2,1589.08
2957,996,195,3,3142.65
2958,996,119,2,224.22
2959,997,369,4,3840.55
2960,997,265,4,5984.67
2961,997,358,3,5127.98
2962,998,119,3,224.22
2963,998,206,3,6451.33
2964,998,493,1,6088.79
2965,999,197,3,3444.31
2966,999,297,3,1402.1
2967,999,341,3,1594.54
2968,999,141,3,4217.11
2969,999,477,1,1536.6
2970,1000,465,1,6681.17
2971,1000,74,3,1856.46
2972,1000,369,2,3840.55
2973,1000,19,4,4193.05
2974,1001,100,3,7678.63
2975,1001,337,3,5116.18
2976,1001,268,3,2691.51
2977,1001,315,1,1950.17
2978,1001,174,4,2623.77
2979,1002,18,2,3961.8
2980,1003,205,1,6203.46
2981,1003,181,3,277.41
2982,1003,378,3,5787.24
2983,1003,332,1,336.46
2984,1004,196,2,4145.76
2985,1004,451,1,5285.86
2986,1004,130,1,1963.29
2987,1005,407,1,5614.76
2988,1005,80,4,2551.1
2989,1006,458,4,4050.01
2990,1006,41,2,5380.63
2991,1006,160,1,6704.84
2992,1006,57,1,4604.53
2993,1007,375,2,5456.42
2994,1007,481,1,4362.0
2995,1007,128,2,2947.92
2996,1008,241,2,600.8
2997,1008,381,2,2780.62
2998,1008,108,2,2189.38
2999,1008,173,4,4328.16
3000,1008,164,4,451.3
3001,1009,15,1,3647.94
3002,1009,122,3,1788.84
3003,1009,144,2,4356.46
3004,1009,487,4,3602.54
3005,1010,484,2,5888.26
3006,1010,180,3,1609.07
3007,1010,444,2,5110.75
3008,1010,425,3,4224.17
3009,1010,207,1,5032.22
3010,1011,10,4,1780.12
3011,1011,90,1,2134.9
3012,1012,2,2,5222.22
3013,1012,390,3,222.07
3014,1013,385,2,4521.81
3015,1013,402,2,1337.62
3016,1014,25,3,6342.54
3017,1014,144,1,4356.46
3018,1014,268,3,2691.51
3019,1015,79,4,2892.49
3020,1016,182,4,4710.47
3021,1016,199,3,4296.57
3022,1017,13,2,2922.53
3023,1017,498,1,5835.24
3024,1018,79,1,2892.49
3025,1018,411,1,4968.3
3026,1019,23,3,4519.4
3027,1019,362,3,4182.94
3028,1019,74,3,1856.46
3029,1020,123,3,5238.56
3030,1020,131,1,4351.85
3031,1020,487,2,3602.54
3032,1020,391,3,2831.62
3033,1020,378,4,5787.24
3034,1021,378,1,5787.24
3035,1022,230,4,3984.19
3036,1023,224,1,5253.84
3037,1023,272,1,1207.17
3038,1023,17,4,6553.92
3039,1023,94,1,637.72
3040,1023,201,2,1060.46
3041,1024,219,4,1512.13
3042,1024,188,4,5890.62
3043,1024,67,2,6765.53
3044,1024,114,1,1305.47
3045,1025,135,3,5029.03
3046,1025,310,1,3432.36
3047,1025,387,3,1384.34
3048,1025,251,4,4963.2
3049,1025,379,1,1894.51
3050,1026,364,2,6026.85
3051,1026,426,4,1145.23
3052,1026,102,2,5155.01
3053,1026,239,1,2892.25
3054,1027,44,1,5953.73
3055,1027,490,2,7539.95
3056,1027,381,2,2780.62
3057,1028,260,1,1846.21
3058,1028,64,3,5245.29
3059,1028,344,3,6982.35
3060,1029,332,1,336.46
3061,1030,182,1,4710.47
3062,1030,334,4,4382.79
3063,1031,385,3,4521.81
3064,1031,263,4,4317.08
3065,1031,288,2,6212.26
3066,1031,157,3,5351.04
3067,1031,138,2,4165.59
3068,1032,361,1,3228.33
3069,1032,387,3,1384.34
3070,1032,381,3,2780.62
3071,1032,319,3,3408.81
3072,1033,492,1,5032.36
3073,1034,12,1,5776.18
3074,1034,249,3,6139.17
3075,1035,336,1,3505.41
3076,1035,279,2,774.25
3077,1036,406,4,2675.38
3078,1036,221,4,6443.18
3079,1036,424,4,1011.09
3080,1036,189,4,3600.6
3081,1036,208,4,1461.6
3082,1037,484,4,5888.26
3083,1037,342,3,2036.46
3084,1037,215,4,3143.73
3085,1038,317,2,784.53
3086,1038,251,4,4963.2
3087,1038,183,2,4643.22
3088,1038,109,2,2146.83
3089,1038,341,2,1594.54
3090,1039,400,3,3874.31
3091,1040,149,1,5667.0
3092,1040,39,4,3097.27
3093,1040,264,3,1850.78
3094,1040,478,2,4700.05
3095,1040,132,1,734.08
3096,1041,21,1,773.93
3097,1041,99,4,377.4
3098,1041,315,1,1950.17
3099,1041,265,1,5984.67
3100,1041,442,3,6554.24
3101,1042,445,1,4299.29
3102,1042,302,4,4353.43
3103,1042,291,1,4158.04
3104,1042,69,2,2687.96
3105,1043,438,2,3420.48
3106,1043,477,2,1536.6
3107,1043,49,3,1001.46
3108,1043,291,4,4158.04
3109,1044,345,2,6715.15
3110,1044,68,1,5048.98
3111,1044,442,3,6554.24
3112,1044,459,4,4650.34
3113,1045,456,2,4335.7
3114,1045,44,3,5953.73
3115,1045,223,1,830.78
3116,1046,78,2,2623.38
3117,1046,293,2,5467.31
3118,1046,405,2,4305.08
3119,1046,320,3,6639.63
3120,1046,307,2,5262.37
3121,1047,393,4,1234.01
3122,1047,347,4,5269.21
3123,1047,17,3,6553.92
3124,1047,172,4,5729.96
3125,1047,207,4,5032.22
3126,1048,493,2,6088.79
3127,1048,493,2,6088.79
3128,1049,331,2,895.99
3129,1049,392,3,1502.97
3130,1049,110,2,6959.37
3131,1049,331,2,895.99
3132,1050,80,2,2551.1
3133,1051,139,2,2207.41
3134,1051,328,3,2729.68
3135,1052,477,4,1536.6
3136,1053,162,4,3673.3
3137,1054,191,3,1690.83
3138,1054,7,4,1658.11
3139,1054,290,1,1518.49
3140,1054,346,3,3160.86
3141,1054,334,4,4382.79
3142,1055,398,2,6965.19
3143,1055,446,4,6731.46
3144,1055,475,3,1249.33
3145,1055,388,3,1373.2
3146,1055,53,1,1636.05
3147,1056,388,4,1373.2
3148,1056,109,3,2146.83
3149,1056,253,2,2797.42
3150,1057,330,1,4391.26
3151,1057,228,4,5999.41
3152,1057,417,1,4766.29
3153,1057,150,2,1545.47
3154,1058,162,2,3673.3
3155,1058,266,1,3100.54
3156,1058,140,2,4644.31
3157,1059,173,1,4328.16
3158,1059,482,2,5294.83
3159,1059,454,3,469.46
3160,1060,354,2,1425.69
3161,1060,183,1,4643.22
3162,1060,306,4,1311.81
3163,1060,331,3,895.99
3164,1061,133,4,7682.68
3165,1061,381,1,2780.62
3166,1061,35,3,3703.55
3167,1061,158,3,4348.37
3168,1062,476,3,4727.45
3169,1063,168,3,4609.57
3170,1063,63,1,639.04
3171,1064,294,2,6129.64
3172,1064,201,4,1060.46
3173,1064,385,3,4521.81
3174,1065,368,2,3127.98
3175,1065,69,4,2687.96
3176,1065,454,1,469.46
3177,1065,452,4,743.06
3178,1066,107,3,4351.35
3179,1067,267,3,3128.45
3180,1067,81,2,3349.11
3181,1067,461,1,4553.3
3182,1067,416,1,3452.92
3183,1068,214,2,5909.34
3184,1068,322,3,3077.91
3185,1068,72,4,5436.37
3186,1068,152,4,5260.39
3187,1069,403,1,2324.3
3188,1069,469,3,5810.45
3189,1069,462,2,1440.1
3190,1069,259,1,1302.93
3191,1070,434,4,5172.12
3192,1070,235,2,5882.55
3193,1071,127,3,4216.76
3194,1071,471,4,1844.85
3195,1071,184,4,4693.71
3196,1071,204,4,3202.4
3197,1072,222,2,5410.26
3198,1072,500,4,5135.84
3199,1072,205,4,6203.46
3200,1072,196,4,4145.76
3201,1072,116,2,584.32
3202,1073,135,2,5029.03
3203,1073,260,3,1846.21
3204,1073,36,2,3194.46
3205,1074,380,3,4324.63
3206,1074,394,1,4349.12
3207,1074,258,2,4144.01
3208,1074,216,4,4724.1
3209,1075,162,1,3673.3
3210,1075,390,2,222.07
3211,1075,412,2,2197.41
3212,1075,260,4,1846.21
3213,1076,297,2,1402.1
3214,1077,44,4,5953.73
3215,1077,269,4,2723.78
3216,1077,263,3,4317.08
3217,1078,411,1,4968.3
3218,1078,194,3,3575.56
3219,1078,90,1,2134.9
3220,1078,375,4,5456.42
3221,1078,315,1,1950.17
3222,1079,115,4,2916.37
3223,1079,411,3,4968.3
3224,1080,51,1,775.58
3225,1080,323,1,4863.69
3226,1080,15,3,3647.94
3227,1080,232,1,6669.4
3228,1081,153,4,7154.27
3229,1081,275,4,1381.85
3230,1081,1,2,2876.42
3231,1081,206,2,6451.33
3232,1081,262,3,3433.24
3233,1082,17,4,6553.92
3234,1082,103,3,5044.44
3235,1082,42,1,5752.4
3236,1082,304,1,4992.14
3237,1082,100,4,7678.63
3238,1083,392,3,1502.97
3239,1083,242,4,3908.61
3240,1084,165,4,4937.61
3241,1085,115,4,2916.37
3242,1085,255,2,3636.36
3243,1085,434,4,5172.12
3244,1086,436,1,6428.91
3245,1086,456,2,4335.7
3246,1086,66,1,3951.93
3247,1087,339,3,4212.47
3248,1087,88,1,3652.47
3249,1087,197,3,3444.31
3250,1088,289,1,615.43
3251,1088,380,4,4324.63
3252,1089,196,4,4145.76
3253,1089,106,3,1635.06
3254,1089,64,4,5245.29
3255,1089,348,4,4037.99
3256,1089,395,1,4977.01
3257,1090,163,4,6699.83
3258,1091,176,4,2750.53
3259,1091,108,2,2189.38
3260,1091,455,1,3452.95
3261,1091,292,2,5117.95
3262,1091,154,2,3919.63
3263,1092,230,4,3984.19
3264,1092,459,2,4650.34
3265,1093,212,1,155.74
3266,1093,262,4,3433.24
3267,1093,190,3,2545.79
3268,1093,216,2,4724.1
3269,1094,310,1,3432.36
3270,1094,206,2,6451.33
3271,1094,47,4,2540.64
3272,1094,261,3,6008.79
3273,1094,296,4,959.66
3274,1095,323,2,4863.69
3275,1095,421,3,1285.52
3276,1096,468,2,6226.51
3277,1096,409,3,4629.95
3278,1096,301,1,4803.29
3279,1097,240,1,1220.06
3280,1097,155,3,7062.88
3281,1098,326,4,5313.25
3282,1098,51,2,775.58
3283,1098,62,3,7110.36
3284,1099,486,3,3925.75
3285,1099,207,2,5032.22
3286,1099,271,3,740.94
3287,1099,153,1,7154.27
3288,1099,283,3,5922.7
3289,1100,447,1,2421.14
3290,1101,257,3,1725.23
3291,1101,470,1,4963.98
3292,1101,89,1,4465.7
3293,1102,471,4,1844.85
3294,1102,282,4,5682.3
3295,1102,51,1,775.58
3296,1102,227,3,3884.33
3297,1103,134,1,4419.51
3298,1103,410,3,2717.31
3299,1103,341,2,1594.54
3300,1103,95,3,4933.59
3301,1103,132,2,734.08
3302,1104,123,1,5238.56
3303,1104,205,3,6203.46
3304,1104,27,2,1911.35
3305,1104,310,2,3432.36
3306,1104,380,2,4324.63
3307,1105,307,4,5262.37
3308,1105,149,1,5667.0
3309,1105,278,2,1452.09
3310,1106,43,1,791.88
3311,1107,143,4,4831.33
3312,1107,148,4,2389.03
3313,1107,342,1,2036.46
3314,1107,144,2,4356.46
3315,1108,300,2,1582.87
3316,1108,275,1,1381.85
3317,1108,500,3,5135.84
3318,1108,103,4,5044.44
3319,1108,331,3,895.99
3320,1109,54,1,3298.92
3321,1109,148,4,2389.03
3322,1109,59,1,3551.72
3323,1109,471,3,1844.85
3324,1110,274,2,7224.74
3325,1110,383,4,1338.8
3326,1110,42,1,5752.4
3327,1111,89,3,4465.7
3328,1112,290,2,1518.49
3329,1112,183,2,4643.22
3330,1113,72,4,5436.37
3331,1113,341,3,1594.54
3332,1113,73,3,958.17
3333,1113,204,2,3202.4
3334,1114,185,4,1990.36
3335,1114,485,3,4042.01
3336,1114,495,2,5674.17
3337,1115,145,2,380.42
3338,1116,262,2,3433.24
3339,1116,218,4,1046.26
3340,1116,145,4,380.42
3341,1117,298,3,5143.35
3342,1117,62,3,7110.36
3343,1117,64,4,5245.29
3344,1117,226,4,1742.75
3345,1117,226,1,1742.75
3346,1118,85,3,206.91
3347,1119,5,4,2523.37
3348,1119,211,1,3182.08
3349,1119,73,4,958.17
3350,1120,32,4,4203.79
3351,1121,112,1,5163.37
3352,1121,301,3,4803.29
3353,1121,336,4,3505.41
3354,1122,293,4,5467.31
3355,1122,239,4,2892.25
3356,1122,57,4,4604.53
3357,1122,396,1,1589.43
3358,1122,394,1,4349.12
3359,1123,344,2,6982.35
3360,1123,168,4,4609.57
3361,1123,235,1,5882.55
3362,1123,489,3,1979.19
3363,1124,61,2,1634.69
3364,1124,362,1,4182.94
3365,1124,250,4,2853.44
3366,1124,185,3,1990.36
3367,1125,341,1,1594.54
3368,1125,329,2,6150.42
3369,1125,321,4,2051.86
3370,1125,125,4,4655.25
3371,1125,302,2,4353.43
3372,1126,29,2,5434.79
3373,1126,489,1,1979.19
3374,1126,400,1,3874.31
3375,1126,127,4,4216.76
3376,1127,446,3,6731.46
3377,1127,92,4,4206.66
3378,1127,180,3,1609.07
3379,1127,93,2,2629.61
3380,1127,76,1,3624.25
3381,1128,77,3,5802.31
3382,1128,49,3,1001.46
3383,1128,231,4,1813.96
3384,1128,237,3,3807.7
3385,1129,8,3,1108.08
3386,1129,415,2,3144.2
3387,1129,18,4,3961.8
3388,1129,228,3,5999.41
3389,1129,104,3,673.38
3390,1130,345,1,6715.15
3391,1130,474,4,5605.5
3392,1131,268,3,2691.51
3393,1131,46,1,922.81
3394,1131,270,3,3668.4
3395,1131,238,3,555.04
3396,1131,322,4,3077.91
3397,1132,51,3,775.58
3398,1132,264,3,1850.78
3399,1132,240,4,1220.06
3400,1132,428,2,3337.91
3401,1132,36,1,3194.46
3402,1133,294,4,6129.64
3403,1133,372,4,2126.62
3404,1133,474,4,5605.5
3405,1134,289,1,615.43
3406,1134,105,3,4056.14
3407,1135,412,1,2197.41
3408,1135,268,2,2691.51
3409,1135,482,1,5294.83
3410,1135,119,2,224.22
3411,1136,401,2,830.88
3412,1136,46,4,922.81
3413,1137,307,2,5262.37
3414,1137,432,1,3897.39
3415,1137,394,4,4349.12
3416,1137,290,3,1518.49
3417,1138,73,4,958.17
3418,1138,285,2,3625.74
3419,1138,341,4,1594.54
3420,1138,480,4,1852.13
3421,1138,309,4,825.37
3422,1139,288,3,6212.26
3423,1139,395,4,4977.01
3424,1139,384,3,4637.79
3425,1139,407,4,5614.76
3426,1140,72,1,5436.37
3427,1141,82,3,5405.87
3428,1141,473,2,4224.82
3429,1141,67,3,6765.53
3430,1141,145,1,380.42
3431,1142,465,4,6681.17
3432,1142,193,1,6626.72
3433,1142,262,4,3433.24
3434,1142,29,3,5434.79
3435,1142,181,1,277.41
3436,1143,384,4,4637.79
3437,1144,57,4,4604.53
3438,1144,98,2,5554.21
3439,1144,174,3,2623.77
3440,1145,59,1,3551.72
3441,1145,175,4,1587.68
3442,1145,67,1,6765.53
3443,1146,418,1,4532.15
3444,1146,405,1,4305.08
3445,1147,273,1,4355.96
3446,1147,437,4,1635.15
3447,1147,240,2,1220.06
3448,1147,266,4,3100.54
3449,1147,202,4,3841.09
3450,1148,390,4,222.07
3451,1148,364,4,6026.85
3452,1148,470,2,4963.98
3453,1148,343,4,2443.83
3454,1148,274,2,7224.74
3455,1149,478,2,4700.05
3456,1149,248,2,5396.23
3457,1150,324,2,3848.88
3458,1150,14,4,1195.89
3459,1150,6,2,2038.84
3460,1150,19,1,4193.05
3461,1151,359,4,3218.73
3462,1151,461,2,4553.3
3463,1151,456,3,4335.7
3464,1151,276,2,2669.21
3465,1151,12,4,5776.18
3466,1152,26,1,5756.04
3467,1152,413,2,5368.82
3468,1152,181,1,277.41
3469,1152,230,1,3984.19
3470,1152,159,4,1782.91
3471,1153,105,4,4056.14
3472,1153,416,2,3452.92
3473,1153,124,4,6069.73
3474,1153,18,4,3961.8
3475,1154,441,3,5639.25
3476,1155,401,1,830.88
3477,1155,286,3,5544.61
3478,1155,402,4,1337.62
3479,1155,379,1,1894.51
3480,1156,243,2,5813.12
3481,1157,112,2,5163.37
3482,1157,67,3,6765.53
3483,1157,270,3,3668.4
3484,1157,245,3,2794.78
3485,1157,21,1,773.93
3486,1158,149,3,5667.0
3487,1158,49,4,1001.46
3488,1158,415,1,3144.2
3489,1158,58,4,685.74
3490,1159,166,3,3680.98
3491,1160,14,1,1195.89
3492,1161,365,4,5059.36
3493,1161,456,3,4335.7
3494,1161,355,2,6023.83
3495,1161,291,3,4158.04
3496,1162,27,1,1911.35
3497,1162,85,1,206.91
3498,1163,5,3,2523.37
3499,1163,486,3,3925.75
3500,1163,403,4,2324.3
3501,1164,322,4,3077.91
3502,1164,291,3,4158.04
3503,1164,100,2,7678.63
3504,1164,103,2,5044.44
3505,1164,134,2,4419.51
3506,1165,494,1,5234.76
3507,1165,495,1,5674.17
3508,1166,221,3,6443.18
3509,1166,414,4,981.22
3510,1166,212,4,155.74
3511,1166,234,3,1670.39
3512,1167,410,3,2717.31
3513,1168,435,2,3048.69
3514,1168,427,1,5615.06
3515,1168,315,1,1950.17
3516,1169,388,1,1373.2
3517,1169,399,2,5067.92
3518,1169,481,3,4362.0
3519,1169,85,2,206.91
3520,1169,217,1,1753.76
3521,1170,413,4,5368.82
3522,1170,371,2,6431.49
3523,1170,211,1,3182.08
3524,1170,464,4,7057.45
3525,1171,73,3,958.17
3526,1172,253,4,2797.42
3527,1172,390,4,222.07
3528,1172,178,1,3635.79
3529,1172,488,1,723.72
3530,1173,100,4,7678.63
3531,1173,474,2,5605.5
3532,1173,36,1,3194.46
3533,1173,8,1,1108.08
3534,1174,417,4,4766.29
3535,1174,121,1,704.52
3536,1174,304,2,4992.14
3537,1174,145,2,380.42
3538,1175,68,3,5048.98
3539,1176,277,3,4935.0
3540,1176,204,2,3202.4
3541,1176,315,4,1950.17
3542,1176,285,3,3625.74
3543,1177,272,1,1207.17
3544,1177,485,1,4042.01
3545,1177,76,4,3624.25
3546,1177,441,4,5639.25
3547,1177,423,3,5959.15
3548,1178,322,1,3077.91
3549,1178,181,2,277.41
3550,1178,201,4,1060.46
3551,1178,398,4,6965.19
3552,1178,41,2,5380.63
3553,1179,246,2,2663.81
3554,1179,355,1,6023.83
3555,1180,218,4,1046.26
3556,1180,55,1,5294.38
3557,1180,313,1,3303.95
3558,1180,223,2,830.78
3559,1180,385,1,4521.81
3560,1181,90,1,2134.9
3561,1181,465,3,6681.17
3562,1182,471,4,1844.85
3563,1183,350,3,1035.46
3564,1183,284,4,1954.57
3565,1184,183,2,4643.22
3566,1184,493,3,6088.79
3567,1184,183,1,4643.22
3568,1184,8,3,1108.08
3569,1184,66,4,3951.93
3570,1185,340,2,6024.22
3571,1186,9,4,3407.08
3572,1186,92,3,4206.66
3573,1186,285,1,3625.74
3574,1187,464,3,7057.45
3575,1187,337,2,5116.18
3576,1187,175,3,1587.68
3577,1187,140,3,4644.31
3578,1188,97,1,3649.64
3579,1188,188,4,5890.62
3580,1188,324,3,3848.88
3581,1189,130,4,1963.29
3582,1189,55,4,5294.38
3583,1189,392,1,1502.97
3584,1189,438,4,3420.48
3585,1190,319,1,3408.81
3586,1190,176,2,2750.53
3587,1191,143,2,4831.33
3588,1191,29,2,5434.79
3589,1192,97,3,3649.64
3590,1192,68,1,5048.98
3591,1192,476,1,4727.45
3592,1192,407,4,5614.76
3593,1192,144,4,4356.46
3594,1193,367,1,2356.19
3595,1194,98,2,5554.21
3596,1194,427,1,5615.06
3597,1195,216,3,4724.1
3598,1195,246,1,2663.81
3599,1195,352,4,6820.17
3600,1195,262,2,3433.24
3601,1196,345,4,6715.15
3602,1196,262,1,3433.24
3603,1196,24,3,6433.86
3604,1196,383,1,1338.8
3605,1197,342,2,2036.46
3606,1198,60,2,5163.17
3607,1198,166,1,3680.98
3608,1198,496,1,5678.29
3609,1198,309,3,825.37
3610,1198,110,3,6959.37
3611,1199,138,1,4165.59
3612,1199,75,4,3885.28
3613,1199,254,4,229.57
3614,1199,357,2,3963.48
3615,1199,486,1,3925.75
3616,1200,381,2,2780.62
3617,1200,58,1,685.74
3618,1200,80,3,2551.1
3619,1200,475,2,1249.33
3620,1200,194,1,3575.56
3621,1201,487,3,3602.54
3622,1202,393,1,1234.01
3623,1202,355,3,6023.83
3624,1202,135,2,5029.03
3625,1202,263,4,4317.08
3626,1202,315,2,1950.17
3627,1203,150,1,1545.47
3628,1204,415,4,3144.2
3629,1204,338,4,5130.85
3630,1204,356,3,5880.99
3631,1204,130,4,1963.29
3632,1204,280,4,4382.83
3633,1205,88,2,3652.47
3634,1205,332,3,336.46
3635,1206,474,2,5605.5
3636,1207,275,4,1381.85
3637,1207,418,3,4532.15
3638,1207,320,1,6639.63
3639,1207,33,2,6626.78
3640,1207,431,3,2345.7
3641,1208,81,1,3349.11
3642,1209,141,3,4217.11
3643,1210,63,2,639.04
3644,1210,273,2,4355.96
3645,1210,430,2,1289.32
3646,1210,71,3,4208.53
3647,1210,469,2,5810.45
3648,1211,136,3,6859.2
3649,1211,285,3,3625.74
3650,1211,361,1,3228.33
3651,1212,200,4,3146.05
3652,1212,44,1,5953.73
3653,1212,201,3,1060.46
3654,1212,292,2,5117.95
3655,1213,362,2,4182.94
3656,1213,26,1,5756.04
3657,1214,174,4,2623.77
3658,1214,338,4,5130.85
3659,1214,279,3,774.25
3660,1214,495,4,5674.17
3661,1214,415,1,3144.2
3662,1215,350,2,1035.46
3663,1215,483,2,6442.69
3664,1215,426,3,1145.23
3665,1215,126,3,5865.84
3666,1215,282,1,5682.3
3667,1216,8,2,1108.08
3668,1216,352,2,6820.17
3669,1216,400,1,3874.31
3670,1217,457,4,4840.21
3671,1218,93,3,2629.61
3672,1218,409,3,4629.95
3673,1219,16,1,3318.23
3674,1219,304,3,4992.14
3675,1219,292,1,5117.95
3676,1219,163,2,6699.83
3677,1220,5,1,2523.37
3678,1221,477,4,1536.6
3679,1221,279,1,774.25
3680,1221,40,4,2870.78
3681,1221,166,1,3680.98
3682,1221,413,4,5368.82
3683,1222,340,2,6024.22
3684,1223,10,2,1780.12
3685,1223,14,3,1195.89
3686,1223,275,4,1381.85
3687,1224,187,2,7451.43
3688,1224,318,3,5367.63
3689,1225,238,1,555.04
3690,1225,4,3,5633.67
3691,1226,253,1,2797.42
3692,1226,465,2,6681.17
3693,1226,389,4,1828.56
3694,1226,235,3,5882.55
3695,1227,37,3,1174.23
3696,1227,251,2,4963.2
3697,1227,71,3,4208.53
3698,1227,81,4,3349.11
3699,1227,89,1,4465.7
3700,1228,352,2,6820.17
3701,1228,392,4,1502.97
3702,1228,366,2,3398.33
3703,1228,246,1,2663.81
3704,1229,180,4,1609.07
3705,1229,500,1,5135.84
3706,1229,52,1,2554.22
3707,1230,470,2,4963.98
3708,1230,496,1,5678.29
3709,1230,409,2,4629.95
3710,1230,17,4,6553.92
3711,1231,449,2,5990.22
3712,1232,262,1,3433.24
3713,1232,12,4,5776.18
3714,1232,144,4,4356.46
3715,1232,74,1,1856.46
3716,1233,336,4,3505.41
3717,1233,53,2,1636.05
3718,1233,121,4,704.52
3719,1233,435,1,3048.69
3720,1234,169,2,5455.24
3721,1234,253,3,2797.42
3722,1235,301,1,4803.29
3723,1236,132,4,734.08
3724,1236,484,2,5888.26
3725,1237,340,1,6024.22
3726,1238,371,2,6431.49
3727,1238,116,1,584.32
3728,1238,162,2,3673.3
3729,1238,498,2,5835.24
3730,1238,221,1,6443.18
3731,1239,262,1,3433.24
3732,1239,190,3,2545.79
3733,1239,113,2,2129.84
3734,1239,242,1,3908.61
3735,1239,417,2,4766.29
3736,1240,419,3,4392.23
3737,1240,305,1,1283.96
3738,1240,349,3,4253.69
3739,1240,486,2,3925.75
3740,1240,78,1,2623.38
3741,1241,331,2,895.99
3742,1242,62,1,7110.36
3743,1242,443,4,4924.62
3744,1243,473,1,4224.82
3745,1243,387,2,1384.34
3746,1244,130,4,1963.29
3747,1244,190,2,2545.79
3748,1244,20,4,543.91
3749,1244,437,2,1635.15
3750,1244,80,4,2551.1
3751,1245,8,1,1108.08
3752,1245,137,2,2345.58
3753,1245,12,1,5776.18
3754,1245,424,3,1011.09
3755,1246,395,2,4977.01
3756,1246,418,4,4532.15
3757,1247,487,1,3602.54
3758,1247,60,1,5163.17
3759,1247,180,1,1609.07
3760,1247,457,4,4840.21
3761,1248,265,4,5984.67
3762,1248,217,3,1753.76
3763,1248,489,2,1979.19
3764,1248,285,4,3625.74
3765,1249,462,1,1440.1
3766,1249,332,4,336.46
3767,1249,388,3,1373.2
3768,1249,145,2,380.42
3769,1250,237,2,3807.7
3770,1250,425,1,4224.17
3771,1250,45,2,2239.06
3772,1251,263,3,4317.08
3773,1251,75,3,3885.28
3774,1251,19,1,4193.05
3775,1251,485,2,4042.01
3776,1251,123,1,5238.56
3777,1252,208,3,1461.6
3778,1252,339,3,4212.47
3779,1252,241,3,600.8
3780,1252,71,1,4208.53
3781,1253,11,3,5761.74
3782,1253,215,3,3143.73
3783,1253,362,3,4182.94
3784,1253,189,2,3600.6
3785,1253,124,2,6069.73
3786,1254,136,3,6859.2
3787,1254,373,3,4435.35
3788,1255,248,2,5396.23
3789,1256,285,3,3625.74
3790,1256,303,3,1103.01
3791,1256,411,1,4968.3
3792,1257,81,2,3349.11
3793,1258,390,4,222.07
3794,1259,271,1,740.94
3795,1260,397,4,2867.64
3796,1260,63,3,639.04
3797,1260,365,3,5059.36
3798,1260,11,2,5761.74
3799,1260,284,1,1954.57
3800,1261,303,4,1103.01
3801,1261,391,3,2831.62
3802,1261,2,4,5222.22
3803,1262,373,4,4435.35
3804,1263,292,3,5117.95
3805,1263,312,3,4519.33
3806,1264,148,4,2389.03
3807,1264,228,4,5999.41
3808,1264,376,3,4480.08
3809,1264,196,2,4145.76
3810,1265,490,1,7539.95
3811,1265,184,4,4693.71
3812,1265,455,4,3452.95
3813,1265,423,2,5959.15
3814,1265,187,3,7451.43
3815,1266,495,2,5674.17
3816,1266,11,3,5761.74
3817,1267,188,1,5890.62
3818,1267,57,1,4604.53
3819,1267,128,1,2947.92
3820,1267,424,1,1011.09
3821,1268,432,2,3897.39
3822,1268,24,1,6433.86
3823,1268,28,4,801.28
3824,1268,287,3,362.6
3825,1269,313,4,3303.95
3826,1269,458,2,4050.01
3827,1269,345,1,6715.15
3828,1270,89,1,4465.7
3829,1270,89,3,4465.7
3830,1270,394,1,4349.12
3831,1270,87,4,1282.33
3832,1271,298,1,5143.35
3833,1271,97,1,3649.64
3834,1271,304,4,4992.14
3835,1272,38,3,1645.79
3836,1273,276,3,2669.21
3837,1273,43,1,791.88
3838,1273,211,4,3182.08
3839,1274,370,2,4396.17
3840,1274,277,2,4935.0
3841,1274,109,1,2146.83
3842,1275,115,4,2916.37
3843,1275,416,1,3452.92
3844,1275,327,1,2218.76
3845,1275,262,1,3433.24
3846,1276,44,3,5953.73
3847,1276,481,3,4362.0
3848,1276,500,2,5135.84
3849,1276,64,3,5245.29
3850,1277,466,3,3543.0
3851,1277,490,4,7539.95
3852,1278,183,1,4643.22
3853,1278,94,2,637.72
3854,1278,233,1,4261.37
3855,1278,73,4,958.17
3856,1279,4,4,5633.67
3857,1279,173,2,4328.16
3858,1279,128,1,2947.92
3859,1280,140,4,4644.31
3860,1280,144,3,4356.46
3861,1280,159,2,1782.91
3862,1280,71,3,4208.53
3863,1280,211,2,3182.08
3864,1281,223,3,830.78
3865,1281,32,2,4203.79
3866,1282,346,3,3160.86
3867,1282,164,1,451.3
3868,1282,437,2,1635.15
3869,1283,275,2,1381.85
3870,1283,79,1,2892.49
3871,1284,150,3,1545.47
3872,1284,315,3,1950.17
3873,1284,323,2,4863.69
3874,1284,121,2,704.52
3875,1285,79,2,2892.49
3876,1285,308,3,1437.25
3877,1286,430,2,1289.32
3878,1286,343,3,2443.83
3879,1286,145,3,380.42
3880,1286,154,1,3919.63
3881,1287,347,4,5269.21
3882,1287,208,2,1461.6
3883,1287,101,4,1381.51
3884,1287,154,4,3919.63
3885,1288,311,2,1952.58
3886,1288,404,1,5691.79
3887,1288,143,3,4831.33
3888,1288,477,2,1536.6
3889,1289,395,4,4977.01
3890,1289,405,1,4305.08
3891,1289,15,3,3647.94
3892,1289,359,2,3218.73
3893,1289,220,4,3372.55
3894,1290,449,4,5990.22
3895,1291,252,4,4468.34
3896,1291,169,3,5455.24
3897,1291,298,4,5143.35
3898,1291,95,3,4933.59
3899,1291,113,3,2129.84
3900,1292,66,2,3951.93
3901,1292,40,2,2870.78
3902,1292,455,3,3452.95
3903,1293,359,2,3218.73
3904,1294,220,4,3372.55
3905,1294,175,4,1587.68
3906,1294,308,4,1437.25
3907,1295,365,3,5059.36
3908,1295,119,3,224.22
3909,1295,462,3,1440.1
3910,1296,252,4,4468.34
3911,1297,413,3,5368.82
3912,1297,487,2,3602.54
3913,1297,414,3,981.22
3914,1297,162,2,3673.3
3915,1298,8,2,1108.08
3916,1298,427,4,5615.06
3917,1299,127,2,4216.76
3918,1299,436,1,6428.91
3919,1299,172,1,5729.96
3920,1299,85,1,206.91
3921,1299,368,1,3127.98
3922,1300,189,4,3600.6
3923,1300,85,2,206.91
3924,1300,104,1,673.38
3925,1300,454,2,469.46
3926,1300,382,2,5869.03
3927,1301,409,2,4629.95
3928,1302,324,1,3848.88
3929,1303,129,4,1449.29
3930,1303,449,3,5990.22
3931,1303,257,4,1725.23
3932,1304,108,2,2189.38
3933,1304,181,4,277.41
3934,1305,330,4,4391.26
3935,1306,282,1,5682.3
3936,1307,451,4,5285.86
3937,1307,123,1,5238.56
3938,1307,25,1,6342.54
3939,1307,438,2,3420.48
3940,1307,203,4,3122.39
3941,1308,368,1,3127.98
3942,1308,451,4,5285.86
3943,1308,36,3,3194.46
3944,1309,300,1,1582.87
3945,1309,123,3,5238.56
3946,1309,187,1,7451.43
3947,1309,436,3,6428.91
3948,1309,125,1,4655.25
3949,1310,287,4,362.6
3950,1310,306,4,1311.81
3951,1310,243,2,5813.12
3952,1311,166,1,3680.98
3953,1311,484,2,5888.26
3954,1311,315,1,1950.17
3955,1312,29,3,5434.79
3956,1312,490,4,7539.95
3957,1312,177,3,1399.56
3958,1312,365,1,5059.36
3959,1312,69,4,2687.96
3960,1313,411,2,4968.3
3961,1313,174,2,2623.77
3962,1314,95,3,4933.59
3963,1314,170,3,3039.1
3964,1314,408,4,2432.33
3965,1314,162,2,3673.3
3966,1314,436,2,6428.91
3967,1315,351,4,5407.74
3968,1315,374,1,3593.06
3969,1315,269,2,2723.78
3970,1315,411,2,4968.3
3971,1316,397,2,2867.64
3972,1316,89,1,4465.7
3973,1316,425,4,4224.17
3974,1317,113,2,2129.84
3975,1317,7,1,1658.11
3976,1317,141,1,4217.11
3977,1317,350,2,1035.46
3978,1317,300,1,1582.87
3979,1318,399,1,5067.92
3980,1318,254,3,229.57
3981,1319,370,1,4396.17
3982,1320,137,4,2345.58
3983,1320,354,1,1425.69
3984,1321,201,1,1060.46
3985,1321,367,3,2356.19
3986,1321,407,1,5614.76
3987,1321,299,3,5162.19
3988,1321,296,4,959.66
3989,1322,127,4,4216.76
3990,1322,412,1,2197.41
3991,1322,241,3,600.8
3992,1322,458,4,4050.01
3993,1322,51,2,775.58
3994,1323,358,2,5127.98
3995,1323,401,1,830.88
3996,1324,379,3,1894.51
3997,1324,253,4,2797.42
3998,1324,450,4,2146.91
3999,1324,302,4,4353.43
4000,1324,232,3,6669.4
4001,1325,379,2,1894.51
4002,1325,142,3,628.57
4003,1325,136,4,6859.2
4004,1326,348,3,4037.99
4005,1326,4,2,5633.67
4006,1326,239,3,2892.25
4007,1327,318,4,5367.63
4008,1327,104,2,673.38
4009,1327,223,4,830.78
4010,1328,409,2,4629.95
4011,1328,420,2,1934.38
4012,1329,74,1,1856.46
4013,1330,176,1,2750.53
4014,1330,341,3,1594.54
4015,1331,418,1,4532.15
4016,1331,346,4,3160.86
4017,1331,298,4,5143.35
4018,1331,266,2,3100.54
4019,1332,183,3,4643.22
4020,1332,150,2,1545.47
4021,1333,3,2,394.52
4022,1333,197,1,3444.31
4023,1333,244,1,1747.97
4024,1334,63,1,639.04
4025,1334,72,3,5436.37
4026,1335,107,1,4351.35
4027,1336,224,1,5253.84
4028,1337,355,3,6023.83
4029,1337,190,2,2545.79
4030,1338,285,4,3625.74
4031,1339,168,1,4609.57
4032,1339,204,4,3202.4
4033,1339,342,3,2036.46
4034,1339,89,1,4465.7
4035,1339,280,3,4382.83
4036,1340,373,3,4435.35
4037,1340,310,4,3432.36
4038,1340,40,4,2870.78
4039,1340,121,2,704.52
4040,1341,327,1,2218.76
4041,1341,83,4,4207.1
4042,1341,351,1,5407.74
4043,1341,379,3,1894.51
4044,1342,450,4,2146.91
4045,1342,134,2,4419.51
4046,1343,43,3,791.88
4047,1343,83,1,4207.1
4048,1343,284,3,1954.57
4049,1343,424,2,1011.09
4050,1344,257,2,1725.23
4051,1344,143,3,4831.33
4052,1344,492,3,5032.36
4053,1345,132,4,734.08
4054,1345,198,2,2183.12
4055,1345,221,2,6443.18
4056,1346,117,3,924.08
4057,1346,234,4,1670.39
4058,1347,43,4,791.88
4059,1347,448,1,1589.08
4060,1347,333,1,6331.32
4061,1347,75,4,3885.28
4062,1348,102,1,5155.01
4063,1348,90,1,2134.9
4064,1348,238,2,555.04
4065,1349,270,1,3668.4
4066,1349,479,2,4247.61
4067,1349,47,3,2540.64
4068,1349,12,1,5776.18
4069,1350,101,1,1381.51
4070,1350,70,3,2952.71
4071,1350,43,1,791.88
4072,1351,132,3,734.08
4073,1351,107,3,4351.35
4074,1351,307,1,5262.37
4075,1351,232,1,6669.4
4076,1351,55,3,5294.38
4077,1352,499,4,2598.33
4078,1352,206,3,6451.33
4079,1352,435,4,3048.69
4080,1352,159,1,1782.91
4081,1352,175,3,1587.68
4082,1353,62,3,7110.36
4083,1353,207,3,5032.22
4084,1353,382,3,5869.03
4085,1353,455,3,3452.95
4086,1354,223,4,830.78
4087,1354,136,4,6859.2
4088,1354,415,3,3144.2
4089,1354,90,3,2134.9
4090,1355,302,1,4353.43
4091,1355,178,2,3635.79
4092,1355,382,2,5869.03
4093,1355,31,3,3335.57
4094,1356,316,1,3281.58
4095,1357,388,3,1373.2
4096,1358,275,2,1381.85
4097,1358,76,1,3624.25
4098,1359,207,1,5032.22
4099,1359,134,1,4419.51
4100,1359,117,3,924.08
4101,1360,410,4,2717.31
4102,1361,183,2,4643.22
4103,1361,455,3,3452.95
4104,1361,43,2,791.88
4105,1361,462,1,1440.1
4106,1362,385,2,4521.81
4107,1363,427,4,5615.06
4108,1364,256,2,2686.28
4109,1364,196,1,4145.76
4110,1365,55,3,5294.38
4111,1365,188,2,5890.62
4112,1365,57,3,4604.53
4113,1365,147,2,2549.32
4114,1365,129,2,1449.29
4115,1366,100,2,7678.63
4116,1367,234,1,1670.39
4117,1367,226,3,1742.75
4118,1367,353,4,4945.04
4119,1368,96,4,418.99
4120,1368,159,2,1782.91
4121,1368,472,3,3476.76
4122,1368,451,1,5285.86
4123,1369,141,4,4217.11
4124,1369,104,2,673.38
4125,1370,152,1,5260.39
4126,1370,474,4,5605.5
4127,1371,60,3,5163.17
4128,1371,208,4,1461.6
4129,1372,304,2,4992.14
4130,1373,431,1,2345.7
4131,1373,206,4,6451.33
4132,1373,307,4,5262.37
4133,1373,42,3,5752.4
4134,1374,196,4,4145.76
4135,1374,240,3,1220.06
4136,1374,144,2,4356.46
4137,1374,84,3,5116.75
4138,1374,42,2,5752.4
4139,1375,492,3,5032.36
4140,1375,45,2,2239.06
4141,1375,131,3,4351.85
4142,1376,405,3,4305.08
4143,1376,483,1,6442.69
4144,1376,210,3,530.97
4145,1377,325,1,6330.63
4146,1377,126,3,5865.84
4147,1377,450,2,2146.91
4148,1378,38,1,1645.79
4149,1378,414,3,981.22
4150,1378,185,2,1990.36
4151,1378,280,4,4382.83
4152,1379,176,3,2750.53
4153,1379,143,2,4831.33
4154,1380,211,3,3182.08
4155,1381,172,4,5729.96
4156,1381,303,1,1103.01
4157,1381,132,4,734.08
4158,1381,388,3,1373.2
4159,1381,191,1,1690.83
4160,1382,290,3,1518.49
4161,1382,27,2,1911.35
4162,1382,155,3,7062.88
4163,1383,338,4,5130.85
4164,1384,358,2,5127.98
4165,1384,415,2,3144.2
4166,1384,353,4,4945.04
4167,1384,352,3,6820.17
4168,1384,122,4,1788.84
4169,1385,212,1,155.74
4170,1385,417,1,4766.29
4171,1385,198,3,2183.12
4172,1385,337,3,5116.18
4173,1385,340,1,6024.22
4174,1386,189,1,3600.6
4175,1386,156,4,3556.59
4176,1386,422,2,5095.84
4177,1386,492,3,5032.36
4178,1386,173,3,4328.16
4179,1387,437,3,1635.15
4180,1387,133,3,7682.68
4181,1387,12,1,5776.18
4182,1388,203,2,3122.39
4183,1388,412,4,2197.41
4184,1388,59,3,3551.72
4185,1389,346,4,3160.86
4186,1389,358,1,5127.98
4187,1390,5,4,2523.37
4188,1390,38,4,1645.79
4189,1390,145,1,380.42
4190,1391,224,3,5253.84
4191,1391,433,4,3901.17
4192,1391,366,2,3398.33
4193,1391,484,3,5888.26
4194,1391,241,1,600.8
4195,1392,338,1,5130.85
4196,1392,421,2,1285.52
4197,1392,395,3,4977.01
4198,1393,475,1,1249.33
4199,1393,445,2,4299.29
4200,1393,366,4,3398.33
4201,1394,215,3,3143.73
4202,1394,197,3,3444.31
4203,1394,153,4,7154.27
4204,1395,421,1,1285.52
4205,1396,414,2,981.22
4206,1396,73,3,958.17
4207,1396,432,1,3897.39
4208,1397,227,2,3884.33
4209,1397,337,4,5116.18
4210,1398,489,2,1979.19
4211,1398,320,4,6639.63
4212,1398,469,2,5810.45
4213,1398,250,3,2853.44
4214,1398,241,1,600.8
4215,1399,275,1,1381.85
4216,1399,147,1,2549.32
4217,1400,238,3,555.04
4218,1401,11,3,5761.74
4219,1401,260,1,1846.21
4220,1401,369,3,3840.55
4221,1402,498,1,5835.24
4222,1402,362,4,4182.94
4223,1402,461,3,4553.3
4224,1402,25,2,6342.54
4225,1403,203,2,3122.39
4226,1403,204,1,3202.4
4227,1403,248,4,5396.23
4228,1404,421,4,1285.52
4229,1404,85,2,206.91
4230,1404,484,3,5888.26
4231,1404,227,1,3884.33
4232,1405,306,4,1311.81
4233,1405,271,1,740.94
4234,1405,283,3,5922.7
4235,1405,379,3,1894.51
4236,1406,90,4,2134.9
4237,1406,483,2,6442.69
4238,1406,87,1,1282.33
4239,1406,353,3,4945.04
4240,1407,495,3,5674.17
4241,1407,423,3,5959.15
4242,1407,340,2,6024.22
4243,1408,343,2,2443.83
4244,1408,297,2,1402.1
4245,1408,142,2,628.57
4246,1408,128,1,2947.92
4247,1409,40,2,2870.78
4248,1409,217,1,1753.76
4249,1409,188,2,5890.62
4250,1409,389,1,1828.56
4251,1409,278,1,1452.09
4252,1410,451,1,5285.86
4253,1410,65,1,1839.77
4254,1410,19,1,4193.05
4255,1410,344,2,6982.35
4256,1410,159,4,1782.91
4257,1411,324,2,3848.88
4258,1411,430,1,1289.32
4259,1411,290,1,1518.49
4260,1411,472,4,3476.76
4261,1412,242,1,3908.61
4262,1412,18,4,3961.8
4263,1412,480,4,1852.13
4264,1412,100,1,7678.63
4265,1413,18,4,3961.8
4266,1413,329,4,6150.42
4267,1413,19,3,4193.05
4268,1413,52,2,2554.22
4269,1414,390,1,222.07
4270,1414,27,4,1911.35
4271,1415,390,1,222.07
4272,1415,268,2,2691.51
4273,1415,178,2,3635.79
4274,1416,179,1,2635.11
4275,1416,233,2,4261.37
4276,1416,30,4,1495.61
4277,1416,165,2,4937.61
4278,1416,216,3,4724.1
4279,1417,160,1,6704.84
4280,1417,51,1,775.58
4281,1417,347,3,5269.21
4282,1417,205,1,6203.46
4283,1417,472,3,3476.76
4284,1418,230,2,3984.19
4285,1418,390,2,222.07
4286,1418,179,3,2635.11
4287,1419,179,3,2635.11
4288,1419,155,4,7062.88
4289,1419,123,2,5238.56
4290,1419,275,3,1381.85
4291,1420,179,3,2635.11
4292,1420,499,2,2598.33
4293,1421,198,2,2183.12
4294,1421,53,3,1636.05
4295,1421,302,1,4353.43
4296,1421,177,1,1399.56
4297,1422,274,2,7224.74
4298,1422,237,3,3807.7
4299,1422,431,3,2345.7
4300,1423,267,4,3128.45
4301,1423,31,2,3335.57
4302,1423,3,1,394.52
4303,1423,268,1,2691.51
4304,1423,137,2,2345.58
4305,1424,326,2,5313.25
4306,1424,404,1,5691.79
4307,1425,308,1,1437.25
4308,1425,339,1,4212.47
4309,1426,53,2,1636.05
4310,1426,56,4,1350.59
4311,1426,21,4,773.93
4312,1426,197,1,3444.31
4313,1426,74,1,1856.46
4314,1427,21,2,773.93
4315,1427,425,3,4224.17
4316,1427,422,3,5095.84
4317,1427,285,3,3625.74
4318,1428,248,3,5396.23
4319,1428,301,1,4803.29
4320,1428,475,3,1249.33
4321,1429,249,1,6139.17
4322,1430,346,4,3160.86
4323,1430,328,1,2729.68
4324,1430,302,3,4353.43
4325,1430,205,2,6203.46
4326,1431,49,4,1001.46
4327,1431,156,2,3556.59
4328,1431,77,3,5802.31
4329,1431,231,3,1813.96
4330,1432,446,4,6731.46
4331,1432,378,4,5787.24
4332,1433,17,1,6553.92
4333,1433,99,3,377.4
4334,1433,312,1,4519.33
4335,1433,216,1,4724.1
4336,1434,432,1,3897.39
4337,1435,304,2,4992.14
4338,1436,239,3,2892.25
4339,1436,475,1,1249.33
4340,1436,401,2,830.88
4341,1436,161,3,6112.98
4342,1437,162,4,3673.3
4343,1437,150,3,1545.47
4344,1437,364,3,6026.85
4345,1437,339,4,4212.47
4346,1437,73,3,958.17
4347,1438,417,3,4766.29
4348,1438,68,2,5048.98
4349,1439,452,3,743.06
4350,1439,415,2,3144.2
4351,1439,395,1,4977.01
4352,1439,131,4,4351.85
4353,1440,378,1,5787.24
4354,1440,17,1,6553.92
4355,1440,472,3,3476.76
4356,1440,53,2,1636.05
4357,1441,264,2,1850.78
4358,1441,452,3,743.06
4359,1441,322,4,3077.91
4360,1441,493,3,6088.79
4361,1442,452,2,743.06
4362,1442,82,2,5405.87
4363,1442,12,4,5776.18
4364,1442,477,2,1536.6
4365,1443,231,2,1813.96
4366,1443,483,3,6442.69
4367,1443,426,1,1145.23
4368,1444,264,1,1850.78
4369,1444,27,1,1911.35
4370,1444,345,1,6715.15
4371,1444,475,1,1249.33
4372,1444,290,2,1518.49
4373,1445,163,2,6699.83
4374,1445,390,1,222.07
4375,1445,224,1,5253.84
4376,1446,357,4,3963.48
4377,1446,92,4,4206.66
4378,1447,88,1,3652.47
4379,1447,141,4,4217.11
4380,1447,50,4,4659.51
4381,1447,474,2,5605.5
4382,1448,45,3,2239.06
4383,1448,327,4,2218.76
4384,1448,270,4,3668.4
4385,1449,407,3,5614.76
4386,1449,109,1,2146.83
4387,1449,368,1,3127.98
4388,1450,67,3,6765.53
4389,1450,279,3,774.25
4390,1451,71,1,4208.53
4391,1451,183,4,4643.22
4392,1452,192,4,1522.05
4393,1452,344,3,6982.35
4394,1453,148,1,2389.03
4395,1453,25,3,6342.54
4396,1454,34,3,1739.97
4397,1455,258,1,4144.01
4398,1455,195,2,3142.65
4399,1455,174,4,2623.77
4400,1455,382,4,5869.03
4401,1456,91,4,2388.1
4402,1457,387,4,1384.34
4403,1458,218,3,1046.26
4404,1458,163,1,6699.83
4405,1458,486,2,3925.75
4406,1458,177,4,1399.56
4407,1458,72,2,5436.37
4408,1459,148,2,2389.03
4409,1459,139,4,2207.41
4410,1459,373,3,4435.35
4411,1459,111,1,2394.51
4412,1459,293,3,5467.31
4413,1460,250,3,2853.44
4414,1460,80,1,2551.1
4415,1460,329,4,6150.42
4416,1461,30,2,1495.61
4417,1461,481,2,4362.0
4418,1462,214,4,5909.34
4419,1463,184,2,4693.71
4420,1464,402,2,1337.62
4421,1464,485,3,4042.01
4422,1464,169,2,5455.24
4423,1464,253,3,2797.42
4424,1464,144,2,4356.46
4425,1465,223,1,830.78
4426,1465,500,3,5135.84
4427,1465,273,4,4355.96
4428,1465,388,2,1373.2
4429,1466,250,3,2853.44
4430,1466,17,3,6553.92
4431,1466,190,4,2545.79
4432,1467,394,3,4349.12
4433,1467,311,4,1952.58
4434,1468,270,4,3668.4
4435,1468,182,3,4710.47
4436,1468,203,4,3122.39
4437,1469,354,1,1425.69
4438,1469,365,2,5059.36
4439,1469,55,1,5294.38
4440,1470,137,1,2345.58
4441,1471,483,3,6442.69
4442,1472,144,2,4356.46
4443,1472,325,1,6330.63
4444,1473,50,1,4659.51
4445,1473,43,3,791.88
4446,1473,115,3,2916.37
4447,1473,439,1,5144.08
4448,1473,50,2,4659.51
4449,1474,440,4,1786.05
4450,1474,279,4,774.25
4451,1475,150,1,1545.47
4452,1475,37,2,1174.23
4453,1475,170,2,3039.1
4454,1475,273,2,4355.96
4455,1476,471,3,1844.85
4456,1476,21,1,773.93
4457,1477,52,2,2554.22
4458,1478,126,3,5865.84
4459,1478,498,2,5835.24
4460,1478,199,2,4296.57
4461,1478,260,3,1846.21
4462,1478,282,3,5682.3
4463,1479,317,3,784.53
4464,1479,335,3,3273.18
4465,1479,337,4,5116.18
4466,1479,92,1,4206.66
4467,1479,95,2,4933.59
4468,1480,299,4,5162.19
4469,1481,491,1,336.73
4470,1481,203,1,3122.39
4471,1481,32,1,4203.79
4472,1481,433,2,3901.17
4473,1482,268,3,2691.51
4474,1482,24,4,6433.86
4475,1483,399,4,5067.92
4476,1484,74,1,1856.46
4477,1484,412,1,2197.41
4478,1485,463,1,4315.08
4479,1485,23,3,4519.4
4480,1485,201,2,1060.46
4481,1486,463,4,4315.08
4482,1486,29,3,5434.79
4483,1487,226,3,1742.75
4484,1487,60,3,5163.17
4485,1487,110,3,6959.37
4486,1487,21,3,773.93
4487,1488,351,4,5407.74
4488,1489,243,2,5813.12
4489,1489,328,1,2729.68
4490,1490,461,4,4553.3
4491,1491,242,3,3908.61
4492,1491,439,4,5144.08
4493,1491,293,4,5467.31
4494,1492,101,4,1381.51
4495,1492,430,1,1289.32
4496,1492,439,3,5144.08
4497,1493,246,1,2663.81
4498,1493,470,4,4963.98
4499,1493,241,4,600.8
4500,1493,310,3,3432.36
4501,1493,215,3,3143.73
4502,1494,437,4,1635.15
4503,1495,236,4,4782.03
4504,1495,163,3,6699.83
4505,1496,288,1,6212.26
4506,1496,471,2,1844.85
4507,1497,409,1,4629.95
4508,1497,15,1,3647.94
4509,1497,372,4,2126.62
4510,1497,363,1,7234.27
4511,1498,447,4,2421.14
4512,1498,69,2,2687.96
4513,1498,12,2,5776.18
4514,1499,204,3,3202.4
4515,1499,405,3,4305.08
4516,1500,350,1,1035.46
4517,1500,175,4,1587.68
4518,1501,434,1,5172.12
4519,1501,484,4,5888.26
4520,1501,152,3,5260.39
4521,1502,96,1,418.99
4522,1502,200,1,3146.05
4523,1502,390,3,222.07
4524,1503,281,1,767.61
4525,1503,330,1,4391.26
4526,1503,111,3,2394.51
4527,1504,170,1,3039.1
4528,1504,142,3,628.57
4529,1505,411,1,4968.3
4530,1505,362,4,4182.94
4531,1506,357,4,3963.48
4532,1506,44,1,5953.73
4533,1506,83,1,4207.1
4534,1506,153,4,7154.27
4535,1506,498,4,5835.24
4536,1507,369,1,3840.55
4537,1507,238,2,555.04
4538,1507,210,1,530.97
4539,1508,209,4,5173.0
4540,1509,496,4,5678.29
4541,1510,103,1,5044.44
4542,1510,433,3,3901.17
4543,1510,45,4,2239.06
4544,1510,385,3,4521.81
4545,1510,173,1,4328.16
4546,1511,24,4,6433.86
4547,1511,30,1,1495.61
4548,1511,392,4,1502.97
4549,1511,443,3,4924.62
4550,1512,223,4,830.78
4551,1512,316,1,3281.58
4552,1512,134,4,4419.51
4553,1512,287,4,362.6
4554,1513,488,3,723.72
4555,1513,296,1,959.66
4556,1513,99,4,377.4
4557,1513,56,2,1350.59
4558,1514,72,2,5436.37
4559,1515,440,3,1786.05
4560,1515,216,2,4724.1
4561,1515,224,3,5253.84
4562,1515,302,4,4353.43
4563,1515,332,3,336.46
4564,1516,313,1,3303.95
4565,1517,128,3,2947.92
4566,1517,292,1,5117.95
4567,1517,492,3,5032.36
4568,1518,269,4,2723.78
4569,1519,85,3,206.91
4570,1519,315,1,1950.17
4571,1519,88,1,3652.47
4572,1519,189,1,3600.6
4573,1519,380,1,4324.63
4574,1520,378,4,5787.24
4575,1520,415,4,3144.2
4576,1520,395,2,4977.01
4577,1520,396,3,1589.43
4578,1521,259,1,1302.93
4579,1521,284,3,1954.57
4580,1521,49,1,1001.46
4581,1521,224,3,5253.84
4582,1521,383,4,1338.8
4583,1522,346,4,3160.86
4584,1522,253,3,2797.42
4585,1522,40,4,2870.78
4586,1522,7,1,1658.11
4587,1523,43,3,791.88
4588,1523,275,3,1381.85
4589,1523,34,1,1739.97
4590,1523,211,2,3182.08
4591,1524,87,1,1282.33
4592,1524,269,2,2723.78
4593,1525,180,2,1609.07
4594,1525,345,4,6715.15
4595,1525,492,2,5032.36
4596,1526,262,4,3433.24
4597,1526,324,3,3848.88
4598,1526,340,4,6024.22
4599,1526,390,1,222.07
4600,1526,304,2,4992.14
4601,1527,157,3,5351.04
4602,1527,79,4,2892.49
4603,1527,489,1,1979.19
4604,1527,494,1,5234.76
4605,1527,342,1,2036.46
4606,1528,53,3,1636.05
4607,1528,168,3,4609.57
4608,1528,304,1,4992.14
4609,1528,166,2,3680.98
4610,1529,108,3,2189.38
4611,1529,160,1,6704.84
4612,1530,59,2,3551.72
4613,1530,301,4,4803.29
4614,1531,254,2,229.57
4615,1531,360,1,2975.5
4616,1531,202,2,3841.09
4617,1531,32,1,4203.79
4618,1531,120,3,2247.59
4619,1532,32,4,4203.79
4620,1532,10,1,1780.12
4621,1532,453,3,2708.83
4622,1532,460,1,5962.4
4623,1533,295,4,1323.61
4624,1533,157,2,5351.04
4625,1533,387,4,1384.34
4626,1533,152,2,5260.39
4627,1533,232,2,6669.4
4628,1534,438,3,3420.48
4629,1534,390,3,222.07
4630,1535,345,4,6715.15
4631,1535,287,4,362.6
4632,1536,465,1,6681.17
4633,1536,94,1,637.72
4634,1537,221,3,6443.18
4635,1537,443,2,4924.62
4636,1537,224,2,5253.84
4637,1537,361,4,3228.33
4638,1537,409,2,4629.95
4639,1538,363,2,7234.27
4640,1538,175,1,1587.68
4641,1538,67,4,6765.53
4642,1538,439,4,5144.08
4643,1539,341,3,1594.54
4644,1539,451,3,5285.86
4645,1539,369,1,3840.55
4646,1539,15,3,3647.94
4647,1540,152,4,5260.39
4648,1540,471,2,1844.85
4649,1540,411,1,4968.3
4650,1540,202,2,3841.09
4651,1540,245,4,2794.78
4652,1541,396,2,1589.43
4653,1541,81,4,3349.11
4654,1541,486,3,3925.75
4655,1542,271,1,740.94
4656,1542,309,2,825.37
4657,1542,409,1,4629.95
4658,1543,441,2,5639.25
4659,1543,367,3,2356.19
4660,1543,171,1,6247.86
4661,1543,464,4,7057.45
4662,1544,128,3,2947.92
4663,1545,287,4,362.6
4664,1545,70,4,2952.71
4665,1545,307,2,5262.37
4666,1545,413,3,5368.82
4667,1545,11,2,5761.74
4668,1546,202,1,3841.09
4669,1546,139,1,2207.41
4670,1546,479,4,4247.61
4671,1546,78,2,2623.38
4672,1547,23,1,4519.4
4673,1547,29,1,5434.79
4674,1547,446,3,6731.46
4675,1547,166,4,3680.98
4676,1548,387,1,1384.34
4677,1548,149,2,5667.0
4678,1549,68,2,5048.98
4679,1549,66,2,3951.93
4680,1549,432,4,3897.39
4681,1549,142,4,628.57
4682,1549,37,1,1174.23
4683,1550,133,4,7682.68
4684,1550,251,4,4963.2
4685,1550,485,1,4042.01
4686,1550,347,1,5269.21
4687,1550,296,3,959.66
4688,1551,213,3,3927.95
4689,1551,325,2,6330.63
4690,1552,143,3,4831.33
4691,1552,38,2,1645.79
4692,1552,71,1,4208.53
4693,1553,60,2,5163.17
4694,1554,145,2,380.42
4695,1554,133,2,7682.68
4696,1554,492,1,5032.36
4697,1554,71,1,4208.53
4698,1554,204,2,3202.4
4699,1555,345,4,6715.15
4700,1555,464,3,7057.45
4701,1555,226,1,1742.75
4702,1555,325,1,6330.63
4703,1556,458,2,4050.01
4704,1556,384,3,4637.79
4705,1556,423,3,5959.15
4706,1556,343,2,2443.83
4707,1556,328,4,2729.68
4708,1557,393,2,1234.01
4709,1558,151,1,1368.5
4710,1559,295,1,1323.61
4711,1559,171,2,6247.86
4712,1559,111,3,2394.51
4713,1559,161,2,6112.98
4714,1559,54,1,3298.92
4715,1560,497,1,4863.47
4716,1560,471,3,1844.85
4717,1560,103,2,5044.44
4718,1560,26,1,5756.04
4719,1561,111,3,2394.51
4720,1561,100,3,7678.63
4721,1561,391,1,2831.62
4722,1562,363,2,7234.27
4723,1562,5,4,2523.37
4724,1562,412,3,2197.41
4725,1562,317,4,784.53
4726,1562,297,3,1402.1
4727,1563,170,1,3039.1
4728,1563,141,4,4217.11
4729,1563,358,3,5127.98
4730,1563,391,3,2831.62
4731,1563,496,4,5678.29
4732,1564,494,3,5234.76
4733,1564,157,2,5351.04
4734,1564,256,2,2686.28
4735,1564,101,2,1381.51
4736,1565,224,4,5253.84
4737,1565,158,3,4348.37
4738,1566,304,3,4992.14
4739,1566,366,1,3398.33
4740,1567,295,4,1323.61
4741,1567,440,3,1786.05
4742,1567,500,4,5135.84
4743,1568,113,4,2129.84
4744,1569,423,2,5959.15
4745,1569,350,4,1035.46
4746,1569,154,3,3919.63
4747,1570,391,3,2831.62
4748,1570,210,1,530.97
4749,1570,486,4,3925.75
4750,1570,332,4,336.46
4751,1570,313,1,3303.95
4752,1571,442,3,6554.24
4753,1571,109,3,2146.83
4754,1572,380,1,4324.63
4755,1573,59,4,3551.72
4756,1574,29,1,5434.79
4757,1575,228,3,5999.41
4758,1575,197,1,3444.31
4759,1576,184,1,4693.71
4760,1576,366,1,3398.33
4761,1576,278,4,1452.09
4762,1576,270,1,3668.4
4763,1576,265,4,5984.67
4764,1577,155,2,7062.88
4765,1577,296,1,959.66
4766,1577,87,1,1282.33
4767,1577,69,4,2687.96
4768,1578,271,2,740.94
4769,1578,164,4,451.3
4770,1578,481,2,4362.0
4771,1578,96,1,418.99
4772,1578,467,4,5633.33
4773,1579,123,3,5238.56
4774,1579,330,4,4391.26
4775,1579,36,2,3194.46
4776,1579,465,1,6681.17
4777,1579,384,2,4637.79
4778,1580,323,4,4863.69
4779,1581,192,1,1522.05
4780,1581,315,3,1950.17
4781,1582,88,1,3652.47
4782,1583,288,2,6212.26
4783,1583,439,3,5144.08
4784,1583,37,3,1174.23
4785,1583,321,2,2051.86
4786,1583,175,2,1587.68
4787,1584,139,3,2207.41
4788,1584,421,3,1285.52
4789,1584,159,1,1782.91
4790,1584,165,3,4937.61
4791,1584,486,4,3925.75
4792,1585,91,4,2388.1
4793,1585,82,3,5405.87
4794,1585,23,2,4519.4
4795,1585,362,4,4182.94
4796,1585,380,1,4324.63
4797,1586,215,2,3143.73
4798,1586,468,3,6226.51
4799,1586,481,4,4362.0
4800,1586,326,2,5313.25
4801,1587,223,2,830.78
4802,1587,472,1,3476.76
4803,1587,496,4,5678.29
4804,1587,11,1,5761.74
4805,1588,364,1,6026.85
4806,1588,218,3,1046.26
4807,1588,420,3,1934.38
4808,1588,25,4,6342.54
4809,1589,271,1,740.94
4810,1589,431,2,2345.7
4811,1590,123,3,5238.56
4812,1590,423,3,5959.15
4813,1590,466,3,3543.0
4814,1590,97,4,3649.64
4815,1591,128,1,2947.92
4816,1592,358,4,5127.98
4817,1592,371,2,6431.49
4818,1592,60,3,5163.17
4819,1592,62,2,7110.36
4820,1593,469,3,5810.45
4821,1594,303,1,1103.01
4822,1594,442,1,6554.24
4823,1595,389,1,1828.56
4824,1595,161,4,6112.98
4825,1595,65,1,1839.77
4826,1596,224,4,5253.84
4827,1596,91,4,2388.1
4828,1597,144,2,4356.46
4829,1597,210,1,530.97
4830,1597,447,4,2421.14
4831,1598,129,2,1449.29
4832,1599,369,2,3840.55
4833,1599,301,3,4803.29
4834,1599,95,2,4933.59
4835,1599,476,4,4727.45
4836,1599,220,1,3372.55
4837,1600,299,3,5162.19
4838,1600,420,2,1934.38
4839,1601,471,4,1844.85
4840,1601,296,1,959.66
4841,1601,54,4,3298.92
4842,1602,265,2,5984.67
4843,1602,98,2,5554.21
4844,1602,279,2,774.25
4845,1603,82,4,5405.87
4846,1603,184,1,4693.71
4847,1603,327,4,2218.76
4848,1604,103,1,5044.44
4849,1604,311,1,1952.58
4850,1604,440,3,1786.05
4851,1605,195,3,3142.65
4852,1605,82,2,5405.87
4853,1605,387,3,1384.34
4854,1605,399,1,5067.92
4855,1605,433,3,3901.17
4856,1606,398,3,6965.19
4857,1606,221,3,6443.18
4858,1607,441,3,5639.25
4859,1607,273,4,4355.96
4860,1607,127,4,4216.76
4861,1607,55,2,5294.38
4862,1608,179,4,2635.11
4863,1608,90,1,2134.9
4864,1608,89,1,4465.7
4865,1608,263,1,4317.08
4866,1608,414,2,981.22
4867,1609,474,4,5605.5
4868,1610,226,2,1742.75
4869,1610,31,3,3335.57
4870,1611,409,3,4629.95
4871,1611,318,4,5367.63
4872,1611,78,3,2623.38
4873,1611,42,4,5752.4
4874,1612,76,4,3624.25
4875,1612,204,4,3202.4
4876,1612,162,3,3673.3
4877,1613,42,3,5752.4
4878,1613,163,4,6699.83
4879,1613,7,4,1658.11
4880,1613,320,4,6639.63
4881,1614,130,4,1963.29
4882,1614,144,4,4356.46
4883,1614,109,3,2146.83
4884,1614,438,1,3420.48
4885,1615,251,3,4963.2
4886,1615,216,1,4724.1
4887,1616,137,3,2345.58
4888,1616,380,1,4324.63
4889,1616,358,2,5127.98
4890,1616,218,2,1046.26
4891,1617,226,2,1742.75
4892,1617,158,2,4348.37
4893,1617,269,1,2723.78
4894,1618,314,3,5187.17
4895,1618,240,3,1220.06
4896,1618,386,2,988.77
4897,1618,48,2,3118.93
4898,1619,104,3,673.38
4899,1619,408,2,2432.33
4900,1619,164,1,451.3
4901,1620,35,4,3703.55
4902,1620,469,1,5810.45
4903,1620,338,1,5130.85
4904,1621,499,3,2598.33
4905,1622,407,2,5614.76
4906,1622,271,3,740.94
4907,1622,186,1,2472.63
4908,1622,133,1,7682.68
4909,1622,146,3,2758.94
4910,1623,22,1,2628.43
4911,1623,270,2,3668.4
4912,1623,343,4,2443.83
4913,1623,212,3,155.74
4914,1623,277,1,4935.0
4915,1624,48,4,3118.93
4916,1624,361,1,3228.33
4917,1624,224,3,5253.84
4918,1625,307,1,5262.37
4919,1625,305,2,1283.96
4920,1625,4,4,5633.67
4921,1625,299,4,5162.19
4922,1625,54,3,3298.92
4923,1626,154,4,3919.63
4924,1626,63,1,639.04
4925,1627,360,3,2975.5
4926,1628,168,2,4609.57
4927,1628,409,3,4629.95
4928,1628,80,1,2551.1
4929,1628,253,1,2797.42
4930,1629,127,1,4216.76
4931,1629,326,4,5313.25
4932,1629,425,3,4224.17
4933,1629,270,1,3668.4
4934,1629,435,3,3048.69
4935,1630,279,2,774.25
4936,1631,128,3,2947.92
4937,1631,477,3,1536.6
4938,1631,351,1,5407.74
4939,1632,500,4,5135.84
4940,1632,289,3,615.43
4941,1633,45,2,2239.06
4942,1634,296,3,959.66
4943,1634,85,2,206.91
4944,1634,5,2,2523.37
4945,1634,316,1,3281.58
4946,1634,430,3,1289.32
4947,1635,454,3,469.46
4948,1635,226,1,1742.75
4949,1635,456,2,4335.7
4950,1635,197,1,3444.31
4951,1635,259,2,1302.93
4952,1636,325,3,6330.63
4953,1637,206,3,6451.33
4954,1637,83,3,4207.1
4955,1637,447,2,2421.14
4956,1638,367,1,2356.19
4957,1638,280,4,4382.83
4958,1638,369,1,3840.55
4959,1639,27,4,1911.35
4960,1639,223,3,830.78
4961,1639,374,3,3593.06
4962,1639,428,2,3337.91
4963,1640,433,1,3901.17
4964,1640,477,1,1536.6
4965,1640,162,1,3673.3
4966,1640,476,1,4727.45
4967,1641,162,1,3673.3
4968,1641,153,2,7154.27
4969,1641,41,2,5380.63
4970,1641,193,1,6626.72
4971,1642,451,2,5285.86
4972,1642,19,3,4193.05
4973,1643,205,2,6203.46
4974,1643,402,4,1337.62
4975,1644,351,3,5407.74
4976,1645,108,1,2189.38
4977,1645,384,4,4637.79
4978,1645,140,2,4644.31
4979,1646,35,4,3703.55
4980,1647,448,1,1589.08
4981,1647,419,3,4392.23
4982,1647,369,1,3840.55
4983,1648,456,1,4335.7
4984,1649,10,4,1780.12
4985,1649,13,4,2922.53
4986,1649,478,2,4700.05
4987,1650,426,1,1145.23
4988,1650,367,1,2356.19
4989,1650,80,4,2551.1
4990,1650,291,2,4158.04
4991,1651,153,1,7154.27
4992,1651,307,2,5262.37
4993,1651,369,1,3840.55
4994,1651,326,3,5313.25
4995,1652,414,3,981.22
4996,1652,453,3,2708.83
4997,1653,30,2,1495.61
4998,1654,469,3,5810.45
4999,1654,482,4,5294.83
5000,1654,113,4,2129.84
5001,1655,408,1,2432.33
5002,1655,348,2,4037.99
5003,1656,183,2,4643.22
5004,1657,406,2,2675.38
5005,1658,307,2,5262.37
5006,1659,117,2,924.08
5007,1659,31,3,3335.57
5008,1659,499,4,2598.33
5009,1660,178,4,3635.79
5010,1660,231,2,1813.96
5011,1660,285,1,3625.74
5012,1660,484,2,5888.26
5013,1661,321,2,2051.86
5014,1661,2,1,5222.22
5015,1661,118,3,4371.63
5016,1661,266,2,3100.54
5017,1662,216,3,4724.1
5018,1662,392,3,1502.97
5019,1662,14,1,1195.89
5020,1662,297,4,1402.1
5021,1662,282,1,5682.3
5022,1663,247,3,3140.62
5023,1664,454,1,469.46
5024,1664,393,2,1234.01
5025,1664,242,1,3908.61
5026,1664,72,3,5436.37
5027,1665,123,3,5238.56
5028,1665,304,3,4992.14
5029,1665,384,3,4637.79
5030,1665,196,4,4145.76
5031,1665,77,3,5802.31
5032,1666,115,2,2916.37
5033,1666,64,4,5245.29
5034,1667,153,1,7154.27
5035,1668,416,3,3452.92
5036,1668,482,1,5294.83
5037,1668,191,2,1690.83
5038,1668,268,2,2691.51
5039,1669,194,2,3575.56
5040,1669,93,2,2629.61
5041,1669,257,2,1725.23
5042,1670,151,3,1368.5
5043,1670,2,1,5222.22
5044,1670,98,4,5554.21
5045,1670,226,3,1742.75
5046,1671,186,1,2472.63
5047,1672,172,4,5729.96
5048,1673,130,4,1963.29
5049,1673,295,3,1323.61
5050,1673,359,2,3218.73
5051,1674,416,3,3452.92
5052,1674,230,3,3984.19
5053,1674,333,2,6331.32
5054,1675,133,4,7682.68
5055,1675,316,4,3281.58
5056,1675,201,1,1060.46
5057,1675,399,2,5067.92
5058,1675,281,2,767.61
5059,1676,477,4,1536.6
5060,1676,311,1,1952.58
5061,1676,103,3,5044.44
5062,1677,175,4,1587.68
5063,1678,143,1,4831.33
5064,1678,71,1,4208.53
5065,1679,227,2,3884.33
5066,1679,6,3,2038.84
5067,1679,140,3,4644.31
5068,1679,177,4,1399.56
5069,1680,137,4,2345.58
5070,1680,357,4,3963.48
5071,1681,444,4,5110.75
5072,1681,114,2,1305.47
5073,1681,398,1,6965.19
5074,1681,346,2,3160.86
5075,1682,328,4,2729.68
5076,1682,62,2,7110.36
5077,1682,382,4,5869.03
5078,1682,440,2,1786.05
5079,1682,76,2,3624.25
5080,1683,76,4,3624.25
5081,1683,198,3,2183.12
5082,1683,206,3,6451.33
5083,1683,277,4,4935.0
5084,1683,467,1,5633.33
5085,1684,18,1,3961.8
5086,1685,342,1,2036.46
5087,1685,379,3,1894.51
5088,1686,149,3,5667.0
5089,1686,430,2,1289.32
5090,1687,326,2,5313.25
5091,1687,372,3,2126.62
5092,1687,319,2,3408.81
5093,1687,275,4,1381.85
5094,1687,259,2,1302.93
5095,1688,47,2,2540.64
5096,1688,74,1,1856.46
5097,1688,292,3,5117.95
5098,1688,153,4,7154.27
5099,1688,142,3,628.57
5100,1689,340,4,6024.22
5101,1689,422,1,5095.84
5102,1689,288,3,6212.26
5103,1689,334,1,4382.79
5104,1689,440,2,1786.05
5105,1690,312,4,4519.33
5106,1690,267,3,3128.45
5107,1690,88,3,3652.47
5108,1690,227,4,3884.33
5109,1690,161,4,6112.98
5110,1691,457,4,4840.21
5111,1692,96,1,418.99
5112,1692,389,2,1828.56
5113,1692,126,2,5865.84
5114,1693,158,4,4348.37
5115,1693,196,2,4145.76
5116,1693,160,2,6704.84
5117,1694,354,3,1425.69
5118,1694,142,2,628.57
5119,1694,84,2,5116.75
5120,1695,166,1,3680.98
5121,1695,100,4,7678.63
5122,1695,473,3,4224.82
5123,1696,378,2,5787.24
5124,1696,333,2,6331.32
5125,1697,387,4,1384.34
5126,1697,431,1,2345.7
5127,1697,99,4,377.4
5128,1697,81,2,3349.11
5129,1697,492,4,5032.36
5130,1698,116,2,584.32
5131,1698,379,2,1894.51
5132,1699,41,1,5380.63
5133,1699,388,2,1373.2
5134,1699,220,3,3372.55
5135,1699,101,4,1381.51
5136,1699,336,4,3505.41
5137,1700,247,3,3140.62
5138,1700,183,3,4643.22
5139,1700,335,3,3273.18
5140,1701,12,1,5776.18
5141,1701,274,2,7224.74
5142,1701,129,1,1449.29
5143,1701,42,4,5752.4
5144,1702,492,4,5032.36
5145,1702,314,3,5187.17
5146,1702,430,2,1289.32
5147,1702,335,4,3273.18
5148,1702,22,3,2628.43
5149,1703,90,1,2134.9
5150,1703,366,2,3398.33
5151,1703,196,4,4145.76
5152,1703,468,3,6226.51
5153,1703,491,3,336.73
5154,1704,382,2,5869.03
5155,1704,405,4,4305.08
5156,1704,314,4,5187.17
5157,1705,172,3,5729.96
5158,1706,103,1,5044.44
5159,1706,223,1,830.78
5160,1706,403,3,2324.3
5161,1706,12,1,5776.18
5162,1706,203,2,3122.39
5163,1707,469,3,5810.45
5164,1707,296,3,959.66
5165,1707,340,4,6024.22
5166,1707,130,4,1963.29
5167,1708,182,1,4710.47
5168,1708,165,1,4937.61
5169,1709,68,3,5048.98
5170,1709,255,3,3636.36
5171,1709,195,1,3142.65
5172,1709,42,1,5752.4
5173,1709,100,3,7678.63
5174,1710,61,1,1634.69
5175,1710,451,2,5285.86
5176,1710,242,2,3908.61
5177,1710,21,1,773.93
5178,1711,357,4,3963.48
5179,1711,118,1,4371.63
5180,1711,341,4,1594.54
5181,1711,73,2,958.17
5182,1711,458,3,4050.01
5183,1712,92,2,4206.66
5184,1712,153,3,7154.27
5185,1712,207,3,5032.22
5186,1712,348,2,4037.99
5187,1712,52,4,2554.22
5188,1713,173,1,4328.16
5189,1714,139,3,2207.41
5190,1714,321,3,2051.86
5191,1714,44,1,5953.73
5192,1715,489,3,1979.19
5193,1715,186,1,2472.63
5194,1716,107,1,4351.35
5195,1716,42,4,5752.4
5196,1717,249,3,6139.17
5197,1717,190,4,2545.79
5198,1717,230,3,3984.19
5199,1718,363,2,7234.27
5200,1718,230,4,3984.19
5201,1718,256,3,2686.28
5202,1718,125,1,4655.25
5203,1719,276,2,2669.21
5204,1719,98,4,5554.21
5205,1719,188,1,5890.62
5206,1719,395,3,4977.01
5207,1719,423,4,5959.15
5208,1720,219,2,1512.13
5209,1721,436,4,6428.91
5210,1721,89,1,4465.7
5211,1722,394,3,4349.12
5212,1722,240,1,1220.06
5213,1723,214,2,5909.34
5214,1723,290,1,1518.49
5215,1723,36,2,3194.46
5216,1723,410,1,2717.31
5217,1724,95,3,4933.59
5218,1724,253,1,2797.42
5219,1725,91,4,2388.1
5220,1725,375,3,5456.42
5221,1726,246,4,2663.81
5222,1727,18,3,3961.8
5223,1727,338,3,5130.85
5224,1728,267,3,3128.45
5225,1728,201,1,1060.46
5226,1729,40,3,2870.78
5227,1729,264,4,1850.78
5228,1729,55,2,5294.38
5229,1730,123,3,5238.56
5230,1730,150,1,1545.47
5231,1731,416,3,3452.92
5232,1731,135,3,5029.03
5233,1731,431,2,2345.7
5234,1731,143,2,4831.33
5235,1731,270,2,3668.4
5236,1732,425,4,4224.17
5237,1732,424,4,1011.09
5238,1732,107,1,4351.35
5239,1732,460,2,5962.4
5240,1732,369,3,3840.55
5241,1733,311,3,1952.58
5242,1733,325,3,6330.63
5243,1733,298,3,5143.35
5244,1733,21,3,773.93
5245,1733,114,3,1305.47
5246,1734,336,2,3505.41
5247,1734,46,1,922.81
5248,1735,461,3,4553.3
5249,1735,3,4,394.52
5250,1735,253,2,2797.42
5251,1736,120,1,2247.59
5252,1736,256,2,2686.28
5253,1736,485,4,4042.01
5254,1736,76,4,3624.25
5255,1736,392,2,1502.97
5256,1737,449,3,5990.22
5257,1737,97,2,3649.64
5258,1738,460,1,5962.4
5259,1738,404,4,5691.79
5260,1738,46,2,922.81
5261,1738,159,2,1782.91
5262,1739,43,1,791.88
5263,1739,431,1,2345.7
5264,1740,248,4,5396.23
5265,1741,336,3,3505.41
5266,1742,395,4,4977.01
5267,1742,432,4,3897.39
5268,1742,384,2,4637.79
5269,1743,473,3,4224.82
5270,1743,50,1,4659.51
5271,1744,11,4,5761.74
5272,1744,376,2,4480.08
5273,1744,21,1,773.93
5274,1744,30,3,1495.61
5275,1745,360,4,2975.5
5276,1745,313,3,3303.95
5277,1745,247,4,3140.62
5278,1745,168,2,4609.57
5279,1746,208,3,1461.6
5280,1746,473,4,4224.82
5281,1746,276,1,2669.21
5282,1746,340,2,6024.22
5283,1747,279,2,774.25
5284,1748,412,4,2197.41
5285,1748,229,2,6178.47
5286,1748,210,4,530.97
5287,1748,459,1,4650.34
5288,1749,353,4,4945.04
5289,1749,458,4,4050.01
5290,1750,391,4,2831.62
5291,1751,328,3,2729.68
5292,1751,32,1,4203.79
5293,1751,157,3,5351.04
5294,1752,160,1,6704.84
5295,1752,145,4,380.42
5296,1753,420,3,1934.38
5297,1753,207,2,5032.22
5298,1753,250,2,2853.44
5299,1754,10,4,1780.12
5300,1754,492,4,5032.36
5301,1754,21,1,773.93
5302,1754,127,4,4216.76
5303,1754,115,2,2916.37
5304,1755,20,3,543.91
5305,1755,134,4,4419.51
5306,1755,343,1,2443.83
5307,1755,374,1,3593.06
5308,1756,191,3,1690.83
5309,1756,335,1,3273.18
5310,1757,330,3,4391.26
5311,1758,401,2,830.88
5312,1758,391,4,2831.62
5313,1758,418,1,4532.15
5314,1758,305,2,1283.96
5315,1758,114,3,1305.47
5316,1759,141,4,4217.11
5317,1760,142,3,628.57
5318,1761,152,4,5260.39
5319,1761,463,3,4315.08
5320,1761,183,3,4643.22
5321,1761,456,1,4335.7
5322,1761,132,1,734.08
5323,1762,34,4,1739.97
5324,1762,499,1,2598.33
5325,1762,150,4,1545.47
5326,1762,19,3,4193.05
5327,1762,171,3,6247.86
5328,1763,477,4,1536.6
5329,1764,279,2,774.25
5330,1765,188,2,5890.62
5331,1765,185,3,1990.36
5332,1765,345,4,6715.15
5333,1766,397,1,2867.64
5334,1767,262,3,3433.24
5335,1767,129,3,1449.29
5336,1767,429,2,3529.21
5337,1768,140,1,4644.31
5338,1768,493,2,6088.79
5339,1768,120,4,2247.59
5340,1769,186,2,2472.63
5341,1769,128,1,2947.92
5342,1769,142,1,628.57
5343,1769,386,3,988.77
5344,1769,459,1,4650.34
5345,1770,422,2,5095.84
5346,1771,204,2,3202.4
5347,1772,218,3,1046.26
5348,1772,19,2,4193.05
5349,1772,84,1,5116.75
5350,1772,97,1,3649.64
5351,1772,200,4,3146.05
5352,1773,22,3,2628.43
5353,1773,88,1,3652.47
5354,1773,181,3,277.41
5355,1773,276,2,2669.21
5356,1773,233,2,4261.37
5357,1774,432,3,3897.39
5358,1774,58,3,685.74
5359,1775,423,4,5959.15
5360,1776,184,4,4693.71
5361,1777,84,2,5116.75
5362,1778,343,4,2443.83
5363,1778,206,4,6451.33
5364,1778,40,4,2870.78
5365,1778,170,1,3039.1
5366,1779,290,1,1518.49
5367,1779,253,4,2797.42
5368,1779,463,1,4315.08
5369,1779,79,4,2892.49
5370,1779,109,1,2146.83
5371,1780,386,1,988.77
5372,1780,488,4,723.72
5373,1780,436,3,6428.91
5374,1781,439,3,5144.08
5375,1782,4,1,5633.67
5376,1783,267,2,3128.45
5377,1783,313,2,3303.95
5378,1783,203,3,3122.39
5379,1783,187,1,7451.43
5380,1783,83,1,4207.1
5381,1784,302,3,4353.43
5382,1784,262,1,3433.24
5383,1784,18,4,3961.8
5384,1785,469,1,5810.45
5385,1785,104,3,673.38
5386,1785,317,2,784.53
5387,1785,106,2,1635.06
5388,1785,21,3,773.93
5389,1786,146,1,2758.94
5390,1786,28,4,801.28
5391,1787,57,2,4604.53
5392,1787,401,3,830.88
5393,1788,335,1,3273.18
5394,1788,283,3,5922.7
5395,1788,437,3,1635.15
5396,1788,144,2,4356.46
5397,1789,462,3,1440.1
5398,1789,48,1,3118.93
5399,1790,451,2,5285.86
5400,1791,205,1,6203.46
5401,1791,407,3,5614.76
5402,1791,420,1,1934.38
5403,1792,457,4,4840.21
5404,1792,372,2,2126.62
5405,1793,110,3,6959.37
5406,1793,296,2,959.66
5407,1793,111,3,2394.51
5408,1793,68,2,5048.98
5409,1794,238,2,555.04
5410,1794,246,2,2663.81
5411,1794,392,4,1502.97
5412,1794,178,3,3635.79
5413,1795,206,1,6451.33
5414,1795,33,4,6626.78
5415,1795,214,3,5909.34
5416,1795,256,3,2686.28
5417,1796,92,3,4206.66
5418,1796,145,4,380.42
5419,1796,489,1,1979.19
5420,1796,382,2,5869.03
5421,1797,287,3,362.6
5422,1798,17,4,6553.92
5423,1798,230,3,3984.19
5424,1798,364,1,6026.85
5425,1798,75,2,3885.28
5426,1799,19,3,4193.05
5427,1799,165,3,4937.61
5428,1800,270,3,3668.4
5429,1800,161,2,6112.98
5430,1800,3,1,394.52
5431,1800,163,4,6699.83
5432,1800,313,3,3303.95
5433,1801,149,4,5667.0
5434,1801,339,3,4212.47
5435,1801,10,3,1780.12
5436,1802,250,1,2853.44
5437,1802,281,2,767.61
5438,1802,384,2,4637.79
5439,1802,3,1,394.52
5440,1802,354,4,1425.69
5441,1803,67,1,6765.53
5442,1803,273,3,4355.96
5443,1803,458,4,4050.01
5444,1803,184,3,4693.71
5445,1804,27,2,1911.35
5446,1805,337,4,5116.18
5447,1805,163,1,6699.83
5448,1805,92,1,4206.66
5449,1805,19,1,4193.05
5450,1805,480,2,1852.13
5451,1806,141,4,4217.11
5452,1806,144,1,4356.46
5453,1806,127,1,4216.76
5454,1806,145,1,380.42
5455,1807,246,1,2663.81
5456,1807,5,2,2523.37
5457,1807,366,4,3398.33
5458,1807,171,1,6247.86
5459,1807,356,1,5880.99
5460,1808,346,1,3160.86
5461,1809,89,4,4465.7
5462,1809,448,1,1589.08
5463,1809,476,3,4727.45
5464,1810,473,3,4224.82
5465,1810,461,3,4553.3
5466,1810,276,3,2669.21
5467,1811,134,2,4419.51
5468,1811,126,3,5865.84
5469,1812,170,4,3039.1
5470,1812,96,2,418.99
5471,1812,300,1,1582.87
5472,1812,416,1,3452.92
5473,1813,317,3,784.53
5474,1813,371,1,6431.49
5475,1813,409,1,4629.95
5476,1813,139,1,2207.41
5477,1813,76,3,3624.25
5478,1814,386,2,988.77
5479,1814,385,4,4521.81
5480,1814,96,3,418.99
5481,1815,262,2,3433.24
5482,1815,152,1,5260.39
5483,1815,449,4,5990.22
5484,1815,471,3,1844.85
5485,1815,280,3,4382.83
5486,1816,281,3,767.61
5487,1817,248,2,5396.23
5488,1817,273,1,4355.96
5489,1817,400,1,3874.31
5490,1817,269,1,2723.78
5491,1818,261,4,6008.79
5492,1818,415,4,3144.2
5493,1818,305,3,1283.96
5494,1818,403,1,2324.3
5495,1818,167,3,6818.7
5496,1819,150,4,1545.47
5497,1819,386,4,988.77
5498,1820,36,2,3194.46
5499,1820,432,2,3897.39
5500,1821,47,3,2540.64
5501,1821,376,3,4480.08
5502,1821,110,4,6959.37
5503,1821,369,2,3840.55
5504,1821,1,1,2876.42
5505,1822,163,2,6699.83
5506,1822,186,3,2472.63
5507,1822,290,3,1518.49
5508,1823,302,1,4353.43
5509,1823,269,1,2723.78
5510,1823,214,4,5909.34
5511,1823,342,2,2036.46
5512,1823,188,2,5890.62
5513,1824,482,4,5294.83
5514,1824,130,1,1963.29
5515,1824,55,1,5294.38
5516,1824,83,2,4207.1
5517,1825,306,4,1311.81
5518,1825,7,4,1658.11
5519,1825,203,2,3122.39
5520,1825,366,1,3398.33
5521,1826,404,1,5691.79
5522,1827,337,3,5116.18
5523,1827,15,2,3647.94
5524,1828,278,3,1452.09
5525,1828,216,2,4724.1
5526,1828,294,2,6129.64
5527,1828,171,3,6247.86
5528,1829,481,3,4362.0
5529,1829,101,1,1381.51
5530,1829,422,3,5095.84
5531,1829,283,1,5922.7
5532,1829,369,3,3840.55
5533,1830,473,3,4224.82
5534,1830,495,1,5674.17
5535,1830,25,1,6342.54
5536,1830,438,4,3420.48
5537,1830,68,3,5048.98
5538,1831,90,4,2134.9
5539,1831,423,2,5959.15
5540,1831,128,2,2947.92
5541,1831,456,4,4335.7
5542,1832,199,1,4296.57
5543,1832,376,1,4480.08
5544,1832,419,2,4392.23
5545,1832,83,1,4207.1
5546,1832,232,1,6669.4
5547,1833,132,4,734.08
5548,1833,282,1,5682.3
5549,1833,59,3,3551.72
5550,1833,191,3,1690.83
5551,1834,373,4,4435.35
5552,1834,146,1,2758.94
5553,1834,123,3,5238.56
5554,1835,1,3,2876.42
5555,1835,372,2,2126.62
5556,1836,281,4,767.61
5557,1836,95,4,4933.59
5558,1836,361,4,3228.33
5559,1836,414,4,981.22
5560,1837,263,2,4317.08
5561,1837,460,3,5962.4
5562,1838,258,4,4144.01
5563,1838,343,4,2443.83
5564,1838,118,1,4371.63
5565,1839,491,1,336.73
5566,1839,407,2,5614.76
5567,1839,27,4,1911.35
5568,1839,246,2,2663.81
5569,1840,191,2,1690.83
5570,1840,238,2,555.04
5571,1840,367,1,2356.19
5572,1840,458,3,4050.01
5573,1841,144,1,4356.46
5574,1841,427,2,5615.06
5575,1841,13,1,2922.53
5576,1841,57,4,4604.53
5577,1842,318,2,5367.63
5578,1842,261,4,6008.79
5579,1842,279,4,774.25
5580,1842,30,2,1495.61
5581,1843,112,2,5163.37
5582,1843,386,3,988.77
5583,1843,445,2,4299.29
5584,1843,455,1,3452.95
5585,1844,168,2,4609.57
5586,1844,388,4,1373.2
5587,1844,500,3,5135.84
5588,1845,200,3,3146.05
5589,1845,454,4,469.46
5590,1845,406,1,2675.38
5591,1846,266,3,3100.54
5592,1846,15,2,3647.94
5593,1846,388,2,1373.2
5594,1846,496,1,5678.29
5595,1847,273,1,4355.96
5596,1847,75,2,3885.28
5597,1847,381,2,2780.62
5598,1847,341,1,1594.54
5599,1847,202,3,3841.09
5600,1848,36,2,3194.46
5601,1848,221,1,6443.18
5602,1848,465,4,6681.17
5603,1849,16,3,3318.23
5604,1849,35,2,3703.55
5605,1849,266,3,3100.54
5606,1849,191,3,1690.83
5607,1849,299,4,5162.19
5608,1850,15,3,3647.94
5609,1850,324,1,3848.88
5610,1850,315,3,1950.17
5611,1851,469,4,5810.45
5612,1851,75,2,3885.28
5613,1851,221,3,6443.18
5614,1852,253,3,2797.42
5615,1853,152,1,5260.39
5616,1853,170,4,3039.1
5617,1853,272,2,1207.17
5618,1854,84,4,5116.75
5619,1855,67,3,6765.53
5620,1855,482,1,5294.83
5621,1855,254,4,229.57
5622,1855,267,1,3128.45
5623,1856,129,1,1449.29
5624,1857,127,2,4216.76
5625,1857,45,4,2239.06
5626,1858,273,1,4355.96
5627,1858,282,3,5682.3
5628,1858,405,4,4305.08
5629,1858,106,3,1635.06
5630,1858,318,2,5367.63
5631,1859,167,2,6818.7
5632,1860,99,4,377.4
5633,1861,141,1,4217.11
5634,1861,459,3,4650.34
5635,1861,416,1,3452.92
5636,1861,347,3,5269.21
5637,1862,281,1,767.61
5638,1862,368,2,3127.98
5639,1862,98,1,5554.21
5640,1862,296,4,959.66
5641,1863,373,1,4435.35
5642,1864,215,2,3143.73
5643,1864,388,3,1373.2
5644,1864,374,2,3593.06
5645,1864,21,1,773.93
5646,1865,116,3,584.32
5647,1865,386,2,988.77
5648,1865,50,1,4659.51
5649,1865,258,4,4144.01
5650,1866,483,2,6442.69
5651,1866,304,2,4992.14
5652,1866,211,4,3182.08
5653,1866,44,4,5953.73
5654,1867,350,4,1035.46
5655,1867,17,2,6553.92
5656,1867,137,3,2345.58
5657,1867,55,3,5294.38
5658,1868,14,4,1195.89
5659,1868,211,1,3182.08
5660,1868,265,1,5984.67
5661,1868,96,3,418.99
5662,1868,338,1,5130.85
5663,1869,92,3,4206.66
5664,1870,253,3,2797.42
5665,1870,53,3,1636.05
5666,1870,52,1,2554.22
5667,1870,327,3,2218.76
5668,1870,55,4,5294.38
5669,1871,172,1,5729.96
5670,1871,232,4,6669.4
5671,1871,331,4,895.99
5672,1872,488,2,723.72
5673,1872,274,1,7224.74
5674,1872,226,2,1742.75
5675,1872,46,4,922.81
5676,1872,191,1,1690.83
5677,1873,416,3,3452.92
5678,1873,466,2,3543.0
5679,1873,428,4,3337.91
5680,1873,199,1,4296.57
5681,1873,365,4,5059.36
5682,1874,469,4,5810.45
5683,1875,276,1,2669.21
5684,1875,296,4,959.66
5685,1875,271,2,740.94
5686,1875,452,4,743.06
5687,1876,332,1,336.46
5688,1876,139,1,2207.41
5689,1877,226,3,1742.75
5690,1877,86,3,4346.28
5691,1877,169,3,5455.24
5692,1877,151,4,1368.5
5693,1878,165,2,4937.61
5694,1879,313,2,3303.95
5695,1879,388,3,1373.2
5696,1880,135,1,5029.03
5697,1880,377,4,5763.68
5698,1880,163,2,6699.83
5699,1880,15,3,3647.94
5700,1880,465,1,6681.17
5701,1881,412,1,2197.41
5702,1881,424,1,1011.09
5703,1882,9,2,3407.08
5704,1882,237,4,3807.7
5705,1882,156,2,3556.59
5706,1883,143,4,4831.33
5707,1883,292,1,5117.95
5708,1883,128,3,2947.92
5709,1884,28,2,801.28
5710,1884,359,1,3218.73
5711,1885,494,1,5234.76
5712,1885,226,4,1742.75
5713,1885,379,4,1894.51
5714,1886,255,3,3636.36
5715,1886,125,1,4655.25
5716,1887,328,4,2729.68
5717,1887,56,4,1350.59
5718,1887,238,1,555.04
5719,1888,253,1,2797.42
5720,1889,407,4,5614.76
5721,1890,221,3,6443.18
5722,1891,297,1,1402.1
5723,1891,93,4,2629.61
5724,1891,24,1,6433.86
5725,1891,256,2,2686.28
5726,1891,396,2,1589.43
5727,1892,212,4,155.74
5728,1892,102,3,5155.01
5729,1892,258,2,4144.01
5730,1892,279,4,774.25
5731,1892,98,4,5554.21
5732,1893,491,3,336.73
5733,1894,321,1,2051.86
5734,1894,45,1,2239.06
5735,1894,356,1,5880.99
5736,1895,126,4,5865.84
5737,1895,396,3,1589.43
5738,1895,327,1,2218.76
5739,1895,384,2,4637.79
5740,1895,368,4,3127.98
5741,1896,423,2,5959.15
5742,1896,372,4,2126.62
5743,1896,481,1,4362.0
5744,1897,455,3,3452.95
5745,1897,168,1,4609.57
5746,1898,216,2,4724.1
5747,1898,420,4,1934.38
5748,1898,64,1,5245.29
5749,1899,411,1,4968.3
5750,1899,322,2,3077.91
5751,1899,179,3,2635.11
5752,1899,159,1,1782.91
5753,1899,480,3,1852.13
5754,1900,497,1,4863.47
5755,1900,162,2,3673.3
5756,1901,250,2,2853.44
5757,1902,193,4,6626.72
5758,1902,342,2,2036.46
5759,1903,447,1,2421.14
5760,1904,122,1,1788.84
5761,1904,277,2,4935.0
5762,1904,421,2,1285.52
5763,1904,181,4,277.41
5764,1905,35,3,3703.55
5765,1905,242,4,3908.61
5766,1905,316,2,3281.58
5767,1905,252,4,4468.34
5768,1905,217,4,1753.76
5769,1906,350,4,1035.46
5770,1906,497,3,4863.47
5771,1906,345,1,6715.15
5772,1907,204,3,3202.4
5773,1908,36,2,3194.46
5774,1908,454,1,469.46
5775,1908,80,4,2551.1
5776,1909,294,3,6129.64
5777,1909,192,3,1522.05
5778,1910,356,2,5880.99
5779,1911,425,4,4224.17
5780,1911,452,3,743.06
5781,1911,191,3,1690.83
5782,1911,263,1,4317.08
5783,1912,74,2,1856.46
5784,1912,69,1,2687.96
5785,1913,450,3,2146.91
5786,1913,38,3,1645.79
5787,1913,232,3,6669.4
5788,1913,166,2,3680.98
5789,1913,452,2,743.06
5790,1914,155,3,7062.88
5791,1914,19,3,4193.05
5792,1914,453,3,2708.83
5793,1915,188,2,5890.62
5794,1915,158,3,4348.37
5795,1916,347,3,5269.21
5796,1917,213,2,3927.95
5797,1918,141,2,4217.11
5798,1918,41,2,5380.63
5799,1918,112,3,5163.37
5800,1918,28,3,801.28
5801,1919,159,4,1782.91
5802,1919,303,1,1103.01
5803,1919,75,2,3885.28
5804,1919,250,2,2853.44
5805,1919,385,2,4521.81
5806,1920,329,1,6150.42
5807,1920,472,3,3476.76
5808,1921,92,1,4206.66
5809,1921,54,2,3298.92
5810,1921,109,1,2146.83
5811,1921,144,1,4356.46
5812,1922,434,2,5172.12
5813,1923,159,2,1782.91
5814,1923,118,2,4371.63
5815,1923,467,4,5633.33
5816,1923,478,4,4700.05
5817,1924,42,1,5752.4
5818,1924,24,2,6433.86
5819,1924,280,1,4382.83
5820,1924,383,2,1338.8
5821,1924,33,3,6626.78
5822,1925,412,2,2197.41
5823,1925,479,1,4247.61
5824,1926,364,1,6026.85
5825,1927,24,1,6433.86
5826,1928,294,2,6129.64
5827,1928,315,1,1950.17
5828,1928,253,4,2797.42
5829,1928,356,2,5880.99
5830,1928,63,2,639.04
5831,1929,144,1,4356.46
5832,1929,272,1,1207.17
5833,1930,250,1,2853.44
5834,1930,300,4,1582.87
5835,1931,360,2,2975.5
5836,1932,324,2,3848.88
5837,1933,148,4,2389.03
5838,1933,134,1,4419.51
5839,1933,436,1,6428.91
5840,1933,153,3,7154.27
5841,1933,16,2,3318.23
5842,1934,38,3,1645.79
5843,1934,38,4,1645.79
5844,1935,112,2,5163.37
5845,1935,136,3,6859.2
5846,1936,99,1,377.4
5847,1936,166,3,3680.98
5848,1936,187,4,7451.43
5849,1936,148,4,2389.03
5850,1936,497,4,4863.47
5851,1937,67,1,6765.53
5852,1937,42,4,5752.4
5853,1937,63,4,639.04
5854,1937,218,4,1046.26
5855,1937,166,1,3680.98
5856,1938,360,3,2975.5
5857,1938,154,3,3919.63
5858,1939,82,3,5405.87
5859,1939,166,3,3680.98
5860,1939,407,2,5614.76
5861,1939,5,2,2523.37
5862,1940,92,4,4206.66
5863,1940,150,3,1545.47
5864,1940,436,3,6428.91
5865,1941,3,2,394.52
5866,1942,90,1,2134.9
5867,1942,202,2,3841.09
5868,1942,372,1,2126.62
5869,1942,54,4,3298.92
5870,1943,109,3,2146.83
5871,1943,429,2,3529.21
5872,1943,495,2,5674.17
5873,1944,187,1,7451.43
5874,1944,275,1,1381.85
5875,1944,221,3,6443.18
5876,1945,169,4,5455.24
5877,1945,188,2,5890.62
5878,1945,139,4,2207.41
5879,1945,230,2,3984.19
5880,1946,167,1,6818.7
5881,1946,259,3,1302.93
5882,1946,397,4,2867.64
5883,1946,274,3,7224.74
5884,1946,254,4,229.57
5885,1947,289,1,615.43
5886,1947,454,3,469.46
5887,1947,476,1,4727.45
5888,1947,378,2,5787.24
5889,1948,264,3,1850.78
5890,1948,387,3,1384.34
5891,1948,215,3,3143.73
5892,1949,395,2,4977.01
5893,1949,72,4,5436.37
5894,1949,304,4,4992.14
5895,1950,491,2,336.73
5896,1950,386,2,988.77
5897,1950,418,4,4532.15
5898,1950,168,2,4609.57
5899,1950,497,2,4863.47
5900,1951,289,3,615.43
5901,1951,178,4,3635.79
5902,1951,332,1,336.46
5903,1952,352,1,6820.17
5904,1952,228,1,5999.41
5905,1952,493,4,6088.79
5906,1952,335,3,3273.18
5907,1952,314,4,5187.17
5908,1953,12,1,5776.18
5909,1953,175,3,1587.68
5910,1953,83,3,4207.1
5911,1953,266,4,3100.54
5912,1954,358,3,5127.98
5913,1954,279,3,774.25
5914,1954,117,1,924.08
5915,1954,115,3,2916.37
5916,1955,276,1,2669.21
5917,1955,317,1,784.53
5918,1955,59,4,3551.72
5919,1955,385,1,4521.81
5920,1956,144,1,4356.46
5921,1956,453,1,2708.83
5922,1956,270,3,3668.4
5923,1956,332,1,336.46
5924,1957,380,2,4324.63
5925,1957,17,2,6553.92
5926,1958,498,4,5835.24
5927,1958,184,1,4693.71
5928,1958,413,4,5368.82
5929,1959,292,3,5117.95
5930,1959,143,3,4831.33
5931,1959,154,2,3919.63
5932,1960,52,3,2554.22
5933,1960,263,1,4317.08
5934,1961,29,3,5434.79
5935,1961,84,3,5116.75
5936,1961,242,2,3908.61
5937,1961,243,4,5813.12
5938,1961,22,1,2628.43
5939,1962,366,3,3398.33
5940,1962,51,4,775.58
5941,1962,253,1,2797.42
5942,1963,173,1,4328.16
5943,1963,278,4,1452.09
5944,1963,495,3,5674.17
5945,1963,236,3,4782.03
5946,1963,100,4,7678.63
5947,1964,36,4,3194.46
5948,1964,239,4,2892.25
5949,1964,491,2,336.73
5950,1965,146,2,2758.94
5951,1965,491,4,336.73
5952,1965,443,1,4924.62
5953,1965,281,1,767.61
5954,1966,82,4,5405.87
5955,1966,377,2,5763.68
5956,1966,367,1,2356.19
5957,1966,209,2,5173.0
5958,1966,354,4,1425.69
5959,1967,362,1,4182.94
5960,1967,219,4,1512.13
5961,1967,160,4,6704.84
5962,1968,499,4,2598.33
5963,1968,30,4,1495.61
5964,1968,317,3,784.53
5965,1969,100,2,7678.63
5966,1969,21,3,773.93
5967,1970,280,4,4382.83
5968,1971,165,3,4937.61
5969,1972,183,3,4643.22
5970,1972,348,1,4037.99
5971,1972,414,1,981.22
5972,1973,41,2,5380.63
5973,1973,490,2,7539.95
5974,1974,251,2,4963.2
5975,1974,127,1,4216.76
5976,1974,226,4,1742.75
5977,1975,380,4,4324.63
5978,1975,466,3,3543.0
5979,1976,484,4,5888.26
5980,1976,415,2,3144.2
5981,1976,60,1,5163.17
5982,1976,312,3,4519.33
5983,1976,285,2,3625.74
5984,1977,469,1,5810.45
5985,1977,144,2,4356.46
5986,1977,87,4,1282.33
5987,1978,241,1,600.8
5988,1979,415,3,3144.2
5989,1980,438,3,3420.48
5990,1980,426,2,1145.23
5991,1980,77,4,5802.31
5992,1980,303,2,1103.01
5993,1980,449,2,5990.22
5994,1981,492,1,5032.36
5995,1981,209,1,5173.0
5996,1982,402,3,1337.62
5997,1982,350,4,1035.46
5998,1982,417,4,4766.29
5999,1982,439,3,5144.08
6000,1983,261,2,6008.79
6001,1983,87,1,1282.33
6002,1983,247,3,3140.62
6003,1983,54,3,3298.92
6004,1984,470,1,4963.98
6005,1984,88,1,3652.47
6006,1985,376,4,4480.08
6007,1986,137,2,2345.58
6008,1986,125,4,4655.25
6009,1986,144,2,4356.46
6010,1986,466,4,3543.0
6011,1987,325,3,6330.63
6012,1987,363,1,7234.27
6013,1988,475,1,1249.33
6014,1989,456,4,4335.7
6015,1989,488,4,723.72
6016,1989,102,3,5155.01
6017,1990,451,1,5285.86
6018,1991,482,2,5294.83
6019,1991,281,4,767.61
6020,1991,14,1,1195.89
6021,1991,184,3,4693.71
6022,1991,425,1,4224.17
6023,1992,451,1,5285.86
6024,1992,382,3,5869.03
6025,1993,287,2,362.6
6026,1993,160,2,6704.84
6027,1993,171,4,6247.86
6028,1993,62,4,7110.36
6029,1993,151,2,1368.5
6030,1994,499,2,2598.33
6031,1994,463,3,4315.08
6032,1994,171,4,6247.86
6033,1995,339,3,4212.47
6034,1995,119,4,224.22
6035,1996,491,4,336.73
6036,1997,327,2,2218.76
6037,1997,24,3,6433.86
6038,1997,244,3,1747.97
6039,1997,142,4,628.57
6040,1997,175,2,1587.68
6041,1998,332,3,336.46
6042,1998,106,3,1635.06
6043,1998,179,4,2635.11
6044,1998,82,1,5405.87
6045,1999,489,4,1979.19
6046,1999,489,2,1979.19
6047,1999,401,4,830.88
6048,2000,257,4,1725.23
6049,2000,115,2,2916.37
6050,2000,430,1,1289.32
6051,2001,5,1,2523.37
6052,2001,190,4,2545.79
6053,2001,245,1,2794.78
6054,2001,359,2,3218.73
6055,2001,309,2,825.37
6056,2002,65,4,1839.77
6057,2002,389,4,1828.56
6058,2003,98,1,5554.21
6059,2003,114,2,1305.47
6060,2003,162,1,3673.3
6061,2003,255,3,3636.36
6062,2003,83,3,4207.1
6063,2004,175,2,1587.68
6064,2004,425,2,4224.17
6065,2004,381,4,2780.62
6066,2005,192,4,1522.05
6067,2005,169,4,5455.24
6068,2006,279,3,774.25
6069,2007,262,3,3433.24
6070,2008,402,4,1337.62
6071,2008,418,1,4532.15
6072,2008,324,2,3848.88
6073,2009,123,3,5238.56
6074,2009,384,2,4637.79
6075,2009,146,2,2758.94
6076,2009,381,2,2780.62
6077,2010,477,1,1536.6
6078,2010,33,4,6626.78
6079,2010,135,2,5029.03
6080,2011,53,4,1636.05
6081,2011,394,4,4349.12
6082,2012,242,3,3908.61
6083,2012,409,3,4629.95
6084,2012,36,3,3194.46
6085,2013,69,1,2687.96
6086,2014,485,2,4042.01
6087,2014,87,1,1282.33
6088,2014,276,1,2669.21
6089,2015,216,4,4724.1
6090,2015,56,3,1350.59
6091,2015,50,4,4659.51
6092,2015,443,4,4924.62
6093,2015,440,1,1786.05
6094,2016,434,4,5172.12
6095,2017,393,4,1234.01
6096,2017,357,4,3963.48
6097,2017,53,2,1636.05
6098,2017,304,2,4992.14
6099,2018,18,2,3961.8
6100,2018,393,4,1234.01
6101,2018,16,1,3318.23
6102,2018,392,4,1502.97
6103,2019,238,1,555.04
6104,2019,350,4,1035.46
6105,2019,382,2,5869.03
6106,2019,223,1,830.78
6107,2019,27,4,1911.35
6108,2020,459,2,4650.34
6109,2020,321,2,2051.86
6110,2020,249,1,6139.17
6111,2020,258,1,4144.01
6112,2020,371,1,6431.49
6113,2021,52,4,2554.22
6114,2021,401,2,830.88
6115,2022,80,1,2551.1
6116,2022,420,2,1934.38
6117,2022,288,1,6212.26
6118,2023,486,3,3925.75
6119,2023,20,2,543.91
6120,2023,359,4,3218.73
6121,2023,345,3,6715.15
6122,2023,60,4,5163.17
6123,2024,121,3,704.52
6124,2024,164,3,451.3
6125,2024,126,3,5865.84
6126,2024,260,4,1846.21
6127,2025,10,2,1780.12
6128,2025,342,2,2036.46
6129,2026,386,1,988.77
6130,2026,9,3,3407.08
6131,2026,104,3,673.38
6132,2027,359,4,3218.73
6133,2027,270,3,3668.4
6134,2027,132,1,734.08
6135,2027,466,3,3543.0
6136,2028,386,3,988.77
6137,2028,195,3,3142.65
6138,2028,104,4,673.38
6139,2028,402,3,1337.62
6140,2028,445,2,4299.29
6141,2029,6,1,2038.84
6142,2030,52,2,2554.22
6143,2030,392,2,1502.97
6144,2031,479,2,4247.61
6145,2031,178,4,3635.79
6146,2031,410,1,2717.31
6147,2032,191,2,1690.83
6148,2032,413,3,5368.82
6149,2032,413,2,5368.82
6150,2033,95,1,4933.59
6151,2033,198,1,2183.12
6152,2033,211,2,3182.08
6153,2033,180,4,1609.07
6154,2033,30,2,1495.61
6155,2034,275,2,1381.85
6156,2034,474,3,5605.5
6157,2034,1,1,2876.42
6158,2035,285,4,3625.74
6159,2035,367,4,2356.19
6160,2035,14,3,1195.89
6161,2035,397,4,2867.64
6162,2035,52,2,2554.22
6163,2036,455,3,3452.95
6164,2036,112,2,5163.37
6165,2036,113,4,2129.84
6166,2036,58,3,685.74
6167,2036,162,1,3673.3
6168,2037,470,2,4963.98
6169,2037,133,1,7682.68
6170,2038,370,2,4396.17
6171,2038,80,1,2551.1
6172,2038,443,3,4924.62
6173,2038,466,1,3543.0
6174,2039,114,4,1305.47
6175,2039,427,1,5615.06
6176,2039,14,2,1195.89
6177,2040,169,2,5455.24
6178,2040,498,3,5835.24
6179,2041,101,1,1381.51
6180,2041,86,2,4346.28
6181,2041,179,2,2635.11
6182,2041,431,1,2345.7
6183,2042,40,2,2870.78
6184,2042,357,4,3963.48
6185,2043,141,1,4217.11
6186,2043,396,1,1589.43
6187,2043,490,4,7539.95
6188,2043,316,3,3281.58
6189,2043,28,1,801.28
6190,2044,372,4,2126.62
6191,2044,57,3,4604.53
6192,2044,326,2,5313.25
6193,2044,194,2,3575.56
6194,2044,119,3,224.22
6195,2045,479,3,4247.61
6196,2045,67,1,6765.53
6197,2045,268,4,2691.51
6198,2046,85,2,206.91
6199,2046,305,2,1283.96
6200,2046,334,1,4382.79
6201,2046,266,1,3100.54
6202,2046,42,2,5752.4
6203,2047,150,3,1545.47
6204,2047,141,3,4217.11
6205,2048,222,1,5410.26
6206,2048,333,2,6331.32
6207,2048,450,1,2146.91
6208,2048,423,4,5959.15
6209,2048,144,1,4356.46
6210,2049,248,3,5396.23
6211,2050,144,4,4356.46
6212,2050,212,1,155.74
6213,2050,492,3,5032.36
6214,2051,279,2,774.25
6215,2052,84,3,5116.75
6216,2052,271,1,740.94
6217,2052,10,4,1780.12
6218,2052,216,3,4724.1
6219,2053,331,3,895.99
6220,2054,423,1,5959.15
6221,2055,81,2,3349.11
6222,2055,119,2,224.22
6223,2055,488,2,723.72
6224,2055,192,3,1522.05
6225,2055,354,1,1425.69
6226,2056,309,2,825.37
6227,2056,212,3,155.74
6228,2057,218,1,1046.26
6229,2058,109,2,2146.83
6230,2059,2,2,5222.22
6231,2059,407,2,5614.76
6232,2060,68,1,5048.98
6233,2060,400,2,3874.31
6234,2061,20,2,543.91
6235,2061,199,3,4296.57
6236,2061,470,1,4963.98
6237,2061,330,3,4391.26
6238,2061,202,2,3841.09
6239,2062,87,2,1282.33
6240,2062,327,3,2218.76
6241,2062,234,1,1670.39
6242,2062,437,2,1635.15
6243,2063,346,1,3160.86
6244,2063,318,3,5367.63
6245,2064,292,1,5117.95
6246,2064,188,4,5890.62
6247,2064,463,1,4315.08
6248,2064,145,1,380.42
6249,2064,101,1,1381.51
6250,2065,250,3,2853.44
6251,2065,319,2,3408.81
6252,2065,294,2,6129.64
6253,2065,167,1,6818.7
6254,2065,68,1,5048.98
6255,2066,246,4,2663.81
6256,2066,389,3,1828.56
6257,2066,23,2,4519.4
6258,2067,280,1,4382.83
6259,2067,241,3,600.8
6260,2067,357,2,3963.48
6261,2067,493,3,6088.79
6262,2067,95,1,4933.59
6263,2068,99,3,377.4
6264,2068,215,1,3143.73
6265,2068,196,4,4145.76
6266,2068,103,1,5044.44
6267,2068,493,4,6088.79
6268,2069,279,2,774.25
6269,2069,436,1,6428.91
6270,2069,148,1,2389.03
6271,2069,308,1,1437.25
6272,2070,219,3,1512.13
6273,2071,22,2,2628.43
6274,2071,346,1,3160.86
6275,2071,178,4,3635.79
6276,2072,349,1,4253.69
6277,2072,437,1,1635.15
6278,2072,12,3,5776.18
6279,2072,131,1,4351.85
6280,2073,19,3,4193.05
6281,2074,251,2,4963.2
6282,2074,280,1,4382.83
6283,2074,335,4,3273.18
6284,2074,46,3,922.81
6285,2074,26,3,5756.04
6286,2075,368,2,3127.98
6287,2075,418,1,4532.15
6288,2075,397,1,2867.64
6289,2075,19,2,4193.05
6290,2076,495,4,5674.17
6291,2076,193,2,6626.72
6292,2077,375,3,5456.42
6293,2077,470,2,4963.98
6294,2077,361,2,3228.33
6295,2077,177,4,1399.56
6296,2078,480,3,1852.13
6297,2078,225,2,3865.19
6298,2079,349,3,4253.69
6299,2080,357,3,3963.48
6300,2080,376,4,4480.08
6301,2080,46,4,922.81
6302,2080,396,1,1589.43
6303,2081,484,4,5888.26
6304,2081,356,1,5880.99
6305,2081,463,2,4315.08
6306,2081,399,4,5067.92
6307,2082,209,3,5173.0
6308,2082,91,3,2388.1
6309,2082,426,1,1145.23
6310,2082,95,1,4933.59
6311,2082,394,2,4349.12
6312,2083,137,3,2345.58
6313,2084,500,4,5135.84
6314,2084,119,2,224.22
6315,2084,166,3,3680.98
6316,2084,435,2,3048.69
6317,2084,196,2,4145.76
6318,2085,212,3,155.74
6319,2085,121,4,704.52
6320,2086,143,4,4831.33
6321,2087,484,1,5888.26
6322,2087,422,4,5095.84
6323,2088,148,4,2389.03
6324,2088,182,4,4710.47
6325,2088,235,4,5882.55
6326,2088,470,1,4963.98
6327,2088,393,2,1234.01
6328,2089,408,2,2432.33
6329,2090,450,3,2146.91
6330,2090,115,3,2916.37
6331,2091,345,3,6715.15
6332,2092,5,2,2523.37
6333,2093,215,1,3143.73
6334,2093,406,4,2675.38
6335,2093,226,4,1742.75
6336,2093,33,3,6626.78
6337,2094,253,1,2797.42
6338,2094,130,1,1963.29
6339,2094,92,3,4206.66
6340,2095,396,2,1589.43
6341,2095,395,2,4977.01
6342,2095,4,3,5633.67
6343,2095,129,3,1449.29
6344,2096,468,1,6226.51
6345,2096,186,1,2472.63
6346,2096,170,4,3039.1
6347,2096,85,1,206.91
6348,2096,129,3,1449.29
6349,2097,6,2,2038.84
6350,2097,108,4,2189.38
6351,2097,286,1,5544.61
6352,2098,276,4,2669.21
6353,2098,343,1,2443.83
6354,2098,131,3,4351.85
6355,2099,65,3,1839.77
6356,2099,277,4,4935.0
6357,2099,272,1,1207.17
6358,2099,294,4,6129.64
6359,2100,142,1,628.57
6360,2100,448,2,1589.08
6361,2101,48,1,3118.93
6362,2101,73,3,958.17
6363,2101,82,2,5405.87
6364,2101,208,2,1461.6
6365,2102,421,3,1285.52
6366,2102,414,2,981.22
6367,2102,246,2,2663.81
6368,2103,178,3,3635.79
6369,2103,420,2,1934.38
6370,2103,132,1,734.08
6371,2103,478,2,4700.05
6372,2103,363,4,7234.27
6373,2104,296,4,959.66
6374,2104,107,2,4351.35
6375,2104,344,2,6982.35
6376,2104,275,1,1381.85
6377,2104,37,1,1174.23
6378,2105,381,1,2780.62
6379,2105,488,3,723.72
6380,2106,267,1,3128.45
6381,2106,268,3,2691.51
6382,2107,243,3,5813.12
6383,2107,243,3,5813.12
6384,2107,86,1,4346.28
6385,2107,268,2,2691.51
6386,2108,151,3,1368.5
6387,2108,447,1,2421.14
6388,2108,275,3,1381.85
6389,2109,394,3,4349.12
6390,2109,485,4,4042.01
6391,2109,183,3,4643.22
6392,2109,35,3,3703.55
6393,2109,167,1,6818.7
6394,2110,420,4,1934.38
6395,2110,3,3,394.52
6396,2110,435,2,3048.69
6397,2110,57,3,4604.53
6398,2110,259,1,1302.93
6399,2111,106,3,1635.06
6400,2111,2,3,5222.22
6401,2111,240,2,1220.06
6402,2112,24,3,6433.86
6403,2113,199,3,4296.57
6404,2113,174,3,2623.77
6405,2113,301,3,4803.29
6406,2114,308,1,1437.25
6407,2114,19,2,4193.05
6408,2114,52,2,2554.22
6409,2114,310,1,3432.36
6410,2114,266,1,3100.54
6411,2115,32,3,4203.79
6412,2115,63,3,639.04
6413,2115,384,3,4637.79
6414,2115,166,2,3680.98
6415,2116,306,2,1311.81
6416,2116,221,2,6443.18
6417,2117,287,3,362.6
6418,2117,354,4,1425.69
6419,2117,10,3,1780.12
6420,2117,45,2,2239.06
6421,2117,68,4,5048.98
6422,2118,271,4,740.94
6423,2118,495,2,5674.17
6424,2118,324,1,3848.88
6425,2118,379,3,1894.51
6426,2118,419,3,4392.23
6427,2119,369,1,3840.55
6428,2119,79,3,2892.49
6429,2119,176,4,2750.53
6430,2120,153,4,7154.27
6431,2120,143,3,4831.33
6432,2120,135,1,5029.03
6433,2120,176,4,2750.53
6434,2120,403,2,2324.3
6435,2121,96,2,418.99
6436,2121,230,1,3984.19
6437,2121,222,1,5410.26
6438,2121,226,3,1742.75
6439,2121,289,2,615.43
6440,2122,226,1,1742.75
6441,2122,43,2,791.88
6442,2122,65,1,1839.77
6443,2123,302,3,4353.43
6444,2124,422,2,5095.84
6445,2124,78,2,2623.38
6446,2124,197,1,3444.31
6447,2124,295,1,1323.61
6448,2125,284,4,1954.57
6449,2125,168,3,4609.57
6450,2125,337,3,5116.18
6451,2125,448,4,1589.08
6452,2126,151,4,1368.5
6453,2126,197,2,3444.31
6454,2127,4,1,5633.67
6455,2128,285,2,3625.74
6456,2128,345,2,6715.15
6457,2128,171,3,6247.86
6458,2129,398,1,6965.19
6459,2129,372,1,2126.62
6460,2129,423,3,5959.15
6461,2129,55,4,5294.38
6462,2129,116,3,584.32
6463,2130,214,4,5909.34
6464,2131,173,3,4328.16
6465,2131,313,4,3303.95
6466,2131,153,3,7154.27
6467,2132,326,3,5313.25
6468,2133,205,4,6203.46
6469,2133,98,2,5554.21
6470,2133,470,3,4963.98
6471,2133,410,2,2717.31
6472,2134,86,2,4346.28
6473,2134,347,4,5269.21
6474,2134,469,2,5810.45
6475,2134,327,3,2218.76
6476,2134,247,4,3140.62
6477,2135,249,3,6139.17
6478,2135,64,1,5245.29
6479,2135,283,4,5922.7
6480,2135,85,1,206.91
6481,2136,445,3,4299.29
6482,2136,149,4,5667.0
6483,2136,483,4,6442.69
6484,2136,218,3,1046.26
6485,2137,42,4,5752.4
6486,2137,334,3,4382.79
6487,2137,335,1,3273.18
6488,2137,172,4,5729.96
6489,2138,58,2,685.74
6490,2138,233,4,4261.37
6491,2139,301,3,4803.29
6492,2139,382,4,5869.03
6493,2139,387,1,1384.34
6494,2140,73,1,958.17
6495,2140,332,1,336.46
6496,2140,23,1,4519.4
6497,2140,12,4,5776.18
6498,2141,471,4,1844.85
6499,2141,266,4,3100.54
6500,2141,181,4,277.41
6501,2141,459,2,4650.34
6502,2141,23,2,4519.4
6503,2142,354,4,1425.69
6504,2142,271,2,740.94
6505,2142,310,2,3432.36
6506,2143,423,3,5959.15
6507,2143,107,2,4351.35
6508,2143,489,4,1979.19
6509,2144,70,2,2952.71
6510,2144,366,3,3398.33
6511,2144,268,1,2691.51
6512,2144,327,3,2218.76
6513,2144,149,4,5667.0
6514,2145,483,2,6442.69
6515,2145,28,4,801.28
6516,2146,70,3,2952.71
6517,2146,388,4,1373.2
6518,2146,346,4,3160.86
6519,2146,147,3,2549.32
6520,2146,73,1,958.17
6521,2147,184,2,4693.71
6522,2147,43,2,791.88
6523,2147,223,2,830.78
6524,2147,97,4,3649.64
6525,2148,286,1,5544.61
6526,2149,447,4,2421.14
6527,2150,386,4,988.77
6528,2150,320,4,6639.63
6529,2150,124,4,6069.73
6530,2150,417,1,4766.29
6531,2150,294,3,6129.64
6532,2151,355,3,6023.83
6533,2151,435,3,3048.69
6534,2152,389,2,1828.56
6535,2153,38,1,1645.79
6536,2153,433,4,3901.17
6537,2153,450,3,2146.91
6538,2154,326,1,5313.25
6539,2154,205,4,6203.46
6540,2154,435,1,3048.69
6541,2155,86,3,4346.28
6542,2155,352,4,6820.17
6543,2155,93,3,2629.61
6544,2155,139,4,2207.41
6545,2155,20,4,543.91
6546,2156,266,3,3100.54
6547,2157,458,4,4050.01
6548,2157,239,3,2892.25
6549,2157,446,4,6731.46
6550,2157,208,1,1461.6
6551,2158,273,4,4355.96
6552,2158,158,2,4348.37
6553,2159,70,3,2952.71
6554,2159,269,2,2723.78
6555,2160,23,4,4519.4
6556,2160,431,4,2345.7
6557,2160,226,2,1742.75
6558,2160,357,2,3963.48
6559,2160,6,4,2038.84
6560,2161,46,2,922.81
6561,2162,447,4,2421.14
6562,2163,355,4,6023.83
6563,2163,208,4,1461.6
6564,2164,289,4,615.43
6565,2164,185,4,1990.36
6566,2164,489,4,1979.19
6567,2165,477,1,1536.6
6568,2165,2,4,5222.22
6569,2166,43,4,791.88
6570,2167,167,4,6818.7
6571,2167,306,4,1311.81
6572,2168,134,2,4419.51
6573,2168,427,4,5615.06
6574,2169,148,4,2389.03
6575,2169,88,4,3652.47
6576,2169,145,1,380.42
6577,2170,310,4,3432.36
6578,2170,129,4,1449.29
6579,2170,500,4,5135.84
6580,2171,353,4,4945.04
6581,2171,23,1,4519.4
6582,2171,309,4,825.37
6583,2172,499,1,2598.33
6584,2172,278,2,1452.09
6585,2172,13,2,2922.53
6586,2173,491,1,336.73
6587,2173,292,2,5117.95
6588,2173,61,2,1634.69
6589,2173,429,3,3529.21
6590,2174,201,3,1060.46
6591,2174,405,3,4305.08
6592,2174,445,4,4299.29
6593,2174,180,2,1609.07
6594,2174,272,3,1207.17
6595,2175,155,1,7062.88
6596,2175,2,4,5222.22
6597,2175,377,4,5763.68
6598,2176,283,2,5922.7
6599,2176,97,4,3649.64
6600,2176,463,1,4315.08
6601,2177,70,1,2952.71
6602,2177,147,1,2549.32
6603,2177,16,3,3318.23
6604,2178,58,1,685.74
6605,2178,456,2,4335.7
6606,2178,149,2,5667.0
6607,2178,403,1,2324.3
6608,2179,247,1,3140.62
6609,2179,386,2,988.77
6610,2179,31,2,3335.57
6611,2179,94,1,637.72
6612,2180,435,4,3048.69
6613,2180,271,4,740.94
6614,2180,169,4,5455.24
6615,2181,285,3,3625.74
6616,2182,109,2,2146.83
6617,2182,385,1,4521.81
6618,2183,306,3,1311.81
6619,2183,151,1,1368.5
6620,2183,454,2,469.46
6621,2183,226,4,1742.75
6622,2183,52,1,2554.22
6623,2184,306,4,1311.81
6624,2184,381,2,2780.62
6625,2184,381,3,2780.62
6626,2184,66,3,3951.93
6627,2185,241,1,600.8
6628,2185,310,1,3432.36
6629,2185,162,1,3673.3
6630,2185,289,2,615.43
6631,2186,167,4,6818.7
6632,2187,139,4,2207.41
6633,2187,151,2,1368.5
6634,2187,331,1,895.99
6635,2188,99,1,377.4
6636,2188,61,3,1634.69
6637,2188,471,3,1844.85
6638,2189,372,4,2126.62
6639,2190,116,4,584.32
6640,2191,497,1,4863.47
6641,2191,461,2,4553.3
6642,2191,275,1,1381.85
6643,2191,219,4,1512.13
6644,2192,464,3,7057.45
6645,2192,457,3,4840.21
6646,2193,461,3,4553.3
6647,2193,7,2,1658.11
6648,2193,186,4,2472.63
6649,2193,215,1,3143.73
6650,2193,16,1,3318.23
6651,2194,481,1,4362.0
6652,2194,40,1,2870.78
6653,2194,154,3,3919.63
6654,2195,408,3,2432.33
6655,2195,220,4,3372.55
6656,2195,18,3,3961.8
6657,2195,37,3,1174.23
6658,2196,404,2,5691.79
6659,2197,133,2,7682.68
6660,2197,443,4,4924.62
6661,2197,248,1,5396.23
6662,2198,106,2,1635.06
6663,2198,139,4,2207.41
6664,2199,69,2,2687.96
6665,2199,57,3,4604.53
6666,2199,469,3,5810.45
6667,2199,353,3,4945.04
6668,2199,150,3,1545.47
6669,2200,198,1,2183.12
6670,2200,345,3,6715.15
6671,2200,232,4,6669.4
6672,2201,418,1,4532.15
6673,2201,148,1,2389.03
6674,2202,192,3,1522.05
6675,2202,283,2,5922.7
6676,2202,441,4,5639.25
6677,2202,222,1,5410.26
6678,2202,300,3,1582.87
6679,2203,23,4,4519.4
6680,2203,310,2,3432.36
6681,2203,317,3,784.53
6682,2204,119,4,224.22
6683,2204,362,4,4182.94
6684,2204,200,2,3146.05
6685,2205,410,2,2717.31
6686,2205,93,1,2629.61
6687,2205,231,3,1813.96
6688,2205,285,1,3625.74
6689,2206,328,1,2729.68
6690,2206,232,4,6669.4
6691,2207,207,4,5032.22
6692,2207,467,4,5633.33
6693,2208,165,1,4937.61
6694,2208,122,4,1788.84
6695,2209,222,2,5410.26
6696,2209,135,2,5029.03
6697,2210,464,3,7057.45
6698,2210,93,4,2629.61
6699,2210,420,2,1934.38
6700,2210,186,4,2472.63
6701,2210,19,3,4193.05
6702,2211,156,1,3556.59
6703,2211,173,1,4328.16
6704,2211,378,1,5787.24
6705,2211,201,3,1060.46
6706,2212,371,2,6431.49
6707,2213,242,2,3908.61
6708,2213,424,1,1011.09
6709,2213,482,4,5294.83
6710,2214,307,2,5262.37
6711,2214,371,2,6431.49
6712,2215,483,4,6442.69
6713,2215,285,2,3625.74
6714,2215,278,1,1452.09
6715,2216,203,3,3122.39
6716,2216,69,2,2687.96
6717,2217,420,3,1934.38
6718,2217,217,4,1753.76
6719,2218,293,2,5467.31
6720,2219,416,3,3452.92
6721,2220,375,3,5456.42
6722,2220,412,2,2197.41
6723,2220,95,1,4933.59
6724,2220,160,2,6704.84
6725,2221,118,4,4371.63
6726,2221,85,1,206.91
6727,2221,307,4,5262.37
6728,2221,482,2,5294.83
6729,2221,200,4,3146.05
6730,2222,283,4,5922.7
6731,2222,483,1,6442.69
6732,2223,25,3,6342.54
6733,2223,166,3,3680.98
6734,2224,402,3,1337.62
6735,2224,32,3,4203.79
6736,2224,404,2,5691.79
6737,2224,185,1,1990.36
6738,2225,163,4,6699.83
6739,2226,457,1,4840.21
6740,2226,237,4,3807.7
6741,2226,89,1,4465.7
6742,2226,314,1,5187.17
6743,2227,494,4,5234.76
6744,2227,319,1,3408.81
6745,2227,13,4,2922.53
6746,2227,17,4,6553.92
6747,2227,461,3,4553.3
6748,2228,170,2,3039.1
6749,2228,206,3,6451.33
6750,2228,490,2,7539.95
6751,2229,30,3,1495.61
6752,2229,44,4,5953.73
6753,2229,309,1,825.37
6754,2230,73,1,958.17
6755,2230,358,3,5127.98
6756,2230,443,4,4924.62
6757,2230,367,2,2356.19
6758,2231,457,4,4840.21
6759,2231,82,1,5405.87
6760,2232,295,1,1323.61
6761,2232,253,1,2797.42
6762,2232,378,1,5787.24
6763,2232,172,2,5729.96
6764,2233,478,2,4700.05
6765,2233,53,1,1636.05
6766,2234,390,2,222.07
6767,2234,448,1,1589.08
6768,2235,3,4,394.52
6769,2235,32,4,4203.79
6770,2236,372,4,2126.62
6771,2236,184,3,4693.71
6772,2237,255,2,3636.36
6773,2237,6,1,2038.84
6774,2237,477,1,1536.6
6775,2237,242,4,3908.61
6776,2238,222,1,5410.26
6777,2238,123,2,5238.56
6778,2238,75,3,3885.28
6779,2238,238,1,555.04
6780,2238,333,2,6331.32
6781,2239,381,2,2780.62
6782,2239,339,1,4212.47
6783,2239,250,4,2853.44
6784,2240,295,3,1323.61
6785,2240,387,1,1384.34
6786,2241,18,2,3961.8
6787,2241,246,3,2663.81
6788,2241,398,3,6965.19
6789,2242,213,1,3927.95
6790,2243,31,2,3335.57
6791,2243,310,2,3432.36
6792,2243,138,1,4165.59
6793,2243,82,1,5405.87
6794,2244,68,2,5048.98
6795,2244,443,4,4924.62
6796,2244,134,4,4419.51
6797,2245,250,3,2853.44
6798,2245,150,4,1545.47
6799,2245,197,2,3444.31
6800,2245,83,2,4207.1
6801,2245,153,3,7154.27
6802,2246,112,4,5163.37
6803,2246,33,4,6626.78
6804,2246,368,4,3127.98
6805,2246,179,4,2635.11
6806,2247,406,2,2675.38
6807,2247,328,2,2729.68
6808,2247,74,1,1856.46
6809,2247,298,1,5143.35
6810,2247,20,4,543.91
6811,2248,209,4,5173.0
6812,2248,378,1,5787.24
6813,2249,499,4,2598.33
6814,2249,355,4,6023.83
6815,2250,111,4,2394.51
6816,2250,341,3,1594.54
6817,2250,379,2,1894.51
6818,2251,268,3,2691.51
6819,2251,219,1,1512.13
6820,2251,301,2,4803.29
6821,2251,391,3,2831.62
6822,2251,211,4,3182.08
6823,2252,187,3,7451.43
6824,2253,35,3,3703.55
6825,2253,331,3,895.99
6826,2253,205,3,6203.46
6827,2254,46,2,922.81
6828,2254,500,3,5135.84
6829,2255,155,4,7062.88
6830,2255,173,3,4328.16
6831,2255,96,2,418.99
6832,2255,387,1,1384.34
6833,2255,9,1,3407.08
6834,2256,472,3,3476.76
6835,2256,135,2,5029.03
6836,2256,77,1,5802.31
6837,2256,138,3,4165.59
6838,2256,295,3,1323.61
6839,2257,379,3,1894.51
6840,2257,453,2,2708.83
6841,2257,273,1,4355.96
6842,2257,100,1,7678.63
6843,2258,351,4,5407.74
6844,2258,441,1,5639.25
6845,2258,217,1,1753.76
6846,2258,220,4,3372.55
6847,2258,286,3,5544.61
6848,2259,62,2,7110.36
6849,2259,211,3,3182.08
6850,2260,241,4,600.8
6851,2260,298,4,5143.35
6852,2260,269,1,2723.78
6853,2260,499,1,2598.33
6854,2261,136,2,6859.2
6855,2261,142,4,628.57
6856,2261,242,1,3908.61
6857,2262,445,2,4299.29
6858,2262,495,4,5674.17
6859,2262,361,3,3228.33
6860,2262,190,3,2545.79
6861,2262,478,3,4700.05
6862,2263,89,2,4465.7
6863,2263,498,1,5835.24
6864,2264,248,2,5396.23
6865,2264,357,4,3963.48
6866,2264,297,2,1402.1
6867,2265,498,4,5835.24
6868,2265,313,1,3303.95
6869,2265,273,4,4355.96
6870,2266,475,1,1249.33
6871,2266,443,3,4924.62
6872,2266,267,4,3128.45
6873,2266,176,1,2750.53
6874,2267,169,3,5455.24
6875,2267,112,3,5163.37
6876,2267,157,3,5351.04
6877,2268,106,2,1635.06
6878,2268,117,3,924.08
6879,2269,133,2,7682.68
6880,2269,379,3,1894.51
6881,2269,133,1,7682.68
6882,2269,148,3,2389.03
6883,2269,236,1,4782.03
6884,2270,348,4,4037.99
6885,2270,96,3,418.99
6886,2270,300,3,1582.87
6887,2270,173,2,4328.16
6888,2270,365,1,5059.36
6889,2271,443,2,4924.62
6890,2271,399,1,5067.92
6891,2271,37,1,1174.23
6892,2271,149,3,5667.0
6893,2271,55,4,5294.38
6894,2272,379,4,1894.51
6895,2272,306,3,1311.81
6896,2272,234,4,1670.39
6897,2272,450,1,2146.91
6898,2273,170,3,3039.1
6899,2273,128,1,2947.92
6900,2273,143,4,4831.33
6901,2273,407,3,5614.76
6902,2273,479,4,4247.61
6903,2274,439,3,5144.08
6904,2275,63,4,639.04
6905,2276,428,4,3337.91
6906,2276,24,3,6433.86
6907,2276,489,1,1979.19
6908,2276,31,1,3335.57
6909,2276,240,3,1220.06
6910,2277,139,4,2207.41
6911,2277,44,2,5953.73
6912,2277,371,2,6431.49
6913,2277,180,4,1609.07
6914,2278,140,3,4644.31
6915,2278,234,4,1670.39
6916,2279,174,1,2623.77
6917,2279,27,2,1911.35
6918,2280,500,4,5135.84
6919,2280,147,4,2549.32
6920,2280,34,3,1739.97
6921,2281,88,3,3652.47
6922,2281,393,4,1234.01
6923,2282,110,4,6959.37
6924,2282,48,4,3118.93
6925,2282,153,4,7154.27
6926,2282,287,4,362.6
6927,2282,350,2,1035.46
6928,2283,146,1,2758.94
6929,2283,157,2,5351.04
6930,2283,109,2,2146.83
6931,2283,182,1,4710.47
6932,2284,251,2,4963.2
6933,2285,185,3,1990.36
6934,2285,335,4,3273.18
6935,2285,419,1,4392.23
6936,2286,318,3,5367.63
6937,2286,41,4,5380.63
6938,2286,137,3,2345.58
6939,2287,136,1,6859.2
6940,2287,363,3,7234.27
6941,2287,55,1,5294.38
6942,2288,133,4,7682.68
6943,2288,232,2,6669.4
6944,2288,377,2,5763.68
6945,2288,446,4,6731.46
6946,2288,447,4,2421.14
6947,2289,454,1,469.46
6948,2289,437,2,1635.15
6949,2290,363,4,7234.27
6950,2290,339,1,4212.47
6951,2291,35,3,3703.55
6952,2292,263,4,4317.08
6953,2292,35,1,3703.55
6954,2292,419,2,4392.23
6955,2292,219,2,1512.13
6956,2292,160,2,6704.84
6957,2293,445,1,4299.29
6958,2293,494,3,5234.76
6959,2293,151,4,1368.5
6960,2293,257,2,1725.23
6961,2293,28,2,801.28
6962,2294,461,2,4553.3
6963,2294,493,2,6088.79
6964,2294,198,3,2183.12
6965,2294,123,2,5238.56
6966,2295,426,3,1145.23
6967,2295,448,1,1589.08
6968,2295,179,1,2635.11
6969,2295,473,4,4224.82
6970,2296,271,3,740.94
6971,2296,280,4,4382.83
6972,2297,495,4,5674.17
6973,2297,26,1,5756.04
6974,2297,276,3,2669.21
6975,2297,116,1,584.32
6976,2297,105,1,4056.14
6977,2298,59,4,3551.72
6978,2298,398,4,6965.19
6979,2298,196,4,4145.76
6980,2299,337,4,5116.18
6981,2300,267,1,3128.45
6982,2300,497,3,4863.47
6983,2301,103,2,5044.44
6984,2301,217,1,1753.76
6985,2301,466,4,3543.0
6986,2301,331,2,895.99
6987,2301,314,4,5187.17
6988,2302,175,4,1587.68
6989,2302,181,1,277.41
6990,2302,72,1,5436.37
6991,2302,102,1,5155.01
6992,2302,37,2,1174.23
6993,2303,64,2,5245.29
6994,2303,369,3,3840.55
6995,2303,253,3,2797.42
6996,2303,293,1,5467.31
6997,2303,474,2,5605.5
6998,2304,348,1,4037.99
6999,2304,186,2,2472.63
7000,2304,263,3,4317.08
7001,2304,87,4,1282.33
7002,2305,131,2,4351.85
7003,2305,397,3,2867.64
7004,2305,55,3,5294.38
7005,2306,97,3,3649.64
7006,2307,286,3,5544.61
7007,2307,463,2,4315.08
7008,2307,200,1,3146.05
7009,2307,263,3,4317.08
7010,2307,130,3,1963.29
7011,2308,350,2,1035.46
7012,2308,462,4,1440.1
7013,2308,251,4,4963.2
7014,2309,50,3,4659.51
7015,2309,306,4,1311.81
7016,2309,54,4,3298.92
7017,2309,169,3,5455.24
7018,2310,225,4,3865.19
7019,2310,198,4,2183.12
7020,2311,189,1,3600.6
7021,2311,430,3,1289.32
7022,2311,214,3,5909.34
7023,2311,484,2,5888.26
7024,2311,262,2,3433.24
7025,2312,354,1,1425.69
7026,2312,248,2,5396.23
7027,2312,254,2,229.57
7028,2313,487,2,3602.54
7029,2313,15,2,3647.94
7030,2313,482,2,5294.83
7031,2313,147,4,2549.32
7032,2314,81,1,3349.11
7033,2314,211,1,3182.08
7034,2314,279,3,774.25
7035,2315,89,3,4465.7
7036,2315,292,1,5117.95
7037,2315,4,2,5633.67
7038,2316,275,3,1381.85
7039,2317,48,4,3118.93
7040,2317,339,2,4212.47
7041,2318,294,1,6129.64
7042,2318,206,2,6451.33
7043,2318,268,1,2691.51
7044,2319,363,4,7234.27
7045,2319,275,4,1381.85
7046,2319,437,3,1635.15
7047,2320,8,2,1108.08
7048,2320,261,4,6008.79
7049,2320,250,1,2853.44
7050,2321,97,1,3649.64
7051,2321,328,3,2729.68
7052,2322,95,4,4933.59
7053,2322,175,1,1587.68
7054,2323,10,1,1780.12
7055,2324,495,1,5674.17
7056,2324,140,4,4644.31
7057,2324,63,2,639.04
7058,2324,165,3,4937.61
7059,2324,64,4,5245.29
7060,2325,267,2,3128.45
7061,2325,358,1,5127.98
7062,2325,428,2,3337.91
7063,2326,465,3,6681.17
7064,2326,176,4,2750.53
7065,2327,74,3,1856.46
7066,2327,241,3,600.8
7067,2328,181,4,277.41
7068,2328,423,4,5959.15
7069,2329,51,2,775.58
7070,2329,204,1,3202.4
7071,2330,489,4,1979.19
7072,2330,390,3,222.07
7073,2330,309,3,825.37
7074,2330,357,3,3963.48
7075,2331,160,4,6704.84
7076,2331,95,4,4933.59
7077,2331,326,1,5313.25
7078,2331,275,2,1381.85
7079,2332,43,1,791.88
7080,2332,166,4,3680.98
7081,2332,235,1,5882.55
7082,2332,434,1,5172.12
7083,2333,324,3,3848.88
7084,2334,104,4,673.38
7085,2334,292,3,5117.95
7086,2334,162,2,3673.3
7087,2335,23,2,4519.4
7088,2335,66,3,3951.93
7089,2335,84,4,5116.75
7090,2335,32,3,4203.79
7091,2335,479,2,4247.61
7092,2336,207,1,5032.22
7093,2336,422,1,5095.84
7094,2336,155,4,7062.88
7095,2336,403,1,2324.3
7096,2337,380,3,4324.63
7097,2337,280,4,4382.83
7098,2337,439,1,5144.08
7099,2337,359,1,3218.73
7100,2337,124,4,6069.73
7101,2338,396,1,1589.43
7102,2338,377,4,5763.68
7103,2338,176,3,2750.53
7104,2338,182,1,4710.47
7105,2338,48,3,3118.93
7106,2339,229,1,6178.47
7107,2339,187,4,7451.43
7108,2339,251,2,4963.2
7109,2339,431,2,2345.7
7110,2339,205,2,6203.46
7111,2340,449,3,5990.22
7112,2340,13,1,2922.53
7113,2340,466,4,3543.0
7114,2340,395,1,4977.01
7115,2341,456,3,4335.7
7116,2341,433,4,3901.17
7117,2341,106,1,1635.06
7118,2341,427,3,5615.06
7119,2341,303,4,1103.01
7120,2342,7,1,1658.11
7121,2342,216,1,4724.1
7122,2343,483,1,6442.69
7123,2344,388,4,1373.2
7124,2344,166,1,3680.98
7125,2344,466,3,3543.0
7126,2345,309,4,825.37
7127,2346,250,4,2853.44
7128,2346,464,3,7057.45
7129,2346,425,1,4224.17
7130,2347,147,2,2549.32
7131,2348,28,1,801.28
7132,2348,291,4,4158.04
7133,2348,167,1,6818.7
7134,2348,472,3,3476.76
7135,2349,94,2,637.72
7136,2349,496,1,5678.29
7137,2349,6,1,2038.84
7138,2349,218,2,1046.26
7139,2350,112,3,5163.37
7140,2350,94,2,637.72
7141,2350,195,2,3142.65
7142,2350,416,4,3452.92
7143,2351,60,2,5163.17
7144,2351,43,4,791.88
7145,2351,276,4,2669.21
7146,2351,26,2,5756.04
7147,2351,447,2,2421.14
7148,2352,468,3,6226.51
7149,2353,289,1,615.43
7150,2353,74,1,1856.46
7151,2353,262,2,3433.24
7152,2353,370,4,4396.17
7153,2354,54,3,3298.92
7154,2355,339,2,4212.47
7155,2355,110,2,6959.37
7156,2355,378,4,5787.24
7157,2355,284,4,1954.57
7158,2356,206,2,6451.33
7159,2356,118,2,4371.63
7160,2356,4,4,5633.67
7161,2356,365,2,5059.36
7162,2356,378,1,5787.24
7163,2357,310,2,3432.36
7164,2358,87,2,1282.33
7165,2358,235,1,5882.55
7166,2358,375,3,5456.42
7167,2359,345,4,6715.15
7168,2359,299,4,5162.19
7169,2359,17,2,6553.92
7170,2359,166,1,3680.98
7171,2359,229,2,6178.47
7172,2360,498,4,5835.24
7173,2360,306,2,1311.81
7174,2360,325,1,6330.63
7175,2360,278,1,1452.09
7176,2360,254,1,229.57
7177,2361,46,1,922.81
7178,2361,38,4,1645.79
7179,2362,122,3,1788.84
7180,2362,50,2,4659.51
7181,2362,268,3,2691.51
7182,2362,74,1,1856.46
7183,2362,33,2,6626.78
7184,2363,162,2,3673.3
7185,2363,207,4,5032.22
7186,2363,109,2,2146.83
7187,2364,255,3,3636.36
7188,2364,19,4,4193.05
7189,2364,178,2,3635.79
7190,2364,201,3,1060.46
7191,2365,5,1,2523.37
7192,2365,308,4,1437.25
7193,2365,81,1,3349.11
7194,2366,401,2,830.88
7195,2366,348,1,4037.99
7196,2367,4,2,5633.67
7197,2367,169,2,5455.24
7198,2367,387,2,1384.34
7199,2367,175,2,1587.68
7200,2368,73,2,958.17
7201,2368,181,4,277.41
7202,2369,390,3,222.07
7203,2369,227,1,3884.33
7204,2369,50,2,4659.51
7205,2370,255,4,3636.36
7206,2370,59,1,3551.72
7207,2370,276,3,2669.21
7208,2370,489,3,1979.19
7209,2370,264,3,1850.78
7210,2371,280,1,4382.83
7211,2371,189,3,3600.6
7212,2371,283,3,5922.7
7213,2372,379,3,1894.51
7214,2372,61,3,1634.69
7215,2372,11,2,5761.74
7216,2372,3,2,394.52
7217,2373,226,1,1742.75
7218,2373,426,2,1145.23
7219,2373,264,4,1850.78
7220,2374,337,1,5116.18
7221,2374,130,4,1963.29
7222,2374,28,1,801.28
7223,2374,18,2,3961.8
7224,2374,262,3,3433.24
7225,2375,426,1,1145.23
7226,2375,379,3,1894.51
7227,2375,76,1,3624.25
7228,2375,230,1,3984.19
7229,2375,28,4,801.28
7230,2376,398,4,6965.19
7231,2377,454,4,469.46
7232,2377,497,4,4863.47
7233,2377,39,4,3097.27
7234,2377,447,3,2421.14
7235,2377,439,2,5144.08
7236,2378,177,1,1399.56
7237,2378,274,1,7224.74
7238,2378,91,3,2388.1
7239,2378,396,3,1589.43
7240,2379,461,3,4553.3
7241,2379,313,4,3303.95
7242,2379,387,3,1384.34
7243,2380,359,4,3218.73
7244,2380,157,3,5351.04
7245,2381,359,4,3218.73
7246,2381,495,2,5674.17
7247,2382,84,2,5116.75
7248,2382,282,2,5682.3
7249,2382,163,4,6699.83
7250,2382,250,3,2853.44
7251,2383,99,4,377.4
7252,2383,497,2,4863.47
7253,2384,123,3,5238.56
7254,2384,53,3,1636.05
7255,2384,354,4,1425.69
7256,2385,124,2,6069.73
7257,2386,311,4,1952.58
7258,2386,94,3,637.72
7259,2387,178,3,3635.79
7260,2388,187,4,7451.43
7261,2388,404,2,5691.79
7262,2389,97,1,3649.64
7263,2390,396,1,1589.43
7264,2390,373,2,4435.35
7265,2390,375,3,5456.42
7266,2390,35,3,3703.55
7267,2390,178,2,3635.79
7268,2391,398,1,6965.19
7269,2391,117,2,924.08
7270,2391,174,4,2623.77
7271,2392,382,3,5869.03
7272,2393,291,4,4158.04
7273,2393,146,1,2758.94
7274,2394,154,3,3919.63
7275,2394,396,1,1589.43
7276,2394,25,1,6342.54
7277,2394,136,2,6859.2
7278,2395,481,3,4362.0
7279,2395,178,4,3635.79
7280,2395,349,4,4253.69
7281,2395,293,2,5467.31
7282,2396,318,2,5367.63
7283,2396,175,4,1587.68
7284,2396,109,4,2146.83
7285,2396,40,2,2870.78
7286,2397,285,4,3625.74
7287,2397,331,1,895.99
7288,2397,360,1,2975.5
7289,2398,274,2,7224.74
7290,2398,241,1,600.8
7291,2398,144,1,4356.46
7292,2399,122,3,1788.84
7293,2399,398,4,6965.19
7294,2399,354,3,1425.69
7295,2400,419,3,4392.23
7296,2401,449,3,5990.22
7297,2402,189,3,3600.6
7298,2403,204,3,3202.4
7299,2403,103,1,5044.44
7300,2403,447,4,2421.14
7301,2403,319,1,3408.81
7302,2403,44,2,5953.73
7303,2404,311,4,1952.58
7304,2404,424,2,1011.09
7305,2404,196,4,4145.76
7306,2405,276,4,2669.21
7307,2406,399,1,5067.92
7308,2407,87,1,1282.33
7309,2407,195,1,3142.65
7310,2407,110,1,6959.37
7311,2408,177,1,1399.56
7312,2408,436,3,6428.91
7313,2408,122,2,1788.84
7314,2408,265,4,5984.67
7315,2409,352,1,6820.17
7316,2409,60,4,5163.17
7317,2410,167,3,6818.7
7318,2410,496,1,5678.29
7319,2410,296,3,959.66
7320,2410,423,4,5959.15
7321,2411,428,4,3337.91
7322,2411,62,3,7110.36
7323,2411,59,2,3551.72
7324,2411,89,1,4465.7
7325,2411,64,1,5245.29
7326,2412,389,3,1828.56
7327,2412,469,3,5810.45
7328,2412,241,1,600.8
7329,2413,70,3,2952.71
7330,2413,36,2,3194.46
7331,2413,265,2,5984.67
7332,2413,411,2,4968.3
7333,2414,355,2,6023.83
7334,2414,284,4,1954.57
7335,2414,377,4,5763.68
7336,2414,434,1,5172.12
7337,2414,291,1,4158.04
7338,2415,404,4,5691.79
7339,2415,207,3,5032.22
7340,2415,212,1,155.74
7341,2415,443,4,4924.62
7342,2415,44,2,5953.73
7343,2416,356,4,5880.99
7344,2416,58,3,685.74
7345,2416,25,4,6342.54
7346,2416,454,1,469.46
7347,2416,338,4,5130.85
7348,2417,190,2,2545.79
7349,2417,304,1,4992.14
7350,2418,436,3,6428.91
7351,2418,128,3,2947.92
7352,2418,204,4,3202.4
7353,2418,328,4,2729.68
7354,2419,282,4,5682.3
7355,2420,420,3,1934.38
7356,2420,500,1,5135.84
7357,2420,212,2,155.74
7358,2421,360,1,2975.5
7359,2422,476,2,4727.45
7360,2422,496,2,5678.29
7361,2422,200,2,3146.05
7362,2422,335,1,3273.18
7363,2422,116,4,584.32
7364,2423,472,4,3476.76
7365,2423,194,2,3575.56
7366,2423,72,1,5436.37
7367,2424,197,4,3444.31
7368,2424,296,4,959.66
7369,2424,162,2,3673.3
7370,2424,162,2,3673.3
7371,2425,236,1,4782.03
7372,2425,287,3,362.6
7373,2425,105,1,4056.14
7374,2425,461,1,4553.3
7375,2426,78,2,2623.38
7376,2426,194,4,3575.56
7377,2427,430,1,1289.32
7378,2427,357,2,3963.48
7379,2428,354,3,1425.69
7380,2428,60,2,5163.17
7381,2428,408,1,2432.33
7382,2428,417,2,4766.29
7383,2429,13,3,2922.53
7384,2430,180,2,1609.07
7385,2431,65,4,1839.77
7386,2431,316,3,3281.58
7387,2432,486,1,3925.75
7388,2432,330,4,4391.26
7389,2432,68,4,5048.98
7390,2432,207,2,5032.22
7391,2432,382,2,5869.03
7392,2433,188,4,5890.62
7393,2433,339,2,4212.47
7394,2433,67,4,6765.53
7395,2434,66,4,3951.93
7396,2434,185,1,1990.36
7397,2435,176,2,2750.53
7398,2435,425,1,4224.17
7399,2436,301,2,4803.29
7400,2436,484,2,5888.26
7401,2436,90,3,2134.9
7402,2437,207,4,5032.22
7403,2437,201,1,1060.46
7404,2438,262,1,3433.24
7405,2439,261,1,6008.79
7406,2440,39,2,3097.27
7407,2440,267,1,3128.45
7408,2441,92,2,4206.66
7409,2441,191,1,1690.83
7410,2441,263,1,4317.08
7411,2441,315,2,1950.17
7412,2442,276,1,2669.21
7413,2442,257,2,1725.23
7414,2443,421,2,1285.52
7415,2443,385,4,4521.81
7416,2443,446,3,6731.46
7417,2444,212,1,155.74
7418,2444,356,1,5880.99
7419,2445,446,1,6731.46
7420,2446,49,3,1001.46
7421,2446,450,3,2146.91
7422,2446,265,2,5984.67
7423,2446,276,1,2669.21
7424,2447,328,1,2729.68
7425,2447,307,1,5262.37
7426,2447,485,1,4042.01
7427,2448,422,4,5095.84
7428,2449,411,3,4968.3
7429,2450,278,1,1452.09
7430,2450,482,3,5294.83
7431,2450,284,1,1954.57
7432,2450,146,1,2758.94
7433,2450,186,1,2472.63
7434,2451,121,1,704.52
7435,2451,72,3,5436.37
7436,2451,434,1,5172.12
7437,2452,254,2,229.57
7438,2452,344,3,6982.35
7439,2453,434,1,5172.12
7440,2454,115,2,2916.37
7441,2455,194,4,3575.56
7442,2455,313,3,3303.95
7443,2455,462,1,1440.1
7444,2455,27,2,1911.35
7445,2455,412,4,2197.41
7446,2456,410,1,2717.31
7447,2456,421,2,1285.52
7448,2456,431,1,2345.7
7449,2456,273,4,4355.96
7450,2457,44,1,5953.73
7451,2457,341,4,1594.54
7452,2458,386,1,988.77
7453,2458,449,3,5990.22
7454,2458,432,2,3897.39
7455,2458,249,4,6139.17
7456,2458,274,1,7224.74
7457,2459,234,1,1670.39
7458,2459,337,1,5116.18
7459,2459,107,3,4351.35
7460,2459,322,3,3077.91
7461,2459,440,1,1786.05
7462,2460,26,1,5756.04
7463,2460,233,3,4261.37
7464,2460,107,4,4351.35
7465,2461,351,1,5407.74
7466,2461,150,4,1545.47
7467,2461,312,3,4519.33
7468,2461,431,4,2345.7
7469,2461,101,1,1381.51
7470,2462,303,3,1103.01
7471,2463,420,2,1934.38
7472,2463,173,3,4328.16
7473,2463,368,2,3127.98
7474,2463,177,3,1399.56
7475,2463,198,1,2183.12
7476,2464,25,4,6342.54
7477,2464,33,3,6626.78
7478,2465,419,4,4392.23
7479,2465,464,2,7057.45
7480,2466,41,4,5380.63
7481,2466,455,1,3452.95
7482,2466,96,3,418.99
7483,2467,286,2,5544.61
7484,2467,165,2,4937.61
7485,2468,388,4,1373.2
7486,2468,421,3,1285.52
7487,2468,283,1,5922.7
7488,2469,162,1,3673.3
7489,2469,57,4,4604.53
7490,2469,203,2,3122.39
7491,2469,351,3,5407.74
7492,2469,144,4,4356.46
7493,2470,314,4,5187.17
7494,2470,18,3,3961.8
7495,2471,180,3,1609.07
7496,2472,498,3,5835.24
7497,2472,195,1,3142.65
7498,2472,398,1,6965.19
7499,2472,4,3,5633.67
7500,2472,79,3,2892.49
7501,2473,475,4,1249.33
7502,2473,348,1,4037.99
7503,2473,12,4,5776.18
7504,2473,223,1,830.78
7505,2474,433,4,3901.17
7506,2474,48,3,3118.93
7507,2474,296,4,959.66
7508,2474,353,4,4945.04
7509,2475,25,2,6342.54
7510,2475,77,4,5802.31
7511,2475,434,1,5172.12
7512,2475,298,1,5143.35
7513,2476,188,1,5890.62
7514,2476,171,1,6247.86
7515,2476,350,3,1035.46
7516,2476,444,2,5110.75
7517,2477,244,2,1747.97
7518,2478,114,4,1305.47
7519,2479,99,3,377.4
7520,2479,112,2,5163.37
7521,2480,69,4,2687.96
7522,2480,234,2,1670.39
7523,2480,114,1,1305.47
7524,2480,416,3,3452.92
7525,2480,165,4,4937.61
7526,2481,295,1,1323.61
7527,2481,106,1,1635.06
7528,2481,240,4,1220.06
7529,2481,316,4,3281.58
7530,2481,500,1,5135.84
7531,2482,499,1,2598.33
7532,2482,2,1,5222.22
7533,2482,386,3,988.77
7534,2482,348,2,4037.99
7535,2483,414,4,981.22
7536,2483,341,3,1594.54
7537,2483,212,3,155.74
7538,2484,21,4,773.93
7539,2485,145,1,380.42
7540,2485,257,3,1725.23
7541,2485,17,3,6553.92
7542,2486,248,2,5396.23
7543,2486,32,3,4203.79
7544,2486,265,3,5984.67
7545,2487,300,2,1582.87
7546,2487,459,4,4650.34
7547,2487,76,4,3624.25
7548,2487,340,2,6024.22
7549,2488,467,2,5633.33
7550,2488,346,3,3160.86
7551,2488,407,1,5614.76
7552,2488,283,1,5922.7
7553,2489,411,2,4968.3
7554,2489,444,2,5110.75
7555,2490,222,3,5410.26
7556,2490,463,1,4315.08
7557,2490,160,3,6704.84
7558,2491,3,2,394.52
7559,2491,440,2,1786.05
7560,2491,470,4,4963.98
7561,2492,242,4,3908.61
7562,2492,107,4,4351.35
7563,2492,187,1,7451.43
7564,2492,34,2,1739.97
7565,2493,137,4,2345.58
7566,2493,450,1,2146.91
7567,2493,144,4,4356.46
7568,2494,302,1,4353.43
7569,2495,375,2,5456.42
7570,2496,29,1,5434.79
7571,2497,253,4,2797.42
7572,2497,120,4,2247.59
7573,2498,140,4,4644.31
7574,2499,487,4,3602.54
7575,2499,189,2,3600.6
7576,2499,147,2,2549.32
7577,2499,138,1,4165.59
7578,2499,368,1,3127.98
7579,2500,342,4,2036.46
7580,2500,259,2,1302.93
7581,2500,262,3,3433.24
7582,2500,403,3,2324.3
7583,2501,41,1,5380.63
7584,2502,185,1,1990.36
7585,2502,277,4,4935.0
7586,2502,500,2,5135.84
7587,2502,291,3,4158.04
7588,2502,390,1,222.07
7589,2503,488,3,723.72
7590,2503,316,4,3281.58
7591,2503,234,4,1670.39
7592,2503,253,4,2797.42
7593,2503,235,1,5882.55
7594,2504,443,1,4924.62
7595,2504,111,4,2394.51
7596,2504,449,1,5990.22
7597,2505,404,3,5691.79
7598,2505,203,3,3122.39
7599,2506,153,4,7154.27
7600,2506,416,2,3452.92
7601,2507,480,3,1852.13
7602,2507,20,1,543.91
7603,2507,85,4,206.91
7604,2507,237,1,3807.7
7605,2508,267,1,3128.45
7606,2508,435,1,3048.69
7607,2508,211,2,3182.08
7608,2509,313,1,3303.95
7609,2509,500,4,5135.84
7610,2509,104,1,673.38
7611,2510,96,4,418.99
7612,2510,477,2,1536.6
7613,2510,56,2,1350.59
7614,2510,238,4,555.04
7615,2511,55,4,5294.38
7616,2511,299,2,5162.19
7617,2511,309,1,825.37
7618,2511,332,1,336.46
7619,2511,40,3,2870.78
7620,2512,1,2,2876.42
7621,2512,100,1,7678.63
7622,2513,28,2,801.28
7623,2514,194,1,3575.56
7624,2514,395,4,4977.01
7625,2514,334,3,4382.79
7626,2515,256,1,2686.28
7627,2515,42,3,5752.4
7628,2515,435,3,3048.69
7629,2515,55,3,5294.38
7630,2516,26,2,5756.04
7631,2517,310,1,3432.36
7632,2517,91,2,2388.1
7633,2518,5,3,2523.37
7634,2518,274,3,7224.74
7635,2518,355,4,6023.83
7636,2518,438,1,3420.48
7637,2519,38,4,1645.79
7638,2519,438,3,3420.48
7639,2519,30,1,1495.61
7640,2520,245,4,2794.78
7641,2520,460,1,5962.4
7642,2521,289,1,615.43
7643,2521,444,1,5110.75
7644,2521,406,4,2675.38
7645,2522,36,2,3194.46
7646,2522,432,2,3897.39
7647,2522,42,4,5752.4
7648,2523,211,2,3182.08
7649,2523,3,1,394.52
7650,2523,83,1,4207.1
7651,2523,54,2,3298.92
7652,2523,70,1,2952.71
7653,2524,361,1,3228.33
7654,2524,484,3,5888.26
7655,2525,27,4,1911.35
7656,2525,405,2,4305.08
7657,2526,280,4,4382.83
7658,2527,431,4,2345.7
7659,2527,206,3,6451.33
7660,2527,116,4,584.32
7661,2527,249,3,6139.17
7662,2528,475,1,1249.33
7663,2528,311,4,1952.58
7664,2528,143,4,4831.33
7665,2528,33,2,6626.78
7666,2529,284,1,1954.57
7667,2529,364,1,6026.85
7668,2529,231,4,1813.96
7669,2530,290,4,1518.49
7670,2530,154,2,3919.63
7671,2530,70,4,2952.71
7672,2530,165,3,4937.61
7673,2530,386,4,988.77
7674,2531,412,3,2197.41
7675,2531,390,2,222.07
7676,2531,443,2,4924.62
7677,2531,368,1,3127.98
7678,2531,8,3,1108.08
7679,2532,8,1,1108.08
7680,2533,420,1,1934.38
7681,2534,480,2,1852.13
7682,2534,67,1,6765.53
7683,2534,180,2,1609.07
7684,2534,140,3,4644.31
7685,2535,61,1,1634.69
7686,2535,120,1,2247.59
7687,2535,350,2,1035.46
7688,2535,185,4,1990.36
7689,2536,478,1,4700.05
7690,2536,233,4,4261.37
7691,2536,496,4,5678.29
7692,2536,299,3,5162.19
7693,2537,300,1,1582.87
7694,2537,426,2,1145.23
7695,2537,85,4,206.91
7696,2537,154,4,3919.63
7697,2537,456,1,4335.7
7698,2538,40,1,2870.78
7699,2538,26,4,5756.04
7700,2538,280,1,4382.83
7701,2538,75,2,3885.28
7702,2539,68,3,5048.98
7703,2539,343,1,2443.83
7704,2539,158,4,4348.37
7705,2540,243,3,5813.12
7706,2540,471,2,1844.85
7707,2540,233,1,4261.37
7708,2541,358,2,5127.98
7709,2541,291,4,4158.04
7710,2541,96,3,418.99
7711,2541,405,1,4305.08
7712,2542,381,2,2780.62
7713,2542,289,3,615.43
7714,2542,499,3,2598.33
7715,2542,218,3,1046.26
7716,2542,438,2,3420.48
7717,2543,67,1,6765.53
7718,2543,272,2,1207.17
7719,2543,318,3,5367.63
7720,2544,130,1,1963.29
7721,2544,492,1,5032.36
7722,2544,119,4,224.22
7723,2545,388,1,1373.2
7724,2545,317,4,784.53
7725,2545,93,3,2629.61
7726,2545,250,4,2853.44
7727,2546,364,2,6026.85
7728,2546,62,3,7110.36
7729,2546,194,4,3575.56
7730,2546,46,1,922.81
7731,2547,396,1,1589.43
7732,2547,212,4,155.74
7733,2548,319,2,3408.81
7734,2548,351,2,5407.74
7735,2548,254,1,229.57
7736,2548,353,1,4945.04
7737,2548,188,4,5890.62
7738,2549,103,4,5044.44
7739,2549,276,3,2669.21
7740,2550,57,2,4604.53
7741,2550,463,4,4315.08
7742,2550,108,1,2189.38
7743,2551,82,1,5405.87
7744,2552,135,4,5029.03
7745,2552,27,2,1911.35
7746,2553,288,4,6212.26
7747,2553,181,2,277.41
7748,2553,180,2,1609.07
7749,2553,345,3,6715.15
7750,2553,487,4,3602.54
7751,2554,205,1,6203.46
7752,2554,372,2,2126.62
7753,2554,73,3,958.17
7754,2554,398,4,6965.19
7755,2555,317,4,784.53
7756,2555,104,1,673.38
7757,2555,477,1,1536.6
7758,2555,136,2,6859.2
7759,2556,176,1,2750.53
7760,2557,98,4,5554.21
7761,2557,482,2,5294.83
7762,2557,125,3,4655.25
7763,2557,315,3,1950.17
7764,2557,271,2,740.94
7765,2558,80,1,2551.1
7766,2559,155,4,7062.88
7767,2559,236,1,4782.03
7768,2559,87,2,1282.33
7769,2560,136,3,6859.2
7770,2560,148,2,2389.03
7771,2560,245,2,2794.78
7772,2560,30,4,1495.61
7773,2561,249,1,6139.17
7774,2562,156,3,3556.59
7775,2562,270,4,3668.4
7776,2562,320,4,6639.63
7777,2562,408,4,2432.33
7778,2563,466,4,3543.0
7779,2563,338,3,5130.85
7780,2563,411,3,4968.3
7781,2564,393,3,1234.01
7782,2565,184,1,4693.71
7783,2565,224,1,5253.84
7784,2566,465,4,6681.17
7785,2566,485,3,4042.01
7786,2567,157,4,5351.04
7787,2567,301,2,4803.29
7788,2567,397,4,2867.64
7789,2567,188,3,5890.62
7790,2567,491,3,336.73
7791,2568,30,4,1495.61
7792,2568,53,1,1636.05
7793,2568,231,2,1813.96
7794,2568,155,1,7062.88
7795,2569,407,3,5614.76
7796,2569,425,4,4224.17
7797,2570,389,3,1828.56
7798,2570,25,1,6342.54
7799,2570,69,3,2687.96
7800,2570,122,3,1788.84
7801,2571,163,2,6699.83
7802,2571,139,1,2207.41
7803,2571,437,2,1635.15
7804,2571,154,1,3919.63
7805,2572,201,1,1060.46
7806,2572,101,2,1381.51
7807,2572,198,4,2183.12
7808,2572,54,2,3298.92
7809,2572,408,1,2432.33
7810,2573,208,2,1461.6
7811,2573,93,4,2629.61
7812,2574,156,4,3556.59
7813,2574,401,2,830.88
7814,2574,308,2,1437.25
7815,2574,48,1,3118.93
7816,2575,410,1,2717.31
7817,2575,495,1,5674.17
7818,2575,415,2,3144.2
7819,2575,479,3,4247.61
7820,2576,21,2,773.93
7821,2577,307,4,5262.37
7822,2577,224,4,5253.84
7823,2578,269,3,2723.78
7824,2578,487,3,3602.54
7825,2578,438,2,3420.48
7826,2578,102,4,5155.01
7827,2578,58,2,685.74
7828,2579,26,4,5756.04
7829,2579,140,4,4644.31
7830,2579,436,3,6428.91
7831,2579,116,3,584.32
7832,2580,120,2,2247.59
7833,2580,95,2,4933.59
7834,2580,167,3,6818.7
7835,2580,395,3,4977.01
7836,2581,294,1,6129.64
7837,2581,40,3,2870.78
7838,2581,64,3,5245.29
7839,2581,420,3,1934.38
7840,2582,230,4,3984.19
7841,2582,320,3,6639.63
7842,2582,112,4,5163.37
7843,2582,302,2,4353.43
7844,2582,122,4,1788.84
7845,2583,190,1,2545.79
7846,2583,391,3,2831.62
7847,2583,72,1,5436.37
7848,2583,455,2,3452.95
7849,2584,12,1,5776.18
7850,2584,387,4,1384.34
7851,2584,243,4,5813.12
7852,2584,371,1,6431.49
7853,2584,376,4,4480.08
7854,2585,438,4,3420.48
7855,2586,26,3,5756.04
7856,2586,416,3,3452.92
7857,2586,23,3,4519.4
7858,2586,157,2,5351.04
7859,2586,317,2,784.53
7860,2587,263,4,4317.08
7861,2587,370,2,4396.17
7862,2587,100,2,7678.63
7863,2587,220,3,3372.55
7864,2587,416,4,3452.92
7865,2588,110,1,6959.37
7866,2589,250,2,2853.44
7867,2589,106,3,1635.06
7868,2589,69,3,2687.96
7869,2590,398,4,6965.19
7870,2590,198,1,2183.12
7871,2590,82,2,5405.87
7872,2591,188,1,5890.62
7873,2592,324,2,3848.88
7874,2592,482,1,5294.83
7875,2592,85,4,206.91
7876,2592,69,1,2687.96
7877,2593,427,1,5615.06
7878,2593,164,4,451.3
7879,2593,23,2,4519.4
7880,2593,462,3,1440.1
7881,2593,485,2,4042.01
7882,2594,346,4,3160.86
7883,2594,442,4,6554.24
7884,2595,394,4,4349.12
7885,2595,130,3,1963.29
7886,2595,208,2,1461.6
7887,2595,202,2,3841.09
7888,2596,408,2,2432.33
7889,2596,304,1,4992.14
7890,2596,316,4,3281.58
7891,2596,51,3,775.58
7892,2596,418,1,4532.15
7893,2597,488,3,723.72
7894,2597,313,1,3303.95
7895,2597,2,3,5222.22
7896,2598,477,2,1536.6
7897,2598,457,3,4840.21
7898,2598,348,4,4037.99
7899,2598,235,3,5882.55
7900,2598,264,1,1850.78
7901,2599,498,1,5835.24
7902,2600,311,3,1952.58
7903,2600,342,4,2036.46
7904,2601,127,1,4216.76
7905,2601,372,1,2126.62
7906,2601,129,4,1449.29
7907,2601,492,1,5032.36
7908,2602,8,2,1108.08
7909,2602,246,3,2663.81
7910,2602,180,4,1609.07
7911,2602,45,2,2239.06
7912,2603,85,1,206.91
7913,2603,231,1,1813.96
7914,2603,154,4,3919.63
7915,2603,95,2,4933.59
7916,2603,425,4,4224.17
7917,2604,291,4,4158.04
7918,2605,365,1,5059.36
7919,2605,439,3,5144.08
7920,2606,487,2,3602.54
7921,2607,489,4,1979.19
7922,2607,498,1,5835.24
7923,2608,15,2,3647.94
7924,2608,299,3,5162.19
7925,2608,117,1,924.08
7926,2608,40,3,2870.78
7927,2609,319,4,3408.81
7928,2609,343,3,2443.83
7929,2609,275,3,1381.85
7930,2610,316,1,3281.58
7931,2610,272,1,1207.17
7932,2610,133,4,7682.68
7933,2610,128,3,2947.92
7934,2610,163,2,6699.83
7935,2611,103,1,5044.44
7936,2611,19,1,4193.05
7937,2611,355,1,6023.83
7938,2612,457,3,4840.21
7939,2612,224,3,5253.84
7940,2612,38,1,1645.79
7941,2612,38,3,1645.79
7942,2613,440,2,1786.05
7943,2613,9,3,3407.08
7944,2613,80,4,2551.1
7945,2613,288,1,6212.26
7946,2613,213,3,3927.95
7947,2614,394,2,4349.12
7948,2615,483,4,6442.69
7949,2615,309,1,825.37
7950,2615,263,1,4317.08
7951,2615,228,3,5999.41
7952,2616,44,2,5953.73
7953,2616,441,4,5639.25
7954,2617,185,2,1990.36
7955,2617,171,2,6247.86
7956,2617,331,2,895.99
7957,2617,427,1,5615.06
7958,2617,478,2,4700.05
7959,2618,38,1,1645.79
7960,2618,386,1,988.77
7961,2619,116,4,584.32
7962,2619,455,3,3452.95
7963,2619,473,1,4224.82
7964,2619,117,1,924.08
7965,2619,141,4,4217.11
7966,2620,145,2,380.42
7967,2620,151,2,1368.5
7968,2620,104,4,673.38
7969,2621,84,3,5116.75
7970,2621,235,2,5882.55
7971,2622,75,2,3885.28
7972,2622,405,4,4305.08
7973,2623,43,1,791.88
7974,2623,401,2,830.88
7975,2623,257,3,1725.23
7976,2623,115,4,2916.37
7977,2624,474,2,5605.5
7978,2624,239,3,2892.25
7979,2624,332,3,336.46
7980,2624,500,2,5135.84
7981,2625,316,4,3281.58
7982,2625,453,2,2708.83
7983,2625,343,2,2443.83
7984,2626,356,4,5880.99
7985,2626,73,3,958.17
7986,2627,78,2,2623.38
7987,2627,425,2,4224.17
7988,2627,497,2,4863.47
7989,2627,159,2,1782.91
7990,2628,37,2,1174.23
7991,2628,336,2,3505.41
7992,2628,467,4,5633.33
7993,2629,27,2,1911.35
7994,2630,191,2,1690.83
7995,2630,253,2,2797.42
7996,2631,44,3,5953.73
7997,2631,172,4,5729.96
7998,2631,342,1,2036.46
7999,2631,181,4,277.41
8000,2632,301,2,4803.29
8001,2632,227,3,3884.33
8002,2632,361,3,3228.33
8003,2633,76,4,3624.25
8004,2634,170,1,3039.1
8005,2634,325,1,6330.63
8006,2635,493,1,6088.79
8007,2635,229,2,6178.47
8008,2635,214,3,5909.34
8009,2635,251,2,4963.2
8010,2635,67,3,6765.53
8011,2636,272,2,1207.17
8012,2637,283,4,5922.7
8013,2637,145,2,380.42
8014,2637,348,3,4037.99
8015,2637,480,4,1852.13
8016,2637,215,3,3143.73
8017,2638,141,2,4217.11
8018,2638,447,2,2421.14
8019,2639,389,1,1828.56
8020,2639,139,2,2207.41
8021,2640,246,4,2663.81
8022,2640,46,3,922.81
8023,2640,333,1,6331.32
8024,2640,301,1,4803.29
8025,2640,388,2,1373.2
8026,2641,377,2,5763.68
8027,2641,354,4,1425.69
8028,2641,467,4,5633.33
8029,2641,499,4,2598.33
8030,2641,116,3,584.32
8031,2642,428,3,3337.91
8032,2643,180,3,1609.07
8033,2643,14,3,1195.89
8034,2643,447,3,2421.14
8035,2644,237,3,3807.7
8036,2644,351,3,5407.74
8037,2644,358,2,5127.98
8038,2645,286,4,5544.61
8039,2645,302,2,4353.43
8040,2645,214,4,5909.34
8041,2645,194,2,3575.56
8042,2645,466,4,3543.0
8043,2646,189,2,3600.6
8044,2646,131,2,4351.85
8045,2646,348,2,4037.99
8046,2646,232,2,6669.4
8047,2646,248,3,5396.23
8048,2647,13,2,2922.53
8049,2647,63,2,639.04
8050,2647,22,4,2628.43
8051,2647,149,3,5667.0
8052,2647,285,3,3625.74
8053,2648,453,2,2708.83
8054,2648,421,4,1285.52
8055,2648,169,3,5455.24
8056,2648,455,1,3452.95
8057,2649,111,2,2394.51
8058,2649,88,1,3652.47
8059,2650,391,4,2831.62
8060,2651,235,2,5882.55
8061,2651,183,1,4643.22
8062,2651,143,2,4831.33
8063,2652,61,3,1634.69
8064,2652,422,3,5095.84
8065,2652,267,4,3128.45
8066,2652,141,4,4217.11
8067,2653,307,3,5262.37
8068,2653,166,4,3680.98
8069,2653,49,1,1001.46
8070,2653,472,3,3476.76
8071,2654,134,1,4419.51
8072,2654,457,4,4840.21
8073,2654,378,1,5787.24
8074,2654,100,3,7678.63
8075,2655,230,1,3984.19
8076,2655,69,2,2687.96
8077,2655,132,2,734.08
8078,2655,269,2,2723.78
8079,2655,165,2,4937.61
8080,2656,3,4,394.52
8081,2656,233,2,4261.37
8082,2656,31,3,3335.57
8083,2657,235,1,5882.55
8084,2657,242,1,3908.61
8085,2657,145,2,380.42
8086,2658,177,3,1399.56
8087,2658,476,1,4727.45
8088,2658,208,1,1461.6
8089,2659,49,3,1001.46
8090,2659,414,1,981.22
8091,2660,392,2,1502.97
8092,2661,224,2,5253.84
8093,2661,110,2,6959.37
8094,2661,167,1,6818.7
8095,2661,136,2,6859.2
8096,2662,372,1,2126.62
8097,2662,45,1,2239.06
8098,2663,268,2,2691.51
8099,2663,303,2,1103.01
8100,2663,294,2,6129.64
8101,2663,307,4,5262.37
8102,2664,380,4,4324.63
8103,2665,12,4,5776.18
8104,2665,169,4,5455.24
8105,2665,103,4,5044.44
8106,2665,452,2,743.06
8107,2665,32,1,4203.79
8108,2666,67,1,6765.53
8109,2666,398,4,6965.19
8110,2666,331,3,895.99
8111,2666,499,4,2598.33
8112,2667,89,4,4465.7
8113,2667,473,3,4224.82
8114,2668,148,1,2389.03
8115,2668,449,2,5990.22
8116,2668,261,3,6008.79
8117,2668,324,1,3848.88
8118,2669,359,1,3218.73
8119,2670,397,3,2867.64
8120,2670,466,2,3543.0
8121,2671,10,2,1780.12
8122,2671,85,3,206.91
8123,2671,105,1,4056.14
8124,2671,407,2,5614.76
8125,2671,181,2,277.41
8126,2672,97,3,3649.64
8127,2672,37,2,1174.23
8128,2672,77,2,5802.31
8129,2672,186,4,2472.63
8130,2673,357,3,3963.48
8131,2673,466,4,3543.0
8132,2673,240,2,1220.06
8133,2673,83,2,4207.1
8134,2673,361,1,3228.33
8135,2674,54,2,3298.92
8136,2675,210,4,530.97
8137,2676,483,2,6442.69
8138,2676,482,2,5294.83
8139,2676,5,2,2523.37
8140,2677,86,4,4346.28
8141,2677,15,1,3647.94
8142,2678,305,4,1283.96
8143,2679,165,3,4937.61
8144,2679,336,1,3505.41
8145,2679,151,1,1368.5
8146,2679,120,3,2247.59
8147,2680,187,4,7451.43
8148,2681,193,3,6626.72
8149,2681,490,4,7539.95
8150,2681,281,3,767.61
8151,2682,420,2,1934.38
8152,2682,181,2,277.41
8153,2682,66,4,3951.93
8154,2682,407,3,5614.76
8155,2682,71,4,4208.53
8156,2683,340,2,6024.22
8157,2683,5,4,2523.37
8158,2683,74,1,1856.46
8159,2683,133,1,7682.68
8160,2683,500,1,5135.84
8161,2684,409,3,4629.95
8162,2685,317,1,784.53
8163,2685,486,2,3925.75
8164,2685,242,2,3908.61
8165,2685,155,2,7062.88
8166,2686,153,1,7154.27
8167,2686,237,1,3807.7
8168,2686,287,3,362.6
8169,2686,6,2,2038.84
8170,2687,169,1,5455.24
8171,2687,333,2,6331.32
8172,2687,384,3,4637.79
8173,2687,468,4,6226.51
8174,2687,421,2,1285.52
8175,2688,4,1,5633.67
8176,2689,214,2,5909.34
8177,2689,199,2,4296.57
8178,2689,354,1,1425.69
8179,2690,79,1,2892.49
8180,2690,488,3,723.72
8181,2691,375,2,5456.42
8182,2691,409,2,4629.95
8183,2691,175,2,1587.68
8184,2692,254,1,229.57
8185,2692,341,4,1594.54
8186,2692,314,1,5187.17
8187,2692,360,1,2975.5
8188,2693,178,4,3635.79
8189,2694,88,2,3652.47
8190,2694,385,2,4521.81
8191,2695,55,2,5294.38
8192,2696,139,1,2207.41
8193,2697,109,3,2146.83
8194,2698,446,1,6731.46
8195,2699,61,1,1634.69
8196,2699,224,4,5253.84
8197,2699,11,3,5761.74
8198,2699,1,4,2876.42
8199,2700,168,3,4609.57
8200,2701,16,1,3318.23
8201,2701,138,4,4165.59
8202,2702,84,4,5116.75
8203,2702,52,4,2554.22
8204,2702,326,2,5313.25
8205,2702,207,1,5032.22
8206,2703,14,1,1195.89
8207,2704,83,3,4207.1
8208,2704,62,3,7110.36
8209,2704,353,2,4945.04
8210,2704,457,1,4840.21
8211,2704,278,3,1452.09
8212,2705,377,2,5763.68
8213,2705,401,2,830.88
8214,2706,375,3,5456.42
8215,2706,20,2,543.91
8216,2706,350,2,1035.46
8217,2706,89,4,4465.7
8218,2707,181,3,277.41
8219,2708,45,2,2239.06
8220,2708,290,3,1518.49
8221,2708,187,1,7451.43
8222,2708,139,4,2207.41
8223,2709,485,2,4042.01
8224,2709,60,2,5163.17
8225,2709,372,2,2126.62
8226,2709,330,2,4391.26
8227,2710,32,3,4203.79
8228,2710,103,1,5044.44
8229,2710,97,3,3649.64
8230,2710,449,3,5990.22
8231,2711,131,2,4351.85
8232,2711,458,1,4050.01
8233,2711,32,4,4203.79
8234,2712,387,2,1384.34
8235,2712,486,4,3925.75
8236,2712,438,1,3420.48
8237,2713,483,4,6442.69
8238,2714,148,4,2389.03
8239,2715,186,4,2472.63
8240,2715,184,4,4693.71
8241,2715,10,2,1780.12
8242,2715,1,1,2876.42
8243,2715,139,4,2207.41
8244,2716,242,4,3908.61
8245,2716,86,2,4346.28
8246,2717,372,3,2126.62
8247,2717,411,4,4968.3
8248,2718,297,3,1402.1
8249,2718,66,2,3951.93
8250,2718,415,4,3144.2
8251,2719,497,1,4863.47
8252,2719,433,4,3901.17
8253,2720,341,1,1594.54
8254,2721,499,1,2598.33
8255,2721,346,1,3160.86
8256,2722,222,3,5410.26
8257,2722,62,4,7110.36
8258,2723,294,2,6129.64
8259,2723,15,2,3647.94
8260,2723,285,2,3625.74
8261,2723,212,2,155.74
8262,2723,116,3,584.32
8263,2724,123,4,5238.56
8264,2724,78,2,2623.38
8265,2724,455,2,3452.95
8266,2724,369,3,3840.55
8267,2724,331,2,895.99
8268,2725,232,2,6669.4
8269,2725,405,3,4305.08
8270,2726,48,2,3118.93
8271,2726,11,4,5761.74
8272,2727,495,1,5674.17
8273,2727,279,1,774.25
8274,2727,234,1,1670.39
8275,2728,405,3,4305.08
8276,2728,186,2,2472.63
8277,2728,45,2,2239.06
8278,2729,78,3,2623.38
8279,2730,326,4,5313.25
8280,2730,392,3,1502.97
8281,2730,492,4,5032.36
8282,2730,465,4,6681.17
8283,2731,86,1,4346.28
8284,2731,47,4,2540.64
8285,2731,460,1,5962.4
8286,2731,267,2,3128.45
8287,2732,127,1,4216.76
8288,2732,493,4,6088.79
8289,2732,364,3,6026.85
8290,2733,150,3,1545.47
8291,2733,235,2,5882.55
8292,2734,247,1,3140.62
8293,2735,280,3,4382.83
8294,2735,69,2,2687.96
8295,2735,433,2,3901.17
8296,2735,388,1,1373.2
8297,2735,492,2,5032.36
8298,2736,114,4,1305.47
8299,2737,297,4,1402.1
8300,2737,50,3,4659.51
8301,2737,26,4,5756.04
8302,2737,76,4,3624.25
8303,2737,138,1,4165.59
8304,2738,262,4,3433.24
8305,2738,495,4,5674.17
8306,2739,357,3,3963.48
8307,2739,156,1,3556.59
8308,2739,283,1,5922.7
8309,2740,130,4,1963.29
8310,2740,368,4,3127.98
8311,2740,31,1,3335.57
8312,2740,300,2,1582.87
8313,2741,155,4,7062.88
8314,2741,238,4,555.04
8315,2741,10,3,1780.12
8316,2742,483,4,6442.69
8317,2742,356,4,5880.99
8318,2742,463,4,4315.08
8319,2742,292,3,5117.95
8320,2742,351,4,5407.74
8321,2743,63,2,639.04
8322,2743,144,4,4356.46
8323,2743,157,3,5351.04
8324,2743,20,1,543.91
8325,2743,64,2,5245.29
8326,2744,220,2,3372.55
8327,2744,321,4,2051.86
8328,2744,391,4,2831.62
8329,2744,240,3,1220.06
8330,2744,479,4,4247.61
8331,2745,194,3,3575.56
8332,2745,210,2,530.97
8333,2745,78,3,2623.38
8334,2745,494,3,5234.76
8335,2745,158,3,4348.37
8336,2746,378,4,5787.24
8337,2746,329,2,6150.42
8338,2746,51,3,775.58
8339,2746,478,3,4700.05
8340,2747,83,2,4207.1
8341,2747,396,1,1589.43
8342,2747,242,1,3908.61
8343,2747,342,1,2036.46
8344,2748,218,4,1046.26
8345,2748,24,4,6433.86
8346,2749,404,2,5691.79
8347,2749,139,3,2207.41
8348,2749,491,2,336.73
8349,2749,111,1,2394.51
8350,2749,168,2,4609.57
8351,2750,154,2,3919.63
8352,2750,86,3,4346.28
8353,2750,462,2,1440.1
8354,2750,170,1,3039.1
8355,2751,377,4,5763.68
8356,2751,218,3,1046.26
8357,2751,50,2,4659.51
8358,2752,464,2,7057.45
8359,2752,373,1,4435.35
8360,2752,141,4,4217.11
8361,2753,25,3,6342.54
8362,2754,119,2,224.22
8363,2754,163,4,6699.83
8364,2754,452,4,743.06
8365,2754,261,4,6008.79
8366,2755,174,2,2623.77
8367,2755,344,1,6982.35
8368,2755,177,1,1399.56
8369,2755,9,2,3407.08
8370,2755,306,1,1311.81
8371,2756,128,1,2947.92
8372,2756,309,3,825.37
8373,2757,174,2,2623.77
8374,2757,480,1,1852.13
8375,2758,156,4,3556.59
8376,2758,328,1,2729.68
8377,2758,293,1,5467.31
8378,2758,80,1,2551.1
8379,2759,239,1,2892.25
8380,2759,265,3,5984.67
8381,2760,357,2,3963.48
8382,2760,477,2,1536.6
8383,2761,443,3,4924.62
8384,2761,215,1,3143.73
8385,2761,73,3,958.17
8386,2761,169,3,5455.24
8387,2761,12,3,5776.18
8388,2762,328,4,2729.68
8389,2763,385,4,4521.81
8390,2763,3,1,394.52
8391,2764,477,1,1536.6
8392,2764,467,1,5633.33
8393,2764,101,4,1381.51
8394,2764,421,2,1285.52
8395,2764,310,1,3432.36
8396,2765,432,3,3897.39
8397,2765,270,3,3668.4
8398,2765,309,3,825.37
8399,2765,124,1,6069.73
8400,2765,207,4,5032.22
8401,2766,248,4,5396.23
8402,2766,421,4,1285.52
8403,2766,70,3,2952.71
8404,2766,207,4,5032.22
8405,2767,51,1,775.58
8406,2767,17,4,6553.92
8407,2768,176,1,2750.53
8408,2768,460,4,5962.4
8409,2768,484,3,5888.26
8410,2769,442,2,6554.24
8411,2770,44,3,5953.73
8412,2770,257,3,1725.23
8413,2770,294,4,6129.64
8414,2770,51,2,775.58
8415,2771,358,1,5127.98
8416,2771,9,3,3407.08
8417,2771,57,2,4604.53
8418,2771,142,1,628.57
8419,2772,425,1,4224.17
8420,2772,102,3,5155.01
8421,2772,369,2,3840.55
8422,2773,445,4,4299.29
8423,2773,97,4,3649.64
8424,2774,153,4,7154.27
8425,2774,268,1,2691.51
8426,2774,36,1,3194.46
8427,2774,227,1,3884.33
8428,2774,342,3,2036.46
8429,2775,217,3,1753.76
8430,2775,467,1,5633.33
8431,2775,489,4,1979.19
8432,2776,324,2,3848.88
8433,2776,193,3,6626.72
8434,2776,262,4,3433.24
8435,2776,137,4,2345.58
8436,2776,31,2,3335.57
8437,2777,223,1,830.78
8438,2777,47,2,2540.64
8439,2778,459,3,4650.34
8440,2778,24,3,6433.86
8441,2779,78,2,2623.38
8442,2779,200,4,3146.05
8443,2780,34,4,1739.97
8444,2781,208,1,1461.6
8445,2781,457,2,4840.21
8446,2782,348,4,4037.99
8447,2782,83,1,4207.1
8448,2782,354,2,1425.69
8449,2782,135,1,5029.03
8450,2783,434,1,5172.12
8451,2783,465,4,6681.17
8452,2783,466,2,3543.0
8453,2783,98,4,5554.21
8454,2784,489,4,1979.19
8455,2784,310,4,3432.36
8456,2785,294,1,6129.64
8457,2785,363,2,7234.27
8458,2785,35,1,3703.55
8459,2785,98,4,5554.21
8460,2785,412,4,2197.41
8461,2786,71,1,4208.53
8462,2786,49,4,1001.46
8463,2786,440,1,1786.05
8464,2786,408,3,2432.33
8465,2787,58,4,685.74
8466,2787,465,1,6681.17
8467,2787,389,1,1828.56
8468,2787,478,3,4700.05
8469,2788,244,2,1747.97
8470,2788,163,1,6699.83
8471,2788,451,3,5285.86
8472,2789,337,2,5116.18
8473,2789,209,3,5173.0
8474,2789,458,3,4050.01
8475,2789,128,1,2947.92
8476,2789,318,4,5367.63
8477,2790,301,3,4803.29
8478,2791,304,1,4992.14
8479,2791,57,2,4604.53
8480,2791,349,4,4253.69
8481,2791,184,2,4693.71
8482,2791,49,4,1001.46
8483,2792,176,2,2750.53
8484,2792,407,3,5614.76
8485,2793,281,3,767.61
8486,2793,354,4,1425.69
8487,2793,486,3,3925.75
8488,2794,162,3,3673.3
8489,2795,474,1,5605.5
8490,2795,413,1,5368.82
8491,2795,407,4,5614.76
8492,2796,98,1,5554.21
8493,2796,28,2,801.28
8494,2796,348,4,4037.99
8495,2796,324,2,3848.88
8496,2797,264,1,1850.78
8497,2797,368,1,3127.98
8498,2797,306,4,1311.81
8499,2798,483,4,6442.69
8500,2799,268,2,2691.51
8501,2799,360,1,2975.5
8502,2799,326,2,5313.25
8503,2799,278,2,1452.09
8504,2799,204,2,3202.4
8505,2800,450,2,2146.91
8506,2800,305,3,1283.96
8507,2800,225,3,3865.19
8508,2800,157,2,5351.04
8509,2801,163,1,6699.83
8510,2801,361,3,3228.33
8511,2801,210,2,530.97
8512,2801,115,2,2916.37
8513,2801,138,2,4165.59
8514,2802,471,3,1844.85
8515,2802,133,3,7682.68
8516,2802,196,3,4145.76
8517,2802,412,3,2197.41
8518,2803,123,1,5238.56
8519,2803,334,4,4382.79
8520,2803,17,3,6553.92
8521,2803,159,3,1782.91
8522,2803,334,4,4382.79
8523,2804,285,3,3625.74
8524,2805,274,4,7224.74
8525,2805,357,1,3963.48
8526,2806,136,1,6859.2
8527,2806,154,3,3919.63
8528,2806,243,4,5813.12
8529,2807,473,3,4224.82
8530,2807,354,1,1425.69
8531,2807,62,4,7110.36
8532,2807,480,3,1852.13
8533,2808,424,1,1011.09
8534,2808,289,4,615.43
8535,2808,359,1,3218.73
8536,2808,149,4,5667.0
8537,2808,449,1,5990.22
8538,2809,267,1,3128.45
8539,2809,357,2,3963.48
8540,2809,351,3,5407.74
8541,2809,157,4,5351.04
8542,2809,6,1,2038.84
8543,2810,380,1,4324.63
8544,2810,8,2,1108.08
8545,2810,286,2,5544.61
8546,2810,15,2,3647.94
8547,2811,298,4,5143.35
8548,2811,298,1,5143.35
8549,2811,392,3,1502.97
8550,2812,323,1,4863.69
8551,2812,255,4,3636.36
8552,2812,179,4,2635.11
8553,2812,399,3,5067.92
8554,2813,342,4,2036.46
8555,2813,362,3,4182.94
8556,2813,264,1,1850.78
8557,2813,414,1,981.22
8558,2813,347,1,5269.21
8559,2814,284,1,1954.57
8560,2814,468,4,6226.51
8561,2815,86,4,4346.28
8562,2815,206,4,6451.33
8563,2815,489,3,1979.19
8564,2815,82,4,5405.87
8565,2815,123,1,5238.56
8566,2816,133,4,7682.68
8567,2816,111,1,2394.51
8568,2816,310,1,3432.36
8569,2817,25,3,6342.54
8570,2817,267,4,3128.45
8571,2817,190,1,2545.79
8572,2817,392,2,1502.97
8573,2818,376,4,4480.08
8574,2818,426,4,1145.23
8575,2818,129,2,1449.29
8576,2819,167,4,6818.7
8577,2819,42,3,5752.4
8578,2819,189,1,3600.6
8579,2820,169,3,5455.24
8580,2820,298,1,5143.35
8581,2821,436,2,6428.91
8582,2821,221,1,6443.18
8583,2821,359,2,3218.73
8584,2821,111,4,2394.51
8585,2822,306,3,1311.81
8586,2823,204,2,3202.4
8587,2823,133,3,7682.68
8588,2824,318,3,5367.63
8589,2824,5,4,2523.37
8590,2824,62,4,7110.36
8591,2824,293,3,5467.31
8592,2825,2,2,5222.22
8593,2826,412,1,2197.41
8594,2826,334,3,4382.79
8595,2826,294,1,6129.64
8596,2826,164,3,451.3
8597,2827,226,4,1742.75
8598,2827,66,2,3951.93
8599,2827,352,3,6820.17
8600,2828,52,1,2554.22
8601,2828,37,1,1174.23
8602,2828,417,2,4766.29
8603,2828,263,4,4317.08
8604,2828,104,2,673.38
8605,2829,218,1,1046.26
8606,2829,288,4,6212.26
8607,2829,297,1,1402.1
8608,2829,58,3,685.74
8609,2829,383,1,1338.8
8610,2830,73,2,958.17
8611,2831,181,2,277.41
8612,2832,435,1,3048.69
8613,2832,148,3,2389.03
8614,2832,6,3,2038.84
8615,2832,236,1,4782.03
8616,2832,442,2,6554.24
8617,2833,94,2,637.72
8618,2833,19,4,4193.05
8619,2833,75,2,3885.28
8620,2833,80,1,2551.1
8621,2834,446,3,6731.46
8622,2834,490,3,7539.95
8623,2835,216,1,4724.1
8624,2835,231,4,1813.96
8625,2835,331,1,895.99
8626,2835,482,2,5294.83
8627,2836,372,3,2126.62
8628,2836,325,2,6330.63
8629,2836,174,1,2623.77
8630,2836,285,2,3625.74
8631,2836,296,3,959.66
8632,2837,164,2,451.3
8633,2837,131,2,4351.85
8634,2838,308,2,1437.25
8635,2838,29,1,5434.79
8636,2838,154,1,3919.63
8637,2838,149,3,5667.0
8638,2838,199,2,4296.57
8639,2839,470,1,4963.98
8640,2839,115,1,2916.37
8641,2840,474,3,5605.5
8642,2840,285,4,3625.74
8643,2840,357,4,3963.48
8644,2841,67,3,6765.53
8645,2842,343,2,2443.83
8646,2842,487,1,3602.54
8647,2842,314,2,5187.17
8648,2842,263,1,4317.08
8649,2842,367,4,2356.19
8650,2843,391,3,2831.62
8651,2844,119,3,224.22
8652,2844,348,3,4037.99
8653,2845,101,2,1381.51
8654,2845,90,3,2134.9
8655,2846,486,1,3925.75
8656,2846,470,2,4963.98
8657,2846,495,2,5674.17
8658,2847,257,4,1725.23
8659,2847,445,3,4299.29
8660,2847,87,2,1282.33
8661,2847,198,1,2183.12
8662,2847,287,1,362.6
8663,2848,218,3,1046.26
8664,2848,33,1,6626.78
8665,2848,280,3,4382.83
8666,2848,125,4,4655.25
8667,2849,412,3,2197.41
8668,2849,146,2,2758.94
8669,2849,176,4,2750.53
8670,2849,355,2,6023.83
8671,2850,287,1,362.6
8672,2851,259,2,1302.93
8673,2851,237,1,3807.7
8674,2851,324,1,3848.88
8675,2851,6,4,2038.84
8676,2851,20,1,543.91
8677,2852,165,2,4937.61
8678,2852,4,2,5633.67
8679,2852,497,2,4863.47
8680,2852,196,3,4145.76
8681,2853,241,1,600.8
8682,2854,348,4,4037.99
8683,2855,281,1,767.61
8684,2855,451,1,5285.86
8685,2856,189,1,3600.6
8686,2856,440,4,1786.05
8687,2856,154,2,3919.63
8688,2856,296,2,959.66
8689,2857,19,1,4193.05
8690,2857,90,4,2134.9
8691,2857,179,3,2635.11
8692,2857,293,1,5467.31
8693,2857,222,4,5410.26
8694,2858,99,2,377.4
8695,2858,499,1,2598.33
8696,2858,295,1,1323.61
8697,2858,257,4,1725.23
8698,2859,246,3,2663.81
8699,2859,331,1,895.99
8700,2859,16,3,3318.23
8701,2859,319,4,3408.81
8702,2860,101,3,1381.51
8703,2860,454,2,469.46
8704,2860,456,3,4335.7
8705,2861,169,1,5455.24
8706,2862,215,4,3143.73
8707,2862,434,4,5172.12
8708,2863,116,4,584.32
8709,2864,385,4,4521.81
8710,2865,373,4,4435.35
8711,2865,193,4,6626.72
8712,2866,343,2,2443.83
8713,2866,138,3,4165.59
8714,2866,500,3,5135.84
8715,2867,154,1,3919.63
8716,2867,200,4,3146.05
8717,2868,330,1,4391.26
8718,2869,227,4,3884.33
8719,2869,82,1,5405.87
8720,2869,384,3,4637.79
8721,2869,298,2,5143.35
8722,2869,77,1,5802.31
8723,2870,196,3,4145.76
8724,2870,474,2,5605.5
8725,2870,153,2,7154.27
8726,2870,33,1,6626.78
8727,2870,121,1,704.52
8728,2871,249,3,6139.17
8729,2871,189,2,3600.6
8730,2871,318,2,5367.63
8731,2872,273,3,4355.96
8732,2872,27,4,1911.35
8733,2872,373,4,4435.35
8734,2872,370,4,4396.17
8735,2872,8,1,1108.08
8736,2873,270,4,3668.4
8737,2873,218,1,1046.26
8738,2873,71,1,4208.53
8739,2873,399,3,5067.92
8740,2874,468,1,6226.51
8741,2874,275,1,1381.85
8742,2874,156,1,3556.59
8743,2874,277,1,4935.0
8744,2875,149,2,5667.0
8745,2875,272,1,1207.17
8746,2875,166,4,3680.98
8747,2875,138,2,4165.59
8748,2875,48,4,3118.93
8749,2876,490,4,7539.95
8750,2876,226,4,1742.75
8751,2876,380,3,4324.63
8752,2876,40,3,2870.78
8753,2876,73,4,958.17
8754,2877,481,3,4362.0
8755,2878,444,4,5110.75
8756,2878,175,2,1587.68
8757,2878,148,1,2389.03
8758,2879,220,3,3372.55
8759,2879,197,1,3444.31
8760,2880,331,4,895.99
8761,2880,78,3,2623.38
8762,2881,470,4,4963.98
8763,2882,112,4,5163.37
8764,2882,437,2,1635.15
8765,2882,475,4,1249.33
8766,2882,126,2,5865.84
8767,2883,484,2,5888.26
8768,2883,97,3,3649.64
8769,2883,179,1,2635.11
8770,2883,283,4,5922.7
8771,2884,35,3,3703.55
8772,2884,467,2,5633.33
8773,2885,47,2,2540.64
8774,2886,207,3,5032.22
8775,2887,325,1,6330.63
8776,2888,94,1,637.72
8777,2889,70,2,2952.71
8778,2889,356,3,5880.99
8779,2890,442,4,6554.24
8780,2890,320,1,6639.63
8781,2890,344,2,6982.35
8782,2890,361,1,3228.33
8783,2890,257,1,1725.23
8784,2891,323,2,4863.69
8785,2892,261,1,6008.79
8786,2892,121,4,704.52
8787,2892,13,4,2922.53
8788,2893,443,1,4924.62
8789,2894,418,1,4532.15
8790,2894,243,2,5813.12
8791,2894,368,1,3127.98
8792,2894,131,3,4351.85
8793,2894,480,3,1852.13
8794,2895,151,2,1368.5
8795,2895,34,4,1739.97
8796,2895,130,3,1963.29
8797,2895,177,4,1399.56
8798,2895,13,2,2922.53
8799,2896,165,3,4937.61
8800,2896,410,3,2717.31
8801,2896,419,2,4392.23
8802,2896,451,3,5285.86
8803,2896,130,3,1963.29
8804,2897,281,1,767.61
8805,2897,372,4,2126.62
8806,2897,310,4,3432.36
8807,2897,250,2,2853.44
8808,2898,26,1,5756.04
8809,2898,309,1,825.37
8810,2899,367,4,2356.19
8811,2899,432,2,3897.39
8812,2900,49,2,1001.46
8813,2900,495,4,5674.17
8814,2900,14,3,1195.89
8815,2900,234,4,1670.39
8816,2901,62,1,7110.36
8817,2902,10,1,1780.12
8818,2902,279,1,774.25
8819,2902,317,4,784.53
8820,2903,224,2,5253.84
8821,2903,305,2,1283.96
8822,2903,426,4,1145.23
8823,2903,71,2,4208.53
8824,2904,170,1,3039.1
8825,2904,500,3,5135.84
8826,2904,455,3,3452.95
8827,2904,157,4,5351.04
8828,2905,313,3,3303.95
8829,2905,466,3,3543.0
8830,2905,476,4,4727.45
8831,2906,410,2,2717.31
8832,2906,8,1,1108.08
8833,2906,19,1,4193.05
8834,2907,450,2,2146.91
8835,2908,415,4,3144.2
8836,2908,322,4,3077.91
8837,2908,43,3,791.88
8838,2908,389,2,1828.56
8839,2909,330,3,4391.26
8840,2909,168,4,4609.57
8841,2909,256,1,2686.28
8842,2909,486,3,3925.75
8843,2910,489,1,1979.19
8844,2910,68,2,5048.98
8845,2910,92,3,4206.66
8846,2910,267,3,3128.45
8847,2910,10,2,1780.12
8848,2911,1,1,2876.42
8849,2911,479,4,4247.61
8850,2911,500,3,5135.84
8851,2911,460,2,5962.4
8852,2911,74,4,1856.46
8853,2912,106,3,1635.06
8854,2912,167,3,6818.7
8855,2912,178,4,3635.79
8856,2912,315,3,1950.17
8857,2912,120,1,2247.59
8858,2913,299,3,5162.19
8859,2914,206,4,6451.33
8860,2914,175,4,1587.68
8861,2914,340,3,6024.22
8862,2914,347,2,5269.21
8863,2914,211,4,3182.08
8864,2915,249,3,6139.17
8865,2915,75,3,3885.28
8866,2916,329,2,6150.42
8867,2916,84,2,5116.75
8868,2916,110,2,6959.37
8869,2917,273,1,4355.96
8870,2917,258,2,4144.01
8871,2917,75,2,3885.28
8872,2918,58,1,685.74
8873,2919,35,2,3703.55
8874,2919,361,3,3228.33
8875,2920,9,4,3407.08
8876,2920,26,1,5756.04
8877,2921,499,1,2598.33
8878,2921,249,1,6139.17
8879,2921,275,1,1381.85
8880,2922,43,2,791.88
8881,2922,258,3,4144.01
8882,2923,123,3,5238.56
8883,2924,264,1,1850.78
8884,2924,244,1,1747.97
8885,2925,111,3,2394.51
8886,2925,493,1,6088.79
8887,2925,144,1,4356.46
8888,2925,205,4,6203.46
8889,2925,169,4,5455.24
8890,2926,82,1,5405.87
8891,2926,492,2,5032.36
8892,2926,458,2,4050.01
8893,2927,168,3,4609.57
8894,2927,257,3,1725.23
8895,2928,51,1,775.58
8896,2929,185,4,1990.36
8897,2930,376,1,4480.08
8898,2930,455,2,3452.95
8899,2930,131,3,4351.85
8900,2930,431,1,2345.7
8901,2931,357,4,3963.48
8902,2932,410,2,2717.31
8903,2932,223,3,830.78
8904,2932,276,4,2669.21
8905,2932,312,4,4519.33
8906,2932,41,4,5380.63
8907,2933,98,2,5554.21
8908,2933,377,4,5763.68
8909,2933,325,3,6330.63
8910,2933,374,4,3593.06
8911,2934,70,2,2952.71
8912,2934,362,1,4182.94
8913,2934,10,4,1780.12
8914,2934,200,2,3146.05
8915,2935,299,4,5162.19
8916,2936,22,2,2628.43
8917,2936,175,1,1587.68
8918,2936,305,2,1283.96
8919,2936,144,4,4356.46
8920,2936,454,1,469.46
8921,2937,236,4,4782.03
8922,2938,384,3,4637.79
8923,2938,47,4,2540.64
8924,2938,281,3,767.61
8925,2938,479,2,4247.61
8926,2938,268,4,2691.51
8927,2939,441,3,5639.25
8928,2939,118,3,4371.63
8929,2940,269,4,2723.78
8930,2940,374,2,3593.06
8931,2940,91,3,2388.1
8932,2940,438,4,3420.48
8933,2941,264,1,1850.78
8934,2941,269,1,2723.78
8935,2942,162,2,3673.3
8936,2943,373,3,4435.35
8937,2943,471,2,1844.85
8938,2943,200,3,3146.05
8939,2944,396,4,1589.43
8940,2944,382,4,5869.03
8941,2944,489,3,1979.19
8942,2944,168,3,4609.57
8943,2944,189,4,3600.6
8944,2945,106,3,1635.06
8945,2945,286,2,5544.61
8946,2945,386,1,988.77
8947,2946,390,2,222.07
8948,2946,247,1,3140.62
8949,2947,285,4,3625.74
8950,2947,200,1,3146.05
8951,2947,104,2,673.38
8952,2948,429,2,3529.21
8953,2948,55,2,5294.38
8954,2948,288,2,6212.26
8955,2948,141,2,4217.11
8956,2949,353,1,4945.04
8957,2949,41,3,5380.63
8958,2949,92,4,4206.66
8959,2949,407,1,5614.76
8960,2949,406,3,2675.38
8961,2950,28,4,801.28
8962,2950,2,3,5222.22
8963,2950,488,1,723.72
8964,2950,98,4,5554.21
8965,2951,452,3,743.06
8966,2951,459,1,4650.34
8967,2952,124,4,6069.73
8968,2953,365,4,5059.36
8969,2953,171,1,6247.86
8970,2953,306,4,1311.81
8971,2953,382,1,5869.03
8972,2953,48,3,3118.93
8973,2954,359,1,3218.73
8974,2954,5,3,2523.37
8975,2954,452,2,743.06
8976,2954,150,4,1545.47
8977,2954,360,4,2975.5
8978,2955,50,1,4659.51
8979,2956,238,2,555.04
8980,2956,290,4,1518.49
8981,2956,391,3,2831.62
8982,2957,313,4,3303.95
8983,2958,416,4,3452.92
8984,2958,394,1,4349.12
8985,2959,262,2,3433.24
8986,2959,455,1,3452.95
8987,2960,293,1,5467.31
8988,2960,161,4,6112.98
8989,2960,337,2,5116.18
8990,2961,70,2,2952.71
8991,2961,217,2,1753.76
8992,2962,428,2,3337.91
8993,2962,380,1,4324.63
8994,2962,280,4,4382.83
8995,2962,442,1,6554.24
8996,2963,448,1,1589.08
8997,2964,389,1,1828.56
8998,2964,311,4,1952.58
8999,2965,466,4,3543.0
9000,2965,179,4,2635.11
9001,2966,461,4,4553.3
9002,2967,228,1,5999.41
9003,2967,69,4,2687.96
9004,2967,386,4,988.77
9005,2967,397,4,2867.64
9006,2968,91,1,2388.1
9007,2968,380,4,4324.63
9008,2968,93,2,2629.61
9009,2968,260,4,1846.21
9010,2968,100,4,7678.63
9011,2969,227,1,3884.33
9012,2969,310,3,3432.36
9013,2969,432,1,3897.39
9014,2969,458,4,4050.01
9015,2970,456,2,4335.7
9016,2970,60,4,5163.17
9017,2970,27,3,1911.35
9018,2970,97,4,3649.64
9019,2970,226,1,1742.75
9020,2971,305,4,1283.96
9021,2972,427,2,5615.06
9022,2972,33,1,6626.78
9023,2973,382,4,5869.03
9024,2973,248,1,5396.23
9025,2974,424,1,1011.09
9026,2974,136,3,6859.2
9027,2975,97,4,3649.64
9028,2976,356,4,5880.99
9029,2977,338,4,5130.85
9030,2977,355,2,6023.83
9031,2978,359,4,3218.73
9032,2979,297,2,1402.1
9033,2979,312,3,4519.33
9034,2979,49,2,1001.46
9035,2979,490,3,7539.95
9036,2980,167,4,6818.7
9037,2980,131,4,4351.85
9038,2981,141,4,4217.11
9039,2981,346,1,3160.86
9040,2981,342,4,2036.46
9041,2981,318,3,5367.63
9042,2981,54,1,3298.92
9043,2982,188,3,5890.62
9044,2982,106,3,1635.06
9045,2982,285,1,3625.74
9046,2983,204,1,3202.4
9047,2983,463,4,4315.08
9048,2984,241,2,600.8
9049,2985,476,4,4727.45
9050,2985,83,2,4207.1
9051,2985,206,4,6451.33
9052,2985,457,1,4840.21
9053,2986,45,3,2239.06
9054,2987,485,4,4042.01
9055,2987,119,4,224.22
9056,2987,453,1,2708.83
9057,2988,290,2,1518.49
9058,2988,373,4,4435.35
9059,2988,110,1,6959.37
9060,2989,34,3,1739.97
9061,2989,120,2,2247.59
9062,2990,177,1,1399.56
9063,2990,302,4,4353.43
9064,2991,189,2,3600.6
9065,2991,53,4,1636.05
9066,2991,210,4,530.97
9067,2991,220,3,3372.55
9068,2991,253,2,2797.42
9069,2992,314,3,5187.17
9070,2993,69,1,2687.96
9071,2994,381,4,2780.62
9072,2994,355,1,6023.83
9073,2995,249,1,6139.17
9074,2996,63,2,639.04
9075,2996,429,4,3529.21
9076,2997,161,3,6112.98
9077,2997,47,4,2540.64
9078,2997,179,3,2635.11
9079,2997,283,2,5922.7
9080,2998,245,2,2794.78
9081,2998,142,4,628.57
9082,2998,136,4,6859.2
9083,2998,176,4,2750.53
9084,2998,163,2,6699.83
9085,2999,51,4,775.58
9086,2999,441,3,5639.25
9087,3000,285,4,3625.74
9088,3000,23,4,4519.4
9089,3001,80,4,2551.1
9090,3001,486,2,3925.75
9091,3001,92,1,4206.66
9092,3001,163,1,6699.83
9093,3002,20,2,543.91
9094,3002,6,2,2038.84
9095,3002,496,3,5678.29
9096,3003,187,4,7451.43
9097,3003,330,3,4391.26
9098,3004,27,3,1911.35
9099,3004,330,1,4391.26
9100,3005,324,1,3848.88
9101,3005,178,4,3635.79
9102,3005,143,2,4831.33
9103,3005,444,4,5110.75
9104,3006,192,4,1522.05
9105,3006,449,3,5990.22
9106,3006,439,4,5144.08
9107,3006,289,3,615.43
9108,3007,136,4,6859.2
9109,3007,304,1,4992.14
9110,3007,188,3,5890.62
9111,3007,174,4,2623.77
9112,3007,161,3,6112.98
9113,3008,392,2,1502.97
9114,3009,370,1,4396.17
9115,3010,38,4,1645.79
9116,3010,260,4,1846.21
9117,3010,23,1,4519.4
9118,3010,379,2,1894.51
9119,3011,124,4,6069.73
9120,3011,174,2,2623.77
9121,3011,59,3,3551.72
9122,3011,335,3,3273.18
9123,3011,265,1,5984.67
9124,3012,155,3,7062.88
9125,3012,488,4,723.72
9126,3013,412,1,2197.41
9127,3014,157,3,5351.04
9128,3015,481,1,4362.0
9129,3015,429,4,3529.21
9130,3015,147,1,2549.32
9131,3015,28,1,801.28
9132,3015,84,4,5116.75
9133,3016,305,3,1283.96
9134,3016,61,1,1634.69
9135,3016,367,2,2356.19
9136,3017,266,2,3100.54
9137,3017,183,2,4643.22
9138,3017,336,4,3505.41
9139,3017,319,2,3408.81
9140,3018,152,4,5260.39
9141,3018,375,3,5456.42
9142,3019,328,3,2729.68
9143,3020,395,2,4977.01
9144,3020,351,2,5407.74
9145,3020,244,2,1747.97
9146,3021,236,1,4782.03
9147,3021,232,2,6669.4
9148,3021,294,4,6129.64
9149,3021,113,3,2129.84
9150,3022,237,2,3807.7
9151,3022,414,3,981.22
9152,3022,3,1,394.52
9153,3022,91,4,2388.1
9154,3023,221,2,6443.18
9155,3023,25,4,6342.54
9156,3023,112,3,5163.37
9157,3023,165,3,4937.61
9158,3023,72,3,5436.37
9159,3024,253,4,2797.42
9160,3024,42,1,5752.4
9161,3024,255,2,3636.36
9162,3024,61,2,1634.69
9163,3024,426,1,1145.23
9164,3025,98,1,5554.21
9165,3025,364,1,6026.85
9166,3025,380,3,4324.63
9167,3025,121,4,704.52
9168,3026,346,1,3160.86
9169,3026,398,1,6965.19
9170,3026,292,4,5117.95
9171,3027,79,3,2892.49
9172,3027,337,1,5116.18
9173,3027,289,3,615.43
9174,3027,112,4,5163.37
9175,3028,45,3,2239.06
9176,3028,1,2,2876.42
9177,3028,176,3,2750.53
9178,3028,218,1,1046.26
9179,3029,92,4,4206.66
9180,3029,36,3,3194.46
9181,3029,243,1,5813.12
9182,3029,316,3,3281.58
9183,3029,405,3,4305.08
9184,3030,70,4,2952.71
9185,3031,181,4,277.41
9186,3031,500,4,5135.84
9187,3031,499,3,2598.33
9188,3032,267,4,3128.45
9189,3032,376,2,4480.08
9190,3032,22,2,2628.43
9191,3033,467,3,5633.33
9192,3034,279,1,774.25
9193,3034,111,4,2394.51
9194,3034,364,3,6026.85
9195,3034,488,2,723.72
9196,3034,10,3,1780.12
9197,3035,405,3,4305.08
9198,3036,133,4,7682.68
9199,3036,234,3,1670.39
9200,3037,135,3,5029.03
9201,3037,180,1,1609.07
9202,3037,385,1,4521.81
9203,3038,202,1,3841.09
9204,3038,405,1,4305.08
9205,3038,274,2,7224.74
9206,3038,231,2,1813.96
9207,3039,43,4,791.88
9208,3039,174,3,2623.77
9209,3040,356,4,5880.99
9210,3040,425,2,4224.17
9211,3040,171,4,6247.86
9212,3040,122,4,1788.84
9213,3041,437,3,1635.15
9214,3041,257,2,1725.23
9215,3042,410,1,2717.31
9216,3042,168,4,4609.57
9217,3042,347,1,5269.21
9218,3043,160,1,6704.84
9219,3043,451,4,5285.86
9220,3043,113,3,2129.84
9221,3044,166,4,3680.98
9222,3044,10,1,1780.12
9223,3044,251,3,4963.2
9224,3044,313,4,3303.95
9225,3044,114,2,1305.47
9226,3045,151,1,1368.5
9227,3046,46,2,922.81
9228,3046,379,4,1894.51
9229,3046,399,4,5067.92
9230,3046,361,3,3228.33
9231,3046,26,4,5756.04
9232,3047,393,1,1234.01
9233,3047,225,2,3865.19
9234,3047,447,2,2421.14
9235,3048,275,4,1381.85
9236,3048,274,4,7224.74
9237,3048,110,4,6959.37
9238,3048,450,1,2146.91
9239,3048,117,3,924.08
9240,3049,124,3,6069.73
9241,3049,202,4,3841.09
9242,3049,292,1,5117.95
9243,3050,304,4,4992.14
9244,3050,34,3,1739.97
9245,3050,352,1,6820.17
9246,3050,96,2,418.99
9247,3050,47,1,2540.64
9248,3051,439,1,5144.08
9249,3051,484,1,5888.26
9250,3051,423,4,5959.15
9251,3052,262,2,3433.24
9252,3052,394,3,4349.12
9253,3053,109,4,2146.83
9254,3053,379,1,1894.51
9255,3053,496,3,5678.29
9256,3054,279,4,774.25
9257,3054,119,1,224.22
9258,3055,400,2,3874.31
9259,3055,201,1,1060.46
9260,3055,39,1,3097.27
9261,3055,492,2,5032.36
9262,3055,364,1,6026.85
9263,3056,37,3,1174.23
9264,3056,126,3,5865.84
9265,3057,203,3,3122.39
9266,3057,130,2,1963.29
9267,3058,228,3,5999.41
9268,3058,430,1,1289.32
9269,3059,341,4,1594.54
9270,3059,123,4,5238.56
9271,3060,274,2,7224.74
9272,3060,283,1,5922.7
9273,3060,265,4,5984.67
9274,3060,120,3,2247.59
9275,3061,297,4,1402.1
9276,3061,446,1,6731.46
9277,3061,368,1,3127.98
9278,3061,500,2,5135.84
9279,3062,453,3,2708.83
9280,3062,59,3,3551.72
9281,3062,205,1,6203.46
9282,3062,79,1,2892.49
9283,3062,487,1,3602.54
9284,3063,48,2,3118.93
9285,3064,425,1,4224.17
9286,3065,19,1,4193.05
9287,3065,253,2,2797.42
9288,3065,442,4,6554.24
9289,3066,180,3,1609.07
9290,3067,23,3,4519.4
9291,3067,11,2,5761.74
9292,3067,404,4,5691.79
9293,3068,432,1,3897.39
9294,3068,270,3,3668.4
9295,3068,492,1,5032.36
9296,3068,388,1,1373.2
9297,3069,252,3,4468.34
9298,3069,431,2,2345.7
9299,3069,31,4,3335.57
9300,3070,64,3,5245.29
9301,3070,454,4,469.46
9302,3070,480,1,1852.13
9303,3070,447,1,2421.14
9304,3071,325,3,6330.63
9305,3071,212,2,155.74
9306,3071,465,4,6681.17
9307,3072,302,3,4353.43
9308,3073,499,3,2598.33
9309,3074,245,4,2794.78
9310,3074,208,3,1461.6
9311,3074,5,1,2523.37
9312,3075,129,4,1449.29
9313,3075,154,2,3919.63
9314,3076,484,1,5888.26
9315,3076,462,1,1440.1
9316,3076,477,2,1536.6
9317,3076,204,2,3202.4
9318,3076,35,2,3703.55
9319,3077,15,3,3647.94
9320,3078,42,4,5752.4
9321,3078,180,2,1609.07
9322,3078,466,4,3543.0
9323,3079,109,1,2146.83
9324,3079,162,2,3673.3
9325,3079,210,3,530.97
9326,3079,331,3,895.99
9327,3080,382,3,5869.03
9328,3080,135,4,5029.03
9329,3080,400,3,3874.31
9330,3081,69,4,2687.96
9331,3081,345,3,6715.15
9332,3082,397,1,2867.64
9333,3082,198,1,2183.12
9334,3082,182,3,4710.47
9335,3082,99,4,377.4
9336,3083,5,3,2523.37
9337,3083,160,3,6704.84
9338,3084,291,2,4158.04
9339,3084,442,1,6554.24
9340,3085,454,1,469.46
9341,3085,126,1,5865.84
9342,3085,367,4,2356.19
9343,3085,322,1,3077.91
9344,3085,398,4,6965.19
9345,3086,458,2,4050.01
9346,3086,23,3,4519.4
9347,3087,155,1,7062.88
9348,3087,52,2,2554.22
9349,3087,479,4,4247.61
9350,3087,43,1,791.88
9351,3088,335,1,3273.18
9352,3088,120,1,2247.59
9353,3088,420,1,1934.38
9354,3089,344,4,6982.35
9355,3089,45,3,2239.06
9356,3090,79,2,2892.49
9357,3090,33,1,6626.78
9358,3090,421,2,1285.52
9359,3090,370,1,4396.17
9360,3090,95,4,4933.59
9361,3091,139,4,2207.41
9362,3091,227,1,3884.33
9363,3091,114,1,1305.47
9364,3091,32,4,4203.79
9365,3091,105,4,4056.14
9366,3092,306,4,1311.81
9367,3092,180,1,1609.07
9368,3092,70,3,2952.71
9369,3093,359,3,3218.73
9370,3093,477,4,1536.6
9371,3093,329,2,6150.42
9372,3094,359,3,3218.73
9373,3094,16,4,3318.23
9374,3095,218,3,1046.26
9375,3095,138,4,4165.59
9376,3095,261,1,6008.79
9377,3095,418,3,4532.15
9378,3096,191,4,1690.83
9379,3096,23,3,4519.4
9380,3096,446,1,6731.46
9381,3097,289,3,615.43
9382,3097,123,1,5238.56
9383,3097,408,1,2432.33
9384,3097,416,3,3452.92
9385,3097,149,1,5667.0
9386,3098,494,4,5234.76
9387,3098,209,1,5173.0
9388,3098,495,2,5674.17
9389,3099,375,4,5456.42
9390,3099,495,4,5674.17
9391,3100,39,3,3097.27
9392,3100,455,1,3452.95
9393,3101,14,2,1195.89
9394,3102,326,3,5313.25
9395,3103,439,1,5144.08
9396,3103,311,4,1952.58
9397,3104,82,2,5405.87
9398,3105,311,1,1952.58
9399,3105,171,2,6247.86
9400,3106,153,4,7154.27
9401,3106,411,4,4968.3
9402,3106,78,4,2623.38
9403,3107,232,4,6669.4
9404,3107,167,4,6818.7
9405,3107,65,1,1839.77
9406,3107,136,4,6859.2
9407,3108,173,1,4328.16
9408,3108,493,1,6088.79
9409,3108,51,1,775.58
9410,3109,261,1,6008.79
9411,3109,79,1,2892.49
9412,3109,88,4,3652.47
9413,3109,115,2,2916.37
9414,3109,79,4,2892.49
9415,3110,410,2,2717.31
9416,3110,166,2,3680.98
9417,3110,56,3,1350.59
9418,3110,276,3,2669.21
9419,3111,207,1,5032.22
9420,3111,417,3,4766.29
9421,3111,244,4,1747.97
9422,3112,53,2,1636.05
9423,3113,249,2,6139.17
9424,3113,280,3,4382.83
9425,3113,165,1,4937.61
9426,3114,499,1,2598.33
9427,3114,471,1,1844.85
9428,3114,256,1,2686.28
9429,3114,490,2,7539.95
9430,3115,343,4,2443.83
9431,3115,127,1,4216.76
9432,3115,324,3,3848.88
9433,3116,231,2,1813.96
9434,3116,216,2,4724.1
9435,3116,474,3,5605.5
9436,3116,94,3,637.72
9437,3116,386,2,988.77
9438,3117,203,3,3122.39
9439,3117,485,4,4042.01
9440,3117,397,3,2867.64
9441,3117,395,1,4977.01
9442,3118,13,2,2922.53
9443,3118,381,4,2780.62
9444,3118,116,3,584.32
9445,3118,58,2,685.74
9446,3119,261,2,6008.79
9447,3119,291,4,4158.04
9448,3119,333,2,6331.32
9449,3119,400,4,3874.31
9450,3119,495,2,5674.17
9451,3120,316,1,3281.58
9452,3120,238,1,555.04
9453,3120,221,3,6443.18
9454,3121,38,3,1645.79
9455,3121,372,4,2126.62
9456,3122,423,1,5959.15
9457,3122,110,4,6959.37
9458,3122,45,3,2239.06
9459,3123,261,4,6008.79
9460,3124,151,2,1368.5
9461,3124,301,2,4803.29
9462,3124,63,1,639.04
9463,3125,192,3,1522.05
9464,3125,47,1,2540.64
9465,3125,165,4,4937.61
9466,3126,429,4,3529.21
9467,3126,5,3,2523.37
9468,3126,146,1,2758.94
9469,3126,44,3,5953.73
9470,3126,227,2,3884.33
9471,3127,87,2,1282.33
9472,3127,262,4,3433.24
9473,3127,456,2,4335.7
9474,3127,197,3,3444.31
9475,3128,134,2,4419.51
9476,3128,344,2,6982.35
9477,3128,36,1,3194.46
9478,3128,309,1,825.37
9479,3129,246,2,2663.81
9480,3129,249,2,6139.17
9481,3129,343,3,2443.83
9482,3129,344,1,6982.35
9483,3129,227,1,3884.33
9484,3130,468,4,6226.51
9485,3130,110,1,6959.37
9486,3130,419,3,4392.23
9487,3130,365,3,5059.36
9488,3131,112,4,5163.37
9489,3131,177,4,1399.56
9490,3132,108,1,2189.38
9491,3132,120,4,2247.59
9492,3133,64,2,5245.29
9493,3133,166,1,3680.98
9494,3133,393,1,1234.01
9495,3134,324,2,3848.88
9496,3134,1,1,2876.42
9497,3134,44,2,5953.73
9498,3135,131,2,4351.85
9499,3135,244,4,1747.97
9500,3135,272,1,1207.17
9501,3135,22,4,2628.43
9502,3136,258,4,4144.01
9503,3137,163,3,6699.83
9504,3137,290,3,1518.49
9505,3138,85,2,206.91
9506,3139,432,1,3897.39
9507,3140,108,4,2189.38
9508,3140,384,4,4637.79
9509,3141,261,3,6008.79
9510,3141,90,3,2134.9
9511,3142,4,2,5633.67
9512,3143,415,1,3144.2
9513,3143,76,4,3624.25
9514,3144,405,4,4305.08
9515,3144,319,4,3408.81
9516,3144,249,3,6139.17
9517,3145,457,2,4840.21
9518,3145,423,4,5959.15
9519,3145,8,4,1108.08
9520,3146,384,4,4637.79
9521,3147,315,2,1950.17
9522,3147,413,2,5368.82
9523,3147,439,3,5144.08
9524,3148,332,2,336.46
9525,3148,418,3,4532.15
9526,3148,335,1,3273.18
9527,3148,17,4,6553.92
9528,3149,436,2,6428.91
9529,3150,343,2,2443.83
9530,3151,365,1,5059.36
9531,3152,151,3,1368.5
9532,3152,80,2,2551.1
9533,3152,208,2,1461.6
9534,3153,46,1,922.81
9535,3153,330,3,4391.26
9536,3153,91,3,2388.1
9537,3153,272,3,1207.17
9538,3153,361,1,3228.33
9539,3154,306,2,1311.81
9540,3154,80,4,2551.1
9541,3155,297,1,1402.1
9542,3155,54,3,3298.92
9543,3155,483,3,6442.69
9544,3156,118,3,4371.63
9545,3156,33,2,6626.78
9546,3156,59,2,3551.72
9547,3156,415,3,3144.2
9548,3157,233,2,4261.37
9549,3157,11,2,5761.74
9550,3157,69,4,2687.96
9551,3158,246,2,2663.81
9552,3159,455,4,3452.95
9553,3160,389,3,1828.56
9554,3160,499,1,2598.33
9555,3160,68,1,5048.98
9556,3161,484,4,5888.26
9557,3161,429,2,3529.21
9558,3161,414,4,981.22
9559,3162,214,2,5909.34
9560,3162,261,2,6008.79
9561,3162,323,3,4863.69
9562,3162,227,3,3884.33
9563,3162,407,2,5614.76
9564,3163,219,1,1512.13
9565,3163,493,2,6088.79
9566,3163,31,1,3335.57
9567,3163,136,4,6859.2
9568,3163,88,4,3652.47
9569,3164,40,3,2870.78
9570,3165,1,1,2876.42
9571,3166,64,2,5245.29
9572,3166,467,4,5633.33
9573,3166,7,4,1658.11
9574,3166,426,1,1145.23
9575,3166,258,1,4144.01
9576,3167,129,2,1449.29
9577,3167,240,1,1220.06
9578,3167,246,3,2663.81
9579,3167,304,1,4992.14
9580,3168,472,3,3476.76
9581,3168,23,4,4519.4
9582,3168,63,3,639.04
9583,3168,470,3,4963.98
9584,3168,297,1,1402.1
9585,3169,497,1,4863.47
9586,3170,9,3,3407.08
9587,3170,60,2,5163.17
9588,3170,455,1,3452.95
9589,3171,18,2,3961.8
9590,3171,26,2,5756.04
9591,3172,154,3,3919.63
9592,3172,300,2,1582.87
9593,3172,123,2,5238.56
9594,3172,45,2,2239.06
9595,3173,91,2,2388.1
9596,3173,425,3,4224.17
9597,3173,201,3,1060.46
9598,3173,221,3,6443.18
9599,3174,393,2,1234.01
9600,3175,164,2,451.3
9601,3175,403,3,2324.3
9602,3175,156,4,3556.59
9603,3175,162,4,3673.3
9604,3175,197,3,3444.31
9605,3176,362,3,4182.94
9606,3176,240,2,1220.06
9607,3176,437,2,1635.15
9608,3176,205,2,6203.46
9609,3176,448,3,1589.08
9610,3177,269,4,2723.78
9611,3177,342,4,2036.46
9612,3178,337,2,5116.18
9613,3178,10,2,1780.12
9614,3178,140,4,4644.31
9615,3179,266,1,3100.54
9616,3179,472,4,3476.76
9617,3179,221,3,6443.18
9618,3179,184,3,4693.71
9619,3180,125,3,4655.25
9620,3180,149,1,5667.0
9621,3181,150,3,1545.47
9622,3181,374,3,3593.06
9623,3181,73,4,958.17
9624,3182,363,4,7234.27
9625,3182,413,1,5368.82
9626,3183,33,3,6626.78
9627,3183,326,2,5313.25
9628,3183,296,3,959.66
9629,3184,327,3,2218.76
9630,3184,170,3,3039.1
9631,3184,169,1,5455.24
9632,3185,176,1,2750.53
9633,3185,177,2,1399.56
9634,3185,335,3,3273.18
9635,3185,135,4,5029.03
9636,3185,137,4,2345.58
9637,3186,498,3,5835.24
9638,3186,27,3,1911.35
9639,3186,342,3,2036.46
9640,3187,400,1,3874.31
9641,3187,78,1,2623.38
9642,3188,49,2,1001.46
9643,3189,43,2,791.88
9644,3190,183,1,4643.22
9645,3190,259,2,1302.93
9646,3191,225,4,3865.19
9647,3192,248,4,5396.23
9648,3193,273,2,4355.96
9649,3193,244,3,1747.97
9650,3193,220,1,3372.55
9651,3193,315,4,1950.17
9652,3194,441,1,5639.25
9653,3194,234,1,1670.39
9654,3195,366,2,3398.33
9655,3195,183,2,4643.22
9656,3196,32,2,4203.79
9657,3197,447,3,2421.14
9658,3197,151,2,1368.5
9659,3197,143,1,4831.33
9660,3197,367,1,2356.19
9661,3198,181,4,277.41
9662,3199,369,4,3840.55
9663,3199,378,1,5787.24
9664,3199,12,1,5776.18
9665,3200,111,3,2394.51
9666,3200,335,3,3273.18
9667,3200,71,1,4208.53
9668,3201,299,2,5162.19
9669,3201,311,1,1952.58
9670,3201,87,1,1282.33
9671,3202,277,4,4935.0
9672,3202,276,4,2669.21
9673,3202,259,4,1302.93
9674,3202,146,3,2758.94
9675,3202,259,1,1302.93
9676,3203,357,2,3963.48
9677,3203,392,2,1502.97
9678,3203,480,4,1852.13
9679,3204,101,2,1381.51
9680,3204,274,2,7224.74
9681,3205,252,2,4468.34
9682,3205,244,4,1747.97
9683,3206,72,4,5436.37
9684,3206,367,3,2356.19
9685,3206,45,3,2239.06
9686,3207,121,3,704.52
9687,3207,364,4,6026.85
9688,3207,236,3,4782.03
9689,3207,455,2,3452.95
9690,3207,424,1,1011.09
9691,3208,228,3,5999.41
9692,3208,88,3,3652.47
9693,3208,180,1,1609.07
9694,3209,494,2,5234.76
9695,3209,364,2,6026.85
9696,3209,261,3,6008.79
9697,3209,163,4,6699.83
9698,3210,154,1,3919.63
9699,3210,258,4,4144.01
9700,3210,362,2,4182.94
9701,3210,240,1,1220.06
9702,3210,234,4,1670.39
9703,3211,151,2,1368.5
9704,3211,200,4,3146.05
9705,3211,431,2,2345.7
9706,3211,86,3,4346.28
9707,3212,51,2,775.58
9708,3212,287,2,362.6
9709,3213,207,4,5032.22
9710,3214,490,2,7539.95
9711,3214,27,4,1911.35
9712,3214,412,2,2197.41
9713,3214,226,3,1742.75
9714,3215,173,4,4328.16
9715,3216,329,1,6150.42
9716,3217,142,1,628.57
9717,3217,464,1,7057.45
9718,3218,273,3,4355.96
9719,3218,304,1,4992.14
9720,3218,495,4,5674.17
9721,3218,217,3,1753.76
9722,3218,404,2,5691.79
9723,3219,195,2,3142.65
9724,3219,233,4,4261.37
9725,3220,166,3,3680.98
9726,3220,386,3,988.77
9727,3221,232,2,6669.4
9728,3221,488,1,723.72
9729,3221,412,4,2197.41
9730,3221,460,3,5962.4
9731,3221,274,4,7224.74
9732,3222,219,4,1512.13
9733,3222,449,2,5990.22
9734,3222,248,3,5396.23
9735,3222,41,1,5380.63
9736,3222,92,3,4206.66
9737,3223,52,4,2554.22
9738,3223,380,4,4324.63
9739,3224,34,4,1739.97
9740,3224,68,4,5048.98
9741,3224,455,1,3452.95
9742,3224,248,2,5396.23
9743,3225,234,2,1670.39
9744,3225,304,4,4992.14
9745,3225,221,4,6443.18
9746,3225,454,4,469.46
9747,3226,319,1,3408.81
9748,3226,373,2,4435.35
9749,3227,203,4,3122.39
9750,3227,279,1,774.25
9751,3227,73,3,958.17
9752,3227,252,4,4468.34
9753,3228,474,1,5605.5
9754,3228,114,1,1305.47
9755,3228,318,2,5367.63
9756,3229,128,3,2947.92
9757,3229,86,4,4346.28
9758,3230,326,2,5313.25
9759,3230,326,2,5313.25
9760,3230,356,2,5880.99
9761,3230,134,3,4419.51
9762,3230,73,4,958.17
9763,3231,175,2,1587.68
9764,3232,324,1,3848.88
9765,3232,37,4,1174.23
9766,3232,309,2,825.37
9767,3233,440,2,1786.05
9768,3233,147,3,2549.32
9769,3233,272,2,1207.17
9770,3233,409,4,4629.95
9771,3234,174,3,2623.77
9772,3234,395,1,4977.01
9773,3234,280,3,4382.83
9774,3235,229,4,6178.47
9775,3235,86,4,4346.28
9776,3235,298,4,5143.35
9777,3235,33,3,6626.78
9778,3235,289,3,615.43
9779,3236,46,3,922.81
9780,3236,228,1,5999.41
9781,3236,27,2,1911.35
9782,3236,197,4,3444.31
9783,3236,428,1,3337.91
9784,3237,253,1,2797.42
9785,3237,271,2,740.94
9786,3237,156,2,3556.59
9787,3237,129,1,1449.29
9788,3237,254,4,229.57
9789,3238,204,4,3202.4
9790,3238,474,3,5605.5
9791,3238,16,3,3318.23
9792,3238,169,1,5455.24
9793,3238,92,4,4206.66
9794,3239,326,3,5313.25
9795,3239,305,2,1283.96
9796,3239,231,3,1813.96
9797,3240,122,1,1788.84
9798,3240,447,2,2421.14
9799,3241,365,3,5059.36
9800,3241,111,2,2394.51
9801,3241,241,3,600.8
9802,3242,422,1,5095.84
9803,3243,191,1,1690.83
9804,3243,486,4,3925.75
9805,3244,32,4,4203.79
9806,3244,155,4,7062.88
9807,3245,60,2,5163.17
9808,3246,234,4,1670.39
9809,3246,371,1,6431.49
9810,3246,390,2,222.07
9811,3246,430,2,1289.32
9812,3247,494,1,5234.76
9813,3247,282,3,5682.3
9814,3248,325,2,6330.63
9815,3248,291,4,4158.04
9816,3248,9,2,3407.08
9817,3248,97,1,3649.64
9818,3248,484,2,5888.26
9819,3249,158,2,4348.37
9820,3249,152,3,5260.39
9821,3249,330,4,4391.26
9822,3249,16,4,3318.23
9823,3249,93,3,2629.61
9824,3250,396,4,1589.43
9825,3250,325,1,6330.63
9826,3251,216,2,4724.1
9827,3251,287,2,362.6
9828,3251,312,4,4519.33
9829,3252,378,1,5787.24
9830,3252,170,4,3039.1
9831,3253,387,1,1384.34
9832,3253,491,4,336.73
9833,3253,438,1,3420.48
9834,3254,236,3,4782.03
9835,3254,379,4,1894.51
9836,3254,149,1,5667.0
9837,3254,261,1,6008.79
9838,3254,499,4,2598.33
9839,3255,218,3,1046.26
9840,3255,497,1,4863.47
9841,3255,112,2,5163.37
9842,3255,422,1,5095.84
9843,3255,95,1,4933.59
9844,3256,236,2,4782.03
9845,3256,53,4,1636.05
9846,3256,243,4,5813.12
9847,3257,372,1,2126.62
9848,3257,217,4,1753.76
9849,3258,38,4,1645.79
9850,3258,172,4,5729.96
9851,3258,64,2,5245.29
9852,3259,466,4,3543.0
9853,3259,33,3,6626.78
9854,3259,279,4,774.25
9855,3259,291,1,4158.04
9856,3259,1,1,2876.42
9857,3260,46,1,922.81
9858,3260,462,2,1440.1
9859,3260,498,4,5835.24
9860,3260,32,4,4203.79
9861,3261,308,3,1437.25
9862,3261,220,1,3372.55
9863,3261,31,4,3335.57
9864,3261,40,4,2870.78
9865,3261,291,3,4158.04
9866,3262,386,2,988.77
9867,3262,441,2,5639.25
9868,3262,351,1,5407.74
9869,3263,133,2,7682.68
9870,3263,194,4,3575.56
9871,3263,406,1,2675.38
9872,3263,167,3,6818.7
9873,3264,321,1,2051.86
9874,3264,257,3,1725.23
9875,3264,329,1,6150.42
9876,3264,307,3,5262.37
9877,3264,96,4,418.99
9878,3265,462,2,1440.1
9879,3265,294,2,6129.64
9880,3266,446,2,6731.46
9881,3266,246,1,2663.81
9882,3267,198,4,2183.12
9883,3267,138,2,4165.59
9884,3267,243,1,5813.12
9885,3267,353,1,4945.04
9886,3268,497,4,4863.47
9887,3268,306,2,1311.81
9888,3269,433,4,3901.17
9889,3269,231,1,1813.96
9890,3269,194,3,3575.56
9891,3270,53,3,1636.05
9892,3271,173,2,4328.16
9893,3272,247,4,3140.62
9894,3273,243,3,5813.12
9895,3273,239,3,2892.25
9896,3273,412,2,2197.41
9897,3274,318,1,5367.63
9898,3274,119,1,224.22
9899,3274,191,2,1690.83
9900,3274,31,3,3335.57
9901,3274,409,2,4629.95
9902,3275,14,3,1195.89
9903,3276,127,1,4216.76
9904,3276,30,2,1495.61
9905,3276,132,2,734.08
9906,3276,414,2,981.22
9907,3277,230,2,3984.19
9908,3277,124,1,6069.73
9909,3277,305,2,1283.96
9910,3277,217,1,1753.76
9911,3278,187,2,7451.43
9912,3278,241,4,600.8
9913,3278,435,1,3048.69
9914,3278,320,4,6639.63
9915,3279,239,2,2892.25
9916,3279,402,3,1337.62
9917,3279,100,4,7678.63
9918,3280,482,2,5294.83
9919,3281,471,4,1844.85
9920,3281,162,1,3673.3
9921,3281,335,2,3273.18
9922,3282,304,2,4992.14
9923,3282,334,1,4382.79
9924,3283,58,1,685.74
9925,3283,114,2,1305.47
9926,3283,481,1,4362.0
9927,3283,62,2,7110.36
9928,3284,338,4,5130.85
9929,3284,15,2,3647.94
9930,3284,182,1,4710.47
9931,3285,128,3,2947.92
9932,3286,310,2,3432.36
9933,3287,305,3,1283.96
9934,3288,157,1,5351.04
9935,3288,453,1,2708.83
9936,3289,73,1,958.17
9937,3289,67,2,6765.53
9938,3289,192,4,1522.05
9939,3290,366,1,3398.33
9940,3290,368,4,3127.98
9941,3290,11,4,5761.74
9942,3290,325,1,6330.63
9943,3291,353,2,4945.04
9944,3291,219,2,1512.13
9945,3292,307,2,5262.37
9946,3292,217,3,1753.76
9947,3293,279,3,774.25
9948,3293,47,2,2540.64
9949,3293,329,2,6150.42
9950,3294,383,1,1338.8
9951,3294,299,4,5162.19
9952,3295,312,1,4519.33
9953,3295,152,4,5260.39
9954,3295,306,2,1311.81
9955,3295,39,1,3097.27
9956,3296,19,2,4193.05
9957,3296,283,4,5922.7
9958,3296,265,4,5984.67
9959,3297,222,4,5410.26
9960,3297,84,3,5116.75
9961,3297,478,4,4700.05
9962,3298,300,4,1582.87
9963,3299,347,2,5269.21
9964,3299,263,1,4317.08
9965,3299,181,3,277.41
9966,3299,149,1,5667.0
9967,3300,329,2,6150.42
9968,3300,140,3,4644.31
9969,3300,235,1,5882.55
9970,3300,14,2,1195.89
9971,3301,149,3,5667.0
9972,3302,235,1,5882.55
9973,3302,198,1,2183.12
9974,3303,370,1,4396.17
9975,3303,262,1,3433.24
9976,3303,417,3,4766.29
9977,3303,382,1,5869.03
9978,3304,369,4,3840.55
9979,3305,391,3,2831.62
9980,3305,409,3,4629.95
9981,3305,464,2,7057.45
9982,3306,87,1,1282.33
9983,3307,74,3,1856.46
9984,3307,202,1,3841.09
9985,3307,242,2,3908.61
9986,3307,436,3,6428.91
9987,3307,25,3,6342.54
9988,3308,363,1,7234.27
9989,3308,428,4,3337.91
9990,3308,252,1,4468.34
9991,3309,146,3,2758.94
9992,3309,89,4,4465.7
9993,3309,497,3,4863.47
9994,3309,200,2,3146.05
9995,3309,163,4,6699.83
9996,3310,492,2,5032.36
9997,3311,164,4,451.3
9998,3311,186,2,2472.63
9999,3312,325,2,6330.63
10000,3312,443,2,4924.62
10001,3313,212,4,155.74
10002,3313,366,4,3398.33
10003,3314,278,1,1452.09
10004,3314,420,3,1934.38
10005,3314,304,2,4992.14
10006,3314,369,3,3840.55
10007,3315,471,3,1844.85
10008,3315,237,1,3807.7
10009,3316,281,1,767.61
10010,3316,70,1,2952.71
10011,3316,378,2,5787.24
10012,3316,474,3,5605.5
10013,3317,138,1,4165.59
10014,3317,86,2,4346.28
10015,3317,473,1,4224.82
10016,3317,55,3,5294.38
10017,3317,342,3,2036.46
10018,3318,340,2,6024.22
10019,3318,421,3,1285.52
10020,3318,276,2,2669.21
10021,3319,496,4,5678.29
10022,3320,487,2,3602.54
10023,3321,322,1,3077.91
10024,3322,357,1,3963.48
10025,3322,319,1,3408.81
10026,3322,330,3,4391.26
10027,3322,278,1,1452.09
10028,3323,88,2,3652.47
10029,3324,492,2,5032.36
10030,3325,416,1,3452.92
10031,3325,353,1,4945.04
10032,3325,139,1,2207.41
10033,3325,200,4,3146.05
10034,3326,492,1,5032.36
10035,3327,353,4,4945.04
10036,3327,251,4,4963.2
10037,3328,19,4,4193.05
10038,3328,68,4,5048.98
10039,3328,340,4,6024.22
10040,3329,395,1,4977.01
10041,3329,148,2,2389.03
10042,3329,357,3,3963.48
10043,3329,83,2,4207.1
10044,3329,240,1,1220.06
10045,3330,170,2,3039.1
10046,3330,497,2,4863.47
10047,3330,89,3,4465.7
10048,3330,227,2,3884.33
10049,3331,389,3,1828.56
10050,3331,185,4,1990.36
10051,3331,462,3,1440.1
10052,3332,341,1,1594.54
10053,3332,408,3,2432.33
10054,3332,246,4,2663.81
10055,3332,420,3,1934.38
10056,3332,127,4,4216.76
10057,3333,122,4,1788.84
10058,3334,243,1,5813.12
10059,3334,69,3,2687.96
10060,3334,190,3,2545.79
10061,3334,103,4,5044.44
10062,3335,69,4,2687.96
10063,3335,14,3,1195.89
10064,3335,13,2,2922.53
10065,3336,459,2,4650.34
10066,3336,116,3,584.32
10067,3337,306,4,1311.81
10068,3337,440,2,1786.05
10069,3337,299,1,5162.19
10070,3337,33,1,6626.78
10071,3338,312,4,4519.33
10072,3338,250,1,2853.44
10073,3338,263,2,4317.08
10074,3339,316,4,3281.58
10075,3339,42,2,5752.4
10076,3340,469,2,5810.45
10077,3340,434,1,5172.12
10078,3340,424,2,1011.09
10079,3341,273,2,4355.96
10080,3341,358,1,5127.98
10081,3341,200,3,3146.05
10082,3341,46,2,922.81
10083,3342,461,1,4553.3
10084,3342,18,1,3961.8
10085,3342,250,3,2853.44
10086,3343,430,1,1289.32
10087,3343,108,4,2189.38
10088,3344,137,1,2345.58
10089,3344,391,1,2831.62
10090,3345,394,4,4349.12
10091,3346,189,2,3600.6
10092,3346,387,2,1384.34
10093,3347,123,4,5238.56
10094,3347,34,1,1739.97
10095,3347,477,3,1536.6
10096,3348,408,3,2432.33
10097,3348,137,4,2345.58
10098,3349,175,2,1587.68
10099,3349,130,1,1963.29
10100,3349,97,2,3649.64
10101,3349,140,1,4644.31
10102,3350,85,4,206.91
10103,3350,260,2,1846.21
10104,3350,373,1,4435.35
10105,3350,65,3,1839.77
10106,3351,282,3,5682.3
10107,3351,90,1,2134.9
10108,3351,320,4,6639.63
10109,3351,164,2,451.3
10110,3351,376,3,4480.08
10111,3352,423,1,5959.15
10112,3352,144,1,4356.46
10113,3353,288,3,6212.26
10114,3353,53,4,1636.05
10115,3353,74,2,1856.46
10116,3353,193,3,6626.72
10117,3353,128,4,2947.92
10118,3354,458,4,4050.01
10119,3354,57,4,4604.53
10120,3354,27,3,1911.35
10121,3354,337,4,5116.18
10122,3354,238,1,555.04
10123,3355,31,3,3335.57
10124,3356,106,2,1635.06
10125,3356,499,2,2598.33
10126,3356,313,4,3303.95
10127,3357,492,3,5032.36
10128,3358,478,4,4700.05
10129,3358,395,4,4977.01
10130,3358,32,2,4203.79
10131,3359,393,1,1234.01
10132,3360,340,2,6024.22
10133,3360,447,4,2421.14
10134,3360,474,1,5605.5
10135,3361,383,4,1338.8
10136,3361,479,3,4247.61
10137,3361,180,2,1609.07
10138,3361,26,3,5756.04
10139,3361,269,2,2723.78
10140,3362,363,2,7234.27
10141,3362,42,1,5752.4
10142,3362,102,1,5155.01
10143,3362,147,4,2549.32
10144,3362,361,4,3228.33
10145,3363,328,4,2729.68
10146,3363,227,1,3884.33
10147,3363,261,2,6008.79
10148,3363,432,3,3897.39
10149,3364,49,1,1001.46
10150,3364,342,1,2036.46
10151,3364,365,3,5059.36
10152,3365,45,1,2239.06
10153,3365,160,1,6704.84
10154,3366,239,4,2892.25
10155,3366,28,1,801.28
10156,3367,249,2,6139.17
10157,3367,95,4,4933.59
10158,3367,259,4,1302.93
10159,3367,27,2,1911.35
10160,3368,284,4,1954.57
10161,3369,271,4,740.94
10162,3369,383,2,1338.8
10163,3370,405,3,4305.08
10164,3370,417,4,4766.29
10165,3370,410,1,2717.31
10166,3371,492,4,5032.36
10167,3371,270,4,3668.4
10168,3371,340,3,6024.22
10169,3371,143,3,4831.33
10170,3371,16,1,3318.23
10171,3372,467,1,5633.33
10172,3372,114,4,1305.47
10173,3372,362,2,4182.94
10174,3372,306,2,1311.81
10175,3373,430,2,1289.32
10176,3373,402,3,1337.62
10177,3373,146,2,2758.94
10178,3373,70,4,2952.71
10179,3373,344,3,6982.35
10180,3374,350,3,1035.46
10181,3374,198,4,2183.12
10182,3374,21,3,773.93
10183,3375,186,4,2472.63
10184,3375,153,1,7154.27
10185,3375,490,1,7539.95
10186,3375,272,2,1207.17
10187,3376,139,1,2207.41
10188,3377,110,4,6959.37
10189,3377,14,3,1195.89
10190,3377,432,3,3897.39
10191,3378,446,2,6731.46
10192,3378,468,1,6226.51
10193,3378,486,3,3925.75
10194,3379,131,4,4351.85
10195,3380,177,2,1399.56
10196,3380,365,2,5059.36
10197,3380,396,4,1589.43
10198,3381,161,4,6112.98
10199,3381,94,1,637.72
10200,3382,443,3,4924.62
10201,3382,420,2,1934.38
10202,3382,218,2,1046.26
10203,3382,435,3,3048.69
10204,3383,31,2,3335.57
10205,3383,380,3,4324.63
10206,3383,249,2,6139.17
10207,3383,337,2,5116.18
10208,3383,217,3,1753.76
10209,3384,335,2,3273.18
10210,3384,80,2,2551.1
10211,3384,399,2,5067.92
10212,3385,171,1,6247.86
10213,3385,215,1,3143.73
10214,3385,326,4,5313.25
10215,3385,271,1,740.94
10216,3385,356,1,5880.99
10217,3386,400,2,3874.31
10218,3386,175,4,1587.68
10219,3386,472,1,3476.76
10220,3386,351,1,5407.74
10221,3387,269,4,2723.78
10222,3387,33,2,6626.78
10223,3387,343,2,2443.83
10224,3387,381,3,2780.62
10225,3387,367,3,2356.19
10226,3388,440,3,1786.05
10227,3388,207,3,5032.22
10228,3389,319,1,3408.81
10229,3389,457,2,4840.21
10230,3389,448,3,1589.08
10231,3389,230,1,3984.19
10232,3390,450,3,2146.91
10233,3390,435,1,3048.69
10234,3391,227,4,3884.33
10235,3391,356,1,5880.99
10236,3391,412,3,2197.41
10237,3392,330,1,4391.26
10238,3392,462,2,1440.1
10239,3392,350,1,1035.46
10240,3392,410,4,2717.31
10241,3392,285,2,3625.74
10242,3393,235,2,5882.55
10243,3393,383,2,1338.8
10244,3394,368,1,3127.98
10245,3394,215,3,3143.73
10246,3394,322,1,3077.91
10247,3395,199,4,4296.57
10248,3395,40,2,2870.78
10249,3395,154,2,3919.63
10250,3395,140,2,4644.31
10251,3395,240,3,1220.06
10252,3396,420,1,1934.38
10253,3396,75,3,3885.28
10254,3396,430,2,1289.32
10255,3397,24,2,6433.86
10256,3397,335,2,3273.18
10257,3397,88,2,3652.47
10258,3397,270,2,3668.4
10259,3397,379,4,1894.51
10260,3398,143,4,4831.33
10261,3398,387,2,1384.34
10262,3398,186,2,2472.63
10263,3398,6,3,2038.84
10264,3398,278,1,1452.09
10265,3399,291,2,4158.04
10266,3399,469,3,5810.45
10267,3399,472,1,3476.76
10268,3400,322,1,3077.91
10269,3400,463,3,4315.08
10270,3400,430,3,1289.32
10271,3401,192,3,1522.05
10272,3402,345,4,6715.15
10273,3402,477,4,1536.6
10274,3402,117,3,924.08
10275,3403,409,3,4629.95
10276,3403,185,2,1990.36
10277,3403,44,2,5953.73
10278,3403,435,4,3048.69
10279,3404,300,1,1582.87
10280,3404,226,1,1742.75
10281,3405,193,2,6626.72
10282,3405,216,4,4724.1
10283,3405,252,3,4468.34
10284,3405,149,4,5667.0
10285,3406,443,3,4924.62
10286,3407,486,4,3925.75
10287,3407,494,1,5234.76
10288,3407,272,3,1207.17
10289,3407,419,2,4392.23
10290,3407,164,1,451.3
10291,3408,443,1,4924.62
10292,3408,180,2,1609.07
10293,3408,332,3,336.46
10294,3409,371,4,6431.49
10295,3409,98,4,5554.21
10296,3409,324,2,3848.88
10297,3410,76,4,3624.25
10298,3410,458,4,4050.01
10299,3411,278,2,1452.09
10300,3411,72,1,5436.37
10301,3411,466,3,3543.0
10302,3411,424,4,1011.09
10303,3411,98,1,5554.21
10304,3412,28,2,801.28
10305,3413,235,2,5882.55
10306,3414,238,4,555.04
10307,3414,129,1,1449.29
10308,3414,27,3,1911.35
10309,3414,486,1,3925.75
10310,3415,94,1,637.72
10311,3415,182,4,4710.47
10312,3415,32,4,4203.79
10313,3415,442,1,6554.24
10314,3415,203,3,3122.39
10315,3416,238,4,555.04
10316,3416,269,2,2723.78
10317,3416,484,1,5888.26
10318,3416,382,1,5869.03
10319,3417,467,1,5633.33
10320,3417,46,2,922.81
10321,3417,31,4,3335.57
10322,3417,232,1,6669.4
10323,3417,486,2,3925.75
10324,3418,110,2,6959.37
10325,3418,409,2,4629.95
10326,3418,82,3,5405.87
10327,3418,163,3,6699.83
10328,3419,3,3,394.52
10329,3419,488,1,723.72
10330,3419,65,1,1839.77
10331,3419,239,2,2892.25
10332,3420,378,2,5787.24
10333,3420,159,2,1782.91
10334,3421,350,1,1035.46
10335,3422,288,4,6212.26
10336,3422,364,1,6026.85
10337,3423,336,4,3505.41
10338,3423,278,4,1452.09
10339,3423,107,1,4351.35
10340,3423,406,4,2675.38
10341,3423,106,1,1635.06
10342,3424,454,3,469.46
10343,3424,373,1,4435.35
10344,3424,186,3,2472.63
10345,3424,3,4,394.52
10346,3424,459,2,4650.34
10347,3425,106,1,1635.06
10348,3425,319,4,3408.81
10349,3425,66,3,3951.93
10350,3426,411,3,4968.3
10351,3426,426,3,1145.23
10352,3426,214,2,5909.34
10353,3426,307,4,5262.37
10354,3426,119,1,224.22
10355,3427,181,3,277.41
10356,3428,31,3,3335.57
10357,3428,305,1,1283.96
10358,3429,26,2,5756.04
10359,3429,224,3,5253.84
10360,3429,59,4,3551.72
10361,3430,33,2,6626.78
10362,3430,62,2,7110.36
10363,3430,397,1,2867.64
10364,3431,163,1,6699.83
10365,3431,365,1,5059.36
10366,3431,67,4,6765.53
10367,3431,191,2,1690.83
10368,3431,362,3,4182.94
10369,3432,175,4,1587.68
10370,3432,97,3,3649.64
10371,3432,409,1,4629.95
10372,3433,177,1,1399.56
10373,3433,388,4,1373.2
10374,3434,446,4,6731.46
10375,3434,250,4,2853.44
10376,3435,307,3,5262.37
10377,3435,366,2,3398.33
10378,3435,424,2,1011.09
10379,3436,366,4,3398.33
10380,3436,337,2,5116.18
10381,3436,164,3,451.3
10382,3436,99,1,377.4
10383,3436,454,4,469.46
10384,3437,460,1,5962.4
10385,3437,266,2,3100.54
10386,3437,283,4,5922.7
10387,3437,346,1,3160.86
10388,3437,253,3,2797.42
10389,3438,473,2,4224.82
10390,3438,160,4,6704.84
10391,3439,325,4,6330.63
10392,3439,371,2,6431.49
10393,3440,166,4,3680.98
10394,3440,281,2,767.61
10395,3441,202,4,3841.09
10396,3441,63,1,639.04
10397,3441,337,4,5116.18
10398,3441,474,1,5605.5
10399,3441,319,4,3408.81
10400,3442,174,1,2623.77
10401,3442,389,2,1828.56
10402,3442,225,2,3865.19
10403,3442,114,3,1305.47
10404,3442,126,1,5865.84
10405,3443,173,1,4328.16
10406,3443,134,1,4419.51
10407,3443,485,3,4042.01
10408,3443,107,2,4351.35
10409,3444,87,3,1282.33
10410,3444,454,1,469.46
10411,3444,445,2,4299.29
10412,3445,155,4,7062.88
10413,3445,128,2,2947.92
10414,3445,430,3,1289.32
10415,3446,369,2,3840.55
10416,3446,255,1,3636.36
10417,3446,431,1,2345.7
10418,3447,395,3,4977.01
10419,3447,48,4,3118.93
10420,3448,3,4,394.52
10421,3448,496,1,5678.29
10422,3448,302,3,4353.43
10423,3448,200,3,3146.05
10424,3448,149,3,5667.0
10425,3449,228,1,5999.41
10426,3450,115,4,2916.37
10427,3450,59,4,3551.72
10428,3450,218,3,1046.26
10429,3451,288,1,6212.26
10430,3451,246,3,2663.81
10431,3452,284,2,1954.57
10432,3452,79,4,2892.49
10433,3453,12,1,5776.18
10434,3453,404,1,5691.79
10435,3453,258,1,4144.01
10436,3453,122,4,1788.84
10437,3453,261,3,6008.79
10438,3454,430,3,1289.32
10439,3454,151,3,1368.5
10440,3454,314,1,5187.17
10441,3454,257,4,1725.23
10442,3455,330,2,4391.26
10443,3455,199,1,4296.57
10444,3455,11,2,5761.74
10445,3456,251,1,4963.2
10446,3457,24,4,6433.86
10447,3457,82,3,5405.87
10448,3457,45,2,2239.06
10449,3457,92,2,4206.66
10450,3458,497,1,4863.47
10451,3458,471,3,1844.85
10452,3459,495,1,5674.17
10453,3459,279,3,774.25
10454,3460,86,2,4346.28
10455,3460,322,3,3077.91
10456,3461,407,1,5614.76
10457,3461,33,3,6626.78
10458,3461,137,2,2345.58
10459,3461,471,3,1844.85
10460,3462,131,3,4351.85
10461,3462,423,1,5959.15
10462,3462,185,1,1990.36
10463,3462,240,2,1220.06
10464,3462,262,4,3433.24
10465,3463,446,2,6731.46
10466,3463,267,3,3128.45
10467,3463,45,3,2239.06
10468,3463,455,1,3452.95
10469,3464,305,2,1283.96
10470,3464,340,2,6024.22
10471,3464,479,1,4247.61
10472,3464,243,1,5813.12
10473,3464,105,3,4056.14
10474,3465,147,4,2549.32
10475,3465,422,3,5095.84
10476,3465,433,2,3901.17
10477,3465,463,1,4315.08
10478,3465,471,2,1844.85
10479,3466,121,4,704.52
10480,3466,320,3,6639.63
10481,3467,380,4,4324.63
10482,3467,464,3,7057.45
10483,3467,342,2,2036.46
10484,3468,440,1,1786.05
10485,3469,11,1,5761.74
10486,3469,47,2,2540.64
10487,3470,418,4,4532.15
10488,3471,336,3,3505.41
10489,3471,360,2,2975.5
10490,3471,327,3,2218.76
10491,3471,201,4,1060.46
10492,3472,186,4,2472.63
10493,3473,381,4,2780.62
10494,3473,347,2,5269.21
10495,3473,150,1,1545.47
10496,3473,484,2,5888.26
10497,3473,320,4,6639.63
10498,3474,80,4,2551.1
10499,3474,325,2,6330.63
10500,3474,307,3,5262.37
10501,3474,77,2,5802.31
10502,3474,17,2,6553.92
10503,3475,160,3,6704.84
10504,3475,179,1,2635.11
10505,3475,233,4,4261.37
10506,3475,392,3,1502.97
10507,3475,225,2,3865.19
10508,3476,57,1,4604.53
10509,3476,4,1,5633.67
10510,3476,23,4,4519.4
10511,3476,374,3,3593.06
10512,3477,486,1,3925.75
10513,3478,42,4,5752.4
10514,3478,137,3,2345.58
10515,3478,73,3,958.17
10516,3478,108,4,2189.38
10517,3479,71,1,4208.53
10518,3479,401,2,830.88
10519,3479,281,1,767.61
10520,3480,124,1,6069.73
10521,3480,55,3,5294.38
10522,3480,171,4,6247.86
10523,3480,340,2,6024.22
10524,3481,150,4,1545.47
10525,3481,9,3,3407.08
10526,3481,290,1,1518.49
10527,3481,306,4,1311.81
10528,3482,125,1,4655.25
10529,3482,449,1,5990.22
10530,3482,75,2,3885.28
10531,3482,488,1,723.72
10532,3482,452,1,743.06
10533,3483,172,1,5729.96
10534,3483,316,1,3281.58
10535,3484,188,4,5890.62
10536,3484,187,1,7451.43
10537,3484,319,3,3408.81
10538,3484,134,4,4419.51
10539,3484,220,4,3372.55
10540,3485,209,3,5173.0
10541,3485,178,3,3635.79
10542,3485,368,3,3127.98
10543,3486,482,3,5294.83
10544,3487,142,2,628.57
10545,3488,351,2,5407.74
10546,3488,352,1,6820.17
10547,3488,436,2,6428.91
10548,3488,333,1,6331.32
10549,3489,195,1,3142.65
10550,3489,362,1,4182.94
10551,3489,304,3,4992.14
10552,3490,139,2,2207.41
10553,3490,208,4,1461.6
10554,3490,386,1,988.77
10555,3490,99,3,377.4
10556,3490,346,4,3160.86
10557,3491,160,1,6704.84
10558,3491,31,4,3335.57
10559,3492,436,3,6428.91
10560,3492,101,2,1381.51
10561,3493,500,2,5135.84
10562,3493,352,1,6820.17
10563,3494,49,4,1001.46
10564,3494,469,2,5810.45
10565,3494,304,3,4992.14
10566,3495,391,4,2831.62
10567,3495,307,4,5262.37
10568,3496,499,2,2598.33
10569,3496,112,3,5163.37
10570,3496,448,2,1589.08
10571,3496,352,2,6820.17
10572,3496,463,1,4315.08
10573,3497,354,3,1425.69
10574,3497,497,4,4863.47
10575,3497,171,3,6247.86
10576,3498,22,2,2628.43
10577,3498,405,3,4305.08
10578,3499,283,4,5922.7
10579,3499,4,3,5633.67
10580,3499,252,3,4468.34
10581,3500,313,2,3303.95
10582,3500,62,3,7110.36
10583,3501,257,4,1725.23
10584,3502,257,3,1725.23
10585,3502,298,1,5143.35
10586,3502,197,2,3444.31
10587,3503,441,1,5639.25
10588,3503,396,4,1589.43
10589,3503,143,3,4831.33
10590,3503,180,3,1609.07
10591,3503,169,2,5455.24
10592,3504,193,4,6626.72
10593,3504,11,2,5761.74
10594,3505,86,2,4346.28
10595,3506,228,2,5999.41
10596,3506,446,1,6731.46
10597,3507,301,2,4803.29
10598,3507,37,4,1174.23
10599,3508,192,2,1522.05
10600,3509,449,2,5990.22
10601,3509,4,4,5633.67
10602,3510,25,2,6342.54
10603,3511,430,1,1289.32
10604,3511,39,1,3097.27
10605,3511,47,3,2540.64
10606,3511,229,2,6178.47
10607,3512,68,4,5048.98
10608,3513,404,1,5691.79
10609,3514,219,3,1512.13
10610,3514,109,1,2146.83
10611,3514,293,1,5467.31
10612,3514,498,4,5835.24
10613,3514,346,4,3160.86
10614,3515,24,4,6433.86
10615,3515,119,3,224.22
10616,3515,248,2,5396.23
10617,3515,3,2,394.52
10618,3516,30,4,1495.61
10619,3516,87,2,1282.33
10620,3517,21,4,773.93
10621,3517,430,2,1289.32
10622,3517,442,4,6554.24
10623,3517,46,3,922.81
10624,3518,445,1,4299.29
10625,3518,476,4,4727.45
10626,3519,158,3,4348.37
10627,3519,180,4,1609.07
10628,3519,417,2,4766.29
10629,3519,185,2,1990.36
10630,3519,1,1,2876.42
10631,3520,453,2,2708.83
10632,3520,293,4,5467.31
10633,3520,323,1,4863.69
10634,3521,231,3,1813.96
10635,3521,444,2,5110.75
10636,3521,198,2,2183.12
10637,3521,194,1,3575.56
10638,3522,439,4,5144.08
10639,3522,203,1,3122.39
10640,3522,441,1,5639.25
10641,3522,195,1,3142.65
10642,3522,352,1,6820.17
10643,3523,28,3,801.28
10644,3523,356,3,5880.99
10645,3523,381,3,2780.62
10646,3523,7,2,1658.11
10647,3524,157,3,5351.04
10648,3524,447,2,2421.14
10649,3524,38,4,1645.79
10650,3524,217,1,1753.76
10651,3525,300,3,1582.87
10652,3526,307,1,5262.37
10653,3527,433,2,3901.17
10654,3527,18,2,3961.8
10655,3528,127,2,4216.76
10656,3528,357,4,3963.48
10657,3528,430,3,1289.32
10658,3528,131,1,4351.85
10659,3529,454,4,469.46
10660,3530,460,2,5962.4
10661,3530,275,4,1381.85
10662,3530,203,4,3122.39
10663,3530,3,1,394.52
10664,3530,412,2,2197.41
10665,3531,345,2,6715.15
10666,3531,265,1,5984.67
10667,3531,387,2,1384.34
10668,3531,478,4,4700.05
10669,3531,479,3,4247.61
10670,3532,342,1,2036.46
10671,3532,98,2,5554.21
10672,3532,322,4,3077.91
10673,3532,458,3,4050.01
10674,3532,200,4,3146.05
10675,3533,151,4,1368.5
10676,3534,492,4,5032.36
10677,3534,249,2,6139.17
10678,3534,245,2,2794.78
10679,3534,221,1,6443.18
10680,3534,492,1,5032.36
10681,3535,246,1,2663.81
10682,3536,170,3,3039.1
10683,3537,122,3,1788.84
10684,3537,297,1,1402.1
10685,3537,328,3,2729.68
10686,3538,366,3,3398.33
10687,3538,26,3,5756.04
10688,3538,237,4,3807.7
10689,3538,150,1,1545.47
10690,3539,97,1,3649.64
10691,3539,454,4,469.46
10692,3540,105,4,4056.14
10693,3541,395,4,4977.01
10694,3541,87,3,1282.33
10695,3541,27,1,1911.35
10696,3542,280,2,4382.83
10697,3542,112,2,5163.37
10698,3542,401,2,830.88
10699,3542,176,3,2750.53
10700,3543,252,2,4468.34
10701,3543,173,4,4328.16
10702,3544,122,4,1788.84
10703,3544,382,2,5869.03
10704,3545,176,1,2750.53
10705,3545,146,3,2758.94
10706,3546,463,4,4315.08
10707,3546,467,2,5633.33
10708,3546,388,1,1373.2
10709,3546,108,4,2189.38
10710,3547,466,4,3543.0
10711,3547,245,4,2794.78
10712,3548,324,2,3848.88
10713,3548,290,1,1518.49
10714,3548,455,3,3452.95
10715,3548,245,3,2794.78
10716,3548,6,2,2038.84
10717,3549,250,4,2853.44
10718,3550,179,3,2635.11
10719,3550,98,2,5554.21
10720,3551,11,3,5761.74
10721,3551,144,4,4356.46
10722,3551,300,2,1582.87
10723,3551,194,3,3575.56
10724,3551,466,4,3543.0
10725,3552,375,2,5456.42
10726,3552,288,2,6212.26
10727,3552,253,3,2797.42
10728,3553,498,3,5835.24
10729,3553,370,1,4396.17
10730,3554,315,2,1950.17
10731,3554,121,3,704.52
10732,3554,141,2,4217.11
10733,3554,17,4,6553.92
10734,3554,9,2,3407.08
10735,3555,299,2,5162.19
10736,3555,11,3,5761.74
10737,3555,101,3,1381.51
10738,3555,259,3,1302.93
10739,3556,22,2,2628.43
10740,3556,88,1,3652.47
10741,3556,391,3,2831.62
10742,3556,313,1,3303.95
10743,3556,256,1,2686.28
10744,3557,132,3,734.08
10745,3557,359,3,3218.73
10746,3557,76,4,3624.25
10747,3558,166,1,3680.98
10748,3559,384,2,4637.79
10749,3559,216,4,4724.1
10750,3559,248,4,5396.23
10751,3559,174,2,2623.77
10752,3559,173,4,4328.16
10753,3560,6,3,2038.84
10754,3560,406,4,2675.38
10755,3560,59,4,3551.72
10756,3560,168,1,4609.57
10757,3561,337,2,5116.18
10758,3561,100,3,7678.63
10759,3561,160,3,6704.84
10760,3561,4,4,5633.67
10761,3562,284,1,1954.57
10762,3563,294,1,6129.64
10763,3563,243,4,5813.12
10764,3563,254,1,229.57
10765,3563,46,4,922.81
10766,3564,25,3,6342.54
10767,3564,52,1,2554.22
10768,3564,189,2,3600.6
10769,3565,310,3,3432.36
10770,3565,28,4,801.28
10771,3565,60,2,5163.17
10772,3565,475,2,1249.33
10773,3566,235,1,5882.55
10774,3566,194,3,3575.56
10775,3567,323,3,4863.69
10776,3567,334,2,4382.79
10777,3567,29,1,5434.79
10778,3567,159,2,1782.91
10779,3568,49,4,1001.46
10780,3569,291,3,4158.04
10781,3569,91,4,2388.1
10782,3569,242,4,3908.61
10783,3569,95,4,4933.59
10784,3570,273,3,4355.96
10785,3570,138,1,4165.59
10786,3570,123,2,5238.56
10787,3570,6,3,2038.84
10788,3571,455,3,3452.95
10789,3571,70,3,2952.71
10790,3572,181,4,277.41
10791,3572,316,4,3281.58
10792,3572,138,2,4165.59
10793,3572,473,2,4224.82
10794,3573,147,4,2549.32
10795,3573,348,4,4037.99
10796,3573,443,2,4924.62
10797,3573,272,4,1207.17
10798,3574,428,4,3337.91
10799,3574,88,1,3652.47
10800,3574,32,2,4203.79
10801,3574,17,1,6553.92
10802,3574,32,3,4203.79
10803,3575,75,4,3885.28
10804,3575,181,4,277.41
10805,3575,57,4,4604.53
10806,3576,217,3,1753.76
10807,3576,318,1,5367.63
10808,3576,388,3,1373.2
10809,3576,92,3,4206.66
10810,3577,350,4,1035.46
10811,3578,146,2,2758.94
10812,3578,26,3,5756.04
10813,3578,125,1,4655.25
10814,3578,247,1,3140.62
10815,3578,43,1,791.88
10816,3579,401,3,830.88
10817,3579,204,4,3202.4
10818,3579,436,3,6428.91
10819,3580,260,2,1846.21
10820,3580,32,4,4203.79
10821,3581,218,1,1046.26
10822,3581,75,2,3885.28
10823,3581,267,4,3128.45
10824,3581,158,2,4348.37
10825,3581,193,3,6626.72
10826,3582,91,1,2388.1
10827,3582,264,3,1850.78
10828,3582,105,4,4056.14
10829,3582,414,4,981.22
10830,3582,398,4,6965.19
10831,3583,352,2,6820.17
10832,3583,431,2,2345.7
10833,3583,254,2,229.57
10834,3583,478,3,4700.05
10835,3583,41,1,5380.63
10836,3584,117,4,924.08
10837,3584,348,4,4037.99
10838,3585,466,4,3543.0
10839,3585,332,2,336.46
10840,3586,84,3,5116.75
10841,3587,268,2,2691.51
10842,3588,207,1,5032.22
10843,3588,129,2,1449.29
10844,3588,136,4,6859.2
10845,3589,275,3,1381.85
10846,3589,314,1,5187.17
10847,3589,318,3,5367.63
10848,3589,485,1,4042.01
10849,3589,439,2,5144.08
10850,3590,78,1,2623.38
10851,3591,63,1,639.04
10852,3592,384,4,4637.79
10853,3592,117,4,924.08
10854,3592,215,2,3143.73
10855,3592,490,4,7539.95
10856,3593,65,3,1839.77
10857,3593,404,2,5691.79
10858,3593,211,2,3182.08
10859,3593,283,4,5922.7
10860,3593,236,3,4782.03
10861,3594,42,4,5752.4
10862,3594,471,1,1844.85
10863,3594,251,1,4963.2
10864,3594,325,3,6330.63
10865,3595,43,3,791.88
10866,3595,460,4,5962.4
10867,3595,157,2,5351.04
10868,3596,490,3,7539.95
10869,3596,309,1,825.37
10870,3596,174,1,2623.77
10871,3596,201,1,1060.46
10872,3596,208,1,1461.6
10873,3597,181,3,277.41
10874,3598,459,1,4650.34
10875,3598,58,2,685.74
10876,3599,29,1,5434.79
10877,3599,422,4,5095.84
10878,3599,221,4,6443.18
10879,3600,273,4,4355.96
10880,3600,464,4,7057.45
10881,3600,304,1,4992.14
10882,3600,316,4,3281.58
10883,3601,260,3,1846.21
10884,3601,476,3,4727.45
10885,3601,409,2,4629.95
10886,3601,449,2,5990.22
10887,3602,212,2,155.74
10888,3602,252,4,4468.34
10889,3602,225,2,3865.19
10890,3602,110,2,6959.37
10891,3602,133,1,7682.68
10892,3603,486,4,3925.75
10893,3604,76,4,3624.25
10894,3604,70,4,2952.71
10895,3604,51,1,775.58
10896,3605,421,1,1285.52
10897,3605,249,1,6139.17
10898,3606,468,4,6226.51
10899,3606,134,4,4419.51
10900,3606,307,2,5262.37
10901,3606,177,3,1399.56
10902,3607,288,2,6212.26
10903,3607,34,4,1739.97
10904,3608,341,1,1594.54
10905,3608,49,3,1001.46
10906,3608,13,3,2922.53
10907,3609,447,2,2421.14
10908,3610,133,3,7682.68
10909,3610,51,4,775.58
10910,3610,467,1,5633.33
10911,3610,14,2,1195.89
10912,3611,306,2,1311.81
10913,3611,14,1,1195.89
10914,3611,114,2,1305.47
10915,3611,65,3,1839.77
10916,3612,93,3,2629.61
10917,3612,442,1,6554.24
10918,3613,204,1,3202.4
10919,3613,421,4,1285.52
10920,3614,66,3,3951.93
10921,3614,387,3,1384.34
10922,3614,66,4,3951.93
10923,3615,163,1,6699.83
10924,3615,403,1,2324.3
10925,3615,352,3,6820.17
10926,3615,132,4,734.08
10927,3616,41,4,5380.63
10928,3616,161,1,6112.98
10929,3616,107,1,4351.35
10930,3617,12,1,5776.18
10931,3617,406,4,2675.38
10932,3618,275,2,1381.85
10933,3619,168,1,4609.57
10934,3619,498,1,5835.24
10935,3619,334,4,4382.79
10936,3620,477,4,1536.6
10937,3620,187,1,7451.43
10938,3621,155,1,7062.88
10939,3622,78,2,2623.38
10940,3623,95,1,4933.59
10941,3624,79,2,2892.49
10942,3624,253,3,2797.42
10943,3624,174,2,2623.77
10944,3625,280,1,4382.83
10945,3625,179,1,2635.11
10946,3625,38,3,1645.79
10947,3625,468,4,6226.51
10948,3626,119,4,224.22
10949,3627,469,3,5810.45
10950,3627,158,1,4348.37
10951,3628,98,4,5554.21
10952,3628,411,2,4968.3
10953,3628,362,3,4182.94
10954,3628,389,1,1828.56
10955,3628,161,3,6112.98
10956,3629,468,4,6226.51
10957,3629,160,3,6704.84
10958,3629,134,4,4419.51
10959,3630,13,1,2922.53
10960,3630,103,3,5044.44
10961,3630,30,4,1495.61
10962,3630,415,2,3144.2
10963,3630,261,2,6008.79
10964,3631,209,1,5173.0
10965,3631,16,2,3318.23
10966,3632,391,3,2831.62
10967,3632,395,4,4977.01
10968,3632,24,4,6433.86
10969,3632,475,3,1249.33
10970,3632,86,2,4346.28
10971,3633,463,2,4315.08
10972,3633,76,2,3624.25
10973,3633,196,3,4145.76
10974,3633,262,4,3433.24
10975,3633,152,2,5260.39
10976,3634,255,1,3636.36
10977,3634,400,3,3874.31
10978,3634,95,1,4933.59
10979,3635,76,4,3624.25
10980,3635,226,2,1742.75
10981,3635,372,1,2126.62
10982,3635,195,2,3142.65
10983,3636,88,4,3652.47
10984,3636,340,3,6024.22
10985,3636,387,4,1384.34
10986,3636,448,4,1589.08
10987,3637,300,4,1582.87
10988,3637,476,4,4727.45
10989,3637,210,2,530.97
10990,3637,223,4,830.78
10991,3637,384,3,4637.79
10992,3638,181,1,277.41
10993,3638,113,3,2129.84
10994,3638,214,4,5909.34
10995,3638,167,4,6818.7
10996,3639,391,2,2831.62
10997,3639,175,1,1587.68
10998,3639,325,4,6330.63
10999,3640,354,3,1425.69
11000,3640,73,4,958.17
11001,3641,394,4,4349.12
11002,3641,465,3,6681.17
11003,3641,362,1,4182.94
11004,3641,310,1,3432.36
11005,3641,131,1,4351.85
11006,3642,362,1,4182.94
11007,3642,358,1,5127.98
11008,3642,373,3,4435.35
11009,3643,416,4,3452.92
11010,3643,228,3,5999.41
11011,3644,417,1,4766.29
11012,3645,323,2,4863.69
11013,3645,328,1,2729.68
11014,3646,249,2,6139.17
11015,3646,46,3,922.81
11016,3646,394,3,4349.12
11017,3647,164,1,451.3
11018,3647,56,2,1350.59
11019,3647,231,3,1813.96
11020,3647,481,2,4362.0
11021,3648,58,2,685.74
11022,3648,15,4,3647.94
11023,3648,231,2,1813.96
11024,3648,485,2,4042.01
11025,3649,433,4,3901.17
11026,3649,344,1,6982.35
11027,3649,42,4,5752.4
11028,3649,233,4,4261.37
11029,3650,277,4,4935.0
11030,3651,106,3,1635.06
11031,3651,9,1,3407.08
11032,3652,17,1,6553.92
11033,3652,406,4,2675.38
11034,3652,407,2,5614.76
11035,3652,330,4,4391.26
11036,3652,28,1,801.28
11037,3653,75,1,3885.28
11038,3654,115,3,2916.37
11039,3654,130,4,1963.29
11040,3654,173,1,4328.16
11041,3654,101,4,1381.51
11042,3654,31,2,3335.57
11043,3655,342,2,2036.46
11044,3655,267,2,3128.45
11045,3656,449,4,5990.22
11046,3656,282,4,5682.3
11047,3657,143,4,4831.33
11048,3657,136,3,6859.2
11049,3658,451,1,5285.86
11050,3658,69,1,2687.96
11051,3658,225,4,3865.19
11052,3659,289,1,615.43
11053,3659,305,1,1283.96
11054,3660,236,2,4782.03
11055,3661,139,2,2207.41
11056,3662,97,2,3649.64
11057,3662,486,2,3925.75
11058,3662,211,1,3182.08
11059,3662,306,4,1311.81
11060,3663,321,1,2051.86
11061,3663,160,4,6704.84
11062,3664,248,1,5396.23
11063,3664,87,2,1282.33
11064,3664,4,2,5633.67
11065,3665,213,2,3927.95
11066,3665,136,2,6859.2
11067,3665,8,3,1108.08
11068,3665,180,1,1609.07
11069,3666,39,3,3097.27
11070,3666,245,4,2794.78
11071,3666,101,2,1381.51
11072,3666,356,3,5880.99
11073,3666,174,3,2623.77
11074,3667,494,2,5234.76
11075,3667,201,2,1060.46
11076,3667,224,2,5253.84
11077,3667,489,4,1979.19
11078,3668,448,2,1589.08
11079,3668,44,3,5953.73
11080,3668,8,2,1108.08
11081,3668,353,4,4945.04
11082,3669,62,2,7110.36
11083,3669,239,1,2892.25
11084,3669,112,4,5163.37
11085,3669,347,3,5269.21
11086,3670,422,4,5095.84
11087,3670,265,4,5984.67
11088,3671,351,2,5407.74
11089,3671,294,1,6129.64
11090,3672,256,2,2686.28
11091,3672,369,1,3840.55
11092,3673,165,2,4937.61
11093,3674,35,4,3703.55
11094,3674,429,1,3529.21
11095,3675,409,1,4629.95
11096,3675,282,2,5682.3
11097,3675,321,1,2051.86
11098,3675,127,3,4216.76
11099,3676,365,4,5059.36
11100,3677,296,2,959.66
11101,3677,337,4,5116.18
11102,3678,205,2,6203.46
11103,3679,240,2,1220.06
11104,3679,191,2,1690.83
11105,3680,62,1,7110.36
11106,3680,333,3,6331.32
11107,3680,360,3,2975.5
11108,3680,348,3,4037.99
11109,3680,414,4,981.22
11110,3681,100,1,7678.63
11111,3681,468,3,6226.51
11112,3681,96,2,418.99
11113,3682,426,3,1145.23
11114,3682,333,4,6331.32
11115,3683,277,3,4935.0
11116,3683,76,1,3624.25
11117,3684,187,4,7451.43
11118,3684,94,1,637.72
11119,3684,177,2,1399.56
11120,3684,201,2,1060.46
11121,3685,1,2,2876.42
11122,3685,144,4,4356.46
11123,3686,374,1,3593.06
11124,3687,93,1,2629.61
11125,3687,108,2,2189.38
11126,3688,473,4,4224.82
11127,3688,60,3,5163.17
11128,3688,249,3,6139.17
11129,3689,32,1,4203.79
11130,3689,125,1,4655.25
11131,3690,219,2,1512.13
11132,3690,83,2,4207.1
11133,3690,164,3,451.3
11134,3691,87,2,1282.33
11135,3691,282,2,5682.3
11136,3691,375,2,5456.42
11137,3691,323,4,4863.69
11138,3691,238,3,555.04
11139,3692,105,1,4056.14
11140,3693,471,2,1844.85
11141,3694,221,1,6443.18
11142,3694,269,3,2723.78
11143,3694,296,2,959.66
11144,3694,57,4,4604.53
11145,3694,276,3,2669.21
11146,3695,90,1,2134.9
11147,3695,87,2,1282.33
11148,3695,315,1,1950.17
11149,3696,250,4,2853.44
11150,3697,405,1,4305.08
11151,3697,4,2,5633.67
11152,3697,110,3,6959.37
11153,3697,107,4,4351.35
11154,3698,104,1,673.38
11155,3698,91,4,2388.1
11156,3698,206,1,6451.33
11157,3698,171,4,6247.86
11158,3698,404,3,5691.79
11159,3699,380,1,4324.63
11160,3699,89,2,4465.7
11161,3699,123,1,5238.56
11162,3699,231,4,1813.96
11163,3700,471,4,1844.85
11164,3700,200,2,3146.05
11165,3700,378,4,5787.24
11166,3701,170,2,3039.1
11167,3701,290,2,1518.49
11168,3701,222,3,5410.26
11169,3701,47,1,2540.64
11170,3702,13,4,2922.53
11171,3702,427,4,5615.06
11172,3702,411,2,4968.3
11173,3702,236,4,4782.03
11174,3703,353,2,4945.04
11175,3703,486,4,3925.75
11176,3703,441,4,5639.25
11177,3704,434,4,5172.12
11178,3704,280,1,4382.83
11179,3704,358,4,5127.98
11180,3704,348,2,4037.99
11181,3704,229,3,6178.47
11182,3705,195,1,3142.65
11183,3705,410,1,2717.31
11184,3706,391,2,2831.62
11185,3706,250,1,2853.44
11186,3706,495,4,5674.17
11187,3706,475,2,1249.33
11188,3706,395,2,4977.01
11189,3707,90,3,2134.9
11190,3707,314,2,5187.17
11191,3707,29,3,5434.79
11192,3707,283,2,5922.7
11193,3708,134,3,4419.51
11194,3709,437,4,1635.15
11195,3709,233,1,4261.37
11196,3709,340,4,6024.22
11197,3709,488,2,723.72
11198,3710,73,2,958.17
11199,3710,215,4,3143.73
11200,3710,399,4,5067.92
11201,3711,340,4,6024.22
11202,3711,232,3,6669.4
11203,3711,343,2,2443.83
11204,3712,205,1,6203.46
11205,3712,421,3,1285.52
11206,3712,133,2,7682.68
11207,3712,233,1,4261.37
11208,3712,427,2,5615.06
11209,3713,427,1,5615.06
11210,3713,355,1,6023.83
11211,3713,281,1,767.61
11212,3713,116,3,584.32
11213,3714,458,1,4050.01
11214,3714,330,3,4391.26
11215,3714,224,1,5253.84
11216,3714,117,1,924.08
11217,3715,315,1,1950.17
11218,3716,270,3,3668.4
11219,3716,370,1,4396.17
11220,3716,482,1,5294.83
11221,3716,289,4,615.43
11222,3716,352,2,6820.17
11223,3717,318,3,5367.63
11224,3717,458,4,4050.01
11225,3717,309,2,825.37
11226,3717,212,4,155.74
11227,3718,101,4,1381.51
11228,3719,448,3,1589.08
11229,3719,500,2,5135.84
11230,3719,83,1,4207.1
11231,3719,48,3,3118.93
11232,3720,215,2,3143.73
11233,3720,454,3,469.46
11234,3720,383,3,1338.8
11235,3720,170,1,3039.1
11236,3720,125,3,4655.25
11237,3721,483,2,6442.69
11238,3721,499,2,2598.33
11239,3721,391,4,2831.62
11240,3721,24,3,6433.86
11241,3722,227,3,3884.33
11242,3722,35,4,3703.55
11243,3723,176,2,2750.53
11244,3723,396,3,1589.43
11245,3723,376,1,4480.08
11246,3724,86,3,4346.28
11247,3724,464,4,7057.45
11248,3724,130,3,1963.29
11249,3724,60,4,5163.17
11250,3724,242,3,3908.61
11251,3725,425,3,4224.17
11252,3726,50,3,4659.51
11253,3726,224,4,5253.84
11254,3726,386,2,988.77
11255,3726,395,1,4977.01
11256,3727,55,1,5294.38
11257,3727,366,2,3398.33
11258,3727,236,2,4782.03
11259,3727,61,3,1634.69
11260,3728,424,4,1011.09
11261,3728,331,3,895.99
11262,3728,308,1,1437.25
11263,3728,90,4,2134.9
11264,3728,393,2,1234.01
11265,3729,136,2,6859.2
11266,3729,258,3,4144.01
11267,3729,336,2,3505.41
11268,3729,34,2,1739.97
11269,3730,98,1,5554.21
11270,3730,137,2,2345.58
11271,3730,472,2,3476.76
11272,3730,290,1,1518.49
11273,3730,300,3,1582.87
11274,3731,439,1,5144.08
11275,3731,71,2,4208.53
11276,3732,375,2,5456.42
11277,3732,322,1,3077.91
11278,3732,268,1,2691.51
11279,3733,312,1,4519.33
11280,3733,298,3,5143.35
11281,3734,476,4,4727.45
11282,3734,325,1,6330.63
11283,3735,416,4,3452.92
11284,3735,206,2,6451.33
11285,3735,209,3,5173.0
11286,3735,183,2,4643.22
11287,3735,234,3,1670.39
11288,3736,238,4,555.04
11289,3736,189,1,3600.6
11290,3736,84,4,5116.75
11291,3736,90,3,2134.9
11292,3737,284,4,1954.57
11293,3738,236,4,4782.03
11294,3739,244,2,1747.97
11295,3740,123,2,5238.56
11296,3741,301,4,4803.29
11297,3742,415,1,3144.2
11298,3742,15,4,3647.94
11299,3742,452,2,743.06
11300,3742,138,4,4165.59
11301,3742,211,4,3182.08
11302,3743,166,4,3680.98
11303,3743,419,3,4392.23
11304,3743,404,2,5691.79
11305,3743,422,2,5095.84
11306,3744,216,2,4724.1
11307,3744,267,3,3128.45
11308,3745,416,3,3452.92
11309,3745,98,4,5554.21
11310,3745,485,1,4042.01
11311,3746,464,4,7057.45
11312,3747,281,3,767.61
11313,3747,219,3,1512.13
11314,3747,249,3,6139.17
11315,3747,10,4,1780.12
11316,3747,244,1,1747.97
11317,3748,151,4,1368.5
11318,3749,42,3,5752.4
11319,3750,458,3,4050.01
11320,3750,248,3,5396.23
11321,3750,406,1,2675.38
11322,3750,357,3,3963.48
11323,3750,173,2,4328.16
11324,3751,186,1,2472.63
11325,3751,491,3,336.73
11326,3751,41,3,5380.63
11327,3751,157,1,5351.04
11328,3752,242,2,3908.61
11329,3752,106,1,1635.06
11330,3752,412,2,2197.41
11331,3752,263,2,4317.08
11332,3752,274,1,7224.74
11333,3753,18,1,3961.8
11334,3753,344,4,6982.35
11335,3753,399,4,5067.92
11336,3753,178,1,3635.79
11337,3753,73,3,958.17
11338,3754,422,1,5095.84
11339,3754,486,3,3925.75
11340,3754,300,4,1582.87
11341,3754,304,1,4992.14
11342,3754,499,1,2598.33
11343,3755,285,4,3625.74
11344,3756,65,4,1839.77
11345,3756,379,1,1894.51
11346,3757,135,4,5029.03
11347,3757,468,3,6226.51
11348,3757,58,1,685.74
11349,3757,59,4,3551.72
11350,3758,108,1,2189.38
11351,3758,458,4,4050.01
11352,3758,173,3,4328.16
11353,3759,148,1,2389.03
11354,3760,286,3,5544.61
11355,3760,399,3,5067.92
11356,3760,488,3,723.72
11357,3761,269,2,2723.78
11358,3762,53,2,1636.05
11359,3762,486,4,3925.75
11360,3762,104,2,673.38
11361,3762,166,3,3680.98
11362,3762,319,2,3408.81
11363,3763,267,1,3128.45
11364,3763,360,1,2975.5
11365,3763,308,4,1437.25
11366,3763,412,4,2197.41
11367,3763,98,3,5554.21
11368,3764,407,4,5614.76
11369,3764,13,2,2922.53
11370,3764,372,3,2126.62
11371,3764,73,2,958.17
11372,3764,85,2,206.91
11373,3765,301,3,4803.29
11374,3765,78,4,2623.38
11375,3765,177,3,1399.56
11376,3766,333,3,6331.32
11377,3766,68,1,5048.98
11378,3766,461,2,4553.3
11379,3766,453,2,2708.83
11380,3766,491,4,336.73
11381,3767,408,2,2432.33
11382,3767,251,2,4963.2
11383,3767,380,3,4324.63
11384,3768,405,2,4305.08
11385,3768,128,2,2947.92
11386,3768,283,1,5922.7
11387,3769,349,4,4253.69
11388,3769,423,1,5959.15
11389,3769,195,4,3142.65
11390,3769,105,3,4056.14
11391,3769,188,4,5890.62
11392,3770,330,3,4391.26
11393,3770,176,4,2750.53
11394,3770,162,2,3673.3
11395,3770,166,2,3680.98
11396,3771,129,4,1449.29
11397,3771,80,4,2551.1
11398,3771,106,1,1635.06
11399,3772,363,2,7234.27
11400,3772,493,3,6088.79
11401,3772,71,4,4208.53
11402,3772,485,4,4042.01
11403,3773,396,1,1589.43
11404,3773,38,2,1645.79
11405,3773,429,1,3529.21
11406,3774,291,3,4158.04
11407,3774,375,4,5456.42
11408,3774,229,2,6178.47
11409,3775,436,4,6428.91
11410,3775,211,4,3182.08
11411,3775,349,2,4253.69
11412,3775,419,1,4392.23
11413,3776,193,4,6626.72
11414,3776,40,1,2870.78
11415,3777,475,2,1249.33
11416,3777,112,3,5163.37
11417,3777,311,3,1952.58
11418,3777,148,3,2389.03
11419,3778,246,2,2663.81
11420,3778,117,4,924.08
11421,3778,36,2,3194.46
11422,3778,181,3,277.41
11423,3779,128,3,2947.92
11424,3779,153,4,7154.27
11425,3779,12,4,5776.18
11426,3780,87,4,1282.33
11427,3780,380,3,4324.63
11428,3780,238,1,555.04
11429,3780,178,1,3635.79
11430,3780,477,3,1536.6
11431,3781,497,2,4863.47
11432,3781,386,2,988.77
11433,3781,265,2,5984.67
11434,3781,327,4,2218.76
11435,3781,256,2,2686.28
11436,3782,442,4,6554.24
11437,3782,17,1,6553.92
11438,3782,297,1,1402.1
11439,3782,88,3,3652.47
11440,3782,16,3,3318.23
11441,3783,69,1,2687.96
11442,3783,464,3,7057.45
11443,3783,364,4,6026.85
11444,3783,276,4,2669.21
11445,3784,182,3,4710.47
11446,3785,455,3,3452.95
11447,3785,416,3,3452.92
11448,3785,395,4,4977.01
11449,3786,395,3,4977.01
11450,3787,176,4,2750.53
11451,3788,294,3,6129.64
11452,3788,463,1,4315.08
11453,3788,366,3,3398.33
11454,3788,226,1,1742.75
11455,3789,104,4,673.38
11456,3789,459,3,4650.34
11457,3790,178,3,3635.79
11458,3791,334,3,4382.79
11459,3791,313,2,3303.95
11460,3792,371,2,6431.49
11461,3792,369,2,3840.55
11462,3792,59,2,3551.72
11463,3792,208,4,1461.6
11464,3792,498,4,5835.24
11465,3793,27,4,1911.35
11466,3793,276,2,2669.21
11467,3793,316,1,3281.58
11468,3793,301,3,4803.29
11469,3793,126,4,5865.84
11470,3794,86,1,4346.28
11471,3794,2,4,5222.22
11472,3795,111,3,2394.51
11473,3795,463,2,4315.08
11474,3795,377,2,5763.68
11475,3796,375,1,5456.42
11476,3796,351,4,5407.74
11477,3796,89,1,4465.7
11478,3796,4,4,5633.67
11479,3797,379,2,1894.51
11480,3797,193,3,6626.72
11481,3797,224,3,5253.84
11482,3798,285,2,3625.74
11483,3798,476,4,4727.45
11484,3799,403,1,2324.3
11485,3799,318,1,5367.63
11486,3799,306,3,1311.81
11487,3799,277,3,4935.0
11488,3799,455,3,3452.95
11489,3800,206,1,6451.33
11490,3800,434,1,5172.12
11491,3800,245,4,2794.78
11492,3800,4,4,5633.67
11493,3801,30,1,1495.61
11494,3801,109,2,2146.83
11495,3802,468,4,6226.51
11496,3802,73,2,958.17
11497,3802,230,1,3984.19
11498,3802,477,3,1536.6
11499,3802,187,4,7451.43
11500,3803,432,2,3897.39
11501,3803,211,4,3182.08
11502,3804,138,1,4165.59
11503,3804,494,4,5234.76
11504,3804,437,4,1635.15
11505,3805,188,2,5890.62
11506,3805,373,4,4435.35
11507,3806,379,2,1894.51
11508,3807,161,2,6112.98
11509,3807,197,4,3444.31
11510,3807,319,2,3408.81
11511,3807,123,1,5238.56
11512,3807,448,1,1589.08
11513,3808,413,4,5368.82
11514,3808,43,4,791.88
11515,3808,317,2,784.53
11516,3808,171,3,6247.86
11517,3808,256,3,2686.28
11518,3809,420,4,1934.38
11519,3810,304,3,4992.14
11520,3810,391,1,2831.62
11521,3810,278,4,1452.09
11522,3810,392,2,1502.97
11523,3811,262,3,3433.24
11524,3812,353,2,4945.04
11525,3812,379,1,1894.51
11526,3813,34,4,1739.97
11527,3813,37,4,1174.23
11528,3814,294,1,6129.64
11529,3814,212,4,155.74
11530,3815,186,3,2472.63
11531,3815,228,2,5999.41
11532,3815,203,4,3122.39
11533,3815,425,3,4224.17
11534,3816,100,4,7678.63
11535,3816,90,4,2134.9
11536,3817,140,3,4644.31
11537,3817,430,2,1289.32
11538,3818,217,3,1753.76
11539,3818,481,1,4362.0
11540,3818,488,3,723.72
11541,3818,375,1,5456.42
11542,3819,318,3,5367.63
11543,3819,396,1,1589.43
11544,3819,218,3,1046.26
11545,3819,462,1,1440.1
11546,3820,226,3,1742.75
11547,3820,109,2,2146.83
11548,3820,202,1,3841.09
11549,3820,315,4,1950.17
11550,3820,31,3,3335.57
11551,3821,36,1,3194.46
11552,3821,456,3,4335.7
11553,3821,353,3,4945.04
11554,3821,388,4,1373.2
11555,3822,262,2,3433.24
11556,3822,412,3,2197.41
11557,3822,490,1,7539.95
11558,3823,221,2,6443.18
11559,3823,205,2,6203.46
11560,3823,414,3,981.22
11561,3823,286,3,5544.61
11562,3824,52,2,2554.22
11563,3824,66,2,3951.93
11564,3824,405,2,4305.08
11565,3824,245,1,2794.78
11566,3825,349,1,4253.69
11567,3825,247,1,3140.62
11568,3825,166,2,3680.98
11569,3825,274,2,7224.74
11570,3826,257,1,1725.23
11571,3826,470,3,4963.98
11572,3826,167,1,6818.7
11573,3826,141,2,4217.11
11574,3826,216,2,4724.1
11575,3827,381,4,2780.62
11576,3827,148,4,2389.03
11577,3827,457,3,4840.21
11578,3828,102,2,5155.01
11579,3828,236,2,4782.03
11580,3828,474,4,5605.5
11581,3828,5,4,2523.37
11582,3828,272,2,1207.17
11583,3829,199,3,4296.57
11584,3829,366,3,3398.33
11585,3829,313,3,3303.95
11586,3830,245,1,2794.78
11587,3830,497,4,4863.47
11588,3830,419,4,4392.23
11589,3830,57,1,4604.53
11590,3830,325,2,6330.63
11591,3831,489,2,1979.19
11592,3831,156,2,3556.59
11593,3831,385,1,4521.81
11594,3831,119,1,224.22
11595,3831,265,4,5984.67
11596,3832,125,4,4655.25
11597,3832,203,3,3122.39
11598,3832,264,4,1850.78
11599,3832,314,3,5187.17
11600,3833,380,2,4324.63
11601,3833,359,2,3218.73
11602,3833,452,3,743.06
11603,3833,355,4,6023.83
11604,3833,242,4,3908.61
11605,3834,224,2,5253.84
11606,3834,117,2,924.08
11607,3835,94,4,637.72
11608,3835,53,1,1636.05
11609,3836,307,4,5262.37
11610,3836,225,4,3865.19
11611,3836,100,4,7678.63
11612,3836,360,4,2975.5
11613,3837,247,1,3140.62
11614,3837,456,3,4335.7
11615,3838,188,3,5890.62
11616,3838,205,1,6203.46
11617,3839,440,4,1786.05
11618,3839,139,1,2207.41
11619,3839,303,2,1103.01
11620,3839,274,2,7224.74
11621,3840,13,1,2922.53
11622,3840,127,1,4216.76
11623,3840,497,3,4863.47
11624,3840,64,4,5245.29
11625,3841,49,4,1001.46
11626,3841,240,2,1220.06
11627,3842,155,1,7062.88
11628,3842,375,1,5456.42
11629,3843,373,3,4435.35
11630,3843,382,4,5869.03
11631,3843,216,1,4724.1
11632,3844,314,1,5187.17
11633,3844,34,3,1739.97
11634,3845,113,1,2129.84
11635,3845,394,2,4349.12
11636,3845,383,2,1338.8
11637,3845,177,4,1399.56
11638,3845,384,4,4637.79
11639,3846,113,1,2129.84
11640,3846,428,3,3337.91
11641,3847,360,3,2975.5
11642,3848,85,2,206.91
11643,3848,102,4,5155.01
11644,3848,106,3,1635.06
11645,3848,268,1,2691.51
11646,3848,118,1,4371.63
11647,3849,230,3,3984.19
11648,3849,283,1,5922.7
11649,3849,90,2,2134.9
11650,3849,305,1,1283.96
11651,3849,225,2,3865.19
11652,3850,498,1,5835.24
11653,3850,128,3,2947.92
11654,3851,386,1,988.77
11655,3851,414,1,981.22
11656,3852,369,4,3840.55
11657,3852,198,1,2183.12
11658,3852,36,2,3194.46
11659,3852,256,3,2686.28
11660,3852,62,2,7110.36
11661,3853,452,1,743.06
11662,3854,327,3,2218.76
11663,3854,499,2,2598.33
11664,3854,57,3,4604.53
11665,3854,139,4,2207.41
11666,3854,471,2,1844.85
11667,3855,14,1,1195.89
11668,3856,486,3,3925.75
11669,3856,326,4,5313.25
11670,3856,320,2,6639.63
11671,3856,188,4,5890.62
11672,3857,32,1,4203.79
11673,3857,321,1,2051.86
11674,3858,389,3,1828.56
11675,3858,161,3,6112.98
11676,3858,233,3,4261.37
11677,3858,25,4,6342.54
11678,3859,435,2,3048.69
11679,3859,464,3,7057.45
11680,3860,206,3,6451.33
11681,3860,365,1,5059.36
11682,3860,170,3,3039.1
11683,3861,166,4,3680.98
11684,3861,259,1,1302.93
11685,3862,440,3,1786.05
11686,3862,95,4,4933.59
11687,3862,302,1,4353.43
11688,3862,188,3,5890.62
11689,3863,5,1,2523.37
11690,3863,418,3,4532.15
11691,3863,69,2,2687.96
11692,3864,52,4,2554.22
11693,3865,263,2,4317.08
11694,3865,443,4,4924.62
11695,3865,335,2,3273.18
11696,3865,111,2,2394.51
11697,3866,257,2,1725.23
11698,3866,78,2,2623.38
11699,3866,5,3,2523.37
11700,3866,163,4,6699.83
11701,3866,192,4,1522.05
11702,3867,54,3,3298.92
11703,3868,172,4,5729.96
11704,3868,233,1,4261.37
11705,3868,413,4,5368.82
11706,3869,227,2,3884.33
11707,3869,96,4,418.99
11708,3870,220,2,3372.55
11709,3870,317,1,784.53
11710,3870,365,4,5059.36
11711,3871,409,4,4629.95
11712,3871,82,4,5405.87
11713,3871,40,3,2870.78
11714,3871,289,1,615.43
11715,3872,482,1,5294.83
11716,3873,165,3,4937.61
11717,3873,169,4,5455.24
11718,3873,414,4,981.22
11719,3873,82,4,5405.87
11720,3873,177,3,1399.56
11721,3874,481,3,4362.0
11722,3874,132,4,734.08
11723,3875,170,4,3039.1
11724,3876,143,2,4831.33
11725,3877,496,1,5678.29
11726,3877,259,3,1302.93
11727,3877,456,4,4335.7
11728,3878,305,3,1283.96
11729,3878,104,2,673.38
11730,3878,365,1,5059.36
11731,3878,446,3,6731.46
11732,3879,233,2,4261.37
11733,3879,268,2,2691.51
11734,3879,327,3,2218.76
11735,3879,69,4,2687.96
11736,3880,347,1,5269.21
11737,3881,232,1,6669.4
11738,3881,146,3,2758.94
11739,3882,332,4,336.46
11740,3882,71,1,4208.53
11741,3883,351,3,5407.74
11742,3884,468,2,6226.51
11743,3884,221,4,6443.18
11744,3884,122,1,1788.84
11745,3885,156,4,3556.59
11746,3885,234,1,1670.39
11747,3885,353,1,4945.04
11748,3885,458,4,4050.01
11749,3885,234,3,1670.39
11750,3886,376,4,4480.08
11751,3887,435,4,3048.69
11752,3887,30,3,1495.61
11753,3887,278,2,1452.09
11754,3887,368,2,3127.98
11755,3887,412,1,2197.41
11756,3888,93,1,2629.61
11757,3888,171,4,6247.86
11758,3888,428,4,3337.91
11759,3888,482,4,5294.83
11760,3889,491,3,336.73
11761,3889,119,1,224.22
11762,3889,244,2,1747.97
11763,3889,274,1,7224.74
11764,3890,472,4,3476.76
11765,3891,383,4,1338.8
11766,3891,109,3,2146.83
11767,3892,84,4,5116.75
11768,3892,228,2,5999.41
11769,3893,338,4,5130.85
11770,3893,384,1,4637.79
11771,3894,384,1,4637.79
11772,3894,41,2,5380.63
11773,3894,165,3,4937.61
11774,3894,424,3,1011.09
11775,3894,464,4,7057.45
11776,3895,442,4,6554.24
11777,3895,430,2,1289.32
11778,3895,457,4,4840.21
11779,3896,193,4,6626.72
11780,3896,157,1,5351.04
11781,3897,157,3,5351.04
11782,3897,341,1,1594.54
11783,3897,385,3,4521.81
11784,3897,228,4,5999.41
11785,3897,282,4,5682.3
11786,3898,290,2,1518.49
11787,3898,375,1,5456.42
11788,3899,230,4,3984.19
11789,3899,261,4,6008.79
11790,3900,232,3,6669.4
11791,3901,339,1,4212.47
11792,3901,359,4,3218.73
11793,3901,129,4,1449.29
11794,3901,379,4,1894.51
11795,3902,479,4,4247.61
11796,3903,61,1,1634.69
11797,3903,305,1,1283.96
11798,3903,286,3,5544.61
11799,3904,306,1,1311.81
11800,3904,489,3,1979.19
11801,3904,220,1,3372.55
11802,3904,366,2,3398.33
11803,3905,244,2,1747.97
11804,3905,481,4,4362.0
11805,3905,217,2,1753.76
11806,3905,65,2,1839.77
11807,3905,457,2,4840.21
11808,3906,228,1,5999.41
11809,3906,95,2,4933.59
11810,3906,50,4,4659.51
11811,3906,430,1,1289.32
11812,3906,117,1,924.08
11813,3907,8,3,1108.08
11814,3907,177,4,1399.56
11815,3908,431,1,2345.7
11816,3908,437,4,1635.15
11817,3909,242,2,3908.61
11818,3909,212,4,155.74
11819,3909,312,4,4519.33
11820,3909,71,4,4208.53
11821,3910,4,1,5633.67
11822,3910,442,4,6554.24
11823,3910,356,3,5880.99
11824,3911,333,4,6331.32
11825,3911,362,4,4182.94
11826,3912,263,1,4317.08
11827,3912,180,2,1609.07
11828,3912,310,2,3432.36
11829,3912,323,4,4863.69
11830,3913,397,1,2867.64
11831,3913,297,3,1402.1
11832,3913,380,2,4324.63
11833,3914,217,2,1753.76
11834,3914,173,4,4328.16
11835,3914,52,3,2554.22
11836,3914,222,1,5410.26
11837,3914,103,3,5044.44
11838,3915,60,1,5163.17
11839,3915,481,2,4362.0
11840,3916,56,4,1350.59
11841,3916,26,1,5756.04
11842,3917,208,3,1461.6
11843,3918,106,4,1635.06
11844,3918,456,1,4335.7
11845,3918,54,3,3298.92
11846,3918,342,1,2036.46
11847,3919,351,2,5407.74
11848,3920,67,1,6765.53
11849,3920,210,2,530.97
11850,3920,135,2,5029.03
11851,3920,146,2,2758.94
11852,3921,347,1,5269.21
11853,3921,244,2,1747.97
11854,3921,466,4,3543.0
11855,3922,84,3,5116.75
11856,3923,343,4,2443.83
11857,3923,227,3,3884.33
11858,3924,459,3,4650.34
11859,3924,250,4,2853.44
11860,3924,276,4,2669.21
11861,3925,262,2,3433.24
11862,3925,35,3,3703.55
11863,3925,191,1,1690.83
11864,3925,392,1,1502.97
11865,3926,380,2,4324.63
11866,3926,154,4,3919.63
11867,3926,415,3,3144.2
11868,3926,297,3,1402.1
11869,3926,275,2,1381.85
11870,3927,374,4,3593.06
11871,3927,264,3,1850.78
11872,3927,46,3,922.81
11873,3927,247,4,3140.62
11874,3928,159,2,1782.91
11875,3928,186,2,2472.63
11876,3928,433,4,3901.17
11877,3928,355,1,6023.83
11878,3928,230,1,3984.19
11879,3929,120,2,2247.59
11880,3929,410,3,2717.31
11881,3929,129,4,1449.29
11882,3929,79,4,2892.49
11883,3929,289,3,615.43
11884,3930,347,3,5269.21
11885,3930,425,4,4224.17
11886,3930,228,4,5999.41
11887,3930,60,2,5163.17
11888,3930,495,2,5674.17
11889,3931,297,1,1402.1
11890,3931,254,1,229.57
11891,3931,412,2,2197.41
11892,3931,64,3,5245.29
11893,3932,383,4,1338.8
11894,3933,73,4,958.17
11895,3934,360,4,2975.5
11896,3935,442,1,6554.24
11897,3935,248,1,5396.23
11898,3935,427,4,5615.06
11899,3936,110,2,6959.37
11900,3937,314,4,5187.17
11901,3937,12,1,5776.18
11902,3937,31,2,3335.57
11903,3937,315,3,1950.17
11904,3938,46,3,922.81
11905,3938,461,2,4553.3
11906,3939,332,1,336.46
11907,3939,351,4,5407.74
11908,3939,29,3,5434.79
11909,3939,150,3,1545.47
11910,3939,464,2,7057.45
11911,3940,155,3,7062.88
11912,3940,64,3,5245.29
11913,3940,97,3,3649.64
11914,3940,327,3,2218.76
11915,3940,209,2,5173.0
11916,3941,452,2,743.06
11917,3941,383,3,1338.8
11918,3941,226,3,1742.75
11919,3941,349,4,4253.69
11920,3942,157,2,5351.04
11921,3942,484,4,5888.26
11922,3942,209,2,5173.0
11923,3943,316,1,3281.58
11924,3944,34,2,1739.97
11925,3944,495,2,5674.17
11926,3944,44,2,5953.73
11927,3945,224,2,5253.84
11928,3945,144,3,4356.46
11929,3945,102,4,5155.01
11930,3945,132,4,734.08
11931,3946,427,1,5615.06
11932,3946,440,4,1786.05
11933,3946,156,4,3556.59
11934,3947,74,1,1856.46
11935,3948,277,4,4935.0
11936,3949,444,3,5110.75
11937,3949,241,4,600.8
11938,3949,150,3,1545.47
11939,3950,182,1,4710.47
11940,3951,250,1,2853.44
11941,3951,169,2,5455.24
11942,3951,239,3,2892.25
11943,3952,96,3,418.99
11944,3952,21,1,773.93
11945,3952,142,1,628.57
11946,3953,205,4,6203.46
11947,3954,34,1,1739.97
11948,3954,402,3,1337.62
11949,3954,195,4,3142.65
11950,3954,261,4,6008.79
11951,3955,76,2,3624.25
11952,3955,358,1,5127.98
11953,3955,492,2,5032.36
11954,3955,140,4,4644.31
11955,3956,244,1,1747.97
11956,3957,105,3,4056.14
11957,3957,91,2,2388.1
11958,3957,149,1,5667.0
11959,3957,249,1,6139.17
11960,3957,445,4,4299.29
11961,3958,196,2,4145.76
11962,3958,421,4,1285.52
11963,3959,188,2,5890.62
11964,3959,186,2,2472.63
11965,3959,309,4,825.37
11966,3959,393,1,1234.01
11967,3959,177,1,1399.56
11968,3960,80,4,2551.1
11969,3960,179,4,2635.11
11970,3960,363,2,7234.27
11971,3960,335,1,3273.18
11972,3960,122,1,1788.84
11973,3961,173,2,4328.16
11974,3961,104,1,673.38
11975,3961,2,1,5222.22
11976,3961,103,4,5044.44
11977,3962,388,1,1373.2
11978,3962,154,4,3919.63
11979,3962,367,1,2356.19
11980,3963,394,3,4349.12
11981,3964,418,2,4532.15
11982,3964,123,1,5238.56
11983,3964,70,3,2952.71
11984,3964,65,2,1839.77
11985,3965,115,4,2916.37
11986,3965,461,1,4553.3
11987,3965,175,1,1587.68
11988,3966,73,2,958.17
11989,3966,19,3,4193.05
11990,3966,420,4,1934.38
11991,3966,294,1,6129.64
11992,3966,181,4,277.41
11993,3967,78,2,2623.38
11994,3968,46,1,922.81
11995,3969,110,3,6959.37
11996,3969,104,3,673.38
11997,3969,139,1,2207.41
11998,3970,267,4,3128.45
11999,3971,446,1,6731.46
12000,3971,477,1,1536.6
12001,3971,265,3,5984.67
12002,3971,236,2,4782.03
12003,3971,10,3,1780.12
12004,3972,121,2,704.52
12005,3972,225,2,3865.19
12006,3973,303,3,1103.01
12007,3973,347,3,5269.21
12008,3973,41,2,5380.63
12009,3974,39,3,3097.27
12010,3974,311,2,1952.58
12011,3975,238,2,555.04
12012,3975,195,1,3142.65
12013,3976,7,3,1658.11
12014,3976,470,2,4963.98
12015,3977,281,2,767.61
12016,3978,299,2,5162.19
12017,3978,112,2,5163.37
12018,3978,83,1,4207.1
12019,3979,160,4,6704.84
12020,3979,106,1,1635.06
12021,3980,265,2,5984.67
12022,3980,154,2,3919.63
12023,3981,158,4,4348.37
12024,3981,248,1,5396.23
12025,3981,316,3,3281.58
12026,3981,102,4,5155.01
12027,3982,7,3,1658.11
12028,3982,442,4,6554.24
12029,3982,416,2,3452.92
12030,3983,82,1,5405.87
12031,3984,353,1,4945.04
12032,3985,141,1,4217.11
12033,3985,9,4,3407.08
12034,3985,37,4,1174.23
12035,3985,181,4,277.41
12036,3986,481,3,4362.0
12037,3986,482,3,5294.83
12038,3986,118,2,4371.63
12039,3986,82,2,5405.87
12040,3987,261,2,6008.79
12041,3987,56,2,1350.59
12042,3987,361,3,3228.33
12043,3988,495,3,5674.17
12044,3988,320,2,6639.63
12045,3988,403,4,2324.3
12046,3988,148,1,2389.03
12047,3989,300,1,1582.87
12048,3990,55,1,5294.38
12049,3990,199,2,4296.57
12050,3990,420,2,1934.38
12051,3990,273,4,4355.96
12052,3990,74,1,1856.46
12053,3991,60,4,5163.17
12054,3991,185,2,1990.36
12055,3992,480,3,1852.13
12056,3992,281,1,767.61
12057,3992,125,4,4655.25
12058,3992,391,1,2831.62
12059,3993,381,1,2780.62
12060,3993,28,2,801.28
12061,3993,231,2,1813.96
12062,3994,6,1,2038.84
12063,3994,133,1,7682.68
12064,3994,309,4,825.37
12065,3995,457,4,4840.21
12066,3995,95,3,4933.59
12067,3996,126,4,5865.84
12068,3996,6,2,2038.84
12069,3996,149,4,5667.0
12070,3997,497,3,4863.47
12071,3997,435,2,3048.69
12072,3998,104,2,673.38
12073,3999,284,2,1954.57
12074,3999,52,4,2554.22
12075,3999,348,1,4037.99
12076,4000,88,4,3652.47
12077,4000,420,2,1934.38
12078,4001,406,2,2675.38
12079,4001,280,4,4382.83
12080,4002,358,2,5127.98
12081,4002,45,4,2239.06
12082,4002,57,2,4604.53
12083,4002,95,4,4933.59
12084,4002,56,1,1350.59
12085,4003,179,2,2635.11
12086,4003,315,3,1950.17
12087,4004,228,1,5999.41
12088,4005,394,4,4349.12
12089,4005,28,3,801.28
12090,4005,425,1,4224.17
12091,4005,15,1,3647.94
12092,4005,227,1,3884.33
12093,4006,461,2,4553.3
12094,4006,474,3,5605.5
12095,4007,200,4,3146.05
12096,4008,21,4,773.93
12097,4008,487,4,3602.54
12098,4008,15,3,3647.94
12099,4009,371,3,6431.49
12100,4009,223,3,830.78
12101,4009,169,1,5455.24
12102,4009,184,4,4693.71
12103,4010,51,2,775.58
12104,4011,485,2,4042.01
12105,4012,202,2,3841.09
12106,4012,306,3,1311.81
12107,4013,345,2,6715.15
12108,4013,487,2,3602.54
12109,4013,264,1,1850.78
12110,4014,95,3,4933.59
12111,4014,135,2,5029.03
12112,4015,378,2,5787.24
12113,4015,437,1,1635.15
12114,4016,482,2,5294.83
12115,4016,189,1,3600.6
12116,4017,307,1,5262.37
12117,4018,80,2,2551.1
12118,4018,461,3,4553.3
12119,4018,23,4,4519.4
12120,4019,443,2,4924.62
12121,4020,95,2,4933.59
12122,4021,146,2,2758.94
12123,4021,382,1,5869.03
12124,4021,139,3,2207.41
12125,4021,414,4,981.22
12126,4021,217,2,1753.76
12127,4022,295,2,1323.61
12128,4023,341,4,1594.54
12129,4024,208,2,1461.6
12130,4024,242,1,3908.61
12131,4024,455,1,3452.95
12132,4025,486,3,3925.75
12133,4025,444,3,5110.75
12134,4026,354,2,1425.69
12135,4026,266,1,3100.54
12136,4026,361,4,3228.33
12137,4026,95,1,4933.59
12138,4027,226,2,1742.75
12139,4027,10,2,1780.12
12140,4027,144,1,4356.46
12141,4027,168,3,4609.57
12142,4028,391,4,2831.62
12143,4028,151,3,1368.5
12144,4029,222,2,5410.26
12145,4029,339,4,4212.47
12146,4029,309,2,825.37
12147,4030,216,3,4724.1
12148,4031,401,3,830.88
12149,4031,257,4,1725.23
12150,4032,277,4,4935.0
12151,4032,295,4,1323.61
12152,4033,157,1,5351.04
12153,4033,354,1,1425.69
12154,4034,86,4,4346.28
12155,4034,37,4,1174.23
12156,4034,149,2,5667.0
12157,4034,139,2,2207.41
12158,4034,305,3,1283.96
12159,4035,234,4,1670.39
12160,4035,399,2,5067.92
12161,4036,317,4,784.53
12162,4036,423,4,5959.15
12163,4036,76,4,3624.25
12164,4036,171,3,6247.86
12165,4036,298,1,5143.35
12166,4037,362,1,4182.94
12167,4037,393,3,1234.01
12168,4038,84,1,5116.75
12169,4038,139,2,2207.41
12170,4039,258,3,4144.01
12171,4039,447,4,2421.14
12172,4039,19,3,4193.05
12173,4039,47,1,2540.64
12174,4040,219,2,1512.13
12175,4040,263,1,4317.08
12176,4040,153,3,7154.27
12177,4041,113,1,2129.84
12178,4042,354,4,1425.69
12179,4042,154,3,3919.63
12180,4043,187,3,7451.43
12181,4043,223,2,830.78
12182,4044,339,4,4212.47
12183,4044,370,1,4396.17
12184,4045,338,3,5130.85
12185,4045,494,2,5234.76
12186,4045,149,3,5667.0
12187,4045,243,1,5813.12
12188,4045,268,3,2691.51
12189,4046,48,2,3118.93
12190,4046,191,1,1690.83
12191,4046,388,2,1373.2
12192,4046,62,3,7110.36
12193,4047,476,1,4727.45
12194,4047,465,2,6681.17
12195,4048,229,1,6178.47
12196,4049,480,1,1852.13
12197,4049,14,4,1195.89
12198,4049,356,3,5880.99
12199,4050,470,3,4963.98
12200,4050,426,1,1145.23
12201,4050,198,3,2183.12
12202,4050,161,3,6112.98
12203,4050,194,4,3575.56
12204,4051,419,4,4392.23
12205,4051,78,1,2623.38
12206,4051,472,2,3476.76
12207,4052,388,1,1373.2
12208,4052,11,4,5761.74
12209,4053,226,2,1742.75
12210,4054,14,3,1195.89
12211,4054,7,1,1658.11
12212,4054,428,3,3337.91
12213,4054,475,2,1249.33
12214,4054,306,2,1311.81
12215,4055,114,3,1305.47
12216,4055,311,1,1952.58
12217,4055,207,2,5032.22
12218,4056,219,4,1512.13
12219,4057,31,1,3335.57
12220,4057,204,4,3202.4
12221,4057,237,1,3807.7
12222,4057,430,2,1289.32
12223,4057,477,3,1536.6
12224,4058,190,2,2545.79
12225,4058,421,4,1285.52
12226,4058,420,2,1934.38
12227,4058,286,2,5544.61
12228,4059,55,3,5294.38
12229,4059,155,4,7062.88
12230,4059,274,2,7224.74
12231,4060,406,3,2675.38
12232,4060,190,3,2545.79
12233,4060,331,4,895.99
12234,4060,139,1,2207.41
12235,4061,57,4,4604.53
12236,4061,111,4,2394.51
12237,4061,412,2,2197.41
12238,4062,59,3,3551.72
12239,4062,401,3,830.88
12240,4063,297,4,1402.1
12241,4064,455,4,3452.95
12242,4064,2,3,5222.22
12243,4065,34,3,1739.97
12244,4065,360,4,2975.5
12245,4065,413,2,5368.82
12246,4065,387,4,1384.34
12247,4065,237,1,3807.7
12248,4066,253,3,2797.42
12249,4066,395,3,4977.01
12250,4066,184,4,4693.71
12251,4067,260,4,1846.21
12252,4068,292,3,5117.95
12253,4068,295,2,1323.61
12254,4069,427,1,5615.06
12255,4069,205,4,6203.46
12256,4069,475,3,1249.33
12257,4069,89,3,4465.7
12258,4070,413,1,5368.82
12259,4070,498,4,5835.24
12260,4070,60,4,5163.17
12261,4070,352,3,6820.17
12262,4071,3,1,394.52
12263,4072,232,4,6669.4
12264,4072,327,1,2218.76
12265,4073,34,4,1739.97
12266,4073,165,1,4937.61
12267,4074,19,4,4193.05
12268,4075,114,1,1305.47
12269,4076,434,4,5172.12
12270,4077,22,1,2628.43
12271,4077,67,2,6765.53
12272,4077,308,2,1437.25
12273,4078,267,3,3128.45
12274,4078,324,4,3848.88
12275,4079,19,1,4193.05
12276,4079,437,1,1635.15
12277,4079,18,1,3961.8
12278,4079,165,3,4937.61
12279,4079,146,3,2758.94
12280,4080,357,3,3963.48
12281,4080,362,4,4182.94
12282,4080,142,3,628.57
12283,4080,240,3,1220.06
12284,4080,67,1,6765.53
12285,4081,68,2,5048.98
12286,4082,79,2,2892.49
12287,4082,423,2,5959.15
12288,4082,180,4,1609.07
12289,4083,160,4,6704.84
12290,4084,24,1,6433.86
12291,4084,203,2,3122.39
12292,4084,84,2,5116.75
12293,4084,328,1,2729.68
12294,4084,303,4,1103.01
12295,4085,39,3,3097.27
12296,4085,467,2,5633.33
12297,4086,472,4,3476.76
12298,4087,179,4,2635.11
12299,4087,195,2,3142.65
12300,4087,140,2,4644.31
12301,4087,340,4,6024.22
12302,4088,10,3,1780.12
12303,4088,140,4,4644.31
12304,4088,339,4,4212.47
12305,4088,139,4,2207.41
12306,4089,47,3,2540.64
12307,4089,291,4,4158.04
12308,4089,146,2,2758.94
12309,4090,71,4,4208.53
12310,4090,149,3,5667.0
12311,4090,362,3,4182.94
12312,4090,405,4,4305.08
12313,4091,60,1,5163.17
12314,4092,13,4,2922.53
12315,4092,150,2,1545.47
12316,4092,282,3,5682.3
12317,4092,377,1,5763.68
12318,4092,46,4,922.81
12319,4093,23,4,4519.4
12320,4094,153,2,7154.27
12321,4094,155,4,7062.88
12322,4095,299,4,5162.19
12323,4095,279,3,774.25
12324,4095,276,4,2669.21
12325,4095,332,2,336.46
12326,4095,420,4,1934.38
12327,4096,383,2,1338.8
12328,4096,470,2,4963.98
12329,4096,374,4,3593.06
12330,4096,75,1,3885.28
12331,4097,189,4,3600.6
12332,4097,83,1,4207.1
12333,4098,362,2,4182.94
12334,4098,330,4,4391.26
12335,4098,352,3,6820.17
12336,4099,98,4,5554.21
12337,4100,105,2,4056.14
12338,4100,305,1,1283.96
12339,4100,267,2,3128.45
12340,4100,225,2,3865.19
12341,4101,451,4,5285.86
12342,4102,130,3,1963.29
12343,4102,474,4,5605.5
12344,4102,68,2,5048.98
12345,4103,365,1,5059.36
12346,4103,68,2,5048.98
12347,4103,288,2,6212.26
12348,4104,86,3,4346.28
12349,4104,80,1,2551.1
12350,4104,111,2,2394.51
12351,4105,24,1,6433.86
12352,4105,427,3,5615.06
12353,4106,8,3,1108.08
12354,4107,100,1,7678.63
12355,4107,368,3,3127.98
12356,4108,218,2,1046.26
12357,4108,177,3,1399.56
12358,4108,76,3,3624.25
12359,4108,216,3,4724.1
12360,4108,336,1,3505.41
12361,4109,420,2,1934.38
12362,4109,46,3,922.81
12363,4109,472,2,3476.76
12364,4110,98,2,5554.21
12365,4110,293,3,5467.31
12366,4110,421,1,1285.52
12367,4110,60,1,5163.17
12368,4110,94,4,637.72
12369,4111,490,2,7539.95
12370,4111,454,1,469.46
12371,4111,351,3,5407.74
12372,4111,460,1,5962.4
12373,4111,43,1,791.88
12374,4112,60,3,5163.17
12375,4112,238,1,555.04
12376,4113,30,3,1495.61
12377,4113,148,2,2389.03
12378,4113,191,2,1690.83
12379,4114,250,3,2853.44
12380,4114,282,2,5682.3
12381,4114,388,2,1373.2
12382,4115,220,2,3372.55
12383,4115,350,4,1035.46
12384,4115,314,1,5187.17
12385,4116,188,1,5890.62
12386,4116,130,4,1963.29
12387,4116,284,4,1954.57
12388,4116,71,1,4208.53
12389,4117,235,4,5882.55
12390,4117,408,4,2432.33
12391,4117,154,3,3919.63
12392,4118,481,2,4362.0
12393,4118,39,4,3097.27
12394,4119,261,1,6008.79
12395,4119,45,4,2239.06
12396,4119,455,1,3452.95
12397,4119,202,2,3841.09
12398,4119,378,2,5787.24
12399,4120,329,2,6150.42
12400,4120,226,2,1742.75
12401,4120,140,2,4644.31
12402,4121,355,1,6023.83
12403,4121,398,4,6965.19
12404,4121,350,4,1035.46
12405,4122,225,2,3865.19
12406,4122,212,1,155.74
12407,4122,86,1,4346.28
12408,4122,70,4,2952.71
12409,4122,252,1,4468.34
12410,4123,148,3,2389.03
12411,4124,125,3,4655.25
12412,4124,225,3,3865.19
12413,4125,53,4,1636.05
12414,4125,220,1,3372.55
12415,4125,208,1,1461.6
12416,4125,369,1,3840.55
12417,4125,293,2,5467.31
12418,4126,175,1,1587.68
12419,4126,193,4,6626.72
12420,4126,432,2,3897.39
12421,4126,170,1,3039.1
12422,4127,314,3,5187.17
12423,4127,257,1,1725.23
12424,4127,326,2,5313.25
12425,4127,418,4,4532.15
12426,4127,274,1,7224.74
12427,4128,241,3,600.8
12428,4128,171,2,6247.86
12429,4128,159,1,1782.91
12430,4128,84,3,5116.75
12431,4128,484,2,5888.26
12432,4129,217,1,1753.76
12433,4130,231,4,1813.96
12434,4130,239,1,2892.25
12435,4130,183,4,4643.22
12436,4130,335,4,3273.18
12437,4130,444,2,5110.75
12438,4131,393,4,1234.01
12439,4131,426,1,1145.23
12440,4131,322,3,3077.91
12441,4132,158,2,4348.37
12442,4132,379,4,1894.51
12443,4132,347,4,5269.21
12444,4132,217,3,1753.76
12445,4133,467,3,5633.33
12446,4133,365,1,5059.36
12447,4133,69,3,2687.96
12448,4133,130,3,1963.29
12449,4134,205,4,6203.46
12450,4134,191,1,1690.83
12451,4134,460,4,5962.4
12452,4134,357,2,3963.48
12453,4135,388,3,1373.2
12454,4135,434,2,5172.12
12455,4135,346,4,3160.86
12456,4135,256,4,2686.28
12457,4135,149,3,5667.0
12458,4136,76,2,3624.25
12459,4136,233,1,4261.37
12460,4136,180,4,1609.07
12461,4136,122,1,1788.84
12462,4136,38,1,1645.79
12463,4137,10,4,1780.12
12464,4137,88,2,3652.47
12465,4138,143,3,4831.33
12466,4138,359,2,3218.73
12467,4138,329,1,6150.42
12468,4139,443,2,4924.62
12469,4139,37,1,1174.23
12470,4140,8,2,1108.08
12471,4141,87,1,1282.33
12472,4141,273,4,4355.96
12473,4141,451,3,5285.86
12474,4141,417,3,4766.29
12475,4142,163,4,6699.83
12476,4142,351,2,5407.74
12477,4142,135,1,5029.03
12478,4143,191,4,1690.83
12479,4143,275,1,1381.85
12480,4143,405,1,4305.08
12481,4144,70,1,2952.71
12482,4144,332,2,336.46
12483,4145,209,4,5173.0
12484,4145,301,1,4803.29
12485,4146,83,1,4207.1
12486,4146,454,3,469.46
12487,4146,352,1,6820.17
12488,4146,483,2,6442.69
12489,4147,310,4,3432.36
12490,4147,278,4,1452.09
12491,4147,214,4,5909.34
12492,4147,68,1,5048.98
12493,4147,71,4,4208.53
12494,4148,102,3,5155.01
12495,4148,388,1,1373.2
12496,4148,19,2,4193.05
12497,4149,483,3,6442.69
12498,4150,147,4,2549.32
12499,4150,121,4,704.52
12500,4150,269,1,2723.78
12501,4150,474,3,5605.5
12502,4151,183,4,4643.22
12503,4152,264,2,1850.78
12504,4152,288,4,6212.26
12505,4152,83,1,4207.1
12506,4152,127,1,4216.76
12507,4152,486,3,3925.75
12508,4153,190,2,2545.79
12509,4153,284,4,1954.57
12510,4153,367,2,2356.19
12511,4154,319,4,3408.81
12512,4154,108,3,2189.38
12513,4154,434,1,5172.12
12514,4155,54,3,3298.92
12515,4155,67,1,6765.53
12516,4155,248,4,5396.23
12517,4155,97,3,3649.64
12518,4155,490,3,7539.95
12519,4156,279,3,774.25
12520,4156,480,1,1852.13
12521,4156,312,2,4519.33
12522,4157,159,2,1782.91
12523,4157,3,3,394.52
12524,4157,230,2,3984.19
12525,4157,220,2,3372.55
12526,4157,250,3,2853.44
12527,4158,46,2,922.81
12528,4158,257,4,1725.23
12529,4158,240,2,1220.06
12530,4159,181,2,277.41
12531,4159,249,2,6139.17
12532,4159,69,1,2687.96
12533,4159,463,4,4315.08
12534,4160,180,4,1609.07
12535,4161,1,1,2876.42
12536,4161,387,3,1384.34
12537,4161,67,2,6765.53
12538,4161,274,1,7224.74
12539,4162,190,1,2545.79
12540,4163,438,2,3420.48
12541,4163,38,1,1645.79
12542,4163,497,1,4863.47
12543,4163,68,3,5048.98
12544,4164,136,3,6859.2
12545,4164,425,1,4224.17
12546,4164,382,4,5869.03
12547,4164,219,4,1512.13
12548,4164,462,1,1440.1
12549,4165,461,1,4553.3
12550,4165,298,3,5143.35
12551,4165,250,4,2853.44
12552,4166,366,4,3398.33
12553,4166,310,1,3432.36
12554,4166,82,4,5405.87
12555,4166,407,1,5614.76
12556,4166,181,4,277.41
12557,4167,488,2,723.72
12558,4167,243,2,5813.12
12559,4168,182,1,4710.47
12560,4169,168,2,4609.57
12561,4169,135,1,5029.03
12562,4169,239,1,2892.25
12563,4169,379,1,1894.51
12564,4169,451,1,5285.86
12565,4170,426,2,1145.23
12566,4170,321,1,2051.86
12567,4170,314,4,5187.17
12568,4171,70,3,2952.71
12569,4171,198,1,2183.12
12570,4171,383,3,1338.8
12571,4171,411,4,4968.3
12572,4171,245,2,2794.78
12573,4172,140,2,4644.31
12574,4172,278,4,1452.09
12575,4172,485,3,4042.01
12576,4172,18,4,3961.8
12577,4172,317,1,784.53
12578,4173,210,1,530.97
12579,4173,318,1,5367.63
12580,4173,123,4,5238.56
12581,4173,173,1,4328.16
12582,4174,164,2,451.3
12583,4174,468,2,6226.51
12584,4175,228,2,5999.41
12585,4175,434,2,5172.12
12586,4176,482,2,5294.83
12587,4176,402,3,1337.62
12588,4177,34,4,1739.97
12589,4177,130,3,1963.29
12590,4178,425,4,4224.17
12591,4178,270,2,3668.4
12592,4178,21,4,773.93
12593,4179,117,3,924.08
12594,4180,20,2,543.91
12595,4180,462,3,1440.1
12596,4180,384,1,4637.79
12597,4180,263,1,4317.08
12598,4180,312,4,4519.33
12599,4181,486,1,3925.75
12600,4181,255,4,3636.36
12601,4182,7,4,1658.11
12602,4182,268,3,2691.51
12603,4182,307,4,5262.37
12604,4182,208,4,1461.6
12605,4182,472,4,3476.76
12606,4183,267,4,3128.45
12607,4183,68,4,5048.98
12608,4183,109,1,2146.83
12609,4183,311,2,1952.58
12610,4184,122,3,1788.84
12611,4185,247,2,3140.62
12612,4185,140,4,4644.31
12613,4185,79,2,2892.49
12614,4185,139,1,2207.41
12615,4185,385,1,4521.81
12616,4186,236,4,4782.03
12617,4186,83,2,4207.1
12618,4186,363,2,7234.27
12619,4186,157,3,5351.04
12620,4187,318,4,5367.63
12621,4187,495,3,5674.17
12622,4187,336,4,3505.41
12623,4187,280,3,4382.83
12624,4188,401,2,830.88
12625,4188,285,4,3625.74
12626,4188,17,4,6553.92
12627,4188,450,1,2146.91
12628,4188,218,4,1046.26
12629,4189,283,4,5922.7
12630,4190,142,1,628.57
12631,4190,403,1,2324.3
12632,4190,386,2,988.77
12633,4191,44,1,5953.73
12634,4191,378,3,5787.24
12635,4191,128,1,2947.92
12636,4191,58,3,685.74
12637,4191,340,2,6024.22
12638,4192,97,1,3649.64
12639,4192,305,1,1283.96
12640,4192,34,3,1739.97
12641,4192,265,2,5984.67
12642,4192,192,1,1522.05
12643,4193,211,1,3182.08
12644,4193,217,1,1753.76
12645,4193,72,3,5436.37
12646,4194,95,2,4933.59
12647,4194,148,3,2389.03
12648,4194,164,2,451.3
12649,4194,470,3,4963.98
12650,4194,30,3,1495.61
12651,4195,417,3,4766.29
12652,4195,378,2,5787.24
12653,4195,379,3,1894.51
12654,4195,197,3,3444.31
12655,4195,440,4,1786.05
12656,4196,386,3,988.77
12657,4197,236,4,4782.03
12658,4198,485,3,4042.01
12659,4198,423,2,5959.15
12660,4198,453,4,2708.83
12661,4198,289,4,615.43
12662,4198,170,1,3039.1
12663,4199,354,2,1425.69
12664,4200,225,3,3865.19
12665,4200,336,4,3505.41
12666,4201,24,1,6433.86
12667,4201,29,4,5434.79
12668,4201,207,3,5032.22
12669,4201,77,2,5802.31
12670,4201,77,3,5802.31
12671,4202,41,3,5380.63
12672,4202,29,4,5434.79
12673,4203,302,2,4353.43
12674,4203,43,4,791.88
12675,4203,277,1,4935.0
12676,4203,219,3,1512.13
12677,4203,392,2,1502.97
12678,4204,342,1,2036.46
12679,4204,170,3,3039.1
12680,4204,93,1,2629.61
12681,4205,119,2,224.22
12682,4206,235,3,5882.55
12683,4206,281,1,767.61
12684,4206,312,3,4519.33
12685,4206,102,2,5155.01
12686,4206,191,2,1690.83
12687,4207,267,3,3128.45
12688,4207,265,3,5984.67
12689,4207,374,4,3593.06
12690,4208,249,2,6139.17
12691,4208,298,3,5143.35
12692,4208,331,2,895.99
12693,4209,267,3,3128.45
12694,4209,23,1,4519.4
12695,4209,167,2,6818.7
12696,4210,311,4,1952.58
12697,4210,132,3,734.08
12698,4211,224,2,5253.84
12699,4211,184,2,4693.71
12700,4212,450,1,2146.91
12701,4213,384,2,4637.79
12702,4213,373,4,4435.35
12703,4213,30,3,1495.61
12704,4213,43,2,791.88
12705,4214,256,1,2686.28
12706,4215,316,4,3281.58
12707,4216,316,3,3281.58
12708,4216,474,1,5605.5
12709,4217,494,2,5234.76
12710,4218,123,3,5238.56
12711,4218,481,4,4362.0
12712,4219,420,3,1934.38
12713,4220,159,1,1782.91
12714,4220,356,3,5880.99
12715,4220,134,2,4419.51
12716,4221,116,3,584.32
12717,4221,13,2,2922.53
12718,4222,401,2,830.88
12719,4223,273,3,4355.96
12720,4223,425,3,4224.17
12721,4223,328,3,2729.68
12722,4224,97,2,3649.64
12723,4224,402,2,1337.62
12724,4224,315,4,1950.17
12725,4224,410,3,2717.31
12726,4225,208,4,1461.6
12727,4225,146,1,2758.94
12728,4226,456,3,4335.7
12729,4226,330,3,4391.26
12730,4226,174,1,2623.77
12731,4226,476,2,4727.45
12732,4226,400,4,3874.31
12733,4227,273,3,4355.96
12734,4227,185,1,1990.36
12735,4228,116,2,584.32
12736,4228,71,3,4208.53
12737,4228,200,2,3146.05
12738,4229,227,3,3884.33
12739,4229,331,3,895.99
12740,4229,263,4,4317.08
12741,4229,460,1,5962.4
12742,4229,359,4,3218.73
12743,4230,457,1,4840.21
12744,4230,393,4,1234.01
12745,4231,198,2,2183.12
12746,4232,330,4,4391.26
12747,4232,237,2,3807.7
12748,4232,68,4,5048.98
12749,4232,223,2,830.78
12750,4233,5,2,2523.37
12751,4233,339,1,4212.47
12752,4233,458,1,4050.01
12753,4233,2,3,5222.22
12754,4234,78,4,2623.38
12755,4234,218,4,1046.26
12756,4235,381,4,2780.62
12757,4235,12,3,5776.18
12758,4236,386,1,988.77
12759,4236,288,1,6212.26
12760,4236,394,3,4349.12
12761,4236,388,3,1373.2
12762,4236,170,4,3039.1
12763,4237,187,1,7451.43
12764,4237,406,3,2675.38
12765,4237,353,2,4945.04
12766,4237,143,1,4831.33
12767,4237,483,3,6442.69
12768,4238,368,1,3127.98
12769,4238,160,1,6704.84
12770,4238,439,1,5144.08
12771,4239,90,3,2134.9
12772,4239,59,3,3551.72
12773,4240,181,4,277.41
12774,4240,122,2,1788.84
12775,4240,227,3,3884.33
12776,4240,450,4,2146.91
12777,4240,336,2,3505.41
12778,4241,497,2,4863.47
12779,4242,422,2,5095.84
12780,4243,310,1,3432.36
12781,4243,125,2,4655.25
12782,4244,437,2,1635.15
12783,4244,3,3,394.52
12784,4244,284,3,1954.57
12785,4244,214,1,5909.34
12786,4245,172,2,5729.96
12787,4245,368,2,3127.98
12788,4245,294,3,6129.64
12789,4246,9,1,3407.08
12790,4247,138,3,4165.59
12791,4247,394,4,4349.12
12792,4247,411,3,4968.3
12793,4247,247,1,3140.62
12794,4248,412,1,2197.41
12795,4248,53,2,1636.05
12796,4248,407,2,5614.76
12797,4248,255,4,3636.36
12798,4249,28,4,801.28
12799,4250,121,3,704.52
12800,4250,117,1,924.08
12801,4250,438,1,3420.48
12802,4251,410,1,2717.31
12803,4251,253,3,2797.42
12804,4252,497,3,4863.47
12805,4252,153,3,7154.27
12806,4252,494,1,5234.76
12807,4252,18,2,3961.8
12808,4253,203,2,3122.39
12809,4253,263,1,4317.08
12810,4254,468,1,6226.51
12811,4254,49,3,1001.46
12812,4254,36,2,3194.46
12813,4254,416,3,3452.92
12814,4255,144,1,4356.46
12815,4256,180,1,1609.07
12816,4256,481,4,4362.0
12817,4256,498,4,5835.24
12818,4256,215,4,3143.73
12819,4256,89,3,4465.7
12820,4257,110,3,6959.37
12821,4258,251,1,4963.2
12822,4258,362,1,4182.94
12823,4258,494,4,5234.76
12824,4258,220,2,3372.55
12825,4259,440,3,1786.05
12826,4259,9,1,3407.08
12827,4260,351,4,5407.74
12828,4261,149,3,5667.0
12829,4261,415,1,3144.2
12830,4261,383,4,1338.8
12831,4261,356,3,5880.99
12832,4262,308,1,1437.25
12833,4262,262,2,3433.24
12834,4262,389,2,1828.56
12835,4262,335,2,3273.18
12836,4262,344,4,6982.35
12837,4263,234,3,1670.39
12838,4264,197,4,3444.31
12839,4264,275,1,1381.85
12840,4264,306,4,1311.81
12841,4265,163,4,6699.83
12842,4266,120,1,2247.59
12843,4266,195,3,3142.65
12844,4266,454,4,469.46
12845,4266,389,4,1828.56
12846,4267,83,2,4207.1
12847,4267,216,4,4724.1
12848,4267,347,2,5269.21
12849,4268,311,2,1952.58
12850,4268,360,1,2975.5
12851,4268,78,1,2623.38
12852,4268,420,2,1934.38
12853,4268,296,3,959.66
12854,4269,78,2,2623.38
12855,4269,422,2,5095.84
12856,4269,26,1,5756.04
12857,4269,370,4,4396.17
12858,4269,299,1,5162.19
12859,4270,108,4,2189.38
12860,4271,143,3,4831.33
12861,4271,387,3,1384.34
12862,4272,157,3,5351.04
12863,4272,162,1,3673.3
12864,4272,36,4,3194.46
12865,4273,186,4,2472.63
12866,4273,427,1,5615.06
12867,4273,292,2,5117.95
12868,4273,131,4,4351.85
12869,4273,214,1,5909.34
12870,4274,392,3,1502.97
12871,4274,100,1,7678.63
12872,4275,57,3,4604.53
12873,4275,284,4,1954.57
12874,4275,457,3,4840.21
12875,4275,88,2,3652.47
12876,4275,54,1,3298.92
12877,4276,287,1,362.6
12878,4276,451,2,5285.86
12879,4276,462,4,1440.1
12880,4277,365,2,5059.36
12881,4277,46,2,922.81
12882,4277,296,1,959.66
12883,4278,48,1,3118.93
12884,4278,300,4,1582.87
12885,4278,110,3,6959.37
12886,4278,291,3,4158.04
12887,4278,241,3,600.8
12888,4279,133,3,7682.68
12889,4279,158,1,4348.37
12890,4279,471,4,1844.85
12891,4279,366,2,3398.33
12892,4279,254,1,229.57
12893,4280,263,3,4317.08
12894,4280,297,2,1402.1
12895,4280,129,4,1449.29
12896,4280,207,3,5032.22
12897,4280,383,4,1338.8
12898,4281,407,4,5614.76
12899,4282,170,3,3039.1
12900,4282,310,1,3432.36
12901,4283,421,2,1285.52
12902,4283,408,2,2432.33
12903,4283,216,2,4724.1
12904,4283,482,1,5294.83
12905,4283,150,2,1545.47
12906,4284,387,4,1384.34
12907,4285,27,2,1911.35
12908,4285,90,2,2134.9
12909,4285,389,1,1828.56
12910,4285,447,3,2421.14
12911,4285,277,2,4935.0
12912,4286,258,3,4144.01
12913,4286,284,3,1954.57
12914,4286,412,2,2197.41
12915,4286,367,1,2356.19
12916,4286,73,2,958.17
12917,4287,418,4,4532.15
12918,4287,451,3,5285.86
12919,4287,438,4,3420.48
12920,4288,250,2,2853.44
12921,4288,116,2,584.32
12922,4288,4,2,5633.67
12923,4289,435,4,3048.69
12924,4289,36,1,3194.46
12925,4289,136,1,6859.2
12926,4289,151,2,1368.5
12927,4290,374,2,3593.06
12928,4290,407,1,5614.76
12929,4290,273,1,4355.96
12930,4290,51,4,775.58
12931,4290,63,2,639.04
12932,4291,260,3,1846.21
12933,4292,36,2,3194.46
12934,4293,87,3,1282.33
12935,4293,142,1,628.57
12936,4293,433,2,3901.17
12937,4294,430,4,1289.32
12938,4295,114,3,1305.47
12939,4295,222,2,5410.26
12940,4296,420,3,1934.38
12941,4296,454,4,469.46
12942,4296,61,4,1634.69
12943,4296,482,1,5294.83
12944,4297,128,1,2947.92
12945,4297,167,2,6818.7
12946,4297,406,3,2675.38
12947,4297,498,3,5835.24
12948,4298,401,2,830.88
12949,4298,85,1,206.91
12950,4298,91,3,2388.1
12951,4298,97,3,3649.64
12952,4299,70,2,2952.71
12953,4299,493,4,6088.79
12954,4299,90,3,2134.9
12955,4300,476,1,4727.45
12956,4300,370,4,4396.17
12957,4301,110,1,6959.37
12958,4301,445,3,4299.29
12959,4301,8,4,1108.08
12960,4301,225,3,3865.19
12961,4301,440,3,1786.05
12962,4302,256,1,2686.28
12963,4303,492,3,5032.36
12964,4303,279,3,774.25
12965,4303,52,1,2554.22
12966,4304,226,3,1742.75
12967,4304,361,3,3228.33
12968,4304,309,4,825.37
12969,4304,245,2,2794.78
12970,4305,18,2,3961.8
12971,4305,70,3,2952.71
12972,4305,366,1,3398.33
12973,4305,487,4,3602.54
12974,4305,191,4,1690.83
12975,4306,329,1,6150.42
12976,4306,495,1,5674.17
12977,4306,60,4,5163.17
12978,4306,310,1,3432.36
12979,4307,158,4,4348.37
12980,4308,272,1,1207.17
12981,4308,333,1,6331.32
12982,4308,144,4,4356.46
12983,4309,246,1,2663.81
12984,4310,18,1,3961.8
12985,4310,381,2,2780.62
12986,4311,267,3,3128.45
12987,4312,489,4,1979.19
12988,4312,54,4,3298.92
12989,4312,359,4,3218.73
12990,4313,463,2,4315.08
12991,4313,414,1,981.22
12992,4313,165,4,4937.61
12993,4314,328,3,2729.68
12994,4314,88,2,3652.47
12995,4315,27,3,1911.35
12996,4315,101,3,1381.51
12997,4315,239,3,2892.25
12998,4316,61,4,1634.69
12999,4317,467,3,5633.33
13000,4317,36,3,3194.46
13001,4317,141,4,4217.11
13002,4317,37,1,1174.23
13003,4318,122,3,1788.84
13004,4318,85,2,206.91
13005,4318,178,4,3635.79
13006,4319,214,3,5909.34
13007,4319,112,1,5163.37
13008,4319,444,3,5110.75
13009,4319,499,2,2598.33
13010,4320,222,1,5410.26
13011,4320,381,4,2780.62
13012,4320,431,3,2345.7
13013,4321,306,2,1311.81
13014,4321,419,1,4392.23
13015,4322,52,1,2554.22
13016,4322,403,2,2324.3
13017,4323,468,2,6226.51
13018,4323,288,4,6212.26
13019,4323,46,1,922.81
13020,4323,282,1,5682.3
13021,4324,232,3,6669.4
13022,4325,366,2,3398.33
13023,4325,313,2,3303.95
13024,4325,364,2,6026.85
13025,4326,493,2,6088.79
13026,4326,249,1,6139.17
13027,4327,338,2,5130.85
13028,4327,460,1,5962.4
13029,4327,474,3,5605.5
13030,4328,299,4,5162.19
13031,4329,200,2,3146.05
13032,4329,402,3,1337.62
13033,4329,410,2,2717.31
13034,4329,87,3,1282.33
13035,4329,200,2,3146.05
13036,4330,294,4,6129.64
13037,4331,141,3,4217.11
13038,4332,303,4,1103.01
13039,4332,246,1,2663.81
13040,4332,476,1,4727.45
13041,4332,68,2,5048.98
13042,4333,462,1,1440.1
13043,4333,235,3,5882.55
13044,4333,284,1,1954.57
13045,4334,368,2,3127.98
13046,4334,233,2,4261.37
13047,4335,89,2,4465.7
13048,4336,244,2,1747.97
13049,4336,416,4,3452.92
13050,4336,422,1,5095.84
13051,4336,297,3,1402.1
13052,4336,471,4,1844.85
13053,4337,52,1,2554.22
13054,4337,420,4,1934.38
13055,4338,349,1,4253.69
13056,4338,321,1,2051.86
13057,4339,43,4,791.88
13058,4339,381,4,2780.62
13059,4339,420,4,1934.38
13060,4340,257,2,1725.23
13061,4340,67,4,6765.53
13062,4341,299,2,5162.19
13063,4341,10,4,1780.12
13064,4341,349,2,4253.69
13065,4342,262,1,3433.24
13066,4343,485,1,4042.01
13067,4343,346,1,3160.86
13068,4343,417,2,4766.29
13069,4343,184,1,4693.71
13070,4344,429,4,3529.21
13071,4344,267,3,3128.45
13072,4345,237,4,3807.7
13073,4345,194,2,3575.56
13074,4346,330,1,4391.26
13075,4346,43,3,791.88
13076,4346,221,3,6443.18
13077,4347,337,3,5116.18
13078,4347,39,3,3097.27
13079,4347,259,1,1302.93
13080,4347,478,3,4700.05
13081,4348,218,2,1046.26
13082,4348,189,2,3600.6
13083,4348,155,2,7062.88
13084,4348,135,1,5029.03
13085,4349,57,1,4604.53
13086,4349,106,2,1635.06
13087,4349,58,1,685.74
13088,4349,237,1,3807.7
13089,4349,14,1,1195.89
13090,4350,436,4,6428.91
13091,4350,62,1,7110.36
13092,4350,58,1,685.74
13093,4350,494,2,5234.76
13094,4351,373,4,4435.35
13095,4351,226,1,1742.75
13096,4351,168,4,4609.57
13097,4351,374,3,3593.06
13098,4352,270,4,3668.4
13099,4352,415,3,3144.2
13100,4352,424,4,1011.09
13101,4352,374,4,3593.06
13102,4353,353,1,4945.04
13103,4353,31,2,3335.57
13104,4353,17,1,6553.92
13105,4353,361,4,3228.33
13106,4354,217,3,1753.76
13107,4354,140,3,4644.31
13108,4354,316,3,3281.58
13109,4354,217,1,1753.76
13110,4355,66,4,3951.93
13111,4355,288,3,6212.26
13112,4355,33,4,6626.78
13113,4356,218,2,1046.26
13114,4356,202,4,3841.09
13115,4356,210,3,530.97
13116,4357,398,2,6965.19
13117,4357,178,3,3635.79
13118,4357,141,1,4217.11
13119,4357,319,2,3408.81
13120,4357,387,2,1384.34
13121,4358,400,1,3874.31
13122,4358,370,1,4396.17
13123,4358,437,1,1635.15
13124,4358,234,2,1670.39
13125,4358,207,3,5032.22
13126,4359,354,3,1425.69
13127,4359,418,3,4532.15
13128,4359,80,3,2551.1
13129,4360,243,2,5813.12
13130,4360,82,3,5405.87
13131,4360,203,2,3122.39
13132,4360,491,4,336.73
13133,4361,98,1,5554.21
13134,4361,174,4,2623.77
13135,4361,338,1,5130.85
13136,4362,69,1,2687.96
13137,4362,17,2,6553.92
13138,4362,263,1,4317.08
13139,4363,68,3,5048.98
13140,4364,193,3,6626.72
13141,4364,39,2,3097.27
13142,4364,171,4,6247.86
13143,4364,333,3,6331.32
13144,4365,363,3,7234.27
13145,4366,132,4,734.08
13146,4366,385,3,4521.81
13147,4366,9,3,3407.08
13148,4367,133,2,7682.68
13149,4367,498,1,5835.24
13150,4367,461,2,4553.3
13151,4368,198,1,2183.12
13152,4368,88,2,3652.47
13153,4368,458,2,4050.01
13154,4368,92,4,4206.66
13155,4368,403,3,2324.3
13156,4369,417,2,4766.29
13157,4370,423,3,5959.15
13158,4370,448,4,1589.08
13159,4370,392,2,1502.97
13160,4370,388,2,1373.2
13161,4370,228,4,5999.41
13162,4371,262,2,3433.24
13163,4371,310,4,3432.36
13164,4372,319,1,3408.81
13165,4373,164,3,451.3
13166,4373,51,1,775.58
13167,4373,55,1,5294.38
13168,4373,257,2,1725.23
13169,4373,172,1,5729.96
13170,4374,66,2,3951.93
13171,4374,99,2,377.4
13172,4375,109,4,2146.83
13173,4375,456,1,4335.7
13174,4375,281,3,767.61
13175,4375,254,3,229.57
13176,4376,7,3,1658.11
13177,4376,176,1,2750.53
13178,4377,329,4,6150.42
13179,4378,259,2,1302.93
13180,4378,338,2,5130.85
13181,4378,140,2,4644.31
13182,4379,226,3,1742.75
13183,4380,18,2,3961.8
13184,4380,118,1,4371.63
13185,4380,178,2,3635.79
13186,4380,482,2,5294.83
13187,4380,106,4,1635.06
13188,4381,459,4,4650.34
13189,4381,346,1,3160.86
13190,4381,54,2,3298.92
13191,4382,164,1,451.3
13192,4382,149,4,5667.0
13193,4382,322,1,3077.91
13194,4383,339,1,4212.47
13195,4383,255,3,3636.36
13196,4383,293,3,5467.31
13197,4383,468,3,6226.51
13198,4383,307,2,5262.37
13199,4384,168,2,4609.57
13200,4384,343,4,2443.83
13201,4384,461,3,4553.3
13202,4384,491,1,336.73
13203,4385,88,4,3652.47
13204,4385,412,2,2197.41
13205,4385,56,1,1350.59
13206,4385,261,4,6008.79
13207,4385,223,3,830.78
13208,4386,250,4,2853.44
13209,4386,11,4,5761.74
13210,4387,75,2,3885.28
13211,4387,43,3,791.88
13212,4387,39,4,3097.27
13213,4388,200,3,3146.05
13214,4388,153,1,7154.27
13215,4388,113,2,2129.84
13216,4388,169,4,5455.24
13217,4388,253,1,2797.42
13218,4389,438,3,3420.48
13219,4389,214,4,5909.34
13220,4389,188,2,5890.62
13221,4389,444,4,5110.75
13222,4390,289,2,615.43
13223,4390,439,1,5144.08
13224,4390,8,1,1108.08
13225,4391,195,1,3142.65
13226,4391,384,4,4637.79
13227,4392,16,1,3318.23
13228,4393,374,1,3593.06
13229,4393,304,1,4992.14
13230,4394,35,1,3703.55
13231,4395,227,1,3884.33
13232,4395,246,3,2663.81
13233,4395,45,1,2239.06
13234,4395,89,3,4465.7
13235,4396,238,4,555.04
13236,4396,294,2,6129.64
13237,4396,458,4,4050.01
13238,4396,321,3,2051.86
13239,4397,355,1,6023.83
13240,4397,1,3,2876.42
13241,4397,178,2,3635.79
13242,4397,171,1,6247.86
13243,4397,216,4,4724.1
13244,4398,18,2,3961.8
13245,4399,226,4,1742.75
13246,4400,383,4,1338.8
13247,4400,398,1,6965.19
13248,4401,197,4,3444.31
13249,4402,94,1,637.72
13250,4402,3,4,394.52
13251,4403,198,3,2183.12
13252,4403,225,1,3865.19
13253,4404,33,4,6626.78
13254,4405,28,1,801.28
13255,4405,57,4,4604.53
13256,4405,485,4,4042.01
13257,4405,494,4,5234.76
13258,4406,350,3,1035.46
13259,4406,104,1,673.38
13260,4406,194,4,3575.56
13261,4406,492,4,5032.36
13262,4407,48,4,3118.93
13263,4408,312,3,4519.33
13264,4408,305,3,1283.96
13265,4408,260,3,1846.21
13266,4409,40,2,2870.78
13267,4409,352,3,6820.17
13268,4409,179,3,2635.11
13269,4410,263,3,4317.08
13270,4411,60,4,5163.17
13271,4411,74,3,1856.46
13272,4411,154,3,3919.63
13273,4411,405,2,4305.08
13274,4411,155,4,7062.88
13275,4412,218,3,1046.26
13276,4412,296,3,959.66
13277,4412,101,1,1381.51
13278,4412,324,2,3848.88
13279,4412,461,4,4553.3
13280,4413,341,2,1594.54
13281,4413,236,4,4782.03
13282,4413,57,4,4604.53
13283,4414,213,4,3927.95
13284,4414,185,2,1990.36
13285,4414,40,1,2870.78
13286,4414,186,3,2472.63
13287,4415,145,2,380.42
13288,4415,244,3,1747.97
13289,4415,296,3,959.66
13290,4416,36,4,3194.46
13291,4417,75,2,3885.28
13292,4417,159,2,1782.91
13293,4417,327,1,2218.76
13294,4417,500,1,5135.84
13295,4417,282,2,5682.3
13296,4418,277,1,4935.0
13297,4418,109,4,2146.83
13298,4418,470,3,4963.98
13299,4418,489,1,1979.19
13300,4419,237,2,3807.7
13301,4419,426,3,1145.23
13302,4419,362,3,4182.94
13303,4419,456,3,4335.7
13304,4420,416,4,3452.92
13305,4420,273,4,4355.96
13306,4420,224,1,5253.84
13307,4420,31,1,3335.57
13308,4421,173,3,4328.16
13309,4421,404,4,5691.79
13310,4421,19,2,4193.05
13311,4422,96,2,418.99
13312,4422,397,3,2867.64
13313,4422,175,2,1587.68
13314,4422,23,3,4519.4
13315,4423,255,2,3636.36
13316,4423,144,3,4356.46
13317,4424,484,2,5888.26
13318,4424,138,4,4165.59
13319,4424,238,1,555.04
13320,4424,376,1,4480.08
13321,4424,96,3,418.99
13322,4425,237,3,3807.7
13323,4425,104,1,673.38
13324,4426,244,4,1747.97
13325,4426,252,2,4468.34
13326,4427,385,2,4521.81
13327,4427,287,3,362.6
13328,4427,410,4,2717.31
13329,4427,135,1,5029.03
13330,4428,118,2,4371.63
13331,4428,492,1,5032.36
13332,4428,496,1,5678.29
13333,4428,483,3,6442.69
13334,4428,133,1,7682.68
13335,4429,397,3,2867.64
13336,4429,287,4,362.6
13337,4429,270,3,3668.4
13338,4429,223,2,830.78
13339,4429,400,4,3874.31
13340,4430,116,3,584.32
13341,4431,308,4,1437.25
13342,4431,481,1,4362.0
13343,4431,316,2,3281.58
13344,4432,342,4,2036.46
13345,4433,281,4,767.61
13346,4433,409,3,4629.95
13347,4434,12,2,5776.18
13348,4434,88,2,3652.47
13349,4434,171,2,6247.86
13350,4434,117,1,924.08
13351,4435,480,4,1852.13
13352,4436,230,1,3984.19
13353,4437,179,2,2635.11
13354,4437,391,4,2831.62
13355,4437,118,3,4371.63
13356,4437,184,2,4693.71
13357,4437,61,4,1634.69
13358,4438,332,1,336.46
13359,4438,290,2,1518.49
13360,4438,363,2,7234.27
13361,4439,111,3,2394.51
13362,4439,70,2,2952.71
13363,4440,396,3,1589.43
13364,4440,412,3,2197.41
13365,4441,45,4,2239.06
13366,4441,314,2,5187.17
13367,4441,444,2,5110.75
13368,4442,71,3,4208.53
13369,4442,90,4,2134.9
13370,4442,154,1,3919.63
13371,4442,62,4,7110.36
13372,4442,286,3,5544.61
13373,4443,61,1,1634.69
13374,4443,363,4,7234.27
13375,4443,463,1,4315.08
13376,4443,283,3,5922.7
13377,4443,282,3,5682.3
13378,4444,373,4,4435.35
13379,4444,464,1,7057.45
13380,4444,56,2,1350.59
13381,4445,29,4,5434.79
13382,4445,171,1,6247.86
13383,4445,448,3,1589.08
13384,4445,9,4,3407.08
13385,4445,452,3,743.06
13386,4446,456,1,4335.7
13387,4447,281,2,767.61
13388,4447,280,3,4382.83
13389,4447,267,2,3128.45
13390,4448,339,3,4212.47
13391,4448,137,4,2345.58
13392,4448,280,3,4382.83
13393,4449,468,2,6226.51
13394,4449,39,2,3097.27
13395,4449,235,2,5882.55
13396,4449,180,3,1609.07
13397,4449,434,4,5172.12
13398,4450,458,4,4050.01
13399,4451,256,3,2686.28
13400,4451,33,2,6626.78
13401,4451,46,3,922.81
13402,4451,339,3,4212.47
13403,4452,107,3,4351.35
13404,4453,490,4,7539.95
13405,4453,229,2,6178.47
13406,4453,482,4,5294.83
13407,4453,438,4,3420.48
13408,4454,340,1,6024.22
13409,4454,97,2,3649.64
13410,4455,152,4,5260.39
13411,4455,275,1,1381.85
13412,4455,258,3,4144.01
13413,4455,69,1,2687.96
13414,4456,103,3,5044.44
13415,4457,348,3,4037.99
13416,4457,476,1,4727.45
13417,4457,161,4,6112.98
13418,4457,213,1,3927.95
13419,4458,420,2,1934.38
13420,4458,71,4,4208.53
13421,4458,426,1,1145.23
13422,4458,377,3,5763.68
13423,4459,43,3,791.88
13424,4459,241,2,600.8
13425,4459,353,3,4945.04
13426,4459,219,3,1512.13
13427,4460,66,1,3951.93
13428,4460,4,4,5633.67
13429,4461,204,2,3202.4
13430,4461,184,1,4693.71
13431,4461,58,1,685.74
13432,4462,298,1,5143.35
13433,4463,185,2,1990.36
13434,4463,411,3,4968.3
13435,4463,82,3,5405.87
13436,4463,348,3,4037.99
13437,4463,342,2,2036.46
13438,4464,470,1,4963.98
13439,4465,486,1,3925.75
13440,4465,135,3,5029.03
13441,4466,288,3,6212.26
13442,4466,384,4,4637.79
13443,4466,375,2,5456.42
13444,4466,309,2,825.37
13445,4466,252,2,4468.34
13446,4467,96,1,418.99
13447,4467,330,4,4391.26
13448,4467,325,3,6330.63
13449,4467,353,2,4945.04
13450,4467,315,4,1950.17
13451,4468,318,1,5367.63
13452,4468,328,1,2729.68
13453,4468,42,4,5752.4
13454,4468,308,4,1437.25
13455,4469,300,4,1582.87
13456,4470,132,1,734.08
13457,4470,468,3,6226.51
13458,4470,183,2,4643.22
13459,4470,403,2,2324.3
13460,4470,196,4,4145.76
13461,4471,289,1,615.43
13462,4472,241,2,600.8
13463,4472,273,4,4355.96
13464,4472,139,2,2207.41
13465,4472,26,4,5756.04
13466,4472,435,3,3048.69
13467,4473,336,3,3505.41
13468,4474,218,4,1046.26
13469,4474,175,3,1587.68
13470,4475,392,2,1502.97
13471,4475,342,4,2036.46
13472,4475,297,1,1402.1
13473,4475,72,3,5436.37
13474,4476,327,3,2218.76
13475,4476,387,2,1384.34
13476,4476,104,1,673.38
13477,4477,166,1,3680.98
13478,4477,87,2,1282.33
13479,4477,335,4,3273.18
13480,4477,179,4,2635.11
13481,4477,36,1,3194.46
13482,4478,400,3,3874.31
13483,4478,470,3,4963.98
13484,4479,182,3,4710.47
13485,4480,214,4,5909.34
13486,4480,416,1,3452.92
13487,4480,312,2,4519.33
13488,4480,302,1,4353.43
13489,4481,154,2,3919.63
13490,4481,109,3,2146.83
13491,4481,458,3,4050.01
13492,4481,40,4,2870.78
13493,4482,328,1,2729.68
13494,4483,178,4,3635.79
13495,4483,210,3,530.97
13496,4483,433,1,3901.17
13497,4483,109,4,2146.83
13498,4484,162,3,3673.3
13499,4484,245,4,2794.78
13500,4484,47,3,2540.64
13501,4484,39,3,3097.27
13502,4485,377,2,5763.68
13503,4485,95,3,4933.59
13504,4485,375,3,5456.42
13505,4485,103,2,5044.44
13506,4485,332,2,336.46
13507,4486,389,4,1828.56
13508,4486,154,3,3919.63
13509,4486,309,3,825.37
13510,4487,112,1,5163.37
13511,4487,257,1,1725.23
13512,4487,479,2,4247.61
13513,4487,207,2,5032.22
13514,4488,281,4,767.61
13515,4489,18,3,3961.8
13516,4489,361,4,3228.33
13517,4489,77,3,5802.31
13518,4489,419,2,4392.23
13519,4490,284,4,1954.57
13520,4491,307,3,5262.37
13521,4491,155,4,7062.88
13522,4491,355,2,6023.83
13523,4492,74,3,1856.46
13524,4492,399,2,5067.92
13525,4492,92,2,4206.66
13526,4492,74,2,1856.46
13527,4493,39,1,3097.27
13528,4493,9,2,3407.08
13529,4493,346,2,3160.86
13530,4494,475,2,1249.33
13531,4494,25,4,6342.54
13532,4494,79,1,2892.49
13533,4495,424,4,1011.09
13534,4495,49,3,1001.46
13535,4496,115,4,2916.37
13536,4496,275,4,1381.85
13537,4497,491,3,336.73
13538,4497,53,4,1636.05
13539,4497,349,3,4253.69
13540,4497,88,2,3652.47
13541,4497,105,1,4056.14
13542,4498,424,1,1011.09
13543,4498,47,2,2540.64
13544,4498,449,3,5990.22
13545,4498,182,4,4710.47
13546,4499,411,2,4968.3
13547,4499,268,2,2691.51
13548,4499,307,2,5262.37
13549,4499,313,4,3303.95
13550,4499,157,4,5351.04
13551,4500,490,1,7539.95
13552,4500,497,4,4863.47
13553,4500,420,2,1934.38
13554,4500,86,3,4346.28
13555,4501,499,1,2598.33
13556,4501,174,1,2623.77
13557,4501,365,4,5059.36
13558,4501,467,2,5633.33
13559,4501,330,2,4391.26
13560,4502,36,1,3194.46
13561,4502,421,2,1285.52
13562,4502,220,3,3372.55
13563,4503,53,3,1636.05
13564,4503,242,1,3908.61
13565,4503,78,3,2623.38
13566,4503,315,2,1950.17
13567,4504,217,3,1753.76
13568,4504,487,4,3602.54
13569,4505,234,4,1670.39
13570,4506,411,1,4968.3
13571,4506,217,1,1753.76
13572,4507,418,3,4532.15
13573,4507,300,3,1582.87
13574,4507,72,3,5436.37
13575,4507,130,2,1963.29
13576,4507,17,1,6553.92
13577,4508,362,1,4182.94
13578,4508,137,2,2345.58
13579,4508,167,4,6818.7
13580,4508,285,1,3625.74
13581,4509,171,4,6247.86
13582,4510,424,3,1011.09
13583,4510,17,2,6553.92
13584,4510,143,3,4831.33
13585,4510,72,1,5436.37
13586,4510,220,4,3372.55
13587,4511,95,4,4933.59
13588,4512,116,2,584.32
13589,4512,352,2,6820.17
13590,4512,22,2,2628.43
13591,4512,267,1,3128.45
13592,4513,471,3,1844.85
13593,4513,88,1,3652.47
13594,4513,261,1,6008.79
13595,4513,310,2,3432.36
13596,4514,488,4,723.72
13597,4514,222,3,5410.26
13598,4514,245,4,2794.78
13599,4515,24,4,6433.86
13600,4515,29,1,5434.79
13601,4515,253,1,2797.42
13602,4515,160,2,6704.84
13603,4515,26,2,5756.04
13604,4516,85,2,206.91
13605,4517,13,3,2922.53
13606,4517,317,1,784.53
13607,4518,389,4,1828.56
13608,4519,483,2,6442.69
13609,4519,411,1,4968.3
13610,4520,370,3,4396.17
13611,4520,321,3,2051.86
13612,4520,311,2,1952.58
13613,4521,254,2,229.57
13614,4522,157,4,5351.04
13615,4522,461,4,4553.3
13616,4522,439,3,5144.08
13617,4523,152,1,5260.39
13618,4524,19,3,4193.05
13619,4524,42,1,5752.4
13620,4524,220,3,3372.55
13621,4524,307,2,5262.37
13622,4524,249,4,6139.17
13623,4525,463,1,4315.08
13624,4525,305,3,1283.96
13625,4525,175,1,1587.68
13626,4525,356,1,5880.99
13627,4525,139,3,2207.41
13628,4526,158,4,4348.37
13629,4526,441,2,5639.25
13630,4526,280,4,4382.83
13631,4526,347,1,5269.21
13632,4526,400,4,3874.31
13633,4527,286,3,5544.61
13634,4527,81,1,3349.11
13635,4528,251,1,4963.2
13636,4528,446,2,6731.46
13637,4528,76,1,3624.25
13638,4529,344,3,6982.35
13639,4530,310,2,3432.36
13640,4530,75,2,3885.28
13641,4530,44,3,5953.73
13642,4530,228,2,5999.41
13643,4531,468,4,6226.51
13644,4531,65,1,1839.77
13645,4532,28,2,801.28
13646,4532,459,2,4650.34
13647,4532,177,2,1399.56
13648,4532,239,1,2892.25
13649,4532,224,4,5253.84
13650,4533,56,1,1350.59
13651,4533,147,4,2549.32
13652,4533,112,2,5163.37
13653,4533,177,4,1399.56
13654,4534,251,1,4963.2
13655,4534,366,4,3398.33
13656,4534,483,3,6442.69
13657,4534,98,3,5554.21
13658,4534,159,1,1782.91
13659,4535,110,3,6959.37
13660,4535,183,2,4643.22
13661,4535,216,2,4724.1
13662,4536,498,3,5835.24
13663,4536,66,2,3951.93
13664,4537,194,3,3575.56
13665,4538,468,1,6226.51
13666,4538,422,2,5095.84
13667,4538,122,2,1788.84
13668,4538,130,2,1963.29
13669,4539,412,4,2197.41
13670,4539,449,3,5990.22
13671,4539,467,4,5633.33
13672,4540,43,4,791.88
13673,4540,293,2,5467.31
13674,4540,429,4,3529.21
13675,4540,337,1,5116.18
13676,4540,63,3,639.04
13677,4541,138,1,4165.59
13678,4541,52,2,2554.22
13679,4541,257,4,1725.23
13680,4542,391,2,2831.62
13681,4543,101,4,1381.51
13682,4543,194,4,3575.56
13683,4543,382,1,5869.03
13684,4544,56,4,1350.59
13685,4544,409,3,4629.95
13686,4544,60,1,5163.17
13687,4544,458,4,4050.01
13688,4544,41,4,5380.63
13689,4545,302,2,4353.43
13690,4545,55,2,5294.38
13691,4545,170,4,3039.1
13692,4545,84,2,5116.75
13693,4546,457,3,4840.21
13694,4546,134,3,4419.51
13695,4546,174,4,2623.77
13696,4546,42,2,5752.4
13697,4546,288,1,6212.26
13698,4547,323,1,4863.69
13699,4547,137,2,2345.58
13700,4548,411,2,4968.3
13701,4548,425,1,4224.17
13702,4548,408,1,2432.33
13703,4549,411,1,4968.3
13704,4549,50,1,4659.51
13705,4549,235,3,5882.55
13706,4550,306,1,1311.81
13707,4550,79,2,2892.49
13708,4550,355,2,6023.83
13709,4550,466,2,3543.0
13710,4551,403,2,2324.3
13711,4552,155,4,7062.88
13712,4552,136,2,6859.2
13713,4552,409,3,4629.95
13714,4552,299,2,5162.19
13715,4552,236,2,4782.03
13716,4553,327,2,2218.76
13717,4553,479,3,4247.61
13718,4553,421,2,1285.52
13719,4554,364,1,6026.85
13720,4554,11,1,5761.74
13721,4554,475,3,1249.33
13722,4554,446,1,6731.46
13723,4555,360,4,2975.5
13724,4555,51,2,775.58
13725,4555,447,3,2421.14
13726,4555,132,1,734.08
13727,4556,3,2,394.52
13728,4557,384,1,4637.79
13729,4558,404,3,5691.79
13730,4558,104,1,673.38
13731,4558,115,3,2916.37
13732,4558,41,1,5380.63
13733,4559,420,4,1934.38
13734,4559,210,4,530.97
13735,4560,166,1,3680.98
13736,4560,422,1,5095.84
13737,4561,449,1,5990.22
13738,4561,145,4,380.42
13739,4561,6,1,2038.84
13740,4561,35,3,3703.55
13741,4561,403,2,2324.3
13742,4562,335,1,3273.18
13743,4562,342,1,2036.46
13744,4562,167,3,6818.7
13745,4562,158,2,4348.37
13746,4562,482,1,5294.83
13747,4563,488,1,723.72
13748,4563,282,2,5682.3
13749,4563,352,1,6820.17
13750,4563,289,4,615.43
13751,4563,242,2,3908.61
13752,4564,213,3,3927.95
13753,4564,78,1,2623.38
13754,4564,229,3,6178.47
13755,4565,436,1,6428.91
13756,4566,89,4,4465.7
13757,4566,401,3,830.88
13758,4566,233,1,4261.37
13759,4566,347,3,5269.21
13760,4567,55,3,5294.38
13761,4568,43,3,791.88
13762,4568,290,4,1518.49
13763,4568,470,1,4963.98
13764,4568,421,1,1285.52
13765,4569,277,3,4935.0
13766,4569,304,2,4992.14
13767,4570,257,3,1725.23
13768,4571,101,2,1381.51
13769,4571,378,2,5787.24
13770,4572,376,3,4480.08
13771,4573,15,2,3647.94
13772,4573,402,2,1337.62
13773,4573,151,2,1368.5
13774,4573,5,2,2523.37
13775,4573,414,2,981.22
13776,4574,127,4,4216.76
13777,4574,83,2,4207.1
13778,4574,447,3,2421.14
13779,4575,198,2,2183.12
13780,4575,188,4,5890.62
13781,4575,267,2,3128.45
13782,4575,144,3,4356.46
13783,4576,68,1,5048.98
13784,4576,61,2,1634.69
13785,4576,166,1,3680.98
13786,4576,136,4,6859.2
13787,4577,206,2,6451.33
13788,4577,256,4,2686.28
13789,4577,239,4,2892.25
13790,4578,401,1,830.88
13791,4578,330,4,4391.26
13792,4579,360,3,2975.5
13793,4579,451,1,5285.86
13794,4580,238,4,555.04
13795,4580,184,3,4693.71
13796,4581,272,1,1207.17
13797,4581,201,1,1060.46
13798,4581,136,2,6859.2
13799,4581,94,3,637.72
13800,4581,35,3,3703.55
13801,4582,129,4,1449.29
13802,4583,47,4,2540.64
13803,4583,386,4,988.77
13804,4583,271,4,740.94
13805,4584,57,1,4604.53
13806,4584,353,4,4945.04
13807,4584,152,2,5260.39
13808,4585,242,4,3908.61
13809,4585,463,3,4315.08
13810,4585,85,2,206.91
13811,4585,259,2,1302.93
13812,4586,274,1,7224.74
13813,4586,259,2,1302.93
13814,4586,7,2,1658.11
13815,4586,309,4,825.37
13816,4586,276,3,2669.21
13817,4587,426,4,1145.23
13818,4587,440,3,1786.05
13819,4587,300,3,1582.87
13820,4588,170,3,3039.1
13821,4589,280,2,4382.83
13822,4589,462,1,1440.1
13823,4589,200,1,3146.05
13824,4589,174,1,2623.77
13825,4589,277,3,4935.0
13826,4590,106,1,1635.06
13827,4590,451,2,5285.86
13828,4590,381,2,2780.62
13829,4590,53,3,1636.05
13830,4590,151,1,1368.5
13831,4591,190,1,2545.79
13832,4591,365,2,5059.36
13833,4592,113,2,2129.84
13834,4592,226,3,1742.75
13835,4593,408,4,2432.33
13836,4593,200,3,3146.05
13837,4594,472,3,3476.76
13838,4594,466,4,3543.0
13839,4594,343,4,2443.83
13840,4595,164,1,451.3
13841,4595,88,1,3652.47
13842,4596,151,4,1368.5
13843,4596,267,3,3128.45
13844,4596,141,1,4217.11
13845,4596,148,3,2389.03
13846,4597,5,3,2523.37
13847,4597,333,1,6331.32
13848,4597,357,4,3963.48
13849,4597,467,4,5633.33
13850,4597,130,3,1963.29
13851,4598,14,4,1195.89
13852,4598,402,3,1337.62
13853,4598,363,1,7234.27
13854,4599,89,4,4465.7
13855,4599,107,1,4351.35
13856,4599,360,4,2975.5
13857,4600,379,2,1894.51
13858,4600,449,2,5990.22
13859,4600,47,1,2540.64
13860,4600,184,1,4693.71
13861,4600,179,2,2635.11
13862,4601,468,2,6226.51
13863,4601,342,3,2036.46
13864,4601,124,2,6069.73
13865,4601,270,3,3668.4
13866,4601,78,3,2623.38
13867,4602,302,3,4353.43
13868,4602,6,1,2038.84
13869,4602,107,4,4351.35
13870,4603,81,2,3349.11
13871,4603,48,2,3118.93
13872,4603,13,1,2922.53
13873,4604,173,4,4328.16
13874,4604,274,3,7224.74
13875,4605,423,1,5959.15
13876,4605,323,1,4863.69
13877,4605,191,1,1690.83
13878,4606,167,1,6818.7
13879,4607,179,4,2635.11
13880,4607,335,4,3273.18
13881,4607,181,4,277.41
13882,4608,375,1,5456.42
13883,4608,7,2,1658.11
13884,4608,142,4,628.57
13885,4608,379,3,1894.51
13886,4608,304,4,4992.14
13887,4609,239,3,2892.25
13888,4609,365,2,5059.36
13889,4609,255,2,3636.36
13890,4610,232,4,6669.4
13891,4611,121,4,704.52
13892,4611,209,2,5173.0
13893,4611,125,4,4655.25
13894,4611,32,4,4203.79
13895,4611,209,4,5173.0
13896,4612,45,2,2239.06
13897,4612,28,3,801.28
13898,4612,477,3,1536.6
13899,4612,98,4,5554.21
13900,4612,308,2,1437.25
13901,4613,398,4,6965.19
13902,4613,455,2,3452.95
13903,4613,114,2,1305.47
13904,4614,169,1,5455.24
13905,4614,429,3,3529.21
13906,4615,348,4,4037.99
13907,4615,445,1,4299.29
13908,4616,155,4,7062.88
13909,4616,44,3,5953.73
13910,4616,119,1,224.22
13911,4617,424,4,1011.09
13912,4617,247,3,3140.62
13913,4617,420,1,1934.38
13914,4618,82,1,5405.87
13915,4619,156,3,3556.59
13916,4620,406,3,2675.38
13917,4620,443,4,4924.62
13918,4620,44,3,5953.73
13919,4621,283,2,5922.7
13920,4622,178,3,3635.79
13921,4622,495,4,5674.17
13922,4622,200,2,3146.05
13923,4623,17,3,6553.92
13924,4623,382,1,5869.03
13925,4623,45,1,2239.06
13926,4623,113,2,2129.84
13927,4624,46,2,922.81
13928,4625,281,4,767.61
13929,4625,479,1,4247.61
13930,4626,439,4,5144.08
13931,4626,44,1,5953.73
13932,4626,147,4,2549.32
13933,4626,396,2,1589.43
13934,4627,198,2,2183.12
13935,4627,222,3,5410.26
13936,4628,436,1,6428.91
13937,4629,430,3,1289.32
13938,4629,80,4,2551.1
13939,4629,48,2,3118.93
13940,4630,19,2,4193.05
13941,4630,100,2,7678.63
13942,4631,165,2,4937.61
13943,4631,305,2,1283.96
13944,4632,209,1,5173.0
13945,4632,486,1,3925.75
13946,4632,291,4,4158.04
13947,4632,53,3,1636.05
13948,4633,287,2,362.6
13949,4633,324,4,3848.88
13950,4633,205,2,6203.46
13951,4634,372,1,2126.62
13952,4634,45,1,2239.06
13953,4635,225,3,3865.19
13954,4635,325,2,6330.63
13955,4636,111,3,2394.51
13956,4636,461,2,4553.3
13957,4637,318,1,5367.63
13958,4637,394,4,4349.12
13959,4637,146,1,2758.94
13960,4637,348,3,4037.99
13961,4637,106,3,1635.06
13962,4638,427,4,5615.06
13963,4638,254,2,229.57
13964,4638,41,4,5380.63
13965,4638,442,3,6554.24
13966,4639,444,2,5110.75
13967,4639,402,1,1337.62
13968,4639,478,2,4700.05
13969,4639,298,2,5143.35
13970,4640,304,3,4992.14
13971,4640,66,3,3951.93
13972,4640,77,4,5802.31
13973,4640,262,4,3433.24
13974,4640,411,1,4968.3
13975,4641,452,4,743.06
13976,4641,104,4,673.38
13977,4641,225,2,3865.19
13978,4642,259,1,1302.93
13979,4642,168,2,4609.57
13980,4643,323,2,4863.69
13981,4644,475,1,1249.33
13982,4644,207,1,5032.22
13983,4644,427,2,5615.06
13984,4644,165,2,4937.61
13985,4645,212,3,155.74
13986,4645,198,1,2183.12
13987,4645,320,2,6639.63
13988,4645,22,1,2628.43
13989,4646,452,3,743.06
13990,4646,352,4,6820.17
13991,4646,224,3,5253.84
13992,4646,183,2,4643.22
13993,4647,166,1,3680.98
13994,4647,152,1,5260.39
13995,4647,29,3,5434.79
13996,4648,426,4,1145.23
13997,4648,206,3,6451.33
13998,4648,161,1,6112.98
13999,4648,429,3,3529.21
14000,4649,494,2,5234.76
14001,4650,303,4,1103.01
14002,4651,392,3,1502.97
14003,4651,70,2,2952.71
14004,4651,286,1,5544.61
14005,4652,238,3,555.04
14006,4652,204,1,3202.4
14007,4652,195,3,3142.65
14008,4652,49,1,1001.46
14009,4652,170,4,3039.1
14010,4653,4,2,5633.67
14011,4653,479,4,4247.61
14012,4653,31,1,3335.57
14013,4653,81,1,3349.11
14014,4654,220,3,3372.55
14015,4654,211,3,3182.08
14016,4654,276,1,2669.21
14017,4654,177,2,1399.56
14018,4654,480,1,1852.13
14019,4655,365,2,5059.36
14020,4655,294,3,6129.64
14021,4656,392,3,1502.97
14022,4656,52,3,2554.22
14023,4657,149,3,5667.0
14024,4657,369,2,3840.55
14025,4657,134,4,4419.51
14026,4658,6,1,2038.84
14027,4658,208,3,1461.6
14028,4659,6,1,2038.84
14029,4659,174,1,2623.77
14030,4659,231,4,1813.96
14031,4659,354,3,1425.69
14032,4660,425,1,4224.17
14033,4660,236,2,4782.03
14034,4661,134,3,4419.51
14035,4661,250,4,2853.44
14036,4662,81,4,3349.11
14037,4662,391,4,2831.62
14038,4663,387,4,1384.34
14039,4664,308,1,1437.25
14040,4665,154,1,3919.63
14041,4665,354,1,1425.69
14042,4665,500,1,5135.84
14043,4665,459,2,4650.34
14044,4666,136,2,6859.2
14045,4667,85,2,206.91
14046,4667,180,2,1609.07
14047,4668,170,2,3039.1
14048,4668,216,3,4724.1
14049,4669,257,2,1725.23
14050,4669,299,2,5162.19
14051,4669,471,4,1844.85
14052,4670,292,3,5117.95
14053,4670,208,2,1461.6
14054,4670,36,4,3194.46
14055,4671,471,4,1844.85
14056,4671,27,1,1911.35
14057,4671,306,2,1311.81
14058,4672,432,4,3897.39
14059,4672,96,3,418.99
14060,4672,284,1,1954.57
14061,4672,354,2,1425.69
14062,4673,8,4,1108.08
14063,4674,134,2,4419.51
14064,4674,443,3,4924.62
14065,4675,10,4,1780.12
14066,4675,25,2,6342.54
14067,4675,466,2,3543.0
14068,4676,238,4,555.04
14069,4676,181,2,277.41
14070,4677,393,3,1234.01
14071,4677,435,2,3048.69
14072,4677,131,4,4351.85
14073,4678,55,4,5294.38
14074,4679,19,4,4193.05
14075,4680,266,2,3100.54
14076,4680,441,1,5639.25
14077,4680,236,1,4782.03
14078,4680,483,3,6442.69
14079,4680,5,1,2523.37
14080,4681,374,1,3593.06
14081,4681,370,4,4396.17
14082,4681,133,1,7682.68
14083,4682,493,1,6088.79
14084,4683,452,3,743.06
14085,4683,105,2,4056.14
14086,4683,337,3,5116.18
14087,4683,182,3,4710.47
14088,4684,123,3,5238.56
14089,4685,131,2,4351.85
14090,4685,80,1,2551.1
14091,4686,140,2,4644.31
14092,4686,339,2,4212.47
14093,4686,50,3,4659.51
14094,4686,281,2,767.61
14095,4686,384,3,4637.79
14096,4687,346,3,3160.86
14097,4687,19,3,4193.05
14098,4688,299,1,5162.19
14099,4689,445,2,4299.29
14100,4689,336,1,3505.41
14101,4689,310,1,3432.36
14102,4690,385,3,4521.81
14103,4690,63,4,639.04
14104,4690,416,1,3452.92
14105,4690,171,3,6247.86
14106,4691,223,4,830.78
14107,4691,368,2,3127.98
14108,4691,486,2,3925.75
14109,4691,249,3,6139.17
14110,4692,263,4,4317.08
14111,4692,215,3,3143.73
14112,4692,152,2,5260.39
14113,4692,372,4,2126.62
14114,4693,444,4,5110.75
14115,4693,357,1,3963.48
14116,4694,380,2,4324.63
14117,4695,480,4,1852.13
14118,4695,277,2,4935.0
14119,4695,34,1,1739.97
14120,4695,208,1,1461.6
14121,4696,342,3,2036.46
14122,4696,279,4,774.25
14123,4696,230,4,3984.19
14124,4697,409,2,4629.95
14125,4697,203,3,3122.39
14126,4697,155,3,7062.88
14127,4698,367,2,2356.19
14128,4698,365,2,5059.36
14129,4698,454,1,469.46
14130,4699,379,2,1894.51
14131,4699,432,2,3897.39
14132,4699,433,3,3901.17
14133,4699,286,3,5544.61
14134,4699,375,1,5456.42
14135,4700,246,4,2663.81
14136,4700,200,4,3146.05
14137,4701,423,1,5959.15
14138,4701,323,4,4863.69
14139,4701,493,2,6088.79
14140,4701,368,4,3127.98
14141,4701,97,2,3649.64
14142,4702,475,4,1249.33
14143,4702,229,2,6178.47
14144,4702,375,1,5456.42
14145,4702,300,2,1582.87
14146,4702,60,4,5163.17
14147,4703,397,1,2867.64
14148,4703,203,4,3122.39
14149,4703,359,4,3218.73
14150,4703,167,1,6818.7
14151,4703,174,2,2623.77
14152,4704,272,4,1207.17
14153,4704,35,2,3703.55
14154,4705,230,4,3984.19
14155,4706,405,1,4305.08
14156,4706,268,1,2691.51
14157,4706,124,2,6069.73
14158,4707,171,1,6247.86
14159,4707,291,3,4158.04
14160,4707,115,1,2916.37
14161,4708,440,3,1786.05
14162,4708,133,1,7682.68
14163,4709,251,4,4963.2
14164,4709,23,1,4519.4
14165,4709,322,4,3077.91
14166,4709,457,1,4840.21
14167,4710,156,4,3556.59
14168,4710,142,4,628.57
14169,4711,116,2,584.32
14170,4711,308,4,1437.25
14171,4711,71,3,4208.53
14172,4711,295,1,1323.61
14173,4712,35,4,3703.55
14174,4712,488,1,723.72
14175,4712,98,3,5554.21
14176,4713,254,1,229.57
14177,4713,230,4,3984.19
14178,4714,283,3,5922.7
14179,4714,67,4,6765.53
14180,4714,427,4,5615.06
14181,4714,421,2,1285.52
14182,4715,237,3,3807.7
14183,4715,500,2,5135.84
14184,4715,208,1,1461.6
14185,4716,129,2,1449.29
14186,4717,308,4,1437.25
14187,4717,256,3,2686.28
14188,4718,113,3,2129.84
14189,4719,109,3,2146.83
14190,4719,16,3,3318.23
14191,4720,263,1,4317.08
14192,4720,165,4,4937.61
14193,4721,48,3,3118.93
14194,4722,280,2,4382.83
14195,4723,85,1,206.91
14196,4723,178,4,3635.79
14197,4724,193,3,6626.72
14198,4724,422,2,5095.84
14199,4725,89,2,4465.7
14200,4725,408,3,2432.33
14201,4726,30,3,1495.61
14202,4727,46,4,922.81
14203,4728,167,2,6818.7
14204,4728,410,2,2717.31
14205,4728,56,3,1350.59
14206,4729,135,4,5029.03
14207,4730,111,2,2394.51
14208,4730,222,2,5410.26
14209,4731,171,2,6247.86
14210,4731,224,4,5253.84
14211,4731,272,3,1207.17
14212,4732,214,1,5909.34
14213,4732,345,2,6715.15
14214,4732,246,1,2663.81
14215,4733,217,2,1753.76
14216,4733,440,2,1786.05
14217,4734,456,4,4335.7
14218,4734,484,4,5888.26
14219,4735,214,2,5909.34
14220,4736,262,2,3433.24
14221,4736,97,1,3649.64
14222,4736,142,1,628.57
14223,4736,330,4,4391.26
14224,4736,217,3,1753.76
14225,4737,296,1,959.66
14226,4737,151,4,1368.5
14227,4737,55,3,5294.38
14228,4737,36,2,3194.46
14229,4737,274,3,7224.74
14230,4738,135,1,5029.03
14231,4738,209,2,5173.0
14232,4738,151,4,1368.5
14233,4739,432,2,3897.39
14234,4739,375,1,5456.42
14235,4739,269,1,2723.78
14236,4739,428,3,3337.91
14237,4740,55,2,5294.38
14238,4740,215,1,3143.73
14239,4740,314,4,5187.17
14240,4740,210,4,530.97
14241,4740,320,1,6639.63
14242,4741,228,4,5999.41
14243,4741,290,2,1518.49
14244,4741,291,3,4158.04
14245,4742,113,4,2129.84
14246,4743,338,2,5130.85
14247,4743,155,1,7062.88
14248,4743,120,3,2247.59
14249,4743,390,2,222.07
14250,4744,126,4,5865.84
14251,4744,129,3,1449.29
14252,4744,437,2,1635.15
14253,4744,266,2,3100.54
14254,4745,185,3,1990.36
14255,4745,398,1,6965.19
14256,4745,271,3,740.94
14257,4746,376,2,4480.08
14258,4746,437,2,1635.15
14259,4747,271,2,740.94
14260,4747,240,2,1220.06
14261,4747,265,3,5984.67
14262,4748,56,4,1350.59
14263,4749,387,3,1384.34
14264,4749,413,3,5368.82
14265,4749,119,2,224.22
14266,4749,217,2,1753.76
14267,4749,154,1,3919.63
14268,4750,417,3,4766.29
14269,4750,355,3,6023.83
14270,4751,83,1,4207.1
14271,4751,168,2,4609.57
14272,4751,303,4,1103.01
14273,4751,40,1,2870.78
14274,4752,254,4,229.57
14275,4752,384,3,4637.79
14276,4752,131,3,4351.85
14277,4752,228,3,5999.41
14278,4753,121,4,704.52
14279,4753,427,4,5615.06
14280,4753,178,2,3635.79
14281,4753,295,4,1323.61
14282,4754,65,3,1839.77
14283,4754,24,3,6433.86
14284,4754,167,1,6818.7
14285,4754,347,2,5269.21
14286,4754,340,4,6024.22
14287,4755,123,1,5238.56
14288,4756,161,2,6112.98
14289,4757,469,1,5810.45
14290,4757,112,4,5163.37
14291,4757,164,2,451.3
14292,4757,293,4,5467.31
14293,4758,147,3,2549.32
14294,4759,400,3,3874.31
14295,4759,331,3,895.99
14296,4759,423,4,5959.15
14297,4760,330,1,4391.26
14298,4760,120,3,2247.59
14299,4760,468,3,6226.51
14300,4761,481,3,4362.0
14301,4762,267,2,3128.45
14302,4762,109,4,2146.83
14303,4763,284,3,1954.57
14304,4764,136,1,6859.2
14305,4764,115,3,2916.37
14306,4764,214,1,5909.34
14307,4765,87,2,1282.33
14308,4765,373,2,4435.35
14309,4766,456,1,4335.7
14310,4766,418,3,4532.15
14311,4766,100,1,7678.63
14312,4767,231,1,1813.96
14313,4768,148,1,2389.03
14314,4769,298,1,5143.35
14315,4769,450,3,2146.91
14316,4769,333,1,6331.32
14317,4769,457,3,4840.21
14318,4769,288,3,6212.26
14319,4770,245,1,2794.78
14320,4770,92,4,4206.66
14321,4771,298,3,5143.35
14322,4771,474,1,5605.5
14323,4771,83,1,4207.1
14324,4772,92,4,4206.66
14325,4773,64,3,5245.29
14326,4773,99,3,377.4
14327,4774,235,4,5882.55
14328,4775,85,4,206.91
14329,4775,464,2,7057.45
14330,4776,224,3,5253.84
14331,4776,73,3,958.17
14332,4776,378,3,5787.24
14333,4777,371,3,6431.49
14334,4777,119,2,224.22
14335,4777,292,3,5117.95
14336,4777,247,4,3140.62
14337,4778,118,2,4371.63
14338,4778,437,3,1635.15
14339,4778,443,3,4924.62
14340,4778,477,3,1536.6
14341,4779,195,4,3142.65
14342,4779,248,2,5396.23
14343,4779,462,2,1440.1
14344,4779,322,1,3077.91
14345,4779,245,3,2794.78
14346,4780,362,1,4182.94
14347,4781,52,4,2554.22
14348,4782,61,1,1634.69
14349,4783,383,4,1338.8
14350,4783,282,3,5682.3
14351,4784,43,4,791.88
14352,4784,228,4,5999.41
14353,4784,463,4,4315.08
14354,4784,150,4,1545.47
14355,4784,301,4,4803.29
14356,4785,368,2,3127.98
14357,4786,246,2,2663.81
14358,4787,343,4,2443.83
14359,4787,25,4,6342.54
14360,4787,373,2,4435.35
14361,4787,336,4,3505.41
14362,4787,449,4,5990.22
14363,4788,376,3,4480.08
14364,4788,414,3,981.22
14365,4788,155,4,7062.88
14366,4789,341,3,1594.54
14367,4789,495,2,5674.17
14368,4789,442,1,6554.24
14369,4789,387,2,1384.34
14370,4789,181,4,277.41
14371,4790,301,4,4803.29
14372,4790,1,1,2876.42
14373,4790,232,1,6669.4
14374,4790,229,4,6178.47
14375,4791,26,3,5756.04
14376,4791,23,2,4519.4
14377,4792,5,2,2523.37
14378,4792,383,2,1338.8
14379,4792,434,2,5172.12
14380,4793,105,4,4056.14
14381,4793,207,2,5032.22
14382,4793,207,1,5032.22
14383,4793,173,4,4328.16
14384,4793,357,2,3963.48
14385,4794,322,3,3077.91
14386,4794,358,2,5127.98
14387,4794,33,4,6626.78
14388,4794,482,2,5294.83
14389,4795,341,3,1594.54
14390,4795,393,1,1234.01
14391,4795,498,2,5835.24
14392,4795,289,1,615.43
14393,4796,335,4,3273.18
14394,4796,481,2,4362.0
14395,4796,453,1,2708.83
14396,4797,388,1,1373.2
14397,4797,318,2,5367.63
14398,4797,83,3,4207.1
14399,4797,119,4,224.22
14400,4798,213,3,3927.95
14401,4798,169,3,5455.24
14402,4798,272,1,1207.17
14403,4798,304,4,4992.14
14404,4799,447,3,2421.14
14405,4799,105,3,4056.14
14406,4799,371,2,6431.49
14407,4799,344,2,6982.35
14408,4799,310,3,3432.36
14409,4800,26,1,5756.04
14410,4801,358,2,5127.98
14411,4801,291,4,4158.04
14412,4802,103,4,5044.44
14413,4802,395,2,4977.01
14414,4802,94,3,637.72
14415,4803,144,4,4356.46
14416,4804,429,4,3529.21
14417,4804,259,4,1302.93
14418,4804,406,2,2675.38
14419,4804,424,1,1011.09
14420,4804,338,4,5130.85
14421,4805,485,4,4042.01
14422,4805,162,3,3673.3
14423,4805,191,1,1690.83
14424,4806,348,3,4037.99
14425,4806,25,1,6342.54
14426,4806,381,2,2780.62
14427,4807,290,3,1518.49
14428,4807,333,1,6331.32
14429,4807,349,1,4253.69
14430,4807,338,4,5130.85
14431,4808,6,3,2038.84
14432,4809,62,4,7110.36
14433,4809,401,1,830.88
14434,4809,196,3,4145.76
14435,4810,365,4,5059.36
14436,4810,494,1,5234.76
14437,4810,425,2,4224.17
14438,4810,228,2,5999.41
14439,4811,455,2,3452.95
14440,4811,96,4,418.99
14441,4811,154,2,3919.63
14442,4811,345,3,6715.15
14443,4812,383,4,1338.8
14444,4812,157,3,5351.04
14445,4812,230,4,3984.19
14446,4812,289,3,615.43
14447,4813,80,4,2551.1
14448,4813,406,3,2675.38
14449,4814,165,1,4937.61
14450,4814,414,3,981.22
14451,4815,452,4,743.06
14452,4815,21,1,773.93
14453,4815,483,4,6442.69
14454,4816,496,3,5678.29
14455,4816,336,1,3505.41
14456,4816,125,4,4655.25
14457,4816,438,4,3420.48
14458,4817,254,3,229.57
14459,4817,488,3,723.72
14460,4817,489,4,1979.19
14461,4817,125,1,4655.25
14462,4818,445,1,4299.29
14463,4818,22,4,2628.43
14464,4818,348,1,4037.99
14465,4819,3,1,394.52
14466,4820,168,3,4609.57
14467,4820,67,2,6765.53
14468,4820,430,3,1289.32
14469,4821,59,2,3551.72
14470,4821,343,3,2443.83
14471,4821,490,1,7539.95
14472,4821,180,1,1609.07
14473,4821,127,1,4216.76
14474,4822,311,4,1952.58
14475,4822,302,1,4353.43
14476,4822,274,4,7224.74
14477,4822,494,4,5234.76
14478,4823,480,2,1852.13
14479,4824,337,3,5116.18
14480,4824,136,2,6859.2
14481,4824,11,1,5761.74
14482,4825,371,4,6431.49
14483,4826,358,3,5127.98
14484,4826,41,1,5380.63
14485,4827,297,2,1402.1
14486,4827,372,4,2126.62
14487,4827,144,3,4356.46
14488,4828,487,1,3602.54
14489,4828,55,2,5294.38
14490,4829,358,1,5127.98
14491,4829,218,2,1046.26
14492,4829,214,2,5909.34
14493,4829,322,1,3077.91
14494,4829,140,3,4644.31
14495,4830,282,1,5682.3
14496,4830,49,1,1001.46
14497,4831,362,1,4182.94
14498,4831,96,4,418.99
14499,4831,398,3,6965.19
14500,4831,183,2,4643.22
14501,4831,58,4,685.74
14502,4832,117,1,924.08
14503,4832,10,2,1780.12
14504,4832,104,4,673.38
14505,4833,287,1,362.6
14506,4834,270,4,3668.4
14507,4834,150,4,1545.47
14508,4835,211,3,3182.08
14509,4835,383,4,1338.8
14510,4835,244,1,1747.97
14511,4836,267,3,3128.45
14512,4836,166,2,3680.98
14513,4836,89,1,4465.7
14514,4836,163,4,6699.83
14515,4836,62,2,7110.36
14516,4837,235,4,5882.55
14517,4837,84,2,5116.75
14518,4837,46,1,922.81
14519,4838,366,2,3398.33
14520,4838,393,3,1234.01
14521,4839,183,4,4643.22
14522,4839,54,3,3298.92
14523,4840,338,2,5130.85
14524,4840,62,2,7110.36
14525,4840,495,1,5674.17
14526,4841,364,2,6026.85
14527,4841,466,3,3543.0
14528,4841,471,1,1844.85
14529,4842,50,1,4659.51
14530,4842,475,2,1249.33
14531,4843,398,1,6965.19
14532,4843,119,3,224.22
14533,4843,113,4,2129.84
14534,4844,157,4,5351.04
14535,4845,21,3,773.93
14536,4846,289,4,615.43
14537,4846,356,4,5880.99
14538,4846,227,2,3884.33
14539,4847,165,1,4937.61
14540,4847,68,3,5048.98
14541,4848,271,1,740.94
14542,4848,372,3,2126.62
14543,4848,254,1,229.57
14544,4849,401,1,830.88
14545,4849,379,1,1894.51
14546,4849,404,2,5691.79
14547,4849,137,2,2345.58
14548,4850,178,1,3635.79
14549,4850,49,3,1001.46
14550,4850,354,4,1425.69
14551,4851,461,3,4553.3
14552,4851,212,3,155.74
14553,4852,342,4,2036.46
14554,4852,497,3,4863.47
14555,4852,112,3,5163.37
14556,4852,125,3,4655.25
14557,4853,321,4,2051.86
14558,4853,467,4,5633.33
14559,4853,429,2,3529.21
14560,4854,404,4,5691.79
14561,4855,394,2,4349.12
14562,4855,365,3,5059.36
14563,4855,259,4,1302.93
14564,4855,70,4,2952.71
14565,4855,358,2,5127.98
14566,4856,193,1,6626.72
14567,4856,278,2,1452.09
14568,4856,193,1,6626.72
14569,4856,340,4,6024.22
14570,4857,444,1,5110.75
14571,4857,485,4,4042.01
14572,4857,445,3,4299.29
14573,4857,200,2,3146.05
14574,4858,454,4,469.46
14575,4858,148,3,2389.03
14576,4859,271,4,740.94
14577,4860,17,2,6553.92
14578,4860,429,3,3529.21
14579,4861,227,1,3884.33
14580,4861,202,3,3841.09
14581,4861,451,3,5285.86
14582,4862,331,3,895.99
14583,4862,97,1,3649.64
14584,4862,127,1,4216.76
14585,4862,437,2,1635.15
14586,4862,181,1,277.41
14587,4863,441,1,5639.25
14588,4863,111,1,2394.51
14589,4863,431,1,2345.7
14590,4863,294,1,6129.64
14591,4863,380,2,4324.63
14592,4864,129,2,1449.29
14593,4864,89,1,4465.7
14594,4864,348,1,4037.99
14595,4864,307,1,5262.37
14596,4865,279,1,774.25
14597,4865,487,4,3602.54
14598,4865,289,2,615.43
14599,4865,223,3,830.78
14600,4865,267,2,3128.45
14601,4866,27,1,1911.35
14602,4866,230,2,3984.19
14603,4866,106,1,1635.06
14604,4867,213,1,3927.95
14605,4867,416,4,3452.92
14606,4867,64,4,5245.29
14607,4867,480,1,1852.13
14608,4868,113,4,2129.84
14609,4868,197,2,3444.31
14610,4868,428,4,3337.91
14611,4868,7,1,1658.11
14612,4868,344,2,6982.35
14613,4869,9,3,3407.08
14614,4869,430,1,1289.32
14615,4869,430,3,1289.32
14616,4870,440,2,1786.05
14617,4870,305,1,1283.96
14618,4870,495,2,5674.17
14619,4870,70,3,2952.71
14620,4870,483,3,6442.69
14621,4871,139,3,2207.41
14622,4871,490,2,7539.95
14623,4871,422,4,5095.84
14624,4871,371,3,6431.49
14625,4872,160,2,6704.84
14626,4872,319,3,3408.81
14627,4873,145,4,380.42
14628,4873,495,2,5674.17
14629,4873,353,1,4945.04
14630,4873,320,3,6639.63
14631,4874,200,1,3146.05
14632,4874,199,3,4296.57
14633,4875,46,2,922.81
14634,4875,459,2,4650.34
14635,4875,267,2,3128.45
14636,4876,458,2,4050.01
14637,4876,23,1,4519.4
14638,4877,424,1,1011.09
14639,4877,131,1,4351.85
14640,4878,380,2,4324.63
14641,4878,179,4,2635.11
14642,4878,365,2,5059.36
14643,4878,362,2,4182.94
14644,4878,434,4,5172.12
14645,4879,224,2,5253.84
14646,4879,96,2,418.99
14647,4879,321,3,2051.86
14648,4879,318,4,5367.63
14649,4880,261,1,6008.79
14650,4881,144,3,4356.46
14651,4881,429,2,3529.21
14652,4881,487,4,3602.54
14653,4881,326,1,5313.25
14654,4881,272,3,1207.17
14655,4882,396,3,1589.43
14656,4882,38,4,1645.79
14657,4882,63,2,639.04
14658,4882,487,4,3602.54
14659,4883,323,2,4863.69
14660,4883,493,2,6088.79
14661,4883,454,3,469.46
14662,4883,138,3,4165.59
14663,4883,413,2,5368.82
14664,4884,207,3,5032.22
14665,4885,432,3,3897.39
14666,4885,337,4,5116.18
14667,4885,209,1,5173.0
14668,4886,16,2,3318.23
14669,4886,359,3,3218.73
14670,4886,200,4,3146.05
14671,4887,482,3,5294.83
14672,4887,396,4,1589.43
14673,4888,361,4,3228.33
14674,4889,17,1,6553.92
14675,4889,77,1,5802.31
14676,4889,415,4,3144.2
14677,4889,1,4,2876.42
14678,4889,409,1,4629.95
14679,4890,63,4,639.04
14680,4891,235,4,5882.55
14681,4891,350,3,1035.46
14682,4891,132,3,734.08
14683,4891,439,1,5144.08
14684,4891,31,4,3335.57
14685,4892,247,1,3140.62
14686,4892,263,1,4317.08
14687,4892,386,2,988.77
14688,4893,414,3,981.22
14689,4893,253,4,2797.42
14690,4894,316,1,3281.58
14691,4894,126,3,5865.84
14692,4894,224,1,5253.84
14693,4895,72,4,5436.37
14694,4895,10,1,1780.12
14695,4895,375,3,5456.42
14696,4895,323,2,4863.69
14697,4896,341,1,1594.54
14698,4897,230,3,3984.19
14699,4897,146,2,2758.94
14700,4897,215,3,3143.73
14701,4898,427,2,5615.06
14702,4899,444,1,5110.75
14703,4899,30,2,1495.61
14704,4899,459,3,4650.34
14705,4899,419,4,4392.23
14706,4900,186,2,2472.63
14707,4900,338,2,5130.85
14708,4900,205,1,6203.46
14709,4900,454,1,469.46
14710,4900,29,1,5434.79
14711,4901,368,4,3127.98
14712,4901,491,3,336.73
14713,4901,319,3,3408.81
14714,4901,164,1,451.3
14715,4902,59,2,3551.72
14716,4902,389,2,1828.56
14717,4902,63,1,639.04
14718,4902,362,4,4182.94
14719,4902,3,4,394.52
14720,4903,106,4,1635.06
14721,4903,65,1,1839.77
14722,4903,324,2,3848.88
14723,4903,174,2,2623.77
14724,4903,419,3,4392.23
14725,4904,110,4,6959.37
14726,4904,209,2,5173.0
14727,4904,145,4,380.42
14728,4904,44,3,5953.73
14729,4905,379,1,1894.51
14730,4905,480,4,1852.13
14731,4905,396,1,1589.43
14732,4905,373,3,4435.35
14733,4906,248,1,5396.23
14734,4907,195,4,3142.65
14735,4907,299,1,5162.19
14736,4907,372,3,2126.62
14737,4907,16,1,3318.23
14738,4907,427,2,5615.06
14739,4908,237,1,3807.7
14740,4908,103,1,5044.44
14741,4908,123,4,5238.56
14742,4909,398,4,6965.19
14743,4909,495,1,5674.17
14744,4909,196,1,4145.76
14745,4909,206,3,6451.33
14746,4909,80,1,2551.1
14747,4910,187,4,7451.43
14748,4910,355,4,6023.83
14749,4910,173,1,4328.16
14750,4910,356,2,5880.99
14751,4911,45,4,2239.06
14752,4911,418,1,4532.15
14753,4911,11,1,5761.74
14754,4912,30,2,1495.61
14755,4912,450,4,2146.91
14756,4912,72,2,5436.37
14757,4912,220,4,3372.55
14758,4912,164,3,451.3
14759,4913,166,3,3680.98
14760,4913,334,4,4382.79
14761,4913,464,2,7057.45
14762,4913,255,2,3636.36
14763,4914,191,1,1690.83
14764,4914,279,4,774.25
14765,4914,99,3,377.4
14766,4915,176,4,2750.53
14767,4915,128,2,2947.92
14768,4915,133,1,7682.68
14769,4915,202,2,3841.09
14770,4916,408,2,2432.33
14771,4916,35,3,3703.55
14772,4916,55,2,5294.38
14773,4916,62,1,7110.36
14774,4916,143,1,4831.33
14775,4917,440,3,1786.05
14776,4917,62,4,7110.36
14777,4917,349,1,4253.69
14778,4917,374,4,3593.06
14779,4918,76,2,3624.25
14780,4919,102,4,5155.01
14781,4919,379,3,1894.51
14782,4919,273,1,4355.96
14783,4920,488,4,723.72
14784,4921,95,3,4933.59
14785,4922,308,1,1437.25
14786,4922,446,2,6731.46
14787,4922,162,3,3673.3
14788,4923,387,4,1384.34
14789,4923,246,3,2663.81
14790,4924,417,4,4766.29
14791,4924,13,2,2922.53
14792,4924,474,1,5605.5
14793,4924,283,1,5922.7
14794,4925,44,1,5953.73
14795,4926,350,4,1035.46
14796,4926,302,4,4353.43
14797,4926,318,1,5367.63
14798,4926,350,2,1035.46
14799,4927,399,1,5067.92
14800,4927,108,2,2189.38
14801,4927,367,4,2356.19
14802,4927,104,1,673.38
14803,4928,238,3,555.04
14804,4928,66,1,3951.93
14805,4928,430,3,1289.32
14806,4929,284,1,1954.57
14807,4929,353,1,4945.04
14808,4929,465,2,6681.17
14809,4929,191,2,1690.83
14810,4930,459,1,4650.34
14811,4930,491,1,336.73
14812,4930,146,1,2758.94
14813,4931,224,2,5253.84
14814,4931,322,3,3077.91
14815,4932,159,2,1782.91
14816,4932,177,2,1399.56
14817,4932,302,1,4353.43
14818,4933,203,3,3122.39
14819,4933,271,2,740.94
14820,4933,425,2,4224.17
14821,4933,446,1,6731.46
14822,4934,34,3,1739.97
14823,4934,256,1,2686.28
14824,4934,39,1,3097.27
14825,4934,129,3,1449.29
14826,4935,62,1,7110.36
14827,4935,458,2,4050.01
14828,4935,263,4,4317.08
14829,4935,427,4,5615.06
14830,4936,325,3,6330.63
14831,4936,204,2,3202.4
14832,4936,395,4,4977.01
14833,4936,395,2,4977.01
14834,4936,413,1,5368.82
14835,4937,46,2,922.81
14836,4937,26,4,5756.04
14837,4937,159,2,1782.91
14838,4937,237,3,3807.7
14839,4938,183,1,4643.22
14840,4938,274,4,7224.74
14841,4938,460,2,5962.4
14842,4938,236,4,4782.03
14843,4938,172,1,5729.96
14844,4939,226,1,1742.75
14845,4939,293,1,5467.31
14846,4940,196,2,4145.76
14847,4940,295,3,1323.61
14848,4940,420,1,1934.38
14849,4941,450,3,2146.91
14850,4941,286,2,5544.61
14851,4941,430,3,1289.32
14852,4941,427,2,5615.06
14853,4941,381,1,2780.62
14854,4942,148,2,2389.03
14855,4943,382,2,5869.03
14856,4944,421,2,1285.52
14857,4944,456,1,4335.7
14858,4944,369,3,3840.55
14859,4944,277,3,4935.0
14860,4944,375,3,5456.42
14861,4945,132,1,734.08
14862,4945,451,3,5285.86
14863,4945,417,3,4766.29
14864,4945,45,2,2239.06
14865,4946,421,2,1285.52
14866,4946,13,1,2922.53
14867,4947,222,3,5410.26
14868,4947,274,3,7224.74
14869,4948,197,2,3444.31
14870,4948,120,2,2247.59
14871,4948,27,3,1911.35
14872,4949,186,2,2472.63
14873,4949,369,2,3840.55
14874,4949,332,2,336.46
14875,4950,352,4,6820.17
14876,4951,456,1,4335.7
14877,4951,336,1,3505.41
14878,4951,47,3,2540.64
14879,4951,349,1,4253.69
14880,4951,330,3,4391.26
14881,4952,400,1,3874.31
14882,4953,425,4,4224.17
14883,4953,491,2,336.73
14884,4953,215,2,3143.73
14885,4953,495,2,5674.17
14886,4954,327,2,2218.76
14887,4954,252,3,4468.34
14888,4954,291,1,4158.04
14889,4954,51,1,775.58
14890,4955,310,2,3432.36
14891,4955,82,3,5405.87
14892,4955,342,1,2036.46
14893,4955,229,3,6178.47
14894,4956,276,3,2669.21
14895,4956,396,2,1589.43
14896,4957,130,4,1963.29
14897,4957,13,4,2922.53
14898,4957,374,3,3593.06
14899,4958,133,3,7682.68
14900,4959,87,1,1282.33
14901,4959,223,3,830.78
14902,4959,382,4,5869.03
14903,4960,450,4,2146.91
14904,4961,256,3,2686.28
14905,4961,3,3,394.52
14906,4961,70,4,2952.71
14907,4962,211,4,3182.08
14908,4962,242,1,3908.61
14909,4963,330,4,4391.26
14910,4964,429,3,3529.21
14911,4965,223,2,830.78
14912,4966,132,1,734.08
14913,4967,238,2,555.04
14914,4967,220,3,3372.55
14915,4967,89,1,4465.7
14916,4967,30,4,1495.61
14917,4968,316,2,3281.58
14918,4969,185,2,1990.36
14919,4969,347,4,5269.21
14920,4969,9,2,3407.08
14921,4969,272,2,1207.17
14922,4969,280,4,4382.83
14923,4970,469,1,5810.45
14924,4971,400,4,3874.31
14925,4971,179,4,2635.11
14926,4971,40,4,2870.78
14927,4972,471,3,1844.85
14928,4972,291,2,4158.04
14929,4972,397,2,2867.64
14930,4972,430,4,1289.32
14931,4973,435,3,3048.69
14932,4973,284,1,1954.57
14933,4973,247,4,3140.62
14934,4973,268,1,2691.51
14935,4973,439,3,5144.08
14936,4974,23,3,4519.4
14937,4974,25,3,6342.54
14938,4974,300,2,1582.87
14939,4974,65,2,1839.77
14940,4975,112,2,5163.37
14941,4976,256,3,2686.28
14942,4976,278,1,1452.09
14943,4977,345,2,6715.15
14944,4978,272,2,1207.17
14945,4978,339,1,4212.47
14946,4979,475,1,1249.33
14947,4980,497,2,4863.47
14948,4981,6,2,2038.84
14949,4981,40,3,2870.78
14950,4981,166,1,3680.98
14951,4982,178,2,3635.79
14952,4982,116,2,584.32
14953,4982,245,1,2794.78
14954,4983,364,1,6026.85
14955,4983,124,3,6069.73
14956,4984,54,1,3298.92
14957,4985,107,1,4351.35
14958,4986,112,3,5163.37
14959,4986,212,1,155.74
14960,4986,166,4,3680.98
14961,4986,49,4,1001.46
14962,4986,445,3,4299.29
14963,4987,26,2,5756.04
14964,4987,447,3,2421.14
14965,4987,161,4,6112.98
14966,4987,329,1,6150.42
14967,4987,210,3,530.97
14968,4988,376,1,4480.08
14969,4989,338,1,5130.85
14970,4989,388,3,1373.2
14971,4989,23,3,4519.4
14972,4989,469,2,5810.45
14973,4989,60,4,5163.17
14974,4990,256,4,2686.28
14975,4991,205,2,6203.46
14976,4991,242,1,3908.61
14977,4991,16,4,3318.23
14978,4991,331,3,895.99
14979,4991,229,3,6178.47
14980,4992,470,1,4963.98
14981,4992,447,4,2421.14
14982,4992,314,3,5187.17
14983,4992,152,3,5260.39
14984,4993,167,2,6818.7
14985,4993,111,3,2394.51
14986,4994,183,3,4643.22
14987,4994,318,4,5367.63
14988,4994,144,4,4356.46
14989,4994,215,2,3143.73
14990,4994,387,1,1384.34
14991,4995,85,1,206.91
14992,4995,269,1,2723.78
14993,4995,300,4,1582.87
14994,4995,179,4,2635.11
14995,4996,431,3,2345.7
14996,4996,72,1,5436.37
14997,4996,34,4,1739.97
14998,4996,309,3,825.37
14999,4996,369,4,3840.55
15000,4997,208,1,1461.6
15001,4998,445,2,4299.29
15002,4998,149,3,5667.0
15003,4998,336,1,3505.41
15004,4999,82,2,5405.87
15005,4999,278,3,1452.09
15006,4999,366,3,3398.33
15007,4999,262,1,3433.24
15008,5000,435,4,3048.69
15009,5000,125,3,4655.25
15010,5000,89,2,4465.7
15011,5000,98,1,5554.21
15012,5001,459,3,4650.34
15013,5001,406,3,2675.38
15014,5001,384,4,4637.79
15015,5002,400,3,3874.31
15016,5002,248,1,5396.23
15017,5002,85,4,206.91
15018,5002,405,2,4305.08
15019,5003,205,3,6203.46
15020,5003,134,2,4419.51
15021,5004,20,3,543.91
15022,5004,361,1,3228.33
15023,5005,244,3,1747.97
15024,5005,473,1,4224.82
15025,5005,163,1,6699.83
15026,5005,367,2,2356.19
15027,5005,193,4,6626.72
15028,5006,467,1,5633.33
15029,5006,165,4,4937.61
15030,5006,304,2,4992.14
15031,5007,253,3,2797.42
15032,5007,105,2,4056.14
15033,5007,148,1,2389.03
15034,5007,216,3,4724.1
15035,5008,121,4,704.52
15036,5008,255,1,3636.36
15037,5008,173,3,4328.16
15038,5008,265,2,5984.67
15039,5009,412,1,2197.41
15040,5009,357,4,3963.48
15041,5010,337,4,5116.18
15042,5010,167,3,6818.7
15043,5010,387,4,1384.34
15044,5011,347,2,5269.21
15045,5011,1,3,2876.42
15046,5012,477,1,1536.6
15047,5012,401,2,830.88
15048,5012,114,4,1305.47
15049,5012,7,4,1658.11
15050,5013,271,4,740.94
15051,5014,28,1,801.28
15052,5014,292,2,5117.95
15053,5014,316,1,3281.58
15054,5014,134,1,4419.51
15055,5015,340,1,6024.22
15056,5015,387,4,1384.34
15057,5016,289,1,615.43
15058,5016,4,2,5633.67
15059,5016,12,2,5776.18
15060,5017,315,3,1950.17
15061,5017,284,1,1954.57
15062,5017,170,1,3039.1
15063,5017,470,2,4963.98
15064,5018,452,1,743.06
15065,5019,153,3,7154.27
15066,5019,420,4,1934.38
15067,5019,364,2,6026.85
15068,5019,118,3,4371.63
15069,5019,432,3,3897.39
15070,5020,273,2,4355.96
15071,5020,206,1,6451.33
15072,5021,359,4,3218.73
15073,5021,453,3,2708.83
15074,5021,19,2,4193.05
15075,5021,340,1,6024.22
15076,5021,229,4,6178.47
15077,5022,243,3,5813.12
15078,5022,198,4,2183.12
15079,5022,204,1,3202.4
15080,5022,369,2,3840.55
15081,5023,315,4,1950.17
15082,5023,21,2,773.93
15083,5023,84,4,5116.75
15084,5024,138,1,4165.59
15085,5024,476,1,4727.45
15086,5024,136,4,6859.2
15087,5024,262,1,3433.24
15088,5024,490,4,7539.95
15089,5025,445,4,4299.29
15090,5025,217,2,1753.76
15091,5026,370,3,4396.17
15092,5026,382,3,5869.03
15093,5027,104,4,673.38
15094,5027,24,4,6433.86
15095,5027,438,3,3420.48
15096,5027,453,3,2708.83
15097,5028,444,3,5110.75
15098,5029,77,2,5802.31
15099,5029,38,4,1645.79
15100,5030,324,2,3848.88
15101,5031,84,2,5116.75
15102,5031,170,4,3039.1
15103,5031,146,1,2758.94
15104,5031,370,4,4396.17
15105,5032,146,4,2758.94
15106,5032,38,4,1645.79
15107,5032,476,2,4727.45
15108,5033,340,4,6024.22
15109,5033,92,4,4206.66
15110,5033,196,2,4145.76
15111,5033,16,2,3318.23
15112,5033,80,3,2551.1
15113,5034,141,4,4217.11
15114,5035,159,4,1782.91
15115,5035,212,1,155.74
15116,5035,144,3,4356.46
15117,5035,137,2,2345.58
15118,5035,459,4,4650.34
15119,5036,405,2,4305.08
15120,5036,227,3,3884.33
15121,5036,15,4,3647.94
15122,5036,31,4,3335.57
15123,5036,74,2,1856.46
15124,5037,344,1,6982.35
15125,5037,487,3,3602.54
15126,5037,309,3,825.37
15127,5038,232,3,6669.4
15128,5039,491,1,336.73
15129,5039,205,4,6203.46
15130,5039,413,4,5368.82
15131,5039,328,2,2729.68
15132,5040,303,4,1103.01
15133,5040,372,4,2126.62
15134,5040,12,2,5776.18
15135,5040,382,2,5869.03
15136,5041,273,4,4355.96
15137,5041,402,4,1337.62
15138,5041,305,3,1283.96
15139,5042,214,3,5909.34
15140,5042,319,1,3408.81
15141,5042,435,3,3048.69
15142,5043,79,3,2892.49
15143,5043,225,2,3865.19
15144,5043,41,1,5380.63
15145,5043,416,3,3452.92
15146,5044,422,1,5095.84
15147,5044,460,3,5962.4
15148,5045,154,2,3919.63
15149,5045,57,1,4604.53
15150,5046,284,2,1954.57
15151,5046,234,1,1670.39
15152,5046,379,3,1894.51
15153,5046,116,2,584.32
15154,5046,215,1,3143.73
15155,5047,161,4,6112.98
15156,5047,255,3,3636.36
15157,5047,416,3,3452.92
15158,5048,38,2,1645.79
15159,5048,29,2,5434.79
15160,5048,413,1,5368.82
15161,5048,255,4,3636.36
15162,5048,348,4,4037.99
15163,5049,81,1,3349.11
15164,5050,93,3,2629.61
15165,5050,141,2,4217.11
15166,5050,57,3,4604.53
15167,5050,192,1,1522.05
15168,5051,466,4,3543.0
15169,5051,360,4,2975.5
15170,5051,139,3,2207.41
15171,5051,351,4,5407.74
15172,5051,221,4,6443.18
15173,5052,241,1,600.8
15174,5052,368,4,3127.98
15175,5052,214,3,5909.34
15176,5052,142,2,628.57
15177,5053,176,1,2750.53
15178,5053,247,4,3140.62
15179,5053,153,3,7154.27
15180,5054,144,4,4356.46
15181,5054,59,1,3551.72
15182,5054,334,2,4382.79
15183,5054,383,2,1338.8
15184,5054,445,3,4299.29
15185,5055,250,3,2853.44
15186,5055,75,3,3885.28
15187,5055,382,1,5869.03
15188,5055,50,1,4659.51
15189,5056,143,3,4831.33
15190,5056,440,1,1786.05
15191,5056,419,3,4392.23
15192,5057,173,1,4328.16
15193,5058,87,1,1282.33
15194,5058,415,2,3144.2
15195,5058,259,1,1302.93
15196,5058,375,4,5456.42
15197,5059,124,3,6069.73
15198,5059,181,2,277.41
15199,5059,432,4,3897.39
15200,5059,305,2,1283.96
15201,5059,263,3,4317.08
15202,5060,272,4,1207.17
15203,5060,447,1,2421.14
15204,5060,129,3,1449.29
15205,5060,16,4,3318.23
15206,5060,137,3,2345.58
15207,5061,288,4,6212.26
15208,5061,381,2,2780.62
15209,5061,88,3,3652.47
15210,5061,31,1,3335.57
15211,5061,416,3,3452.92
15212,5062,278,4,1452.09
15213,5062,23,2,4519.4
15214,5062,16,3,3318.23
15215,5062,136,1,6859.2
15216,5062,443,2,4924.62
15217,5063,91,1,2388.1
15218,5063,133,4,7682.68
15219,5063,381,4,2780.62
15220,5063,238,1,555.04
15221,5064,400,2,3874.31
15222,5064,172,1,5729.96
15223,5065,8,3,1108.08
15224,5066,455,1,3452.95
15225,5067,364,2,6026.85
15226,5067,318,4,5367.63
15227,5067,379,1,1894.51
15228,5067,299,4,5162.19
15229,5067,67,1,6765.53
15230,5068,127,2,4216.76
15231,5068,408,1,2432.33
15232,5068,110,4,6959.37
15233,5068,314,4,5187.17
15234,5069,118,3,4371.63
15235,5069,285,4,3625.74
15236,5069,137,4,2345.58
15237,5069,194,1,3575.56
15238,5070,165,4,4937.61
15239,5070,76,3,3624.25
15240,5070,276,2,2669.21
15241,5071,59,3,3551.72
15242,5072,21,1,773.93
15243,5073,224,1,5253.84
15244,5073,272,1,1207.17
15245,5073,496,1,5678.29
15246,5073,101,1,1381.51
15247,5073,180,2,1609.07
15248,5074,30,1,1495.61
15249,5074,108,4,2189.38
15250,5074,52,2,2554.22
15251,5074,284,1,1954.57
15252,5075,315,1,1950.17
15253,5076,230,1,3984.19
15254,5076,256,4,2686.28
15255,5076,317,4,784.53
15256,5076,479,1,4247.61
15257,5076,174,1,2623.77
15258,5077,391,1,2831.62
15259,5077,306,3,1311.81
15260,5077,386,2,988.77
15261,5077,330,2,4391.26
15262,5077,449,2,5990.22
15263,5078,216,4,4724.1
15264,5078,248,2,5396.23
15265,5078,364,3,6026.85
15266,5078,403,3,2324.3
15267,5079,402,3,1337.62
15268,5079,438,3,3420.48
15269,5079,374,1,3593.06
15270,5079,264,3,1850.78
15271,5080,378,4,5787.24
15272,5081,285,3,3625.74
15273,5081,432,2,3897.39
15274,5081,70,3,2952.71
15275,5081,16,2,3318.23
15276,5081,213,2,3927.95
15277,5082,65,2,1839.77
15278,5083,298,2,5143.35
15279,5084,239,3,2892.25
15280,5084,494,2,5234.76
15281,5084,472,1,3476.76
15282,5084,312,4,4519.33
15283,5084,469,4,5810.45
15284,5085,481,2,4362.0
15285,5085,379,3,1894.51
15286,5085,113,2,2129.84
15287,5086,107,3,4351.35
15288,5086,293,4,5467.31
15289,5087,106,2,1635.06
15290,5088,11,1,5761.74
15291,5088,139,1,2207.41
15292,5088,429,3,3529.21
15293,5088,56,4,1350.59
15294,5089,314,3,5187.17
15295,5089,245,3,2794.78
15296,5089,37,1,1174.23
15297,5089,68,4,5048.98
15298,5090,11,2,5761.74
15299,5090,58,1,685.74
15300,5090,386,3,988.77
15301,5090,207,3,5032.22
15302,5091,335,3,3273.18
15303,5091,460,3,5962.4
15304,5091,29,4,5434.79
15305,5091,344,1,6982.35
15306,5091,411,4,4968.3
15307,5092,86,2,4346.28
15308,5092,263,4,4317.08
15309,5092,233,1,4261.37
15310,5092,102,4,5155.01
15311,5092,164,3,451.3
15312,5093,485,2,4042.01
15313,5093,72,4,5436.37
15314,5093,281,1,767.61
15315,5093,42,3,5752.4
15316,5094,257,3,1725.23
15317,5095,189,1,3600.6
15318,5095,238,1,555.04
15319,5095,273,3,4355.96
15320,5096,18,4,3961.8
15321,5096,225,1,3865.19
15322,5096,390,1,222.07
15323,5097,33,1,6626.78
15324,5097,211,1,3182.08
15325,5097,113,4,2129.84
15326,5098,146,2,2758.94
15327,5098,402,4,1337.62
15328,5099,235,1,5882.55
15329,5099,218,1,1046.26
15330,5099,214,2,5909.34
15331,5100,335,4,3273.18
15332,5100,298,1,5143.35
15333,5100,234,2,1670.39
15334,5100,106,1,1635.06
15335,5100,243,2,5813.12
15336,5101,6,3,2038.84
15337,5101,108,3,2189.38
15338,5101,442,4,6554.24
15339,5101,243,1,5813.12
15340,5101,93,1,2629.61
15341,5102,181,1,277.41
15342,5102,498,1,5835.24
15343,5102,96,4,418.99
15344,5102,193,1,6626.72
15345,5103,63,3,639.04
15346,5103,392,3,1502.97
15347,5103,497,2,4863.47
15348,5103,222,3,5410.26
15349,5103,418,2,4532.15
15350,5104,247,2,3140.62
15351,5104,30,3,1495.61
15352,5104,488,2,723.72
15353,5105,294,1,6129.64
15354,5105,146,3,2758.94
15355,5105,42,2,5752.4
15356,5105,455,1,3452.95
15357,5106,109,3,2146.83
15358,5106,487,3,3602.54
15359,5106,285,3,3625.74
15360,5106,3,3,394.52
15361,5107,110,1,6959.37
15362,5108,460,3,5962.4
15363,5108,118,2,4371.63
15364,5108,235,2,5882.55
15365,5108,285,1,3625.74
15366,5108,144,3,4356.46
15367,5109,422,4,5095.84
15368,5109,330,2,4391.26
15369,5109,50,1,4659.51
15370,5110,440,2,1786.05
15371,5110,370,4,4396.17
15372,5110,277,4,4935.0
15373,5110,380,2,4324.63
15374,5110,411,3,4968.3
15375,5111,112,2,5163.37
15376,5112,307,3,5262.37
15377,5112,286,2,5544.61
15378,5113,193,1,6626.72
15379,5113,451,1,5285.86
15380,5113,70,2,2952.71
15381,5114,89,2,4465.7
15382,5114,244,4,1747.97
15383,5114,332,3,336.46
15384,5114,119,2,224.22
15385,5115,432,3,3897.39
15386,5115,480,3,1852.13
15387,5115,273,4,4355.96
15388,5116,219,4,1512.13
15389,5117,308,3,1437.25
15390,5117,57,3,4604.53
15391,5117,61,3,1634.69
15392,5118,154,2,3919.63
15393,5118,249,2,6139.17
15394,5119,86,3,4346.28
15395,5119,32,1,4203.79
15396,5120,499,1,2598.33
15397,5120,292,4,5117.95
15398,5120,367,1,2356.19
15399,5120,150,3,1545.47
15400,5120,205,4,6203.46
15401,5121,194,2,3575.56
15402,5121,353,2,4945.04
15403,5121,154,4,3919.63
15404,5122,378,2,5787.24
15405,5122,181,2,277.41
15406,5122,201,4,1060.46
15407,5122,276,3,2669.21
15408,5123,40,4,2870.78
15409,5123,338,4,5130.85
15410,5123,404,1,5691.79
15411,5123,253,4,2797.42
15412,5123,313,1,3303.95
15413,5124,481,3,4362.0
15414,5125,134,2,4419.51
15415,5126,305,3,1283.96
15416,5127,87,2,1282.33
15417,5127,320,2,6639.63
15418,5127,258,2,4144.01
15419,5127,94,4,637.72
15420,5128,181,3,277.41
15421,5128,60,3,5163.17
15422,5129,254,4,229.57
15423,5129,231,2,1813.96
15424,5129,229,2,6178.47
15425,5129,181,4,277.41
15426,5129,129,2,1449.29
15427,5130,63,2,639.04
15428,5130,108,3,2189.38
15429,5130,86,3,4346.28
15430,5130,220,1,3372.55
15431,5131,194,3,3575.56
15432,5132,485,4,4042.01
15433,5132,33,3,6626.78
15434,5132,217,4,1753.76
15435,5133,44,4,5953.73
15436,5133,128,1,2947.92
15437,5134,390,1,222.07
15438,5134,192,4,1522.05
15439,5134,21,3,773.93
15440,5135,171,1,6247.86
15441,5135,128,1,2947.92
15442,5135,471,3,1844.85
15443,5136,481,3,4362.0
15444,5136,446,4,6731.46
15445,5137,492,4,5032.36
15446,5138,394,1,4349.12
15447,5139,389,1,1828.56
15448,5140,313,1,3303.95
15449,5140,243,1,5813.12
15450,5141,408,3,2432.33
15451,5141,95,2,4933.59
15452,5142,299,3,5162.19
15453,5142,369,1,3840.55
15454,5142,327,4,2218.76
15455,5142,11,2,5761.74
15456,5143,126,4,5865.84
15457,5143,483,2,6442.69
15458,5143,390,2,222.07
15459,5143,312,3,4519.33
15460,5143,394,3,4349.12
15461,5144,70,4,2952.71
15462,5144,278,2,1452.09
15463,5144,16,4,3318.23
15464,5144,413,1,5368.82
15465,5144,422,1,5095.84
15466,5145,317,3,784.53
15467,5145,132,3,734.08
15468,5146,144,2,4356.46
15469,5146,105,1,4056.14
15470,5146,43,3,791.88
15471,5147,112,1,5163.37
15472,5147,215,4,3143.73
15473,5147,416,2,3452.92
15474,5147,431,4,2345.7
15475,5148,55,1,5294.38
15476,5149,400,1,3874.31
15477,5149,377,2,5763.68
15478,5149,410,4,2717.31
15479,5149,439,2,5144.08
15480,5149,433,1,3901.17
15481,5150,60,2,5163.17
15482,5150,355,2,6023.83
15483,5150,443,4,4924.62
15484,5150,465,1,6681.17
15485,5151,29,4,5434.79
15486,5151,106,4,1635.06
15487,5151,279,3,774.25
15488,5151,497,3,4863.47
15489,5152,47,4,2540.64
15490,5152,452,3,743.06
15491,5152,381,2,2780.62
15492,5152,71,1,4208.53
15493,5152,103,4,5044.44
15494,5153,362,2,4182.94
15495,5153,470,2,4963.98
15496,5154,101,1,1381.51
15497,5154,446,4,6731.46
15498,5155,448,3,1589.08
15499,5155,205,1,6203.46
15500,5156,289,2,615.43
15501,5156,500,4,5135.84
15502,5156,324,3,3848.88
15503,5156,500,2,5135.84
15504,5157,344,3,6982.35
15505,5157,380,4,4324.63
15506,5157,468,2,6226.51
15507,5158,411,4,4968.3
15508,5158,43,3,791.88
15509,5159,2,3,5222.22
15510,5159,215,2,3143.73
15511,5160,470,3,4963.98
15512,5161,408,2,2432.33
15513,5162,306,1,1311.81
15514,5162,306,1,1311.81
15515,5162,47,3,2540.64
15516,5163,317,2,784.53
15517,5164,88,3,3652.47
15518,5164,204,1,3202.4
15519,5164,29,2,5434.79
15520,5165,483,2,6442.69
15521,5165,454,3,469.46
15522,5165,424,1,1011.09
15523,5165,375,2,5456.42
15524,5166,13,2,2922.53
15525,5166,184,3,4693.71
15526,5166,190,2,2545.79
15527,5166,273,4,4355.96
15528,5167,113,4,2129.84
15529,5168,266,1,3100.54
15530,5168,55,3,5294.38
15531,5168,393,3,1234.01
15532,5169,323,2,4863.69
15533,5170,372,4,2126.62
15534,5170,342,1,2036.46
15535,5171,244,2,1747.97
15536,5172,22,2,2628.43
15537,5173,441,1,5639.25
15538,5173,475,2,1249.33
15539,5173,14,2,1195.89
15540,5173,234,2,1670.39
15541,5174,234,2,1670.39
15542,5174,50,4,4659.51
15543,5175,22,3,2628.43
15544,5175,152,3,5260.39
15545,5175,99,1,377.4
15546,5176,193,2,6626.72
15547,5176,477,4,1536.6
15548,5177,432,1,3897.39
15549,5177,69,4,2687.96
15550,5177,384,4,4637.79
15551,5177,184,4,4693.71
15552,5178,447,4,2421.14
15553,5179,406,3,2675.38
15554,5179,433,3,3901.17
15555,5179,429,2,3529.21
15556,5179,324,1,3848.88
15557,5180,160,1,6704.84
15558,5180,245,4,2794.78
15559,5180,336,4,3505.41
15560,5180,49,1,1001.46
15561,5181,387,3,1384.34
15562,5181,118,2,4371.63
15563,5182,462,2,1440.1
15564,5182,242,1,3908.61
15565,5183,12,3,5776.18
15566,5183,383,1,1338.8
15567,5184,480,4,1852.13
15568,5185,419,3,4392.23
15569,5186,75,2,3885.28
15570,5186,337,2,5116.18
15571,5186,254,1,229.57
15572,5187,36,2,3194.46
15573,5188,276,2,2669.21
15574,5188,357,3,3963.48
15575,5188,495,4,5674.17
15576,5188,323,3,4863.69
15577,5189,323,3,4863.69
15578,5189,88,4,3652.47
15579,5189,83,4,4207.1
15580,5189,47,4,2540.64
15581,5189,483,3,6442.69
15582,5190,141,3,4217.11
15583,5190,154,3,3919.63
15584,5190,67,1,6765.53
15585,5190,304,3,4992.14
15586,5191,434,3,5172.12
15587,5191,89,1,4465.7
15588,5191,6,3,2038.84
15589,5191,255,2,3636.36
15590,5192,201,2,1060.46
15591,5192,237,3,3807.7
15592,5192,302,3,4353.43
15593,5193,248,2,5396.23
15594,5193,83,3,4207.1
15595,5193,332,1,336.46
15596,5193,185,3,1990.36
15597,5193,399,1,5067.92
15598,5194,343,3,2443.83
15599,5195,97,3,3649.64
15600,5195,111,4,2394.51
15601,5195,185,3,1990.36
15602,5196,425,3,4224.17
15603,5197,95,3,4933.59
15604,5197,141,2,4217.11
15605,5197,433,3,3901.17
15606,5197,36,2,3194.46
15607,5198,253,3,2797.42
15608,5198,47,2,2540.64
15609,5198,425,2,4224.17
15610,5199,45,1,2239.06
15611,5199,41,2,5380.63
15612,5199,430,2,1289.32
15613,5199,369,4,3840.55
15614,5199,489,1,1979.19
15615,5200,51,4,775.58
15616,5200,474,3,5605.5
15617,5201,207,1,5032.22
15618,5201,408,3,2432.33
15619,5201,17,4,6553.92
15620,5201,482,4,5294.83
15621,5201,364,4,6026.85
15622,5202,93,2,2629.61
15623,5202,273,3,4355.96
15624,5203,166,1,3680.98
15625,5203,498,1,5835.24
15626,5204,65,4,1839.77
15627,5204,76,4,3624.25
15628,5204,381,1,2780.62
15629,5204,231,1,1813.96
15630,5204,241,1,600.8
15631,5205,179,4,2635.11
15632,5205,223,4,830.78
15633,5205,350,2,1035.46
15634,5205,44,1,5953.73
15635,5205,34,2,1739.97
15636,5206,452,4,743.06
15637,5206,135,4,5029.03
15638,5206,257,3,1725.23
15639,5206,287,2,362.6
15640,5206,401,3,830.88
15641,5207,114,1,1305.47
15642,5207,78,3,2623.38
15643,5207,284,4,1954.57
15644,5207,252,1,4468.34
15645,5207,275,4,1381.85
15646,5208,295,1,1323.61
15647,5208,496,3,5678.29
15648,5209,20,4,543.91
15649,5209,338,2,5130.85
15650,5209,377,2,5763.68
15651,5209,97,3,3649.64
15652,5209,25,3,6342.54
15653,5210,162,3,3673.3
15654,5211,69,1,2687.96
15655,5212,134,2,4419.51
15656,5212,461,3,4553.3
15657,5212,63,4,639.04
15658,5212,108,4,2189.38
15659,5212,151,4,1368.5
15660,5213,59,1,3551.72
15661,5213,259,1,1302.93
15662,5214,369,1,3840.55
15663,5214,24,1,6433.86
15664,5214,129,2,1449.29
15665,5215,159,2,1782.91
15666,5215,294,4,6129.64
15667,5215,417,3,4766.29
15668,5215,309,4,825.37
15669,5216,282,1,5682.3
15670,5217,468,1,6226.51
15671,5218,82,3,5405.87
15672,5219,39,4,3097.27
15673,5219,73,2,958.17
15674,5219,396,1,1589.43
15675,5219,178,1,3635.79
15676,5220,298,3,5143.35
15677,5221,148,3,2389.03
15678,5221,344,3,6982.35
15679,5221,146,4,2758.94
15680,5221,156,2,3556.59
15681,5221,410,2,2717.31
15682,5222,143,1,4831.33
15683,5222,403,2,2324.3
15684,5222,231,3,1813.96
15685,5222,190,1,2545.79
15686,5222,10,1,1780.12
15687,5223,45,4,2239.06
15688,5223,160,4,6704.84
15689,5223,225,4,3865.19
15690,5224,7,4,1658.11
15691,5224,141,3,4217.11
15692,5224,220,3,3372.55
15693,5224,135,4,5029.03
15694,5224,5,1,2523.37
15695,5225,118,1,4371.63
15696,5225,468,1,6226.51
15697,5225,4,1,5633.67
15698,5226,338,3,5130.85
15699,5226,431,2,2345.7
15700,5226,395,4,4977.01
15701,5227,291,4,4158.04
15702,5228,67,1,6765.53
15703,5228,338,3,5130.85
15704,5229,92,1,4206.66
15705,5229,184,1,4693.71
15706,5230,406,4,2675.38
15707,5230,487,3,3602.54
15708,5231,284,2,1954.57
15709,5232,245,1,2794.78
15710,5233,21,1,773.93
15711,5233,351,4,5407.74
15712,5233,308,2,1437.25
15713,5233,110,3,6959.37
15714,5234,440,4,1786.05
15715,5234,249,1,6139.17
15716,5234,29,4,5434.79
15717,5235,82,4,5405.87
15718,5235,128,2,2947.92
15719,5235,345,1,6715.15
15720,5235,399,4,5067.92
15721,5236,101,3,1381.51
15722,5236,75,1,3885.28
15723,5236,267,1,3128.45
15724,5236,407,4,5614.76
15725,5237,44,3,5953.73
15726,5237,219,3,1512.13
15727,5238,189,3,3600.6
15728,5238,402,3,1337.62
15729,5239,387,4,1384.34
15730,5239,446,4,6731.46
15731,5239,320,2,6639.63
15732,5240,437,1,1635.15
15733,5240,254,2,229.57
15734,5240,121,4,704.52
15735,5240,170,2,3039.1
15736,5240,137,3,2345.58
15737,5241,493,3,6088.79
15738,5241,158,4,4348.37
15739,5241,419,1,4392.23
15740,5241,278,4,1452.09
15741,5241,368,2,3127.98
15742,5242,126,3,5865.84
15743,5242,152,1,5260.39
15744,5242,9,1,3407.08
15745,5242,185,3,1990.36
15746,5243,85,1,206.91
15747,5243,173,1,4328.16
15748,5243,367,2,2356.19
15749,5243,79,4,2892.49
15750,5243,458,1,4050.01
15751,5244,175,4,1587.68
15752,5244,320,3,6639.63
15753,5245,266,3,3100.54
15754,5245,348,4,4037.99
15755,5245,157,4,5351.04
15756,5245,251,1,4963.2
15757,5246,61,3,1634.69
15758,5247,135,4,5029.03
15759,5247,74,2,1856.46
15760,5248,293,4,5467.31
15761,5248,414,3,981.22
15762,5249,475,2,1249.33
15763,5249,442,3,6554.24
15764,5249,11,3,5761.74
15765,5250,298,4,5143.35
15766,5250,296,1,959.66
15767,5250,93,1,2629.61
15768,5250,246,3,2663.81
15769,5251,211,4,3182.08
15770,5251,325,1,6330.63
15771,5252,7,3,1658.11
15772,5252,452,4,743.06
15773,5252,296,2,959.66
15774,5252,52,3,2554.22
15775,5253,158,2,4348.37
15776,5253,279,4,774.25
15777,5253,433,3,3901.17
15778,5253,295,4,1323.61
15779,5253,63,1,639.04
15780,5254,149,4,5667.0
15781,5254,334,3,4382.79
15782,5254,17,1,6553.92
15783,5254,233,3,4261.37
15784,5255,289,3,615.43
15785,5255,51,3,775.58
15786,5255,30,1,1495.61
15787,5256,416,2,3452.92
15788,5256,186,2,2472.63
15789,5257,240,2,1220.06
15790,5258,213,1,3927.95
15791,5258,358,3,5127.98
15792,5258,403,2,2324.3
15793,5259,310,3,3432.36
15794,5259,188,2,5890.62
15795,5259,410,3,2717.31
15796,5259,61,1,1634.69
15797,5260,196,4,4145.76
15798,5260,53,3,1636.05
15799,5260,417,3,4766.29
15800,5261,199,2,4296.57
15801,5261,210,4,530.97
15802,5261,51,2,775.58
15803,5262,79,2,2892.49
15804,5262,488,1,723.72
15805,5262,390,3,222.07
15806,5262,30,1,1495.61
15807,5263,338,2,5130.85
15808,5263,398,3,6965.19
15809,5263,95,2,4933.59
15810,5263,197,3,3444.31
15811,5264,291,3,4158.04
15812,5265,254,3,229.57
15813,5266,444,1,5110.75
15814,5266,491,1,336.73
15815,5266,276,4,2669.21
15816,5266,393,1,1234.01
15817,5266,211,4,3182.08
15818,5267,321,1,2051.86
15819,5267,24,4,6433.86
15820,5267,249,4,6139.17
15821,5267,348,2,4037.99
15822,5268,367,1,2356.19
15823,5268,72,2,5436.37
15824,5268,268,2,2691.51
15825,5269,150,1,1545.47
15826,5269,282,1,5682.3
15827,5270,200,2,3146.05
15828,5270,33,4,6626.78
15829,5270,418,2,4532.15
15830,5270,335,2,3273.18
15831,5270,278,3,1452.09
15832,5271,61,2,1634.69
15833,5271,178,3,3635.79
15834,5272,266,1,3100.54
15835,5272,216,2,4724.1
15836,5272,209,4,5173.0
15837,5272,197,4,3444.31
15838,5273,436,1,6428.91
15839,5273,324,2,3848.88
15840,5274,345,4,6715.15
15841,5274,99,1,377.4
15842,5274,478,3,4700.05
15843,5275,436,4,6428.91
15844,5275,221,2,6443.18
15845,5275,182,1,4710.47
15846,5275,279,4,774.25
15847,5276,115,2,2916.37
15848,5276,60,4,5163.17
15849,5276,325,2,6330.63
15850,5277,457,4,4840.21
15851,5277,346,4,3160.86
15852,5277,73,1,958.17
15853,5277,79,2,2892.49
15854,5277,44,4,5953.73
15855,5278,9,3,3407.08
15856,5279,331,4,895.99
15857,5279,177,2,1399.56
15858,5280,325,2,6330.63
15859,5280,464,2,7057.45
15860,5281,441,1,5639.25
15861,5281,454,3,469.46
15862,5281,364,4,6026.85
15863,5281,436,1,6428.91
15864,5282,242,2,3908.61
15865,5282,201,1,1060.46
15866,5282,312,1,4519.33
15867,5282,332,2,336.46
15868,5283,299,3,5162.19
15869,5284,161,3,6112.98
15870,5284,8,3,1108.08
15871,5284,201,1,1060.46
15872,5284,69,3,2687.96
15873,5285,292,4,5117.95
15874,5285,207,4,5032.22
15875,5285,349,3,4253.69
15876,5285,481,2,4362.0
15877,5285,123,4,5238.56
15878,5286,17,2,6553.92
15879,5286,425,2,4224.17
15880,5286,344,1,6982.35
15881,5287,381,2,2780.62
15882,5287,423,1,5959.15
15883,5287,41,2,5380.63
15884,5287,146,1,2758.94
15885,5287,398,3,6965.19
15886,5288,211,2,3182.08
15887,5288,200,2,3146.05
15888,5288,321,1,2051.86
15889,5288,321,2,2051.86
15890,5289,280,1,4382.83
15891,5289,194,4,3575.56
15892,5289,238,2,555.04
15893,5289,131,2,4351.85
15894,5290,168,4,4609.57
15895,5290,267,3,3128.45
15896,5290,458,4,4050.01
15897,5290,406,2,2675.38
15898,5290,293,1,5467.31
15899,5291,55,1,5294.38
15900,5292,11,2,5761.74
15901,5292,164,1,451.3
15902,5292,141,3,4217.11
15903,5292,295,1,1323.61
15904,5292,486,4,3925.75
15905,5293,494,1,5234.76
15906,5294,204,2,3202.4
15907,5294,149,4,5667.0
15908,5295,336,3,3505.41
15909,5295,75,4,3885.28
15910,5296,210,1,530.97
15911,5297,409,4,4629.95
15912,5297,249,4,6139.17
15913,5297,132,1,734.08
15914,5298,249,4,6139.17
15915,5298,338,3,5130.85
15916,5298,400,2,3874.31
15917,5298,159,4,1782.91
15918,5298,300,2,1582.87
15919,5299,499,2,2598.33
15920,5300,172,4,5729.96
15921,5300,175,1,1587.68
15922,5300,419,2,4392.23
15923,5300,194,2,3575.56
15924,5301,178,2,3635.79
15925,5301,225,4,3865.19
15926,5301,488,4,723.72
15927,5301,158,4,4348.37
15928,5302,293,1,5467.31
15929,5302,347,1,5269.21
15930,5303,387,4,1384.34
15931,5303,135,3,5029.03
15932,5304,225,2,3865.19
15933,5305,387,2,1384.34
15934,5305,481,1,4362.0
15935,5305,286,4,5544.61
15936,5305,323,3,4863.69
15937,5305,117,4,924.08
15938,5306,364,2,6026.85
15939,5306,25,3,6342.54
15940,5306,439,1,5144.08
15941,5306,254,2,229.57
15942,5307,442,1,6554.24
15943,5307,289,3,615.43
15944,5308,357,2,3963.48
15945,5308,365,1,5059.36
15946,5308,414,1,981.22
15947,5308,381,2,2780.62
15948,5309,304,1,4992.14
15949,5309,216,4,4724.1
15950,5309,308,3,1437.25
15951,5310,440,2,1786.05
15952,5310,316,3,3281.58
15953,5310,44,1,5953.73
15954,5310,155,2,7062.88
15955,5310,60,2,5163.17
15956,5311,187,4,7451.43
15957,5311,51,4,775.58
15958,5311,55,2,5294.38
15959,5312,168,4,4609.57
15960,5313,452,1,743.06
15961,5314,38,3,1645.79
15962,5315,479,2,4247.61
15963,5315,499,3,2598.33
15964,5315,210,2,530.97
15965,5315,277,4,4935.0
15966,5316,287,2,362.6
15967,5316,39,1,3097.27
15968,5317,24,3,6433.86
15969,5317,454,1,469.46
15970,5317,213,1,3927.95
15971,5317,94,1,637.72
15972,5317,245,3,2794.78
15973,5318,419,4,4392.23
15974,5319,234,4,1670.39
15975,5319,136,2,6859.2
15976,5319,413,2,5368.82
15977,5320,230,4,3984.19
15978,5321,262,4,3433.24
15979,5321,70,4,2952.71
15980,5321,170,2,3039.1
15981,5321,338,4,5130.85
15982,5321,351,3,5407.74
15983,5322,60,3,5163.17
15984,5322,188,1,5890.62
15985,5323,35,2,3703.55
15986,5323,388,2,1373.2
15987,5323,385,3,4521.81
15988,5324,308,2,1437.25
15989,5324,230,1,3984.19
15990,5324,455,2,3452.95
15991,5324,211,1,3182.08
15992,5324,312,1,4519.33
15993,5325,29,4,5434.79
15994,5325,457,3,4840.21
15995,5325,441,1,5639.25
15996,5325,341,3,1594.54
15997,5326,269,4,2723.78
15998,5327,172,4,5729.96
15999,5327,128,4,2947.92
16000,5327,125,2,4655.25
16001,5328,116,3,584.32
16002,5328,44,2,5953.73
16003,5329,211,4,3182.08
16004,5329,47,4,2540.64
16005,5329,147,3,2549.32
16006,5329,358,4,5127.98
16007,5330,371,3,6431.49
16008,5330,374,4,3593.06
16009,5330,282,3,5682.3
16010,5330,367,1,2356.19
16011,5330,392,2,1502.97
16012,5331,499,3,2598.33
16013,5331,31,1,3335.57
16014,5332,102,4,5155.01
16015,5332,213,1,3927.95
16016,5332,296,1,959.66
16017,5333,180,2,1609.07
16018,5333,188,4,5890.62
16019,5333,100,4,7678.63
16020,5334,406,1,2675.38
16021,5334,308,4,1437.25
16022,5334,394,1,4349.12
16023,5335,343,1,2443.83
16024,5335,387,4,1384.34
16025,5336,255,3,3636.36
16026,5336,49,4,1001.46
16027,5336,248,2,5396.23
16028,5337,202,4,3841.09
16029,5337,225,2,3865.19
16030,5337,267,2,3128.45
16031,5337,271,2,740.94
16032,5337,116,1,584.32
16033,5338,463,3,4315.08
16034,5338,190,3,2545.79
16035,5338,99,4,377.4
16036,5338,385,4,4521.81
16037,5338,22,2,2628.43
16038,5339,399,2,5067.92
16039,5339,207,2,5032.22
16040,5339,480,4,1852.13
16041,5340,463,2,4315.08
16042,5341,346,4,3160.86
16043,5341,51,2,775.58
16044,5342,295,4,1323.61
16045,5343,464,2,7057.45
16046,5344,227,4,3884.33
16047,5344,198,1,2183.12
16048,5344,408,4,2432.33
16049,5344,358,1,5127.98
16050,5345,140,4,4644.31
16051,5345,149,1,5667.0
16052,5345,187,1,7451.43
16053,5345,75,4,3885.28
16054,5345,155,1,7062.88
16055,5346,391,4,2831.62
16056,5346,60,2,5163.17
16057,5346,396,3,1589.43
16058,5346,452,1,743.06
16059,5347,209,3,5173.0
16060,5348,407,4,5614.76
16061,5348,193,4,6626.72
16062,5348,49,2,1001.46
16063,5349,149,2,5667.0
16064,5349,440,4,1786.05
16065,5349,257,3,1725.23
16066,5350,11,1,5761.74
16067,5350,56,4,1350.59
16068,5351,166,3,3680.98
16069,5351,90,2,2134.9
16070,5351,379,4,1894.51
16071,5351,227,1,3884.33
16072,5351,35,4,3703.55
16073,5352,11,2,5761.74
16074,5353,43,3,791.88
16075,5353,108,4,2189.38
16076,5353,44,3,5953.73
16077,5353,241,4,600.8
16078,5354,189,1,3600.6
16079,5354,34,3,1739.97
16080,5354,497,2,4863.47
16081,5354,444,4,5110.75
16082,5355,284,2,1954.57
16083,5355,77,4,5802.31
16084,5355,121,1,704.52
16085,5356,228,3,5999.41
16086,5356,307,1,5262.37
16087,5356,48,4,3118.93
16088,5356,343,1,2443.83
16089,5357,74,2,1856.46
16090,5358,370,1,4396.17
16091,5358,226,2,1742.75
16092,5358,420,1,1934.38
16093,5359,387,1,1384.34
16094,5359,315,2,1950.17
16095,5359,239,3,2892.25
16096,5359,154,2,3919.63
16097,5360,346,3,3160.86
16098,5360,113,3,2129.84
16099,5361,419,1,4392.23
16100,5362,58,2,685.74
16101,5363,127,1,4216.76
16102,5363,213,1,3927.95
16103,5364,22,2,2628.43
16104,5364,187,1,7451.43
16105,5365,447,1,2421.14
16106,5365,86,2,4346.28
16107,5365,477,2,1536.6
16108,5365,227,2,3884.33
16109,5366,124,1,6069.73
16110,5366,401,4,830.88
16111,5366,434,2,5172.12
16112,5366,48,4,3118.93
16113,5367,349,2,4253.69
16114,5367,489,2,1979.19
16115,5368,341,2,1594.54
16116,5368,267,2,3128.45
16117,5368,202,1,3841.09
16118,5368,73,1,958.17
16119,5368,471,2,1844.85
16120,5369,496,2,5678.29
16121,5369,135,3,5029.03
16122,5370,397,1,2867.64
16123,5370,189,2,3600.6
16124,5371,235,1,5882.55
16125,5371,231,1,1813.96
16126,5371,29,4,5434.79
16127,5372,366,2,3398.33
16128,5372,113,3,2129.84
16129,5373,407,4,5614.76
16130,5374,234,4,1670.39
16131,5374,146,1,2758.94
16132,5374,182,1,4710.47
16133,5375,316,3,3281.58
16134,5375,106,2,1635.06
16135,5375,43,3,791.88
16136,5375,74,4,1856.46
16137,5376,202,1,3841.09
16138,5376,106,2,1635.06
16139,5376,468,1,6226.51
16140,5376,259,2,1302.93
16141,5377,142,4,628.57
16142,5377,145,1,380.42
16143,5377,398,3,6965.19
16144,5377,251,3,4963.2
16145,5378,368,2,3127.98
16146,5379,333,2,6331.32
16147,5380,240,2,1220.06
16148,5380,108,4,2189.38
16149,5380,278,2,1452.09
16150,5380,397,4,2867.64
16151,5381,99,3,377.4
16152,5381,492,2,5032.36
16153,5382,55,2,5294.38
16154,5382,53,4,1636.05
16155,5382,135,3,5029.03
16156,5382,427,3,5615.06
16157,5382,55,2,5294.38
16158,5383,41,3,5380.63
16159,5383,249,1,6139.17
16160,5383,480,1,1852.13
16161,5383,465,2,6681.17
16162,5384,76,3,3624.25
16163,5384,469,1,5810.45
16164,5384,7,3,1658.11
16165,5384,293,4,5467.31
16166,5385,86,2,4346.28
16167,5385,376,2,4480.08
16168,5385,200,1,3146.05
16169,5386,389,3,1828.56
16170,5386,326,2,5313.25
16171,5386,155,1,7062.88
16172,5386,358,2,5127.98
16173,5387,485,2,4042.01
16174,5387,488,2,723.72
16175,5387,304,4,4992.14
16176,5388,114,1,1305.47
16177,5388,434,4,5172.12
16178,5388,91,3,2388.1
16179,5388,19,3,4193.05
16180,5388,310,3,3432.36
16181,5389,156,2,3556.59
16182,5389,97,3,3649.64
16183,5389,486,3,3925.75
16184,5389,125,3,4655.25
16185,5390,337,2,5116.18
16186,5391,354,2,1425.69
16187,5391,464,4,7057.45
16188,5392,372,1,2126.62
16189,5392,476,4,4727.45
16190,5392,436,2,6428.91
16191,5392,302,3,4353.43
16192,5393,337,2,5116.18
16193,5393,415,1,3144.2
16194,5394,107,1,4351.35
16195,5394,229,4,6178.47
16196,5394,343,2,2443.83
16197,5394,453,2,2708.83
16198,5394,499,3,2598.33
16199,5395,230,3,3984.19
16200,5395,294,3,6129.64
16201,5395,7,2,1658.11
16202,5395,374,1,3593.06
16203,5395,65,3,1839.77
16204,5396,1,2,2876.42
16205,5396,196,3,4145.76
16206,5396,349,2,4253.69
16207,5397,109,3,2146.83
16208,5398,328,4,2729.68
16209,5398,189,4,3600.6
16210,5399,392,1,1502.97
16211,5399,132,4,734.08
16212,5400,389,1,1828.56
16213,5400,39,2,3097.27
16214,5400,83,1,4207.1
16215,5400,259,4,1302.93
16216,5401,286,2,5544.61
16217,5401,388,3,1373.2
16218,5401,371,3,6431.49
16219,5401,141,1,4217.11
16220,5402,302,2,4353.43
16221,5403,385,1,4521.81
16222,5403,455,2,3452.95
16223,5404,216,4,4724.1
16224,5404,41,4,5380.63
16225,5404,107,3,4351.35
16226,5404,35,1,3703.55
16227,5405,46,4,922.81
16228,5405,328,1,2729.68
16229,5406,333,4,6331.32
16230,5406,186,1,2472.63
16231,5406,380,2,4324.63
16232,5407,126,2,5865.84
16233,5407,81,1,3349.11
16234,5407,202,2,3841.09
16235,5407,289,2,615.43
16236,5408,58,1,685.74
16237,5409,99,1,377.4
16238,5410,373,1,4435.35
16239,5410,314,1,5187.17
16240,5411,486,1,3925.75
16241,5412,185,1,1990.36
16242,5412,321,1,2051.86
16243,5412,38,2,1645.79
16244,5412,213,2,3927.95
16245,5412,485,1,4042.01
16246,5413,254,2,229.57
16247,5414,45,4,2239.06
16248,5414,428,1,3337.91
16249,5414,280,3,4382.83
16250,5414,179,1,2635.11
16251,5414,362,3,4182.94
16252,5415,140,4,4644.31
16253,5416,29,2,5434.79
16254,5416,45,4,2239.06
16255,5416,69,3,2687.96
16256,5416,142,3,628.57
16257,5416,172,1,5729.96
16258,5417,106,4,1635.06
16259,5418,44,3,5953.73
16260,5418,454,2,469.46
16261,5419,443,3,4924.62
16262,5419,3,3,394.52
16263,5419,206,3,6451.33
16264,5419,82,2,5405.87
16265,5419,380,4,4324.63
16266,5420,434,4,5172.12
16267,5421,320,1,6639.63
16268,5421,460,3,5962.4
16269,5421,234,3,1670.39
16270,5421,380,2,4324.63
16271,5421,202,2,3841.09
16272,5422,300,3,1582.87
16273,5423,229,2,6178.47
16274,5423,451,2,5285.86
16275,5423,160,2,6704.84
16276,5423,70,4,2952.71
16277,5423,218,1,1046.26
16278,5424,393,4,1234.01
16279,5424,415,3,3144.2
16280,5424,229,3,6178.47
16281,5425,260,4,1846.21
16282,5425,453,2,2708.83
16283,5425,104,2,673.38
16284,5426,217,2,1753.76
16285,5426,27,3,1911.35
16286,5426,291,4,4158.04
16287,5427,230,1,3984.19
16288,5427,478,3,4700.05
16289,5427,153,4,7154.27
16290,5427,60,2,5163.17
16291,5428,370,3,4396.17
16292,5428,117,3,924.08
16293,5428,105,2,4056.14
16294,5428,60,2,5163.17
16295,5428,72,1,5436.37
16296,5429,370,1,4396.17
16297,5429,269,1,2723.78
16298,5429,461,1,4553.3
16299,5429,194,3,3575.56
16300,5429,96,2,418.99
16301,5430,70,1,2952.71
16302,5431,416,4,3452.92
16303,5432,385,4,4521.81
16304,5433,457,4,4840.21
16305,5434,3,1,394.52
16306,5434,278,3,1452.09
16307,5434,210,2,530.97
16308,5434,41,1,5380.63
16309,5435,61,3,1634.69
16310,5435,210,1,530.97
16311,5436,189,2,3600.6
16312,5436,219,3,1512.13
16313,5436,127,1,4216.76
16314,5436,8,1,1108.08
16315,5436,423,3,5959.15
16316,5437,102,2,5155.01
16317,5437,154,2,3919.63
16318,5437,336,2,3505.41
16319,5438,156,4,3556.59
16320,5438,335,3,3273.18
16321,5438,119,1,224.22
16322,5439,12,1,5776.18
16323,5439,234,1,1670.39
16324,5439,96,2,418.99
16325,5440,206,2,6451.33
16326,5440,444,1,5110.75
16327,5440,282,3,5682.3
16328,5441,151,3,1368.5
16329,5442,69,2,2687.96
16330,5442,115,1,2916.37
16331,5442,490,3,7539.95
16332,5442,385,2,4521.81
16333,5443,343,1,2443.83
16334,5443,42,3,5752.4
16335,5443,197,3,3444.31
16336,5443,428,4,3337.91
16337,5444,422,4,5095.84
16338,5444,172,4,5729.96
16339,5445,389,3,1828.56
16340,5445,204,1,3202.4
16341,5445,365,1,5059.36
16342,5445,159,4,1782.91
16343,5445,223,2,830.78
16344,5446,334,2,4382.79
16345,5446,206,4,6451.33
16346,5446,113,1,2129.84
16347,5446,393,2,1234.01
16348,5446,391,4,2831.62
16349,5447,42,3,5752.4
16350,5447,306,2,1311.81
16351,5448,389,1,1828.56
16352,5448,146,1,2758.94
16353,5448,131,4,4351.85
16354,5449,267,3,3128.45
16355,5449,202,2,3841.09
16356,5450,207,3,5032.22
16357,5450,431,3,2345.7
16358,5451,212,1,155.74
16359,5451,475,3,1249.33
16360,5451,330,3,4391.26
16361,5452,393,4,1234.01
16362,5452,284,2,1954.57
16363,5452,351,2,5407.74
16364,5453,53,2,1636.05
16365,5454,383,1,1338.8
16366,5454,64,1,5245.29
16367,5454,211,4,3182.08
16368,5454,479,2,4247.61
16369,5455,159,4,1782.91
16370,5455,72,1,5436.37
16371,5455,489,1,1979.19
16372,5455,440,3,1786.05
16373,5456,188,4,5890.62
16374,5456,206,4,6451.33
16375,5456,486,1,3925.75
16376,5457,254,4,229.57
16377,5457,351,4,5407.74
16378,5457,333,2,6331.32
16379,5457,17,4,6553.92
16380,5458,3,3,394.52
16381,5458,497,2,4863.47
16382,5458,2,2,5222.22
16383,5458,88,2,3652.47
16384,5459,187,3,7451.43
16385,5459,172,2,5729.96
16386,5459,411,3,4968.3
16387,5459,302,1,4353.43
16388,5459,34,3,1739.97
16389,5460,414,4,981.22
16390,5460,359,2,3218.73
16391,5460,48,3,3118.93
16392,5460,6,2,2038.84
16393,5460,291,3,4158.04
16394,5461,406,1,2675.38
16395,5461,321,2,2051.86
16396,5461,341,1,1594.54
16397,5462,132,2,734.08
16398,5462,172,3,5729.96
16399,5462,424,2,1011.09
16400,5463,331,2,895.99
16401,5464,263,2,4317.08
16402,5465,311,2,1952.58
16403,5465,101,1,1381.51
16404,5465,151,3,1368.5
16405,5466,348,3,4037.99
16406,5466,371,4,6431.49
16407,5466,159,3,1782.91
16408,5466,137,1,2345.58
16409,5466,343,4,2443.83
16410,5467,280,2,4382.83
16411,5467,241,1,600.8
16412,5467,65,2,1839.77
16413,5468,293,2,5467.31
16414,5468,173,1,4328.16
16415,5468,294,4,6129.64
16416,5468,392,2,1502.97
16417,5469,35,3,3703.55
16418,5470,133,4,7682.68
16419,5470,119,2,224.22
16420,5470,383,4,1338.8
16421,5471,499,3,2598.33
16422,5471,124,2,6069.73
16423,5471,60,3,5163.17
16424,5472,221,4,6443.18
16425,5472,16,4,3318.23
16426,5472,127,1,4216.76
16427,5472,128,1,2947.92
16428,5472,460,3,5962.4
16429,5473,281,1,767.61
16430,5473,239,1,2892.25
16431,5473,380,4,4324.63
16432,5473,296,1,959.66
16433,5474,304,1,4992.14
16434,5474,495,1,5674.17
16435,5474,497,4,4863.47
16436,5474,438,3,3420.48
16437,5474,30,3,1495.61
16438,5475,365,3,5059.36
16439,5475,496,3,5678.29
16440,5476,447,4,2421.14
16441,5476,79,1,2892.49
16442,5476,115,3,2916.37
16443,5476,327,1,2218.76
16444,5476,5,3,2523.37
16445,5477,119,1,224.22
16446,5477,217,1,1753.76
16447,5477,90,1,2134.9
16448,5478,442,1,6554.24
16449,5478,457,2,4840.21
16450,5478,368,1,3127.98
16451,5478,277,4,4935.0
16452,5478,470,1,4963.98
16453,5479,58,3,685.74
16454,5479,52,4,2554.22
16455,5479,60,1,5163.17
16456,5480,64,3,5245.29
16457,5481,313,4,3303.95
16458,5481,419,1,4392.23
16459,5481,488,2,723.72
16460,5481,149,4,5667.0
16461,5482,55,2,5294.38
16462,5483,364,1,6026.85
16463,5484,33,3,6626.78
16464,5484,53,2,1636.05
16465,5484,443,4,4924.62
16466,5484,349,1,4253.69
16467,5484,464,1,7057.45
16468,5485,262,2,3433.24
16469,5486,213,4,3927.95
16470,5486,192,4,1522.05
16471,5486,57,1,4604.53
16472,5486,363,4,7234.27
16473,5487,141,2,4217.11
16474,5487,113,4,2129.84
16475,5488,81,1,3349.11
16476,5488,88,3,3652.47
16477,5488,190,3,2545.79
16478,5488,140,3,4644.31
16479,5488,352,4,6820.17
16480,5489,192,4,1522.05
16481,5490,335,3,3273.18
16482,5490,3,3,394.52
16483,5490,237,1,3807.7
16484,5490,95,3,4933.59
16485,5490,78,2,2623.38
16486,5491,390,2,222.07
16487,5491,187,4,7451.43
16488,5491,73,3,958.17
16489,5492,409,1,4629.95
16490,5493,472,4,3476.76
16491,5494,75,3,3885.28
16492,5495,289,4,615.43
16493,5495,298,3,5143.35
16494,5496,139,2,2207.41
16495,5496,159,1,1782.91
16496,5496,492,4,5032.36
16497,5497,358,2,5127.98
16498,5497,225,1,3865.19
16499,5498,499,2,2598.33
16500,5499,298,1,5143.35
16501,5500,486,3,3925.75
16502,5500,493,2,6088.79
16503,5500,65,1,1839.77
16504,5501,139,2,2207.41
16505,5501,393,2,1234.01
16506,5501,15,3,3647.94
16507,5501,274,1,7224.74
16508,5501,367,4,2356.19
16509,5502,383,2,1338.8
16510,5502,455,1,3452.95
16511,5502,196,1,4145.76
16512,5502,204,3,3202.4
16513,5502,481,4,4362.0
16514,5503,224,4,5253.84
16515,5503,463,4,4315.08
16516,5504,330,3,4391.26
16517,5504,92,3,4206.66
16518,5504,228,3,5999.41
16519,5504,234,1,1670.39
16520,5505,398,1,6965.19
16521,5505,385,1,4521.81
16522,5506,427,1,5615.06
16523,5506,211,4,3182.08
16524,5506,292,2,5117.95
16525,5506,119,2,224.22
16526,5507,5,4,2523.37
16527,5508,449,3,5990.22
16528,5508,115,2,2916.37
16529,5508,214,4,5909.34
16530,5508,155,1,7062.88
16531,5508,196,2,4145.76
16532,5509,96,1,418.99
16533,5509,109,1,2146.83
16534,5510,273,1,4355.96
16535,5510,198,2,2183.12
16536,5511,410,1,2717.31
16537,5511,250,3,2853.44
16538,5511,486,3,3925.75
16539,5511,350,2,1035.46
16540,5511,32,3,4203.79
16541,5512,123,3,5238.56
16542,5512,382,2,5869.03
16543,5512,61,2,1634.69
16544,5512,373,1,4435.35
16545,5512,16,1,3318.23
16546,5513,254,1,229.57
16547,5513,251,1,4963.2
16548,5514,52,4,2554.22
16549,5514,69,1,2687.96
16550,5514,267,1,3128.45
16551,5515,105,3,4056.14
16552,5515,366,3,3398.33
16553,5516,476,2,4727.45
16554,5516,22,4,2628.43
16555,5517,278,2,1452.09
16556,5518,73,4,958.17
16557,5518,152,4,5260.39
16558,5518,22,2,2628.43
16559,5519,56,2,1350.59
16560,5519,458,1,4050.01
16561,5520,198,1,2183.12
16562,5520,387,2,1384.34
16563,5520,275,2,1381.85
16564,5520,381,2,2780.62
16565,5521,157,3,5351.04
16566,5522,334,3,4382.79
16567,5522,102,1,5155.01
16568,5522,318,2,5367.63
16569,5523,426,2,1145.23
16570,5523,108,4,2189.38
16571,5523,315,4,1950.17
16572,5524,459,1,4650.34
16573,5524,76,3,3624.25
16574,5524,294,1,6129.64
16575,5524,147,2,2549.32
16576,5524,159,1,1782.91
16577,5525,146,4,2758.94
16578,5525,114,3,1305.47
16579,5525,236,4,4782.03
16580,5525,403,2,2324.3
16581,5526,133,1,7682.68
16582,5527,94,1,637.72
16583,5527,25,2,6342.54
16584,5527,271,4,740.94
16585,5527,474,3,5605.5
16586,5527,312,3,4519.33
16587,5528,453,4,2708.83
16588,5528,245,4,2794.78
16589,5528,284,1,1954.57
16590,5528,280,2,4382.83
16591,5529,52,2,2554.22
16592,5529,292,2,5117.95
16593,5529,324,2,3848.88
16594,5530,491,3,336.73
16595,5530,386,3,988.77
16596,5531,473,1,4224.82
16597,5531,460,3,5962.4
16598,5532,44,1,5953.73
16599,5532,297,3,1402.1
16600,5532,35,2,3703.55
16601,5532,433,4,3901.17
16602,5533,111,1,2394.51
16603,5533,59,3,3551.72
16604,5534,79,2,2892.49
16605,5535,133,3,7682.68
16606,5535,17,3,6553.92
16607,5535,52,1,2554.22
16608,5535,102,3,5155.01
16609,5535,391,1,2831.62
16610,5536,484,1,5888.26
16611,5536,99,1,377.4
16612,5536,61,1,1634.69
16613,5536,482,2,5294.83
16614,5537,172,3,5729.96
16615,5537,91,2,2388.1
16616,5537,445,3,4299.29
16617,5537,281,4,767.61
16618,5537,157,1,5351.04
16619,5538,93,4,2629.61
16620,5538,170,2,3039.1
16621,5538,337,2,5116.18
16622,5538,367,2,2356.19
16623,5538,120,4,2247.59
16624,5539,499,4,2598.33
16625,5539,26,2,5756.04
16626,5539,424,3,1011.09
16627,5539,144,1,4356.46
16628,5539,48,2,3118.93
16629,5540,29,4,5434.79
16630,5540,28,2,801.28
16631,5540,251,4,4963.2
16632,5540,476,4,4727.45
16633,5541,108,1,2189.38
16634,5541,449,3,5990.22
16635,5541,430,3,1289.32
16636,5541,191,3,1690.83
16637,5541,145,1,380.42
16638,5542,226,3,1742.75
16639,5542,287,2,362.6
16640,5542,228,1,5999.41
16641,5542,182,1,4710.47
16642,5542,403,2,2324.3
16643,5543,421,3,1285.52
16644,5543,181,4,277.41
16645,5543,188,3,5890.62
16646,5544,245,1,2794.78
16647,5544,201,4,1060.46
16648,5545,480,2,1852.13
16649,5545,293,1,5467.31
16650,5545,42,4,5752.4
16651,5546,185,1,1990.36
16652,5546,341,2,1594.54
16653,5546,122,4,1788.84
16654,5546,178,1,3635.79
16655,5547,129,2,1449.29
16656,5548,381,4,2780.62
16657,5548,410,3,2717.31
16658,5549,433,1,3901.17
16659,5550,83,2,4207.1
16660,5550,39,3,3097.27
16661,5550,306,3,1311.81
16662,5550,116,2,584.32
16663,5551,448,3,1589.08
16664,5552,70,1,2952.71
16665,5552,317,2,784.53
16666,5553,56,4,1350.59
16667,5554,437,4,1635.15
16668,5554,195,1,3142.65
16669,5554,436,2,6428.91
16670,5555,34,4,1739.97
16671,5555,127,3,4216.76
16672,5555,411,2,4968.3
16673,5555,325,2,6330.63
16674,5555,122,3,1788.84
16675,5556,45,1,2239.06
16676,5556,373,1,4435.35
16677,5556,488,1,723.72
16678,5556,9,2,3407.08
16679,5556,457,4,4840.21
16680,5557,320,3,6639.63
16681,5558,35,3,3703.55
16682,5558,79,4,2892.49
16683,5558,350,3,1035.46
16684,5558,24,2,6433.86
16685,5558,486,1,3925.75
16686,5559,296,2,959.66
16687,5559,95,3,4933.59
16688,5559,213,3,3927.95
16689,5560,167,2,6818.7
16690,5560,48,4,3118.93
16691,5560,34,1,1739.97
16692,5560,133,1,7682.68
16693,5560,261,3,6008.79
16694,5561,207,4,5032.22
16695,5561,196,4,4145.76
16696,5561,194,2,3575.56
16697,5562,202,4,3841.09
16698,5562,77,2,5802.31
16699,5563,151,3,1368.5
16700,5563,472,4,3476.76
16701,5563,484,1,5888.26
16702,5564,358,2,5127.98
16703,5564,383,1,1338.8
16704,5564,458,4,4050.01
16705,5564,439,4,5144.08
16706,5565,451,3,5285.86
16707,5565,114,1,1305.47
16708,5565,78,3,2623.38
16709,5565,266,2,3100.54
16710,5565,21,1,773.93
16711,5566,320,3,6639.63
16712,5566,421,2,1285.52
16713,5566,30,1,1495.61
16714,5567,491,4,336.73
16715,5567,240,3,1220.06
16716,5567,169,1,5455.24
16717,5567,63,4,639.04
16718,5567,309,2,825.37
16719,5568,212,3,155.74
16720,5568,456,1,4335.7
16721,5568,291,4,4158.04
16722,5568,41,1,5380.63
16723,5568,120,1,2247.59
16724,5569,452,4,743.06
16725,5569,54,3,3298.92
16726,5569,230,1,3984.19
16727,5569,328,4,2729.68
16728,5569,101,2,1381.51
16729,5570,139,4,2207.41
16730,5570,306,2,1311.81
16731,5571,496,1,5678.29
16732,5571,270,1,3668.4
16733,5571,24,1,6433.86
16734,5572,107,2,4351.35
16735,5572,407,2,5614.76
16736,5572,435,1,3048.69
16737,5572,365,4,5059.36
16738,5572,328,2,2729.68
16739,5573,378,3,5787.24
16740,5573,233,1,4261.37
16741,5573,14,3,1195.89
16742,5573,483,4,6442.69
16743,5573,229,2,6178.47
16744,5574,363,4,7234.27
16745,5574,226,4,1742.75
16746,5574,468,2,6226.51
16747,5574,144,1,4356.46
16748,5575,208,1,1461.6
16749,5575,167,1,6818.7
16750,5575,154,1,3919.63
16751,5575,49,1,1001.46
16752,5575,328,4,2729.68
16753,5576,274,2,7224.74
16754,5576,7,1,1658.11
16755,5577,42,3,5752.4
16756,5577,210,1,530.97
16757,5577,43,3,791.88
16758,5577,457,1,4840.21
16759,5577,340,4,6024.22
16760,5578,231,3,1813.96
16761,5578,271,4,740.94
16762,5579,102,4,5155.01
16763,5580,24,4,6433.86
16764,5581,30,3,1495.61
16765,5581,255,3,3636.36
16766,5581,58,3,685.74
16767,5581,90,1,2134.9
16768,5582,67,3,6765.53
16769,5582,402,4,1337.62
16770,5582,240,4,1220.06
16771,5582,359,1,3218.73
16772,5583,46,4,922.81
16773,5583,351,4,5407.74
16774,5583,203,1,3122.39
16775,5584,69,1,2687.96
16776,5585,240,3,1220.06
16777,5585,407,4,5614.76
16778,5586,477,4,1536.6
16779,5586,166,1,3680.98
16780,5586,38,1,1645.79
16781,5586,114,2,1305.47
16782,5586,60,2,5163.17
16783,5587,284,1,1954.57
16784,5588,423,1,5959.15
16785,5588,375,3,5456.42
16786,5588,449,3,5990.22
16787,5588,177,4,1399.56
16788,5589,235,4,5882.55
16789,5589,418,1,4532.15
16790,5589,15,3,3647.94
16791,5589,214,4,5909.34
16792,5590,425,4,4224.17
16793,5590,325,2,6330.63
16794,5590,430,2,1289.32
16795,5590,288,4,6212.26
16796,5590,421,3,1285.52
16797,5591,41,1,5380.63
16798,5591,223,2,830.78
16799,5591,334,2,4382.79
16800,5591,380,3,4324.63
16801,5591,204,2,3202.4
16802,5592,41,3,5380.63
16803,5592,151,3,1368.5
16804,5592,74,1,1856.46
16805,5592,91,1,2388.1
16806,5592,99,3,377.4
16807,5593,303,3,1103.01
16808,5593,353,2,4945.04
16809,5593,44,1,5953.73
16810,5594,463,2,4315.08
16811,5594,425,1,4224.17
16812,5594,207,3,5032.22
16813,5595,52,1,2554.22
16814,5595,7,4,1658.11
16815,5596,186,3,2472.63
16816,5596,276,1,2669.21
16817,5596,255,3,3636.36
16818,5596,137,1,2345.58
16819,5597,252,4,4468.34
16820,5597,184,3,4693.71
16821,5598,429,2,3529.21
16822,5599,294,1,6129.64
16823,5599,268,4,2691.51
16824,5599,61,4,1634.69
16825,5599,191,2,1690.83
16826,5599,109,2,2146.83
16827,5600,25,4,6342.54
16828,5600,269,2,2723.78
16829,5601,401,1,830.88
16830,5602,470,2,4963.98
16831,5603,484,3,5888.26
16832,5603,376,3,4480.08
16833,5603,208,4,1461.6
16834,5603,453,2,2708.83
16835,5603,56,1,1350.59
16836,5604,54,3,3298.92
16837,5604,289,1,615.43
16838,5604,137,3,2345.58
16839,5605,405,1,4305.08
16840,5605,363,2,7234.27
16841,5606,99,2,377.4
16842,5606,12,2,5776.18
16843,5606,288,1,6212.26
16844,5606,250,1,2853.44
16845,5607,346,2,3160.86
16846,5607,475,4,1249.33
16847,5607,417,1,4766.29
16848,5607,196,4,4145.76
16849,5608,395,1,4977.01
16850,5608,20,2,543.91
16851,5608,364,3,6026.85
16852,5608,401,2,830.88
16853,5609,422,3,5095.84
16854,5610,269,1,2723.78
16855,5610,341,3,1594.54
16856,5610,307,4,5262.37
16857,5611,440,2,1786.05
16858,5611,73,1,958.17
16859,5611,55,4,5294.38
16860,5611,408,2,2432.33
16861,5611,162,4,3673.3
16862,5612,56,3,1350.59
16863,5612,133,3,7682.68
16864,5612,336,1,3505.41
16865,5612,250,1,2853.44
16866,5612,116,2,584.32
16867,5613,125,4,4655.25
16868,5613,146,2,2758.94
16869,5613,239,2,2892.25
16870,5613,409,4,4629.95
16871,5614,468,3,6226.51
16872,5614,94,1,637.72
16873,5614,73,4,958.17
16874,5614,247,3,3140.62
16875,5615,177,1,1399.56
16876,5615,111,1,2394.51
16877,5615,455,2,3452.95
16878,5615,77,2,5802.31
16879,5616,198,3,2183.12
16880,5616,366,4,3398.33
16881,5616,86,1,4346.28
16882,5616,118,2,4371.63
16883,5616,348,3,4037.99
16884,5617,195,2,3142.65
16885,5617,1,3,2876.42
16886,5617,250,3,2853.44
16887,5617,460,2,5962.4
16888,5617,147,3,2549.32
16889,5618,489,4,1979.19
16890,5619,47,1,2540.64
16891,5619,305,4,1283.96
16892,5619,332,4,336.46
16893,5619,475,4,1249.33
16894,5620,430,2,1289.32
16895,5620,185,4,1990.36
16896,5620,179,1,2635.11
16897,5620,236,3,4782.03
16898,5621,70,1,2952.71
16899,5621,219,3,1512.13
16900,5622,202,2,3841.09
16901,5622,372,3,2126.62
16902,5622,482,4,5294.83
16903,5622,295,4,1323.61
16904,5623,329,3,6150.42
16905,5623,400,1,3874.31
16906,5623,193,3,6626.72
16907,5623,198,3,2183.12
16908,5624,4,2,5633.67
16909,5624,268,2,2691.51
16910,5624,13,3,2922.53
16911,5624,70,3,2952.71
16912,5625,468,1,6226.51
16913,5626,177,2,1399.56
16914,5627,158,1,4348.37
16915,5627,188,2,5890.62
16916,5627,279,1,774.25
16917,5627,282,3,5682.3
16918,5627,344,2,6982.35
16919,5628,46,3,922.81
16920,5628,406,2,2675.38
16921,5628,148,1,2389.03
16922,5628,407,4,5614.76
16923,5628,294,3,6129.64
16924,5629,412,1,2197.41
16925,5629,451,1,5285.86
16926,5629,20,3,543.91
16927,5629,469,3,5810.45
16928,5629,175,4,1587.68
16929,5630,130,1,1963.29
16930,5630,322,3,3077.91
16931,5631,15,3,3647.94
16932,5631,413,2,5368.82
16933,5631,438,2,3420.48
16934,5631,158,4,4348.37
16935,5632,98,2,5554.21
16936,5633,24,1,6433.86
16937,5633,459,4,4650.34
16938,5633,351,3,5407.74
16939,5633,436,1,6428.91
16940,5634,366,4,3398.33
16941,5635,427,1,5615.06
16942,5635,500,2,5135.84
16943,5635,198,2,2183.12
16944,5635,293,1,5467.31
16945,5636,213,4,3927.95
16946,5636,220,2,3372.55
16947,5636,453,2,2708.83
16948,5636,219,2,1512.13
16949,5637,156,4,3556.59
16950,5637,199,1,4296.57
16951,5637,34,4,1739.97
16952,5637,104,2,673.38
16953,5637,56,2,1350.59
16954,5638,471,2,1844.85
16955,5638,238,1,555.04
16956,5638,239,3,2892.25
16957,5639,186,2,2472.63
16958,5640,122,2,1788.84
16959,5640,29,4,5434.79
16960,5640,283,1,5922.7
16961,5640,315,1,1950.17
16962,5641,76,2,3624.25
16963,5642,280,4,4382.83
16964,5642,219,4,1512.13
16965,5643,178,3,3635.79
16966,5644,406,1,2675.38
16967,5644,273,2,4355.96
16968,5645,182,3,4710.47
16969,5645,201,3,1060.46
16970,5645,126,1,5865.84
16971,5646,465,2,6681.17
16972,5646,458,2,4050.01
16973,5646,438,2,3420.48
16974,5646,394,4,4349.12
16975,5647,17,1,6553.92
16976,5648,42,4,5752.4
16977,5648,465,3,6681.17
16978,5648,311,3,1952.58
16979,5649,478,1,4700.05
16980,5649,365,1,5059.36
16981,5649,77,1,5802.31
16982,5649,115,1,2916.37
16983,5649,34,1,1739.97
16984,5650,141,4,4217.11
16985,5650,251,1,4963.2
16986,5650,374,1,3593.06
16987,5650,146,1,2758.94
16988,5651,372,1,2126.62
16989,5651,118,3,4371.63
16990,5652,263,1,4317.08
16991,5652,321,3,2051.86
16992,5652,497,2,4863.47
16993,5652,229,3,6178.47
16994,5653,480,1,1852.13
16995,5654,174,3,2623.77
16996,5655,386,1,988.77
16997,5655,133,2,7682.68
16998,5655,62,2,7110.36
16999,5656,250,4,2853.44
17000,5656,235,1,5882.55
17001,5656,85,1,206.91
17002,5657,254,1,229.57
17003,5657,370,3,4396.17
17004,5657,129,3,1449.29
17005,5657,137,2,2345.58
17006,5658,103,4,5044.44
17007,5659,241,4,600.8
17008,5659,413,4,5368.82
17009,5660,468,4,6226.51
17010,5661,51,4,775.58
17011,5661,148,2,2389.03
17012,5661,133,1,7682.68
17013,5661,400,1,3874.31
17014,5661,381,4,2780.62
17015,5662,241,4,600.8
17016,5662,457,2,4840.21
17017,5662,385,4,4521.81
17018,5662,403,1,2324.3
17019,5663,19,3,4193.05
17020,5663,89,2,4465.7
17021,5663,421,4,1285.52
17022,5663,100,3,7678.63
17023,5663,228,3,5999.41
17024,5664,237,4,3807.7
17025,5664,109,3,2146.83
17026,5665,488,4,723.72
17027,5665,178,2,3635.79
17028,5665,403,4,2324.3
17029,5665,242,1,3908.61
17030,5666,443,2,4924.62
17031,5666,444,1,5110.75
17032,5666,360,3,2975.5
17033,5666,282,1,5682.3
17034,5667,370,3,4396.17
17035,5667,275,2,1381.85
17036,5667,484,1,5888.26
17037,5667,175,2,1587.68
17038,5668,235,3,5882.55
17039,5668,346,1,3160.86
17040,5669,292,2,5117.95
17041,5670,25,4,6342.54
17042,5670,96,4,418.99
17043,5670,369,1,3840.55
17044,5670,315,1,1950.17
17045,5671,68,3,5048.98
17046,5671,436,3,6428.91
17047,5672,82,2,5405.87
17048,5673,195,3,3142.65
17049,5673,330,4,4391.26
17050,5673,149,1,5667.0
17051,5673,224,1,5253.84
17052,5673,428,4,3337.91
17053,5674,181,4,277.41
17054,5674,267,2,3128.45
17055,5674,441,1,5639.25
17056,5674,391,4,2831.62
17057,5674,169,2,5455.24
17058,5675,156,4,3556.59
17059,5675,491,2,336.73
17060,5675,430,2,1289.32
17061,5675,190,1,2545.79
17062,5676,113,1,2129.84
17063,5677,205,3,6203.46
17064,5678,191,4,1690.83
17065,5678,203,3,3122.39
17066,5678,79,1,2892.49
17067,5679,459,1,4650.34
17068,5679,264,1,1850.78
17069,5680,49,1,1001.46
17070,5680,249,4,6139.17
17071,5681,343,1,2443.83
17072,5681,221,1,6443.18
17073,5682,8,2,1108.08
17074,5682,383,3,1338.8
17075,5682,253,1,2797.42
17076,5682,176,1,2750.53
17077,5683,366,3,3398.33
17078,5684,62,2,7110.36
17079,5685,229,2,6178.47
17080,5685,192,3,1522.05
17081,5685,262,4,3433.24
17082,5685,447,4,2421.14
17083,5686,496,4,5678.29
17084,5686,90,1,2134.9
17085,5687,273,3,4355.96
17086,5687,345,3,6715.15
17087,5687,313,2,3303.95
17088,5687,302,4,4353.43
17089,5687,162,1,3673.3
17090,5688,337,4,5116.18
17091,5688,448,2,1589.08
17092,5689,40,3,2870.78
17093,5689,359,2,3218.73
17094,5689,166,3,3680.98
17095,5690,108,3,2189.38
17096,5690,221,2,6443.18
17097,5691,311,1,1952.58
17098,5691,118,3,4371.63
17099,5692,113,4,2129.84
17100,5692,28,2,801.28
17101,5692,89,2,4465.7
17102,5692,285,4,3625.74
17103,5693,390,2,222.07
17104,5693,109,1,2146.83
17105,5694,466,1,3543.0
17106,5694,195,2,3142.65
17107,5694,343,3,2443.83
17108,5694,140,1,4644.31
17109,5695,485,3,4042.01
17110,5695,323,3,4863.69
17111,5696,201,2,1060.46
17112,5696,492,3,5032.36
17113,5696,325,4,6330.63
17114,5697,54,4,3298.92
17115,5697,34,1,1739.97
17116,5697,355,1,6023.83
17117,5697,242,4,3908.61
17118,5697,391,2,2831.62
17119,5698,147,4,2549.32
17120,5698,308,2,1437.25
17121,5698,41,2,5380.63
17122,5699,391,3,2831.62
17123,5700,107,1,4351.35
17124,5700,92,2,4206.66
17125,5700,413,4,5368.82
17126,5701,407,2,5614.76
17127,5701,204,1,3202.4
17128,5702,413,4,5368.82
17129,5702,74,1,1856.46
17130,5703,233,3,4261.37
17131,5703,169,2,5455.24
17132,5703,317,1,784.53
17133,5703,486,4,3925.75
17134,5704,380,3,4324.63
17135,5704,414,1,981.22
17136,5704,220,1,3372.55
17137,5704,298,4,5143.35
17138,5704,198,3,2183.12
17139,5705,8,1,1108.08
17140,5706,388,1,1373.2
17141,5706,438,2,3420.48
17142,5706,89,1,4465.7
17143,5706,340,1,6024.22
17144,5707,120,2,2247.59
17145,5707,102,1,5155.01
17146,5708,9,3,3407.08
17147,5708,119,3,224.22
17148,5709,66,2,3951.93
17149,5709,493,2,6088.79
17150,5709,178,4,3635.79
17151,5709,468,3,6226.51
17152,5710,55,3,5294.38
17153,5710,466,2,3543.0
17154,5710,491,4,336.73
17155,5710,33,1,6626.78
17156,5710,187,2,7451.43
17157,5711,446,3,6731.46
17158,5711,434,1,5172.12
17159,5712,464,1,7057.45
17160,5712,376,2,4480.08
17161,5712,187,3,7451.43
17162,5712,403,4,2324.3
17163,5712,379,1,1894.51
17164,5713,420,4,1934.38
17165,5713,29,3,5434.79
17166,5714,407,1,5614.76
17167,5714,358,3,5127.98
17168,5715,423,3,5959.15
17169,5716,480,1,1852.13
17170,5716,283,3,5922.7
17171,5716,356,2,5880.99
17172,5716,60,1,5163.17
17173,5717,343,3,2443.83
17174,5718,324,1,3848.88
17175,5718,351,3,5407.74
17176,5718,500,2,5135.84
17177,5718,381,4,2780.62
17178,5719,73,1,958.17
17179,5720,1,3,2876.42
17180,5721,40,4,2870.78
17181,5721,215,4,3143.73
17182,5721,194,1,3575.56
17183,5722,230,3,3984.19
17184,5722,378,2,5787.24
17185,5722,132,3,734.08
17186,5723,43,3,791.88
17187,5724,285,1,3625.74
17188,5725,451,4,5285.86
17189,5725,166,1,3680.98
17190,5726,246,3,2663.81
17191,5726,164,3,451.3
17192,5726,56,4,1350.59
17193,5726,17,3,6553.92
17194,5726,354,3,1425.69
17195,5727,277,2,4935.0
17196,5727,183,2,4643.22
17197,5727,308,3,1437.25
17198,5728,452,4,743.06
17199,5728,288,2,6212.26
17200,5728,96,3,418.99
17201,5729,280,1,4382.83
17202,5729,396,3,1589.43
17203,5729,112,3,5163.37
17204,5730,159,3,1782.91
17205,5730,119,1,224.22
17206,5731,339,1,4212.47
17207,5732,189,4,3600.6
17208,5732,416,1,3452.92
17209,5732,479,3,4247.61
17210,5732,225,3,3865.19
17211,5732,41,1,5380.63
17212,5733,25,2,6342.54
17213,5733,174,2,2623.77
17214,5733,370,2,4396.17
17215,5733,175,3,1587.68
17216,5733,32,4,4203.79
17217,5734,446,2,6731.46
17218,5734,235,4,5882.55
17219,5734,226,2,1742.75
17220,5734,297,3,1402.1
17221,5735,254,2,229.57
17222,5735,189,3,3600.6
17223,5735,10,3,1780.12
17224,5736,132,3,734.08
17225,5736,232,4,6669.4
17226,5736,268,2,2691.51
17227,5737,414,2,981.22
17228,5737,263,3,4317.08
17229,5737,175,3,1587.68
17230,5737,358,3,5127.98
17231,5738,498,1,5835.24
17232,5739,118,2,4371.63
17233,5739,369,1,3840.55
17234,5740,466,4,3543.0
17235,5740,43,2,791.88
17236,5740,195,4,3142.65
17237,5740,231,4,1813.96
17238,5740,215,2,3143.73
17239,5741,459,4,4650.34
17240,5741,86,4,4346.28
17241,5741,72,1,5436.37
17242,5741,450,2,2146.91
17243,5741,239,3,2892.25
17244,5742,147,1,2549.32
17245,5742,302,3,4353.43
17246,5742,490,1,7539.95
17247,5742,429,4,3529.21
17248,5742,236,2,4782.03
17249,5743,219,3,1512.13
17250,5744,265,3,5984.67
17251,5744,189,1,3600.6
17252,5745,320,2,6639.63
17253,5746,157,1,5351.04
17254,5746,132,1,734.08
17255,5747,408,1,2432.33
17256,5747,219,1,1512.13
17257,5748,150,2,1545.47
17258,5749,347,4,5269.21
17259,5749,324,2,3848.88
17260,5750,434,4,5172.12
17261,5750,110,3,6959.37
17262,5751,490,4,7539.95
17263,5751,456,4,4335.7
17264,5751,317,4,784.53
17265,5751,273,4,4355.96
17266,5751,62,4,7110.36
17267,5752,300,3,1582.87
17268,5752,322,1,3077.91
17269,5753,176,2,2750.53
17270,5753,59,1,3551.72
17271,5753,174,2,2623.77
17272,5754,276,1,2669.21
17273,5754,419,1,4392.23
17274,5755,324,2,3848.88
17275,5755,34,4,1739.97
17276,5755,164,1,451.3
17277,5756,452,4,743.06
17278,5756,107,1,4351.35
17279,5756,102,3,5155.01
17280,5757,455,4,3452.95
17281,5757,28,3,801.28
17282,5758,296,3,959.66
17283,5758,103,4,5044.44
17284,5758,140,3,4644.31
17285,5759,442,2,6554.24
17286,5759,164,1,451.3
17287,5759,115,1,2916.37
17288,5760,486,4,3925.75
17289,5761,158,1,4348.37
17290,5761,82,1,5405.87
17291,5761,181,3,277.41
17292,5761,186,2,2472.63
17293,5762,324,2,3848.88
17294,5763,53,4,1636.05
17295,5763,86,1,4346.28
17296,5764,200,1,3146.05
17297,5764,204,4,3202.4
17298,5764,153,1,7154.27
17299,5765,157,3,5351.04
17300,5766,315,3,1950.17
17301,5767,92,4,4206.66
17302,5767,184,3,4693.71
17303,5767,388,4,1373.2
17304,5768,162,2,3673.3
17305,5768,62,2,7110.36
17306,5769,129,3,1449.29
17307,5769,73,1,958.17
17308,5769,437,1,1635.15
17309,5769,166,3,3680.98
17310,5769,263,3,4317.08
17311,5770,280,4,4382.83
17312,5770,164,1,451.3
17313,5770,289,3,615.43
17314,5770,250,4,2853.44
17315,5770,176,2,2750.53
17316,5771,79,1,2892.49
17317,5771,131,3,4351.85
17318,5771,253,3,2797.42
17319,5772,199,4,4296.57
17320,5773,166,1,3680.98
17321,5773,493,2,6088.79
17322,5774,448,3,1589.08
17323,5774,320,1,6639.63
17324,5774,264,1,1850.78
17325,5774,17,4,6553.92
17326,5775,191,2,1690.83
17327,5775,441,1,5639.25
17328,5775,302,3,4353.43
17329,5775,420,2,1934.38
17330,5775,344,1,6982.35
17331,5776,4,3,5633.67
17332,5777,95,4,4933.59
17333,5778,102,3,5155.01
17334,5778,198,1,2183.12
17335,5778,290,4,1518.49
17336,5778,271,1,740.94
17337,5779,29,2,5434.79
17338,5779,361,1,3228.33
17339,5780,40,2,2870.78
17340,5780,276,4,2669.21
17341,5781,222,1,5410.26
17342,5781,279,2,774.25
17343,5781,284,1,1954.57
17344,5782,205,2,6203.46
17345,5783,498,4,5835.24
17346,5784,255,3,3636.36
17347,5785,267,3,3128.45
17348,5785,361,4,3228.33
17349,5785,209,1,5173.0
17350,5786,462,1,1440.1
17351,5786,368,2,3127.98
17352,5786,491,3,336.73
17353,5786,129,1,1449.29
17354,5786,317,1,784.53
17355,5787,208,1,1461.6
17356,5787,407,4,5614.76
17357,5788,272,4,1207.17
17358,5789,343,1,2443.83
17359,5789,441,3,5639.25
17360,5789,79,2,2892.49
17361,5789,44,4,5953.73
17362,5789,139,1,2207.41
17363,5790,258,4,4144.01
17364,5791,483,1,6442.69
17365,5791,456,4,4335.7
17366,5791,74,4,1856.46
17367,5791,439,4,5144.08
17368,5792,210,1,530.97
17369,5792,367,2,2356.19
17370,5792,488,3,723.72
17371,5792,396,1,1589.43
17372,5793,428,4,3337.91
17373,5793,203,1,3122.39
17374,5794,121,4,704.52
17375,5794,324,2,3848.88
17376,5794,2,2,5222.22
17377,5794,406,4,2675.38
17378,5795,445,3,4299.29
17379,5795,7,4,1658.11
17380,5795,446,1,6731.46
17381,5795,439,1,5144.08
17382,5795,307,3,5262.37
17383,5796,401,3,830.88
17384,5796,132,1,734.08
17385,5797,463,4,4315.08
17386,5797,500,2,5135.84
17387,5797,112,1,5163.37
17388,5797,67,3,6765.53
17389,5798,208,2,1461.6
17390,5798,375,3,5456.42
17391,5798,83,4,4207.1
17392,5799,190,4,2545.79
17393,5799,449,4,5990.22
17394,5799,316,4,3281.58
17395,5799,349,1,4253.69
17396,5800,388,3,1373.2
17397,5800,221,1,6443.18
17398,5800,223,1,830.78
17399,5801,366,4,3398.33
17400,5801,438,1,3420.48
17401,5801,150,1,1545.47
17402,5801,471,3,1844.85
17403,5802,150,3,1545.47
17404,5802,378,1,5787.24
17405,5803,340,2,6024.22
17406,5803,285,3,3625.74
17407,5803,31,2,3335.57
17408,5804,346,4,3160.86
17409,5804,248,4,5396.23
17410,5804,33,4,6626.78
17411,5804,18,4,3961.8
17412,5805,367,4,2356.19
17413,5805,96,1,418.99
17414,5805,12,1,5776.18
17415,5805,38,4,1645.79
17416,5805,66,2,3951.93
17417,5806,218,1,1046.26
17418,5806,257,4,1725.23
17419,5806,246,1,2663.81
17420,5806,439,3,5144.08
17421,5806,64,1,5245.29
17422,5807,482,4,5294.83
17423,5807,42,4,5752.4
17424,5808,336,1,3505.41
17425,5808,370,3,4396.17
17426,5808,497,4,4863.47
17427,5809,114,2,1305.47
17428,5810,319,2,3408.81
17429,5810,480,3,1852.13
17430,5810,172,1,5729.96
17431,5810,278,1,1452.09
17432,5810,411,2,4968.3
17433,5811,30,1,1495.61
17434,5812,148,3,2389.03
17435,5813,311,4,1952.58
17436,5813,195,4,3142.65
17437,5813,257,1,1725.23
17438,5814,391,2,2831.62
17439,5815,115,4,2916.37
17440,5816,459,3,4650.34
17441,5816,64,1,5245.29
17442,5816,63,2,639.04
17443,5816,181,3,277.41
17444,5816,481,3,4362.0
17445,5817,453,1,2708.83
17446,5817,356,3,5880.99
17447,5817,269,2,2723.78
17448,5817,486,2,3925.75
17449,5818,443,1,4924.62
17450,5819,375,1,5456.42
17451,5819,478,2,4700.05
17452,5820,22,2,2628.43
17453,5820,338,2,5130.85
17454,5821,254,3,229.57
17455,5821,24,1,6433.86
17456,5821,181,2,277.41
17457,5822,359,4,3218.73
17458,5822,197,1,3444.31
17459,5822,174,2,2623.77
17460,5823,147,3,2549.32
17461,5823,199,3,4296.57
17462,5824,325,2,6330.63
17463,5824,21,4,773.93
17464,5824,413,1,5368.82
17465,5824,231,2,1813.96
17466,5825,8,4,1108.08
17467,5826,164,4,451.3
17468,5826,13,2,2922.53
17469,5826,83,3,4207.1
17470,5827,13,3,2922.53
17471,5828,194,4,3575.56
17472,5828,20,1,543.91
17473,5828,189,4,3600.6
17474,5829,40,1,2870.78
17475,5829,299,4,5162.19
17476,5829,68,4,5048.98
17477,5829,161,4,6112.98
17478,5830,379,4,1894.51
17479,5830,13,1,2922.53
17480,5830,78,2,2623.38
17481,5831,358,2,5127.98
17482,5831,81,3,3349.11
17483,5831,33,4,6626.78
17484,5832,144,2,4356.46
17485,5832,67,3,6765.53
17486,5832,88,3,3652.47
17487,5832,236,3,4782.03
17488,5832,324,4,3848.88
17489,5833,29,1,5434.79
17490,5833,23,3,4519.4
17491,5833,148,4,2389.03
17492,5834,430,1,1289.32
17493,5834,479,1,4247.61
17494,5834,378,3,5787.24
17495,5834,439,2,5144.08
17496,5834,284,2,1954.57
17497,5835,121,4,704.52
17498,5835,260,2,1846.21
17499,5835,463,4,4315.08
17500,5835,469,1,5810.45
17501,5836,243,2,5813.12
17502,5836,104,1,673.38
17503,5836,114,1,1305.47
17504,5836,415,4,3144.2
17505,5837,419,2,4392.23
17506,5837,470,1,4963.98
17507,5837,52,1,2554.22
17508,5837,472,3,3476.76
17509,5837,62,2,7110.36
17510,5838,310,2,3432.36
17511,5838,306,2,1311.81
17512,5838,135,2,5029.03
17513,5838,271,3,740.94
17514,5839,375,4,5456.42
17515,5839,17,2,6553.92
17516,5839,62,3,7110.36
17517,5839,292,3,5117.95
17518,5839,311,1,1952.58
17519,5840,139,4,2207.41
17520,5841,229,1,6178.47
17521,5842,244,3,1747.97
17522,5842,220,1,3372.55
17523,5842,227,3,3884.33
17524,5842,453,1,2708.83
17525,5843,459,2,4650.34
17526,5843,389,2,1828.56
17527,5844,301,4,4803.29
17528,5844,87,2,1282.33
17529,5845,193,2,6626.72
17530,5845,90,4,2134.9
17531,5845,14,3,1195.89
17532,5845,447,2,2421.14
17533,5845,244,3,1747.97
17534,5846,115,4,2916.37
17535,5846,490,1,7539.95
17536,5846,385,3,4521.81
17537,5846,393,2,1234.01
17538,5846,349,1,4253.69
17539,5847,203,2,3122.39
17540,5847,448,3,1589.08
17541,5847,206,2,6451.33
17542,5848,8,4,1108.08
17543,5848,224,1,5253.84
17544,5848,494,2,5234.76
17545,5848,329,3,6150.42
17546,5849,423,3,5959.15
17547,5850,464,4,7057.45
17548,5850,396,3,1589.43
17549,5850,121,1,704.52
17550,5850,200,3,3146.05
17551,5850,255,4,3636.36
17552,5851,131,2,4351.85
17553,5852,336,1,3505.41
17554,5852,454,4,469.46
17555,5852,72,1,5436.37
17556,5852,171,4,6247.86
17557,5852,200,4,3146.05
17558,5853,32,1,4203.79
17559,5853,262,3,3433.24
17560,5853,65,3,1839.77
17561,5853,195,3,3142.65
17562,5854,380,1,4324.63
17563,5854,47,4,2540.64
17564,5854,123,1,5238.56
17565,5854,328,4,2729.68
17566,5854,25,1,6342.54
17567,5855,379,1,1894.51
17568,5856,468,4,6226.51
17569,5856,341,3,1594.54
17570,5857,254,2,229.57
17571,5858,59,1,3551.72
17572,5858,317,1,784.53
17573,5859,477,2,1536.6
17574,5859,111,3,2394.51
17575,5859,298,4,5143.35
17576,5859,108,4,2189.38
17577,5860,280,1,4382.83
17578,5860,228,2,5999.41
17579,5860,319,4,3408.81
17580,5860,405,3,4305.08
17581,5860,202,4,3841.09
17582,5861,176,3,2750.53
17583,5861,468,3,6226.51
17584,5862,475,3,1249.33
17585,5862,500,2,5135.84
17586,5862,400,1,3874.31
17587,5862,480,2,1852.13
17588,5863,226,3,1742.75
17589,5863,141,2,4217.11
17590,5864,208,3,1461.6
17591,5864,185,1,1990.36
17592,5864,451,3,5285.86
17593,5865,88,1,3652.47
17594,5865,278,1,1452.09
17595,5866,306,3,1311.81
17596,5866,70,2,2952.71
17597,5866,85,4,206.91
17598,5866,351,4,5407.74
17599,5866,314,2,5187.17
17600,5867,352,2,6820.17
17601,5867,270,2,3668.4
17602,5867,118,3,4371.63
17603,5867,458,1,4050.01
17604,5868,367,2,2356.19
17605,5868,469,1,5810.45
17606,5868,216,1,4724.1
17607,5869,407,2,5614.76
17608,5869,456,1,4335.7
17609,5869,137,1,2345.58
17610,5870,404,3,5691.79
17611,5870,104,2,673.38
17612,5870,155,1,7062.88
17613,5871,149,1,5667.0
17614,5872,152,3,5260.39
17615,5872,117,1,924.08
17616,5873,403,4,2324.3
17617,5873,450,3,2146.91
17618,5873,379,3,1894.51
17619,5874,247,4,3140.62
17620,5874,148,1,2389.03
17621,5874,115,4,2916.37
17622,5874,209,1,5173.0
17623,5875,258,3,4144.01
17624,5875,475,3,1249.33
17625,5876,65,3,1839.77
17626,5877,387,1,1384.34
17627,5877,373,4,4435.35
17628,5877,191,2,1690.83
17629,5877,368,3,3127.98
17630,5878,17,1,6553.92
17631,5878,105,2,4056.14
17632,5878,445,4,4299.29
17633,5878,40,1,2870.78
17634,5879,293,2,5467.31
17635,5879,291,4,4158.04
17636,5879,244,2,1747.97
17637,5879,351,3,5407.74
17638,5879,3,1,394.52
17639,5880,311,4,1952.58
17640,5880,495,2,5674.17
17641,5880,97,2,3649.64
17642,5880,288,2,6212.26
17643,5880,444,2,5110.75
17644,5881,304,4,4992.14
17645,5882,18,3,3961.8
17646,5882,133,4,7682.68
17647,5882,50,4,4659.51
17648,5883,238,2,555.04
17649,5884,52,3,2554.22
17650,5884,267,2,3128.45
17651,5884,227,2,3884.33
17652,5885,165,2,4937.61
17653,5886,408,4,2432.33
17654,5886,244,4,1747.97
17655,5887,297,4,1402.1
17656,5888,202,1,3841.09
17657,5888,232,1,6669.4
17658,5888,319,1,3408.81
17659,5888,168,2,4609.57
17660,5889,239,1,2892.25
17661,5889,417,3,4766.29
17662,5889,62,3,7110.36
17663,5889,300,1,1582.87
17664,5889,472,4,3476.76
17665,5890,199,3,4296.57
17666,5890,480,2,1852.13
17667,5891,200,1,3146.05
17668,5891,4,1,5633.67
17669,5892,124,4,6069.73
17670,5892,246,2,2663.81
17671,5892,249,3,6139.17
17672,5892,418,3,4532.15
17673,5892,179,1,2635.11
17674,5893,329,2,6150.42
17675,5893,194,3,3575.56
17676,5893,481,4,4362.0
17677,5894,239,1,2892.25
17678,5894,46,4,922.81
17679,5894,242,1,3908.61
17680,5895,344,4,6982.35
17681,5895,160,3,6704.84
17682,5895,57,2,4604.53
17683,5896,341,1,1594.54
17684,5896,64,1,5245.29
17685,5897,375,3,5456.42
17686,5897,119,1,224.22
17687,5897,493,1,6088.79
17688,5897,183,3,4643.22
17689,5897,167,4,6818.7
17690,5898,400,4,3874.31
17691,5898,23,3,4519.4
17692,5899,210,4,530.97
17693,5900,34,4,1739.97
17694,5900,209,2,5173.0
17695,5901,64,2,5245.29
17696,5901,310,2,3432.36
17697,5902,188,1,5890.62
17698,5902,499,3,2598.33
17699,5902,287,2,362.6
17700,5903,316,4,3281.58
17701,5903,141,3,4217.11
17702,5903,374,2,3593.06
17703,5903,233,1,4261.37
17704,5903,156,2,3556.59
17705,5904,85,3,206.91
17706,5904,128,3,2947.92
17707,5905,202,3,3841.09
17708,5905,167,2,6818.7
17709,5905,368,1,3127.98
17710,5905,105,3,4056.14
17711,5905,368,1,3127.98
17712,5906,274,3,7224.74
17713,5906,54,3,3298.92
17714,5906,413,3,5368.82
17715,5906,173,4,4328.16
17716,5906,267,2,3128.45
17717,5907,52,3,2554.22
17718,5908,451,3,5285.86
17719,5908,128,3,2947.92
17720,5909,238,4,555.04
17721,5909,499,2,2598.33
17722,5909,216,4,4724.1
17723,5909,314,2,5187.17
17724,5910,458,2,4050.01
17725,5911,29,2,5434.79
17726,5911,244,1,1747.97
17727,5911,258,1,4144.01
17728,5911,420,1,1934.38
17729,5911,2,2,5222.22
17730,5912,486,2,3925.75
17731,5912,238,1,555.04
17732,5912,436,4,6428.91
17733,5912,367,3,2356.19
17734,5912,17,2,6553.92
17735,5913,310,3,3432.36
17736,5913,418,4,4532.15
17737,5913,109,2,2146.83
17738,5913,442,1,6554.24
17739,5913,463,2,4315.08
17740,5914,379,1,1894.51
17741,5914,459,4,4650.34
17742,5915,164,1,451.3
17743,5915,180,3,1609.07
17744,5915,330,3,4391.26
17745,5916,173,4,4328.16
17746,5916,237,2,3807.7
17747,5916,281,2,767.61
17748,5916,135,4,5029.03
17749,5917,451,1,5285.86
17750,5917,98,1,5554.21
17751,5917,99,4,377.4
17752,5917,122,2,1788.84
17753,5918,477,4,1536.6
17754,5918,292,4,5117.95
17755,5918,150,4,1545.47
17756,5918,494,3,5234.76
17757,5919,354,4,1425.69
17758,5919,169,2,5455.24
17759,5919,347,2,5269.21
17760,5919,400,3,3874.31
17761,5919,231,4,1813.96
17762,5920,365,3,5059.36
17763,5921,273,1,4355.96
17764,5921,142,3,628.57
17765,5921,214,1,5909.34
17766,5921,359,2,3218.73
17767,5922,8,1,1108.08
17768,5923,339,2,4212.47
17769,5923,353,3,4945.04
17770,5923,353,1,4945.04
17771,5923,156,3,3556.59
17772,5923,385,2,4521.81
17773,5924,169,2,5455.24
17774,5924,253,3,2797.42
17775,5924,215,1,3143.73
17776,5924,119,4,224.22
17777,5925,171,2,6247.86
17778,5926,184,3,4693.71
17779,5926,488,3,723.72
17780,5926,3,2,394.52
17781,5927,19,4,4193.05
17782,5927,369,3,3840.55
17783,5927,169,4,5455.24
17784,5927,458,2,4050.01
17785,5928,326,3,5313.25
17786,5928,447,2,2421.14
17787,5928,72,2,5436.37
17788,5929,204,2,3202.4
17789,5929,410,2,2717.31
17790,5930,154,2,3919.63
17791,5930,150,1,1545.47
17792,5930,421,2,1285.52
17793,5930,218,1,1046.26
17794,5931,340,4,6024.22
17795,5931,364,2,6026.85
17796,5932,32,2,4203.79
17797,5932,147,1,2549.32
17798,5933,320,3,6639.63
17799,5933,113,3,2129.84
17800,5933,315,1,1950.17
17801,5934,220,1,3372.55
17802,5935,251,3,4963.2
17803,5935,325,2,6330.63
17804,5935,303,3,1103.01
17805,5936,285,3,3625.74
17806,5936,390,4,222.07
17807,5936,370,2,4396.17
17808,5937,86,4,4346.28
17809,5937,282,2,5682.3
17810,5938,107,1,4351.35
17811,5938,299,4,5162.19
17812,5938,97,2,3649.64
17813,5938,56,4,1350.59
17814,5938,201,2,1060.46
17815,5939,374,2,3593.06
17816,5939,380,2,4324.63
17817,5939,413,3,5368.82
17818,5940,64,4,5245.29
17819,5940,69,2,2687.96
17820,5940,83,1,4207.1
17821,5940,114,3,1305.47
17822,5941,232,3,6669.4
17823,5941,272,3,1207.17
17824,5941,338,2,5130.85
17825,5941,314,4,5187.17
17826,5941,336,4,3505.41
17827,5942,309,2,825.37
17828,5942,212,3,155.74
17829,5943,352,3,6820.17
17830,5943,325,3,6330.63
17831,5943,465,2,6681.17
17832,5944,25,3,6342.54
17833,5944,172,4,5729.96
17834,5944,28,3,801.28
17835,5944,191,3,1690.83
17836,5945,82,4,5405.87
17837,5945,458,4,4050.01
17838,5945,17,3,6553.92
17839,5945,356,1,5880.99
17840,5945,494,2,5234.76
17841,5946,194,1,3575.56
17842,5947,371,4,6431.49
17843,5947,111,1,2394.51
17844,5947,260,1,1846.21
17845,5947,281,4,767.61
17846,5947,114,2,1305.47
17847,5948,326,3,5313.25
17848,5948,188,1,5890.62
17849,5949,23,2,4519.4
17850,5949,271,1,740.94
17851,5949,83,2,4207.1
17852,5949,441,3,5639.25
17853,5950,236,4,4782.03
17854,5950,487,3,3602.54
17855,5950,290,3,1518.49
17856,5951,489,4,1979.19
17857,5951,69,3,2687.96
17858,5951,478,4,4700.05
17859,5951,475,4,1249.33
17860,5952,66,2,3951.93
17861,5953,429,4,3529.21
17862,5954,392,2,1502.97
17863,5954,248,3,5396.23
17864,5954,372,3,2126.62
17865,5954,428,1,3337.91
17866,5955,200,1,3146.05
17867,5955,466,4,3543.0
17868,5956,166,2,3680.98
17869,5957,239,2,2892.25
17870,5957,83,3,4207.1
17871,5957,494,3,5234.76
17872,5957,201,4,1060.46
17873,5958,397,3,2867.64
17874,5958,221,3,6443.18
17875,5958,149,1,5667.0
17876,5958,417,3,4766.29
17877,5958,430,3,1289.32
17878,5959,113,4,2129.84
17879,5959,247,3,3140.62
17880,5960,305,3,1283.96
17881,5960,473,2,4224.82
17882,5960,176,4,2750.53
17883,5961,195,3,3142.65
17884,5962,443,3,4924.62
17885,5962,294,3,6129.64
17886,5962,211,3,3182.08
17887,5962,398,1,6965.19
17888,5963,243,4,5813.12
17889,5963,120,3,2247.59
17890,5963,192,3,1522.05
17891,5964,292,1,5117.95
17892,5964,29,3,5434.79
17893,5964,46,1,922.81
17894,5964,235,2,5882.55
17895,5964,326,2,5313.25
17896,5965,379,3,1894.51
17897,5965,173,1,4328.16
17898,5966,351,3,5407.74
17899,5966,442,4,6554.24
17900,5966,378,4,5787.24
17901,5966,87,1,1282.33
17902,5966,385,1,4521.81
17903,5967,202,3,3841.09
17904,5967,142,3,628.57
17905,5967,39,1,3097.27
17906,5967,297,1,1402.1
17907,5968,246,1,2663.81
17908,5968,455,4,3452.95
17909,5968,291,4,4158.04
17910,5969,257,1,1725.23
17911,5969,396,3,1589.43
17912,5969,317,4,784.53
17913,5969,371,3,6431.49
17914,5969,84,1,5116.75
17915,5970,82,3,5405.87
17916,5971,464,4,7057.45
17917,5971,488,1,723.72
17918,5971,4,1,5633.67
17919,5971,297,2,1402.1
17920,5971,71,4,4208.53
17921,5972,334,2,4382.79
17922,5972,333,2,6331.32
17923,5972,26,3,5756.04
17924,5972,391,1,2831.62
17925,5973,97,2,3649.64
17926,5973,47,3,2540.64
17927,5973,391,2,2831.62
17928,5973,201,4,1060.46
17929,5973,348,3,4037.99
17930,5974,134,4,4419.51
17931,5974,112,3,5163.37
17932,5974,494,4,5234.76
17933,5974,60,3,5163.17
17934,5974,416,2,3452.92
17935,5975,486,1,3925.75
17936,5975,114,3,1305.47
17937,5976,309,1,825.37
17938,5976,397,3,2867.64
17939,5976,107,4,4351.35
17940,5977,57,3,4604.53
17941,5977,161,2,6112.98
17942,5978,330,2,4391.26
17943,5978,378,3,5787.24
17944,5978,111,2,2394.51
17945,5978,474,1,5605.5
17946,5979,333,2,6331.32
17947,5979,80,1,2551.1
17948,5979,488,1,723.72
17949,5980,12,1,5776.18
17950,5980,33,3,6626.78
17951,5980,232,2,6669.4
17952,5980,429,4,3529.21
17953,5981,300,4,1582.87
17954,5981,350,3,1035.46
17955,5982,334,4,4382.79
17956,5982,146,2,2758.94
17957,5982,204,3,3202.4
17958,5982,403,4,2324.3
17959,5982,445,3,4299.29
17960,5983,61,3,1634.69
17961,5983,448,4,1589.08
17962,5983,246,4,2663.81
17963,5983,15,1,3647.94
17964,5983,430,3,1289.32
17965,5984,193,3,6626.72
17966,5985,395,3,4977.01
17967,5985,204,4,3202.4
17968,5985,434,3,5172.12
17969,5985,176,2,2750.53
17970,5986,7,2,1658.11
17971,5986,38,1,1645.79
17972,5986,398,1,6965.19
17973,5986,188,3,5890.62
17974,5986,158,1,4348.37
17975,5987,287,3,362.6
17976,5987,18,3,3961.8
17977,5987,25,4,6342.54
17978,5988,256,2,2686.28
17979,5988,22,1,2628.43
17980,5988,479,2,4247.61
17981,5989,8,1,1108.08
17982,5989,25,3,6342.54
17983,5989,308,2,1437.25
17984,5990,24,4,6433.86
17985,5991,423,2,5959.15
17986,5991,9,1,3407.08
17987,5991,20,3,543.91
17988,5991,217,3,1753.76
17989,5992,33,4,6626.78
17990,5992,417,1,4766.29
17991,5993,205,3,6203.46
17992,5993,183,3,4643.22
17993,5994,148,1,2389.03
17994,5994,272,1,1207.17
17995,5995,132,2,734.08
17996,5995,119,3,224.22
17997,5995,63,4,639.04
17998,5995,279,2,774.25
17999,5996,49,3,1001.46
18000,5996,486,2,3925.75
18001,5996,227,4,3884.33
18002,5996,266,3,3100.54
18003,5997,198,3,2183.12
18004,5997,498,1,5835.24
18005,5997,411,4,4968.3
18006,5997,30,1,1495.61
18007,5997,266,1,3100.54
18008,5998,383,3,1338.8
18009,5998,430,2,1289.32
18010,5999,75,2,3885.28
18011,5999,86,3,4346.28
18012,6000,463,1,4315.08
18013,6000,6,3,2038.84
18014,6000,361,3,3228.33
18015,6001,61,3,1634.69
18016,6002,95,1,4933.59
18017,6002,210,1,530.97
18018,6002,177,4,1399.56
18019,6002,83,2,4207.1
18020,6003,261,1,6008.79
18021,6004,77,1,5802.31
18022,6004,224,1,5253.84
18023,6005,46,1,922.81
18024,6006,232,1,6669.4
18025,6006,377,2,5763.68
18026,6006,459,3,4650.34
18027,6007,196,4,4145.76
18028,6007,398,1,6965.19
18029,6007,248,3,5396.23
18030,6007,121,4,704.52
18031,6007,341,1,1594.54
18032,6008,184,2,4693.71
18033,6008,50,3,4659.51
18034,6009,219,2,1512.13
18035,6010,54,1,3298.92
18036,6011,284,3,1954.57
18037,6012,173,2,4328.16
18038,6012,251,4,4963.2
18039,6012,273,1,4355.96
18040,6013,178,2,3635.79
18041,6013,264,2,1850.78
18042,6013,269,4,2723.78
18043,6013,202,1,3841.09
18044,6014,353,4,4945.04
18045,6014,462,1,1440.1
18046,6015,291,3,4158.04
18047,6015,405,2,4305.08
18048,6016,85,4,206.91
18049,6016,249,4,6139.17
18050,6016,318,1,5367.63
18051,6016,267,3,3128.45
18052,6017,242,2,3908.61
18053,6018,292,1,5117.95
18054,6018,461,2,4553.3
18055,6018,471,1,1844.85
18056,6018,186,1,2472.63
18057,6019,435,1,3048.69
18058,6020,248,3,5396.23
18059,6020,212,3,155.74
18060,6020,85,2,206.91
18061,6020,15,3,3647.94
18062,6020,296,3,959.66
18063,6021,284,1,1954.57
18064,6022,271,3,740.94
18065,6022,394,1,4349.12
18066,6023,55,2,5294.38
18067,6023,124,3,6069.73
18068,6023,205,3,6203.46
18069,6023,381,4,2780.62
18070,6023,452,4,743.06
18071,6024,440,3,1786.05
18072,6024,432,4,3897.39
18073,6024,32,4,4203.79
18074,6025,385,2,4521.81
18075,6025,70,4,2952.71
18076,6025,93,1,2629.61
18077,6025,448,1,1589.08
18078,6025,333,4,6331.32
18079,6026,137,4,2345.58
18080,6027,321,4,2051.86
18081,6027,83,4,4207.1
18082,6027,103,4,5044.44
18083,6028,119,2,224.22
18084,6028,150,4,1545.47
18085,6029,161,2,6112.98
18086,6029,416,1,3452.92
18087,6029,134,2,4419.51
18088,6029,236,4,4782.03
18089,6030,341,4,1594.54
18090,6030,380,4,4324.63
18091,6030,27,2,1911.35
18092,6030,448,3,1589.08
18093,6030,314,3,5187.17
18094,6031,172,3,5729.96
18095,6031,39,3,3097.27
18096,6031,433,1,3901.17
18097,6031,325,4,6330.63
18098,6031,250,4,2853.44
18099,6032,444,4,5110.75
18100,6032,113,2,2129.84
18101,6033,144,4,4356.46
18102,6033,71,3,4208.53
18103,6033,466,3,3543.0
18104,6034,85,3,206.91
18105,6034,456,3,4335.7
18106,6034,64,2,5245.29
18107,6034,128,3,2947.92
18108,6034,301,1,4803.29
18109,6035,42,3,5752.4
18110,6035,239,1,2892.25
18111,6035,302,4,4353.43
18112,6036,9,2,3407.08
18113,6036,282,2,5682.3
18114,6036,259,1,1302.93
18115,6036,467,3,5633.33
18116,6036,269,2,2723.78
18117,6037,369,3,3840.55
18118,6038,473,2,4224.82
18119,6038,50,2,4659.51
18120,6038,467,1,5633.33
18121,6038,402,2,1337.62
18122,6039,154,4,3919.63
18123,6039,36,1,3194.46
18124,6040,387,3,1384.34
18125,6040,431,3,2345.7
18126,6040,402,3,1337.62
18127,6041,209,2,5173.0
18128,6042,20,3,543.91
18129,6042,76,1,3624.25
18130,6042,68,2,5048.98
18131,6042,52,3,2554.22
18132,6043,11,2,5761.74
18133,6043,276,1,2669.21
18134,6044,361,2,3228.33
18135,6044,39,1,3097.27
18136,6044,28,4,801.28
18137,6045,370,1,4396.17
18138,6045,7,3,1658.11
18139,6045,379,2,1894.51
18140,6045,456,4,4335.7
18141,6045,230,4,3984.19
18142,6046,19,2,4193.05
18143,6047,378,4,5787.24
18144,6047,198,4,2183.12
18145,6047,56,2,1350.59
18146,6047,317,3,784.53
18147,6048,85,3,206.91
18148,6048,432,2,3897.39
18149,6048,108,3,2189.38
18150,6048,86,2,4346.28
18151,6048,33,3,6626.78
18152,6049,359,1,3218.73
18153,6049,424,2,1011.09
18154,6049,475,1,1249.33
18155,6049,306,2,1311.81
18156,6049,426,1,1145.23
18157,6050,493,2,6088.79
18158,6051,385,4,4521.81
18159,6051,211,4,3182.08
18160,6052,182,3,4710.47
18161,6052,384,3,4637.79
18162,6052,380,4,4324.63
18163,6052,413,3,5368.82
18164,6052,422,2,5095.84
18165,6053,8,1,1108.08
18166,6054,60,4,5163.17
18167,6054,75,1,3885.28
18168,6054,264,1,1850.78
18169,6054,123,2,5238.56
18170,6055,328,1,2729.68
18171,6055,91,1,2388.1
18172,6055,317,3,784.53
18173,6055,431,2,2345.7
18174,6055,478,1,4700.05
18175,6056,339,1,4212.47
18176,6056,233,4,4261.37
18177,6057,485,1,4042.01
18178,6057,242,4,3908.61
18179,6057,176,4,2750.53
18180,6058,406,2,2675.38
18181,6059,65,3,1839.77
18182,6060,326,2,5313.25
18183,6060,70,1,2952.71
18184,6060,83,4,4207.1
18185,6060,135,2,5029.03
18186,6060,316,3,3281.58
18187,6061,237,1,3807.7
18188,6062,188,4,5890.62
18189,6063,209,2,5173.0
18190,6063,22,3,2628.43
18191,6063,436,1,6428.91
18192,6063,83,2,4207.1
18193,6064,413,1,5368.82
18194,6065,174,3,2623.77
18195,6065,478,2,4700.05
18196,6065,135,1,5029.03
18197,6065,106,4,1635.06
18198,6065,146,1,2758.94
18199,6066,293,3,5467.31
18200,6066,317,2,784.53
18201,6066,269,2,2723.78
18202,6066,122,1,1788.84
18203,6066,434,2,5172.12
18204,6067,447,2,2421.14
18205,6067,359,3,3218.73
18206,6067,428,1,3337.91
18207,6068,407,4,5614.76
18208,6069,434,4,5172.12
18209,6069,365,3,5059.36
18210,6070,278,2,1452.09
18211,6070,401,2,830.88
18212,6071,36,4,3194.46
18213,6072,54,4,3298.92
18214,6072,195,1,3142.65
18215,6072,28,2,801.28
18216,6073,58,2,685.74
18217,6073,462,1,1440.1
18218,6073,272,1,1207.17
18219,6073,324,3,3848.88
18220,6074,15,4,3647.94
18221,6074,159,3,1782.91
18222,6074,55,3,5294.38
18223,6074,5,3,2523.37
18224,6074,303,1,1103.01
18225,6075,431,1,2345.7
18226,6075,210,3,530.97
18227,6075,452,3,743.06
18228,6075,84,4,5116.75
18229,6076,415,2,3144.2
18230,6076,98,3,5554.21
18231,6076,349,1,4253.69
18232,6076,493,4,6088.79
18233,6077,96,3,418.99
18234,6077,390,2,222.07
18235,6078,58,4,685.74
18236,6079,266,1,3100.54
18237,6079,254,2,229.57
18238,6079,245,2,2794.78
18239,6080,155,2,7062.88
18240,6080,159,2,1782.91
18241,6080,263,1,4317.08
18242,6080,467,3,5633.33
18243,6081,70,4,2952.71
18244,6081,455,3,3452.95
18245,6081,442,1,6554.24
18246,6082,8,4,1108.08
18247,6082,56,1,1350.59
18248,6083,273,4,4355.96
18249,6083,286,4,5544.61
18250,6084,79,1,2892.49
18251,6084,2,3,5222.22
18252,6084,53,3,1636.05
18253,6084,474,2,5605.5
18254,6084,428,3,3337.91
18255,6085,35,1,3703.55
18256,6085,92,4,4206.66
18257,6086,275,2,1381.85
18258,6087,490,4,7539.95
18259,6087,245,4,2794.78
18260,6087,352,2,6820.17
18261,6087,244,1,1747.97
18262,6088,450,4,2146.91
18263,6088,123,2,5238.56
18264,6088,19,4,4193.05
18265,6088,221,2,6443.18
18266,6089,14,3,1195.89
18267,6089,309,1,825.37
18268,6089,288,1,6212.26
18269,6089,399,2,5067.92
18270,6090,237,2,3807.7
18271,6091,427,3,5615.06
18272,6091,479,3,4247.61
18273,6092,240,2,1220.06
18274,6092,384,4,4637.79
18275,6092,367,4,2356.19
18276,6092,177,2,1399.56
18277,6092,40,3,2870.78
18278,6093,432,4,3897.39
18279,6093,22,4,2628.43
18280,6094,491,2,336.73
18281,6095,471,2,1844.85
18282,6095,268,3,2691.51
18283,6096,1,1,2876.42
18284,6096,72,2,5436.37
18285,6097,126,3,5865.84
18286,6098,411,3,4968.3
18287,6098,27,2,1911.35
18288,6098,197,2,3444.31
18289,6099,162,2,3673.3
18290,6099,87,1,1282.33
18291,6100,463,1,4315.08
18292,6100,214,1,5909.34
18293,6100,84,3,5116.75
18294,6101,421,3,1285.52
18295,6102,117,4,924.08
18296,6103,490,4,7539.95
18297,6103,362,2,4182.94
18298,6103,9,2,3407.08
18299,6103,391,1,2831.62
18300,6103,459,1,4650.34
18301,6104,50,1,4659.51
18302,6104,134,4,4419.51
18303,6104,107,1,4351.35
18304,6104,330,3,4391.26
18305,6104,96,1,418.99
18306,6105,126,1,5865.84
18307,6106,74,1,1856.46
18308,6106,164,1,451.3
18309,6107,330,2,4391.26
18310,6107,389,1,1828.56
18311,6108,174,4,2623.77
18312,6108,489,1,1979.19
18313,6109,296,4,959.66
18314,6109,164,1,451.3
18315,6109,271,2,740.94
18316,6109,263,2,4317.08
18317,6109,345,4,6715.15
18318,6110,152,4,5260.39
18319,6110,320,1,6639.63
18320,6110,394,2,4349.12
18321,6111,313,1,3303.95
18322,6111,212,4,155.74
18323,6111,92,2,4206.66
18324,6111,69,1,2687.96
18325,6112,169,2,5455.24
18326,6112,59,3,3551.72
18327,6112,268,3,2691.51
18328,6112,436,4,6428.91
18329,6113,496,4,5678.29
18330,6113,344,1,6982.35
18331,6113,302,1,4353.43
18332,6113,462,1,1440.1
18333,6113,468,2,6226.51
18334,6114,130,1,1963.29
18335,6114,244,2,1747.97
18336,6115,252,1,4468.34
18337,6115,495,3,5674.17
18338,6115,77,3,5802.31
18339,6115,352,4,6820.17
18340,6116,447,1,2421.14
18341,6117,431,1,2345.7
18342,6117,6,3,2038.84
18343,6117,143,2,4831.33
18344,6117,70,2,2952.71
18345,6118,249,2,6139.17
18346,6118,275,1,1381.85
18347,6118,107,2,4351.35
18348,6119,455,2,3452.95
18349,6119,481,1,4362.0
18350,6119,210,3,530.97
18351,6119,458,4,4050.01
18352,6120,124,1,6069.73
18353,6120,189,3,3600.6
18354,6120,489,3,1979.19
18355,6120,397,1,2867.64
18356,6120,176,1,2750.53
18357,6121,9,3,3407.08
18358,6121,241,2,600.8
18359,6121,342,1,2036.46
18360,6122,73,1,958.17
18361,6123,327,4,2218.76
18362,6124,452,1,743.06
18363,6124,320,3,6639.63
18364,6124,146,1,2758.94
18365,6124,18,2,3961.8
18366,6125,113,1,2129.84
18367,6126,200,3,3146.05
18368,6126,490,2,7539.95
18369,6126,127,3,4216.76
18370,6126,471,2,1844.85
18371,6127,120,3,2247.59
18372,6127,473,2,4224.82
18373,6127,25,2,6342.54
18374,6128,137,3,2345.58
18375,6128,186,2,2472.63
18376,6128,18,4,3961.8
18377,6128,421,3,1285.52
18378,6129,453,3,2708.83
18379,6129,15,1,3647.94
18380,6129,308,2,1437.25
18381,6130,80,2,2551.1
18382,6130,227,4,3884.33
18383,6130,463,3,4315.08
18384,6130,79,2,2892.49
18385,6130,473,3,4224.82
18386,6131,364,1,6026.85
18387,6131,245,3,2794.78
18388,6131,263,3,4317.08
18389,6131,191,4,1690.83
18390,6131,343,1,2443.83
18391,6132,104,3,673.38
18392,6132,11,4,5761.74
18393,6132,45,3,2239.06
18394,6132,359,3,3218.73
18395,6132,264,3,1850.78
18396,6133,315,2,1950.17
18397,6133,286,2,5544.61
18398,6133,408,1,2432.33
18399,6133,347,1,5269.21
18400,6134,289,1,615.43
18401,6134,94,2,637.72
18402,6134,332,4,336.46
18403,6134,69,2,2687.96
18404,6135,479,2,4247.61
18405,6135,186,4,2472.63
18406,6135,273,2,4355.96
18407,6136,139,1,2207.41
18408,6136,178,1,3635.79
18409,6136,117,3,924.08
18410,6136,129,1,1449.29
18411,6136,215,4,3143.73
18412,6137,486,4,3925.75
18413,6138,438,2,3420.48
18414,6138,82,2,5405.87
18415,6138,265,2,5984.67
18416,6138,493,1,6088.79
18417,6138,408,4,2432.33
18418,6139,190,1,2545.79
18419,6140,322,4,3077.91
18420,6140,62,4,7110.36
18421,6140,224,3,5253.84
18422,6141,177,1,1399.56
18423,6141,317,1,784.53
18424,6142,410,4,2717.31
18425,6142,472,1,3476.76
18426,6142,467,3,5633.33
18427,6143,250,4,2853.44
18428,6143,44,1,5953.73
18429,6143,211,1,3182.08
18430,6144,86,2,4346.28
18431,6144,6,1,2038.84
18432,6144,359,2,3218.73
18433,6145,351,4,5407.74
18434,6145,113,4,2129.84
18435,6145,415,1,3144.2
18436,6145,197,2,3444.31
18437,6146,203,3,3122.39
18438,6146,75,1,3885.28
18439,6146,133,3,7682.68
18440,6147,319,2,3408.81
18441,6147,48,2,3118.93
18442,6148,488,2,723.72
18443,6148,45,1,2239.06
18444,6148,374,1,3593.06
18445,6149,249,3,6139.17
18446,6149,13,3,2922.53
18447,6149,307,1,5262.37
18448,6149,234,1,1670.39
18449,6149,376,3,4480.08
18450,6150,131,4,4351.85
18451,6150,392,4,1502.97
18452,6151,196,4,4145.76
18453,6151,15,3,3647.94
18454,6151,228,2,5999.41
18455,6151,14,4,1195.89
18456,6152,198,2,2183.12
18457,6152,433,2,3901.17
18458,6153,465,2,6681.17
18459,6154,335,3,3273.18
18460,6154,168,4,4609.57
18461,6155,188,1,5890.62
18462,6155,172,2,5729.96
18463,6156,475,3,1249.33
18464,6156,2,1,5222.22
18465,6156,138,3,4165.59
18466,6156,100,1,7678.63
18467,6157,448,3,1589.08
18468,6157,339,1,4212.47
18469,6157,330,4,4391.26
18470,6158,484,4,5888.26
18471,6158,367,4,2356.19
18472,6159,217,1,1753.76
18473,6159,419,4,4392.23
18474,6160,325,4,6330.63
18475,6161,40,2,2870.78
18476,6161,375,3,5456.42
18477,6161,98,4,5554.21
18478,6161,233,1,4261.37
18479,6161,120,4,2247.59
18480,6162,418,4,4532.15
18481,6162,303,3,1103.01
18482,6162,266,4,3100.54
18483,6163,47,2,2540.64
18484,6163,245,1,2794.78
18485,6163,485,4,4042.01
18486,6163,307,3,5262.37
18487,6163,400,2,3874.31
18488,6164,358,4,5127.98
18489,6165,220,4,3372.55
18490,6165,434,1,5172.12
18491,6165,126,3,5865.84
18492,6166,99,3,377.4
18493,6166,68,2,5048.98
18494,6166,135,4,5029.03
18495,6166,355,1,6023.83
18496,6167,92,2,4206.66
18497,6167,476,1,4727.45
18498,6167,98,2,5554.21
18499,6168,266,4,3100.54
18500,6168,235,2,5882.55
18501,6168,381,1,2780.62
18502,6168,197,4,3444.31
18503,6169,465,1,6681.17
18504,6169,291,4,4158.04
18505,6169,387,4,1384.34
18506,6170,252,2,4468.34
18507,6170,496,1,5678.29
18508,6170,174,2,2623.77
18509,6171,160,2,6704.84
18510,6172,413,2,5368.82
18511,6172,405,3,4305.08
18512,6172,294,4,6129.64
18513,6172,75,4,3885.28
18514,6173,255,3,3636.36
18515,6173,107,4,4351.35
18516,6174,72,2,5436.37
18517,6174,160,1,6704.84
18518,6174,96,4,418.99
18519,6175,426,3,1145.23
18520,6175,306,1,1311.81
18521,6175,85,4,206.91
18522,6175,320,3,6639.63
18523,6175,420,4,1934.38
18524,6176,336,4,3505.41
18525,6176,391,1,2831.62
18526,6176,335,1,3273.18
18527,6177,455,4,3452.95
18528,6177,188,3,5890.62
18529,6177,73,3,958.17
18530,6178,141,3,4217.11
18531,6179,41,4,5380.63
18532,6179,217,1,1753.76
18533,6179,364,3,6026.85
18534,6179,472,2,3476.76
18535,6180,130,2,1963.29
18536,6180,457,2,4840.21
18537,6180,203,3,3122.39
18538,6180,38,2,1645.79
18539,6180,55,2,5294.38
18540,6181,250,4,2853.44
18541,6182,101,4,1381.51
18542,6182,140,2,4644.31
18543,6182,378,2,5787.24
18544,6182,82,2,5405.87
18545,6182,223,3,830.78
18546,6183,313,3,3303.95
18547,6183,143,2,4831.33
18548,6184,26,1,5756.04
18549,6184,270,2,3668.4
18550,6185,232,4,6669.4
18551,6185,4,4,5633.67
18552,6186,36,4,3194.46
18553,6186,29,2,5434.79
18554,6186,171,2,6247.86
18555,6186,137,3,2345.58
18556,6186,324,4,3848.88
18557,6187,256,2,2686.28
18558,6188,370,3,4396.17
18559,6188,17,4,6553.92
18560,6188,306,3,1311.81
18561,6188,329,3,6150.42
18562,6188,494,2,5234.76
18563,6189,278,3,1452.09
18564,6189,123,2,5238.56
18565,6189,344,2,6982.35
18566,6190,123,1,5238.56
18567,6190,447,1,2421.14
18568,6190,354,3,1425.69
18569,6190,310,1,3432.36
18570,6190,201,3,1060.46
18571,6191,396,1,1589.43
18572,6191,182,4,4710.47
18573,6191,406,4,2675.38
18574,6192,246,1,2663.81
18575,6192,254,1,229.57
18576,6192,163,4,6699.83
18577,6192,333,1,6331.32
18578,6192,316,3,3281.58
18579,6193,11,3,5761.74
18580,6193,361,3,3228.33
18581,6193,285,1,3625.74
18582,6194,138,2,4165.59
18583,6194,461,4,4553.3
18584,6194,388,2,1373.2
18585,6195,16,4,3318.23
18586,6195,172,1,5729.96
18587,6196,40,4,2870.78
18588,6196,20,2,543.91
18589,6196,21,4,773.93
18590,6196,470,2,4963.98
18591,6197,63,3,639.04
18592,6197,345,1,6715.15
18593,6197,331,4,895.99
18594,6197,84,3,5116.75
18595,6198,53,4,1636.05
18596,6198,495,3,5674.17
18597,6198,499,4,2598.33
18598,6198,132,3,734.08
18599,6198,49,2,1001.46
18600,6199,94,3,637.72
18601,6200,357,2,3963.48
18602,6200,198,3,2183.12
18603,6200,107,3,4351.35
18604,6200,293,4,5467.31
18605,6201,114,3,1305.47
18606,6201,402,3,1337.62
18607,6201,473,4,4224.82
18608,6201,21,3,773.93
18609,6202,81,4,3349.11
18610,6202,376,2,4480.08
18611,6203,110,4,6959.37
18612,6204,399,1,5067.92
18613,6205,133,4,7682.68
18614,6205,448,4,1589.08
18615,6205,65,4,1839.77
18616,6206,155,3,7062.88
18617,6207,304,2,4992.14
18618,6207,329,4,6150.42
18619,6208,305,2,1283.96
18620,6209,400,4,3874.31
18621,6209,256,1,2686.28
18622,6209,59,2,3551.72
18623,6210,257,3,1725.23
18624,6211,450,1,2146.91
18625,6211,481,4,4362.0
18626,6212,124,1,6069.73
18627,6212,49,1,1001.46
18628,6212,310,1,3432.36
18629,6213,50,1,4659.51
18630,6213,471,4,1844.85
18631,6213,366,4,3398.33
18632,6213,188,2,5890.62
18633,6214,164,3,451.3
18634,6214,63,1,639.04
18635,6214,134,1,4419.51
18636,6215,419,1,4392.23
18637,6215,368,1,3127.98
18638,6216,205,1,6203.46
18639,6216,240,1,1220.06
18640,6216,382,3,5869.03
18641,6217,349,1,4253.69
18642,6217,454,4,469.46
18643,6217,400,4,3874.31
18644,6218,99,2,377.4
18645,6218,326,2,5313.25
18646,6219,382,4,5869.03
18647,6219,99,1,377.4
18648,6219,477,3,1536.6
18649,6219,311,2,1952.58
18650,6219,158,3,4348.37
18651,6220,268,2,2691.51
18652,6220,95,2,4933.59
18653,6220,121,4,704.52
18654,6220,72,4,5436.37
18655,6221,281,2,767.61
18656,6222,279,1,774.25
18657,6222,180,2,1609.07
18658,6222,163,2,6699.83
18659,6222,261,4,6008.79
18660,6223,184,2,4693.71
18661,6223,175,3,1587.68
18662,6223,21,4,773.93
18663,6224,267,4,3128.45
18664,6224,93,3,2629.61
18665,6224,316,2,3281.58
18666,6224,172,4,5729.96
18667,6225,28,2,801.28
18668,6225,273,4,4355.96
18669,6225,376,4,4480.08
18670,6226,242,4,3908.61
18671,6226,319,3,3408.81
18672,6226,107,2,4351.35
18673,6226,416,3,3452.92
18674,6226,355,3,6023.83
18675,6227,291,1,4158.04
18676,6227,293,4,5467.31
18677,6228,451,1,5285.86
18678,6229,402,3,1337.62
18679,6229,63,3,639.04
18680,6229,346,2,3160.86
18681,6229,481,4,4362.0
18682,6230,77,3,5802.31
18683,6230,164,3,451.3
18684,6231,120,1,2247.59
18685,6231,406,3,2675.38
18686,6231,415,2,3144.2
18687,6232,282,3,5682.3
18688,6232,385,3,4521.81
18689,6232,94,1,637.72
18690,6232,183,3,4643.22
18691,6233,344,3,6982.35
18692,6233,321,1,2051.86
18693,6233,47,1,2540.64
18694,6233,205,3,6203.46
18695,6233,272,1,1207.17
18696,6234,139,1,2207.41
18697,6235,135,4,5029.03
18698,6236,457,4,4840.21
18699,6236,141,1,4217.11
18700,6237,86,3,4346.28
18701,6237,17,4,6553.92
18702,6237,295,1,1323.61
18703,6238,410,4,2717.31
18704,6238,465,2,6681.17
18705,6239,192,2,1522.05
18706,6239,138,4,4165.59
18707,6239,429,4,3529.21
18708,6239,141,4,4217.11
18709,6239,160,3,6704.84
18710,6240,426,1,1145.23
18711,6240,454,2,469.46
18712,6240,219,4,1512.13
18713,6240,465,1,6681.17
18714,6240,153,2,7154.27
18715,6241,68,3,5048.98
18716,6241,352,4,6820.17
18717,6241,418,2,4532.15
18718,6241,245,1,2794.78
18719,6241,347,2,5269.21
18720,6242,348,3,4037.99
18721,6242,225,4,3865.19
18722,6242,499,1,2598.33
18723,6243,214,3,5909.34
18724,6243,401,1,830.88
18725,6243,6,3,2038.84
18726,6243,347,4,5269.21
18727,6244,423,4,5959.15
18728,6244,177,3,1399.56
18729,6244,326,1,5313.25
18730,6244,365,1,5059.36
18731,6245,21,4,773.93
18732,6245,282,4,5682.3
18733,6246,79,1,2892.49
18734,6246,305,4,1283.96
18735,6246,24,1,6433.86
18736,6247,4,2,5633.67
18737,6247,374,1,3593.06
18738,6247,268,3,2691.51
18739,6247,211,1,3182.08
18740,6248,98,4,5554.21
18741,6248,148,2,2389.03
18742,6248,430,3,1289.32
18743,6249,340,4,6024.22
18744,6249,140,4,4644.31
18745,6249,216,1,4724.1
18746,6250,339,2,4212.47
18747,6250,160,3,6704.84
18748,6251,20,2,543.91
18749,6252,158,4,4348.37
18750,6252,495,2,5674.17
18751,6252,316,4,3281.58
18752,6252,105,3,4056.14
18753,6252,329,1,6150.42
18754,6253,173,3,4328.16
18755,6253,152,4,5260.39
18756,6253,293,1,5467.31
18757,6253,217,4,1753.76
18758,6254,447,3,2421.14
18759,6255,382,1,5869.03
18760,6255,205,4,6203.46
18761,6255,116,1,584.32
18762,6256,215,2,3143.73
18763,6256,456,1,4335.7
18764,6256,115,2,2916.37
18765,6256,489,4,1979.19
18766,6257,101,4,1381.51
18767,6257,447,3,2421.14
18768,6257,8,2,1108.08
18769,6258,343,1,2443.83
18770,6258,100,3,7678.63
18771,6259,7,1,1658.11
18772,6260,191,3,1690.83
18773,6261,388,4,1373.2
18774,6261,415,3,3144.2
18775,6262,126,4,5865.84
18776,6262,287,1,362.6
18777,6262,421,4,1285.52
18778,6262,403,3,2324.3
18779,6262,440,3,1786.05
18780,6263,243,3,5813.12
18781,6263,135,2,5029.03
18782,6263,465,2,6681.17
18783,6264,411,2,4968.3
18784,6264,216,4,4724.1
18785,6265,211,4,3182.08
18786,6266,402,3,1337.62
18787,6266,52,2,2554.22
18788,6266,411,3,4968.3
18789,6266,430,4,1289.32
18790,6266,264,2,1850.78
18791,6267,48,4,3118.93
18792,6267,200,2,3146.05
18793,6267,108,2,2189.38
18794,6267,412,1,2197.41
18795,6267,120,3,2247.59
18796,6268,401,3,830.88
18797,6268,320,4,6639.63
18798,6269,360,4,2975.5
18799,6270,240,3,1220.06
18800,6271,268,1,2691.51
18801,6271,73,2,958.17
18802,6271,217,4,1753.76
18803,6272,447,1,2421.14
18804,6272,88,3,3652.47
18805,6272,5,1,2523.37
18806,6273,246,3,2663.81
18807,6273,80,3,2551.1
18808,6274,72,2,5436.37
18809,6274,149,3,5667.0
18810,6274,353,4,4945.04
18811,6274,16,2,3318.23
18812,6275,469,1,5810.45
18813,6275,50,2,4659.51
18814,6276,185,3,1990.36
18815,6276,204,3,3202.4
18816,6276,497,1,4863.47
18817,6277,481,3,4362.0
18818,6277,181,2,277.41
18819,6277,339,1,4212.47
18820,6277,351,3,5407.74
18821,6277,56,2,1350.59
18822,6278,308,4,1437.25
18823,6278,433,4,3901.17
18824,6278,331,3,895.99
18825,6278,429,4,3529.21
18826,6279,443,3,4924.62
18827,6280,430,4,1289.32
18828,6280,465,1,6681.17
18829,6280,252,4,4468.34
18830,6281,104,2,673.38
18831,6282,173,4,4328.16
18832,6283,364,3,6026.85
18833,6283,186,4,2472.63
18834,6283,314,1,5187.17
18835,6283,455,4,3452.95
18836,6283,264,1,1850.78
18837,6284,119,1,224.22
18838,6284,192,1,1522.05
18839,6285,184,4,4693.71
18840,6285,10,3,1780.12
18841,6286,191,4,1690.83
18842,6286,279,2,774.25
18843,6287,198,3,2183.12
18844,6287,221,1,6443.18
18845,6287,143,4,4831.33
18846,6288,368,3,3127.98
18847,6288,293,2,5467.31
18848,6288,93,3,2629.61
18849,6288,286,1,5544.61
18850,6288,329,4,6150.42
18851,6289,457,4,4840.21
18852,6290,122,1,1788.84
18853,6291,367,2,2356.19
18854,6291,175,2,1587.68
18855,6291,248,1,5396.23
18856,6291,454,2,469.46
18857,6291,341,1,1594.54
18858,6292,65,2,1839.77
18859,6292,13,2,2922.53
18860,6292,190,4,2545.79
18861,6292,3,1,394.52
18862,6293,345,2,6715.15
18863,6293,66,1,3951.93
18864,6294,95,1,4933.59
18865,6295,57,3,4604.53
18866,6296,270,3,3668.4
18867,6296,283,1,5922.7
18868,6296,23,4,4519.4
18869,6296,111,3,2394.51
18870,6296,267,3,3128.45
18871,6297,353,2,4945.04
18872,6298,199,3,4296.57
18873,6298,434,4,5172.12
18874,6299,350,1,1035.46
18875,6299,287,3,362.6
18876,6299,363,4,7234.27
18877,6299,299,4,5162.19
18878,6300,113,4,2129.84
18879,6300,20,3,543.91
18880,6301,153,3,7154.27
18881,6302,294,2,6129.64
18882,6303,49,4,1001.46
18883,6303,490,3,7539.95
18884,6304,499,2,2598.33
18885,6304,126,1,5865.84
18886,6304,53,3,1636.05
18887,6304,368,3,3127.98
18888,6305,248,1,5396.23
18889,6305,278,1,1452.09
18890,6305,467,2,5633.33
18891,6305,119,2,224.22
18892,6306,27,3,1911.35
18893,6306,68,2,5048.98
18894,6307,22,4,2628.43
18895,6307,354,2,1425.69
18896,6307,112,1,5163.37
18897,6307,20,1,543.91
18898,6308,349,2,4253.69
18899,6308,498,1,5835.24
18900,6308,348,3,4037.99
18901,6308,398,1,6965.19
18902,6308,311,4,1952.58
18903,6309,243,2,5813.12
18904,6309,384,1,4637.79
18905,6309,22,4,2628.43
18906,6310,490,1,7539.95
18907,6310,125,3,4655.25
18908,6311,358,4,5127.98
18909,6311,322,1,3077.91
18910,6311,208,2,1461.6
18911,6311,399,1,5067.92
18912,6311,136,3,6859.2
18913,6312,202,2,3841.09
18914,6313,358,2,5127.98
18915,6313,476,3,4727.45
18916,6313,3,1,394.52
18917,6313,218,4,1046.26
18918,6313,100,2,7678.63
18919,6314,445,1,4299.29
18920,6314,351,3,5407.74
18921,6315,157,3,5351.04
18922,6315,451,4,5285.86
18923,6315,20,4,543.91
18924,6316,288,1,6212.26
18925,6316,383,3,1338.8
18926,6317,157,4,5351.04
18927,6317,141,1,4217.11
18928,6317,353,3,4945.04
18929,6317,229,1,6178.47
18930,6318,170,3,3039.1
18931,6319,307,4,5262.37
18932,6320,199,3,4296.57
18933,6320,367,3,2356.19
18934,6320,79,2,2892.49
18935,6320,384,2,4637.79
18936,6321,128,1,2947.92
18937,6322,189,2,3600.6
18938,6323,212,4,155.74
18939,6323,384,3,4637.79
18940,6323,488,1,723.72
18941,6324,45,1,2239.06
18942,6324,294,4,6129.64
18943,6324,334,1,4382.79
18944,6324,99,4,377.4
18945,6325,434,2,5172.12
18946,6325,224,1,5253.84
18947,6325,442,2,6554.24
18948,6325,65,2,1839.77
18949,6326,398,2,6965.19
18950,6326,370,2,4396.17
18951,6327,138,1,4165.59
18952,6328,409,1,4629.95
18953,6328,493,3,6088.79
18954,6329,280,2,4382.83
18955,6329,373,3,4435.35
18956,6330,328,3,2729.68
18957,6330,25,1,6342.54
18958,6330,6,4,2038.84
18959,6330,465,1,6681.17
18960,6330,174,2,2623.77
18961,6331,455,2,3452.95
18962,6331,263,3,4317.08
18963,6332,237,1,3807.7
18964,6332,60,4,5163.17
18965,6332,47,4,2540.64
18966,6332,197,1,3444.31
18967,6333,390,3,222.07
18968,6333,210,1,530.97
18969,6333,355,4,6023.83
18970,6333,481,3,4362.0
18971,6333,303,1,1103.01
18972,6334,437,4,1635.15
18973,6334,156,4,3556.59
18974,6334,426,2,1145.23
18975,6334,363,2,7234.27
18976,6334,431,1,2345.7
18977,6335,475,4,1249.33
18978,6335,239,1,2892.25
18979,6336,123,1,5238.56
18980,6336,65,3,1839.77
18981,6336,306,4,1311.81
18982,6336,284,1,1954.57
18983,6337,33,4,6626.78
18984,6337,484,3,5888.26
18985,6338,76,3,3624.25
18986,6338,244,4,1747.97
18987,6338,356,4,5880.99
18988,6339,14,4,1195.89
18989,6339,112,2,5163.37
18990,6339,100,1,7678.63
18991,6339,399,3,5067.92
18992,6340,316,2,3281.58
18993,6341,420,2,1934.38
18994,6342,412,2,2197.41
18995,6342,132,2,734.08
18996,6342,30,2,1495.61
18997,6342,299,2,5162.19
18998,6342,306,3,1311.81
18999,6343,371,1,6431.49
19000,6343,336,1,3505.41
19001,6343,480,1,1852.13
19002,6343,200,3,3146.05
19003,6344,241,4,600.8
19004,6345,245,1,2794.78
19005,6345,198,3,2183.12
19006,6345,451,4,5285.86
19007,6345,429,4,3529.21
19008,6346,486,4,3925.75
19009,6346,390,3,222.07
19010,6347,197,1,3444.31
19011,6347,477,1,1536.6
19012,6347,204,1,3202.4
19013,6347,466,4,3543.0
19014,6348,12,3,5776.18
19015,6348,285,2,3625.74
19016,6349,269,1,2723.78
19017,6349,35,3,3703.55
19018,6349,488,3,723.72
19019,6349,90,1,2134.9
19020,6349,136,3,6859.2
19021,6350,408,2,2432.33
19022,6350,67,2,6765.53
19023,6350,351,4,5407.74
19024,6350,500,4,5135.84
19025,6351,173,1,4328.16
19026,6351,27,3,1911.35
19027,6352,350,2,1035.46
19028,6352,322,3,3077.91
19029,6352,408,4,2432.33
19030,6352,192,2,1522.05
19031,6353,207,2,5032.22
19032,6353,190,4,2545.79
19033,6354,396,1,1589.43
19034,6355,485,3,4042.01
19035,6355,148,2,2389.03
19036,6355,367,3,2356.19
19037,6356,330,2,4391.26
19038,6356,338,1,5130.85
19039,6356,477,4,1536.6
19040,6357,371,3,6431.49
19041,6358,135,4,5029.03
19042,6358,254,1,229.57
19043,6358,365,1,5059.36
19044,6358,202,2,3841.09
19045,6358,43,2,791.88
19046,6359,226,4,1742.75
19047,6360,342,2,2036.46
19048,6360,222,4,5410.26
19049,6360,459,2,4650.34
19050,6360,390,2,222.07
19051,6361,326,4,5313.25
19052,6361,135,3,5029.03
19053,6361,122,1,1788.84
19054,6361,17,3,6553.92
19055,6361,465,3,6681.17
19056,6362,65,2,1839.77
19057,6362,423,2,5959.15
19058,6363,387,3,1384.34
19059,6363,256,1,2686.28
19060,6363,274,2,7224.74
19061,6364,401,4,830.88
19062,6364,47,4,2540.64
19063,6364,306,3,1311.81
19064,6365,368,2,3127.98
19065,6365,183,4,4643.22
19066,6365,353,2,4945.04
19067,6365,43,3,791.88
19068,6365,292,1,5117.95
19069,6366,176,4,2750.53
19070,6367,298,3,5143.35
19071,6367,336,1,3505.41
19072,6367,154,4,3919.63
19073,6367,249,2,6139.17
19074,6368,184,3,4693.71
19075,6368,73,3,958.17
19076,6368,459,1,4650.34
19077,6368,419,3,4392.23
19078,6368,281,3,767.61
19079,6369,254,3,229.57
19080,6369,297,3,1402.1
19081,6370,377,3,5763.68
19082,6370,386,3,988.77
19083,6371,352,2,6820.17
19084,6371,28,3,801.28
19085,6372,492,1,5032.36
19086,6372,312,3,4519.33
19087,6373,170,1,3039.1
19088,6373,270,1,3668.4
19089,6373,238,1,555.04
19090,6373,346,1,3160.86
19091,6374,26,3,5756.04
19092,6374,184,4,4693.71
19093,6374,310,3,3432.36
19094,6375,205,2,6203.46
19095,6375,54,2,3298.92
19096,6376,285,1,3625.74
19097,6376,333,2,6331.32
19098,6376,55,2,5294.38
19099,6377,44,2,5953.73
19100,6377,279,4,774.25
19101,6377,4,2,5633.67
19102,6378,155,2,7062.88
19103,6378,25,4,6342.54
19104,6378,326,3,5313.25
19105,6378,80,1,2551.1
19106,6378,405,3,4305.08
19107,6379,13,3,2922.53
19108,6379,284,3,1954.57
19109,6379,129,3,1449.29
19110,6379,60,4,5163.17
19111,6380,34,2,1739.97
19112,6381,125,4,4655.25
19113,6381,26,4,5756.04
19114,6381,284,1,1954.57
19115,6382,264,4,1850.78
19116,6382,322,2,3077.91
19117,6382,158,4,4348.37
19118,6382,66,3,3951.93
19119,6382,399,1,5067.92
19120,6383,292,4,5117.95
19121,6383,234,3,1670.39
19122,6383,249,4,6139.17
19123,6383,222,1,5410.26
19124,6384,214,4,5909.34
19125,6384,123,3,5238.56
19126,6384,480,1,1852.13
19127,6384,173,2,4328.16
19128,6385,339,1,4212.47
19129,6386,354,2,1425.69
19130,6386,456,3,4335.7
19131,6387,497,4,4863.47
19132,6387,31,4,3335.57
19133,6387,433,2,3901.17
19134,6387,92,4,4206.66
19135,6387,60,1,5163.17
19136,6388,454,1,469.46
19137,6388,9,4,3407.08
19138,6389,300,4,1582.87
19139,6389,203,1,3122.39
19140,6389,219,1,1512.13
19141,6389,405,2,4305.08
19142,6389,477,4,1536.6
19143,6390,354,4,1425.69
19144,6390,454,1,469.46
19145,6390,467,4,5633.33
19146,6390,194,2,3575.56
19147,6391,316,2,3281.58
19148,6391,104,2,673.38
19149,6391,405,2,4305.08
19150,6391,37,4,1174.23
19151,6391,446,4,6731.46
19152,6392,428,2,3337.91
19153,6393,124,2,6069.73
19154,6394,281,1,767.61
19155,6394,292,3,5117.95
19156,6394,427,1,5615.06
19157,6394,91,2,2388.1
19158,6395,398,2,6965.19
19159,6395,7,4,1658.11
19160,6396,408,1,2432.33
19161,6396,48,1,3118.93
19162,6396,295,4,1323.61
19163,6396,215,2,3143.73
19164,6396,408,4,2432.33
19165,6397,383,4,1338.8
19166,6397,422,4,5095.84
19167,6398,145,4,380.42
19168,6398,140,3,4644.31
19169,6399,109,1,2146.83
19170,6399,219,4,1512.13
19171,6400,239,1,2892.25
19172,6401,174,1,2623.77
19173,6401,129,1,1449.29
19174,6402,112,3,5163.37
19175,6402,150,1,1545.47
19176,6403,151,3,1368.5
19177,6403,322,3,3077.91
19178,6403,47,4,2540.64
19179,6403,60,4,5163.17
19180,6404,120,2,2247.59
19181,6404,212,3,155.74
19182,6404,416,2,3452.92
19183,6404,1,2,2876.42
19184,6404,139,2,2207.41
19185,6405,415,4,3144.2
19186,6406,257,3,1725.23
19187,6406,336,4,3505.41
19188,6406,14,3,1195.89
19189,6407,150,3,1545.47
19190,6408,51,1,775.58
19191,6408,27,2,1911.35
19192,6409,251,3,4963.2
19193,6410,74,3,1856.46
19194,6410,331,3,895.99
19195,6410,307,1,5262.37
19196,6410,156,4,3556.59
19197,6411,364,4,6026.85
19198,6412,349,4,4253.69
19199,6412,406,2,2675.38
19200,6412,123,2,5238.56
19201,6413,234,4,1670.39
19202,6413,279,3,774.25
19203,6413,161,4,6112.98
19204,6413,455,1,3452.95
19205,6414,325,2,6330.63
19206,6414,125,3,4655.25
19207,6414,288,3,6212.26
19208,6414,184,3,4693.71
19209,6414,480,4,1852.13
19210,6415,241,4,600.8
19211,6415,65,2,1839.77
19212,6415,465,3,6681.17
19213,6416,67,2,6765.53
19214,6416,90,4,2134.9
19215,6416,210,3,530.97
19216,6417,397,3,2867.64
19217,6417,395,4,4977.01
19218,6417,182,1,4710.47
19219,6418,422,2,5095.84
19220,6418,92,2,4206.66
19221,6418,167,2,6818.7
19222,6419,100,2,7678.63
19223,6419,44,3,5953.73
19224,6419,103,1,5044.44
19225,6419,223,4,830.78
19226,6419,145,1,380.42
19227,6420,464,1,7057.45
19228,6420,167,4,6818.7
19229,6421,282,2,5682.3
19230,6421,49,1,1001.46
19231,6421,102,2,5155.01
19232,6421,236,2,4782.03
19233,6421,277,3,4935.0
19234,6422,16,2,3318.23
19235,6423,121,1,704.52
19236,6423,196,2,4145.76
19237,6423,143,3,4831.33
19238,6424,489,1,1979.19
19239,6424,214,4,5909.34
19240,6424,219,1,1512.13
19241,6424,182,4,4710.47
19242,6424,28,4,801.28
19243,6425,171,3,6247.86
19244,6426,454,3,469.46
19245,6427,284,3,1954.57
19246,6427,51,4,775.58
19247,6428,371,1,6431.49
19248,6428,413,4,5368.82
19249,6429,187,1,7451.43
19250,6430,18,4,3961.8
19251,6430,115,1,2916.37
19252,6430,217,2,1753.76
19253,6430,144,2,4356.46
19254,6430,434,1,5172.12
19255,6431,192,1,1522.05
19256,6432,338,2,5130.85
19257,6433,343,3,2443.83
19258,6433,397,1,2867.64
19259,6433,248,3,5396.23
19260,6433,69,2,2687.96
19261,6434,417,2,4766.29
19262,6434,493,3,6088.79
19263,6434,75,3,3885.28
19264,6434,95,4,4933.59
19265,6435,70,2,2952.71
19266,6435,275,1,1381.85
19267,6435,340,3,6024.22
19268,6436,344,2,6982.35
19269,6436,153,3,7154.27
19270,6436,393,3,1234.01
19271,6436,433,3,3901.17
19272,6436,262,1,3433.24
19273,6437,468,1,6226.51
19274,6437,404,4,5691.79
19275,6438,409,1,4629.95
19276,6438,178,4,3635.79
19277,6439,357,2,3963.48
19278,6439,16,3,3318.23
19279,6440,156,3,3556.59
19280,6440,441,4,5639.25
19281,6440,62,3,7110.36
19282,6440,230,1,3984.19
19283,6440,300,2,1582.87
19284,6441,298,3,5143.35
19285,6441,446,2,6731.46
19286,6442,364,4,6026.85
19287,6442,285,3,3625.74
19288,6442,424,2,1011.09
19289,6442,17,2,6553.92
19290,6443,191,1,1690.83
19291,6443,57,1,4604.53
19292,6443,452,3,743.06
19293,6444,215,1,3143.73
19294,6444,358,4,5127.98
19295,6445,215,1,3143.73
19296,6446,352,3,6820.17
19297,6447,471,2,1844.85
19298,6447,401,2,830.88
19299,6447,121,1,704.52
19300,6447,20,1,543.91
19301,6448,39,3,3097.27
19302,6448,341,4,1594.54
19303,6448,41,4,5380.63
19304,6448,55,3,5294.38
19305,6449,145,2,380.42
19306,6449,163,2,6699.83
19307,6449,211,2,3182.08
19308,6450,44,2,5953.73
19309,6450,199,2,4296.57
19310,6450,248,1,5396.23
19311,6450,301,4,4803.29
19312,6450,59,3,3551.72
19313,6451,289,2,615.43
19314,6451,446,2,6731.46
19315,6452,460,2,5962.4
19316,6452,168,1,4609.57
19317,6452,213,1,3927.95
19318,6452,66,3,3951.93
19319,6452,98,1,5554.21
19320,6453,417,3,4766.29
19321,6453,44,3,5953.73
19322,6453,197,1,3444.31
19323,6453,259,4,1302.93
19324,6454,196,4,4145.76
19325,6454,124,2,6069.73
19326,6455,145,2,380.42
19327,6456,399,4,5067.92
19328,6456,98,1,5554.21
19329,6456,205,3,6203.46
19330,6456,275,2,1381.85
19331,6457,21,2,773.93
19332,6457,218,2,1046.26
19333,6457,297,3,1402.1
19334,6457,376,4,4480.08
19335,6457,470,2,4963.98
19336,6458,162,2,3673.3
19337,6458,261,3,6008.79
19338,6458,7,4,1658.11
19339,6458,226,4,1742.75
19340,6458,388,1,1373.2
19341,6459,166,1,3680.98
19342,6459,99,4,377.4
19343,6459,103,3,5044.44
19344,6459,369,3,3840.55
19345,6460,221,1,6443.18
19346,6460,257,2,1725.23
19347,6460,238,2,555.04
19348,6461,15,1,3647.94
19349,6462,159,1,1782.91
19350,6462,219,1,1512.13
19351,6462,422,2,5095.84
19352,6463,496,1,5678.29
19353,6464,371,1,6431.49
19354,6465,227,1,3884.33
19355,6465,212,1,155.74
19356,6465,497,3,4863.47
19357,6466,67,2,6765.53
19358,6466,86,3,4346.28
19359,6466,74,2,1856.46
19360,6467,149,3,5667.0
19361,6467,185,1,1990.36
19362,6467,136,3,6859.2
19363,6468,67,1,6765.53
19364,6468,253,2,2797.42
19365,6468,304,3,4992.14
19366,6468,2,3,5222.22
19367,6469,499,4,2598.33
19368,6469,375,2,5456.42
19369,6469,34,1,1739.97
19370,6469,276,4,2669.21
19371,6470,81,4,3349.11
19372,6470,365,3,5059.36
19373,6471,376,3,4480.08
19374,6471,330,4,4391.26
19375,6471,283,1,5922.7
19376,6471,76,1,3624.25
19377,6472,133,2,7682.68
19378,6473,164,3,451.3
19379,6473,319,1,3408.81
19380,6473,205,3,6203.46
19381,6473,114,1,1305.47
19382,6473,338,1,5130.85
19383,6474,249,4,6139.17
19384,6474,396,2,1589.43
19385,6475,95,1,4933.59
19386,6475,273,4,4355.96
19387,6475,405,3,4305.08
19388,6476,427,2,5615.06
19389,6477,166,4,3680.98
19390,6477,35,2,3703.55
19391,6477,105,2,4056.14
19392,6477,86,1,4346.28
19393,6477,259,4,1302.93
19394,6478,350,3,1035.46
19395,6478,399,3,5067.92
19396,6478,166,3,3680.98
19397,6479,104,2,673.38
19398,6479,51,4,775.58
19399,6479,27,3,1911.35
19400,6479,305,4,1283.96
19401,6480,422,4,5095.84
19402,6480,123,4,5238.56
19403,6480,122,2,1788.84
19404,6480,171,2,6247.86
19405,6481,285,4,3625.74
19406,6482,307,2,5262.37
19407,6482,343,2,2443.83
19408,6482,123,4,5238.56
19409,6482,453,2,2708.83
19410,6483,157,3,5351.04
19411,6483,149,4,5667.0
19412,6483,211,2,3182.08
19413,6483,233,4,4261.37
19414,6484,265,1,5984.67
19415,6484,219,1,1512.13
19416,6485,219,3,1512.13
19417,6485,70,1,2952.71
19418,6485,327,4,2218.76
19419,6486,404,3,5691.79
19420,6486,373,1,4435.35
19421,6486,484,3,5888.26
19422,6487,435,4,3048.69
19423,6488,72,2,5436.37
19424,6488,230,4,3984.19
19425,6488,59,2,3551.72
19426,6488,352,2,6820.17
19427,6488,130,3,1963.29
19428,6489,279,2,774.25
19429,6490,81,3,3349.11
19430,6491,27,1,1911.35
19431,6491,176,4,2750.53
19432,6492,275,1,1381.85
19433,6492,486,2,3925.75
19434,6493,29,4,5434.79
19435,6493,307,2,5262.37
19436,6494,358,3,5127.98
19437,6494,363,2,7234.27
19438,6495,395,2,4977.01
19439,6495,105,2,4056.14
19440,6495,403,3,2324.3
19441,6495,382,3,5869.03
19442,6495,82,2,5405.87
19443,6496,103,1,5044.44
19444,6496,101,4,1381.51
19445,6496,386,1,988.77
19446,6496,229,2,6178.47
19447,6496,372,2,2126.62
19448,6497,398,1,6965.19
19449,6497,132,2,734.08
19450,6498,375,2,5456.42
19451,6498,204,1,3202.4
19452,6498,275,1,1381.85
19453,6499,306,2,1311.81
19454,6499,98,2,5554.21
19455,6499,178,2,3635.79
19456,6499,465,3,6681.17
19457,6500,275,3,1381.85
19458,6500,212,3,155.74
19459,6500,333,3,6331.32
19460,6500,160,3,6704.84
19461,6500,379,1,1894.51
19462,6501,83,1,4207.1
19463,6501,476,2,4727.45
19464,6501,55,4,5294.38
19465,6502,415,4,3144.2
19466,6502,488,1,723.72
19467,6502,422,3,5095.84
19468,6503,298,3,5143.35
19469,6503,396,1,1589.43
19470,6503,93,1,2629.61
19471,6504,73,4,958.17
19472,6504,470,2,4963.98
19473,6504,428,3,3337.91
19474,6505,127,3,4216.76
19475,6505,329,3,6150.42
19476,6506,275,2,1381.85
19477,6506,260,1,1846.21
19478,6506,274,2,7224.74
19479,6506,341,2,1594.54
19480,6506,119,2,224.22
19481,6507,83,1,4207.1
19482,6507,496,3,5678.29
19483,6508,18,2,3961.8
19484,6508,150,2,1545.47
19485,6509,120,2,2247.59
19486,6509,182,2,4710.47
19487,6510,490,1,7539.95
19488,6511,108,4,2189.38
19489,6511,299,1,5162.19
19490,6511,198,4,2183.12
19491,6511,262,2,3433.24
19492,6511,457,4,4840.21
19493,6512,230,3,3984.19
19494,6512,38,4,1645.79
19495,6512,112,1,5163.37
19496,6513,481,1,4362.0
19497,6513,153,4,7154.27
19498,6513,334,4,4382.79
19499,6513,390,2,222.07
19500,6513,417,1,4766.29
19501,6514,244,2,1747.97
19502,6515,137,3,2345.58
19503,6515,124,4,6069.73
19504,6515,302,1,4353.43
19505,6515,8,3,1108.08
19506,6515,248,1,5396.23
19507,6516,219,2,1512.13
19508,6516,484,4,5888.26
19509,6517,122,2,1788.84
19510,6517,8,1,1108.08
19511,6517,387,1,1384.34
19512,6518,81,2,3349.11
19513,6518,496,3,5678.29
19514,6519,77,2,5802.31
19515,6519,285,4,3625.74
19516,6519,132,2,734.08
19517,6520,258,3,4144.01
19518,6521,434,2,5172.12
19519,6521,232,4,6669.4
19520,6521,156,1,3556.59
19521,6521,490,2,7539.95
19522,6522,235,3,5882.55
19523,6522,255,4,3636.36
19524,6522,118,4,4371.63
19525,6522,145,2,380.42
19526,6522,76,4,3624.25
19527,6523,493,2,6088.79
19528,6524,154,2,3919.63
19529,6524,471,4,1844.85
19530,6525,47,4,2540.64
19531,6526,34,3,1739.97
19532,6526,87,1,1282.33
19533,6527,173,4,4328.16
19534,6527,118,1,4371.63
19535,6527,167,2,6818.7
19536,6527,475,2,1249.33
19537,6528,3,4,394.52
19538,6529,126,1,5865.84
19539,6529,339,1,4212.47
19540,6529,490,1,7539.95
19541,6530,392,2,1502.97
19542,6530,43,3,791.88
19543,6530,214,2,5909.34
19544,6531,450,4,2146.91
19545,6532,238,2,555.04
19546,6532,173,4,4328.16
19547,6533,259,2,1302.93
19548,6533,155,2,7062.88
19549,6533,184,1,4693.71
19550,6534,109,4,2146.83
19551,6535,138,3,4165.59
19552,6535,444,4,5110.75
19553,6535,435,1,3048.69
19554,6536,199,2,4296.57
19555,6536,125,3,4655.25
19556,6537,327,1,2218.76
19557,6538,181,1,277.41
19558,6538,265,4,5984.67
19559,6539,139,4,2207.41
19560,6539,227,1,3884.33
19561,6539,476,4,4727.45
19562,6539,449,2,5990.22
19563,6539,160,3,6704.84
19564,6540,347,4,5269.21
19565,6540,34,1,1739.97
19566,6541,117,1,924.08
19567,6541,459,3,4650.34
19568,6542,50,4,4659.51
19569,6542,150,4,1545.47
19570,6542,125,4,4655.25
19571,6542,199,4,4296.57
19572,6542,392,4,1502.97
19573,6543,10,1,1780.12
19574,6544,365,1,5059.36
19575,6545,208,2,1461.6
19576,6545,195,2,3142.65
19577,6545,25,2,6342.54
19578,6545,424,1,1011.09
19579,6545,124,4,6069.73
19580,6546,140,2,4644.31
19581,6546,286,3,5544.61
19582,6546,96,4,418.99
19583,6546,153,2,7154.27
19584,6547,361,4,3228.33
19585,6548,262,3,3433.24
19586,6548,122,4,1788.84
19587,6548,466,2,3543.0
19588,6548,427,3,5615.06
19589,6548,192,1,1522.05
19590,6549,80,1,2551.1
19591,6549,432,3,3897.39
19592,6549,27,2,1911.35
19593,6549,258,1,4144.01
19594,6550,109,1,2146.83
19595,6550,309,1,825.37
19596,6550,107,1,4351.35
19597,6550,257,2,1725.23
19598,6550,104,4,673.38
19599,6551,447,4,2421.14
19600,6551,225,3,3865.19
19601,6551,437,1,1635.15
19602,6551,371,2,6431.49
19603,6552,31,2,3335.57
19604,6552,463,2,4315.08
19605,6552,260,4,1846.21
19606,6552,346,4,3160.86
19607,6553,41,4,5380.63
19608,6553,77,2,5802.31
19609,6553,410,1,2717.31
19610,6553,255,3,3636.36
19611,6553,460,2,5962.4
19612,6554,255,3,3636.36
19613,6554,16,4,3318.23
19614,6554,356,3,5880.99
19615,6554,114,3,1305.47
19616,6555,200,4,3146.05
19617,6555,38,3,1645.79
19618,6555,9,4,3407.08
19619,6555,216,2,4724.1
19620,6555,208,2,1461.6
19621,6556,483,4,6442.69
19622,6556,167,3,6818.7
19623,6556,9,3,3407.08
19624,6557,284,2,1954.57
19625,6557,490,4,7539.95
19626,6558,297,2,1402.1
19627,6558,124,3,6069.73
19628,6559,17,3,6553.92
19629,6560,459,2,4650.34
19630,6560,67,1,6765.53
19631,6561,199,4,4296.57
19632,6562,236,4,4782.03
19633,6562,195,2,3142.65
19634,6562,250,1,2853.44
19635,6562,353,1,4945.04
19636,6562,187,2,7451.43
19637,6563,315,3,1950.17
19638,6563,390,4,222.07
19639,6563,148,3,2389.03
19640,6563,277,4,4935.0
19641,6564,458,1,4050.01
19642,6564,176,4,2750.53
19643,6565,58,4,685.74
19644,6565,173,2,4328.16
19645,6565,225,2,3865.19
19646,6565,75,3,3885.28
19647,6566,98,1,5554.21
19648,6566,452,2,743.06
19649,6567,395,3,4977.01
19650,6567,109,3,2146.83
19651,6567,476,1,4727.45
19652,6567,329,1,6150.42
19653,6568,446,1,6731.46
19654,6569,344,1,6982.35
19655,6569,94,1,637.72
19656,6570,180,1,1609.07
19657,6570,119,2,224.22
19658,6571,98,3,5554.21
19659,6571,456,4,4335.7
19660,6571,448,2,1589.08
19661,6572,14,1,1195.89
19662,6572,327,2,2218.76
19663,6573,214,4,5909.34
19664,6573,432,2,3897.39
19665,6573,405,3,4305.08
19666,6573,185,2,1990.36
19667,6573,492,4,5032.36
19668,6574,175,1,1587.68
19669,6574,248,2,5396.23
19670,6574,101,2,1381.51
19671,6575,2,2,5222.22
19672,6575,124,1,6069.73
19673,6575,246,2,2663.81
19674,6575,261,2,6008.79
19675,6575,435,2,3048.69
19676,6576,142,1,628.57
19677,6576,339,4,4212.47
19678,6576,46,3,922.81
19679,6576,197,1,3444.31
19680,6576,487,1,3602.54
19681,6577,364,1,6026.85
19682,6577,87,3,1282.33
19683,6577,111,4,2394.51
19684,6578,478,2,4700.05
19685,6578,184,3,4693.71
19686,6579,218,2,1046.26
19687,6580,407,2,5614.76
19688,6581,421,3,1285.52
19689,6581,269,2,2723.78
19690,6581,48,1,3118.93
19691,6581,47,1,2540.64
19692,6581,102,2,5155.01
19693,6582,159,1,1782.91
19694,6582,336,2,3505.41
19695,6583,40,2,2870.78
19696,6583,60,2,5163.17
19697,6583,95,3,4933.59
19698,6584,224,2,5253.84
19699,6585,297,2,1402.1
19700,6585,336,2,3505.41
19701,6585,409,3,4629.95
19702,6586,416,3,3452.92
19703,6586,435,1,3048.69
19704,6586,176,3,2750.53
19705,6586,333,3,6331.32
19706,6587,41,3,5380.63
19707,6587,433,3,3901.17
19708,6587,426,3,1145.23
19709,6587,311,4,1952.58
19710,6588,390,1,222.07
19711,6588,442,2,6554.24
19712,6588,349,2,4253.69
19713,6588,420,4,1934.38
19714,6588,476,3,4727.45
19715,6589,454,3,469.46
19716,6589,115,2,2916.37
19717,6589,279,1,774.25
19718,6590,199,4,4296.57
19719,6590,135,3,5029.03
19720,6590,464,2,7057.45
19721,6591,297,4,1402.1
19722,6591,301,4,4803.29
19723,6591,16,3,3318.23
19724,6592,353,3,4945.04
19725,6592,184,2,4693.71
19726,6592,61,2,1634.69
19727,6592,409,4,4629.95
19728,6593,246,2,2663.81
19729,6593,241,2,600.8
19730,6594,43,4,791.88
19731,6594,372,1,2126.62
19732,6594,313,3,3303.95
19733,6594,247,2,3140.62
19734,6594,408,2,2432.33
19735,6595,470,4,4963.98
19736,6596,364,1,6026.85
19737,6597,4,1,5633.67
19738,6597,127,4,4216.76
19739,6598,11,3,5761.74
19740,6599,226,4,1742.75
19741,6599,185,4,1990.36
19742,6600,115,1,2916.37
19743,6600,108,3,2189.38
19744,6600,245,2,2794.78
19745,6601,397,4,2867.64
19746,6601,318,2,5367.63
19747,6602,246,1,2663.81
19748,6602,353,4,4945.04
19749,6602,85,3,206.91
19750,6603,223,1,830.78
19751,6603,162,4,3673.3
19752,6603,497,2,4863.47
19753,6603,2,4,5222.22
19754,6603,485,4,4042.01
19755,6604,379,1,1894.51
19756,6604,268,4,2691.51
19757,6604,237,1,3807.7
19758,6604,42,4,5752.4
19759,6604,339,3,4212.47
19760,6605,24,1,6433.86
19761,6605,431,4,2345.7
19762,6606,175,2,1587.68
19763,6606,23,4,4519.4
19764,6606,348,3,4037.99
19765,6607,163,4,6699.83
19766,6608,350,4,1035.46
19767,6608,34,3,1739.97
19768,6608,313,2,3303.95
19769,6608,306,3,1311.81
19770,6609,268,1,2691.51
19771,6610,195,1,3142.65
19772,6610,166,4,3680.98
19773,6610,361,3,3228.33
19774,6610,365,4,5059.36
19775,6610,70,4,2952.71
19776,6611,139,1,2207.41
19777,6612,390,4,222.07
19778,6612,297,4,1402.1
19779,6612,270,3,3668.4
19780,6612,305,4,1283.96
19781,6612,478,4,4700.05
19782,6613,114,2,1305.47
19783,6613,175,1,1587.68
19784,6613,312,4,4519.33
19785,6614,127,4,4216.76
19786,6614,108,4,2189.38
19787,6615,374,4,3593.06
19788,6616,221,3,6443.18
19789,6616,455,3,3452.95
19790,6616,322,1,3077.91
19791,6616,452,3,743.06
19792,6617,271,1,740.94
19793,6617,263,2,4317.08
19794,6617,155,2,7062.88
19795,6618,199,2,4296.57
19796,6618,466,4,3543.0
19797,6618,123,2,5238.56
19798,6618,88,3,3652.47
19799,6618,204,4,3202.4
19800,6619,277,2,4935.0
19801,6619,232,4,6669.4
19802,6619,243,4,5813.12
19803,6620,138,1,4165.59
19804,6620,155,2,7062.88
19805,6620,45,3,2239.06
19806,6620,494,4,5234.76
19807,6621,470,3,4963.98
19808,6622,164,3,451.3
19809,6622,461,3,4553.3
19810,6622,105,3,4056.14
19811,6623,378,1,5787.24
19812,6624,177,3,1399.56
19813,6624,220,3,3372.55
19814,6624,274,3,7224.74
19815,6624,447,2,2421.14
19816,6625,326,2,5313.25
19817,6625,214,1,5909.34
19818,6625,365,3,5059.36
19819,6625,60,4,5163.17
19820,6625,271,1,740.94
19821,6626,258,3,4144.01
19822,6626,122,4,1788.84
19823,6626,58,3,685.74
19824,6626,273,4,4355.96
19825,6626,6,2,2038.84
19826,6627,217,3,1753.76
19827,6627,258,4,4144.01
19828,6627,4,4,5633.67
19829,6627,283,2,5922.7
19830,6627,340,2,6024.22
19831,6628,445,3,4299.29
19832,6629,342,3,2036.46
19833,6629,3,3,394.52
19834,6629,485,2,4042.01
19835,6630,438,3,3420.48
19836,6630,178,3,3635.79
19837,6630,413,2,5368.82
19838,6630,351,4,5407.74
19839,6631,378,4,5787.24
19840,6631,163,1,6699.83
19841,6631,162,4,3673.3
19842,6632,335,2,3273.18
19843,6632,213,3,3927.95
19844,6632,474,1,5605.5
19845,6632,499,4,2598.33
19846,6633,420,4,1934.38
19847,6633,188,1,5890.62
19848,6633,174,3,2623.77
19849,6633,219,4,1512.13
19850,6633,48,4,3118.93
19851,6634,188,3,5890.62
19852,6634,477,1,1536.6
19853,6635,181,2,277.41
19854,6635,8,2,1108.08
19855,6635,47,3,2540.64
19856,6635,362,1,4182.94
19857,6636,442,4,6554.24
19858,6636,334,2,4382.79
19859,6636,131,4,4351.85
19860,6636,495,3,5674.17
19861,6636,36,4,3194.46
19862,6637,296,1,959.66
19863,6637,77,2,5802.31
19864,6637,473,4,4224.82
19865,6637,274,4,7224.74
19866,6638,144,4,4356.46
19867,6638,127,1,4216.76
19868,6638,282,4,5682.3
19869,6638,309,4,825.37
19870,6639,60,1,5163.17
19871,6639,482,1,5294.83
19872,6640,380,2,4324.63
19873,6640,373,1,4435.35
19874,6641,341,2,1594.54
19875,6641,388,1,1373.2
19876,6641,43,2,791.88
19877,6641,138,1,4165.59
19878,6641,317,1,784.53
19879,6642,387,3,1384.34
19880,6643,31,1,3335.57
19881,6643,187,1,7451.43
19882,6643,436,4,6428.91
19883,6644,121,3,704.52
19884,6644,409,3,4629.95
19885,6645,255,1,3636.36
19886,6645,136,1,6859.2
19887,6645,396,1,1589.43
19888,6646,498,4,5835.24
19889,6646,499,2,2598.33
19890,6647,12,3,5776.18
19891,6647,277,4,4935.0
19892,6648,19,3,4193.05
19893,6648,498,2,5835.24
19894,6649,434,2,5172.12
19895,6649,475,1,1249.33
19896,6649,219,3,1512.13
19897,6650,384,4,4637.79
19898,6650,170,1,3039.1
19899,6650,122,3,1788.84
19900,6650,337,1,5116.18
19901,6651,396,2,1589.43
19902,6651,221,2,6443.18
19903,6651,172,1,5729.96
19904,6651,185,1,1990.36
19905,6651,228,4,5999.41
19906,6652,335,2,3273.18
19907,6652,184,3,4693.71
19908,6652,88,4,3652.47
19909,6652,420,2,1934.38
19910,6653,129,3,1449.29
19911,6653,107,3,4351.35
19912,6653,50,3,4659.51
19913,6653,56,4,1350.59
19914,6653,234,3,1670.39
19915,6654,493,2,6088.79
19916,6654,288,4,6212.26
19917,6655,210,1,530.97
19918,6656,494,3,5234.76
19919,6656,201,4,1060.46
19920,6656,93,1,2629.61
19921,6656,178,1,3635.79
19922,6657,18,1,3961.8
19923,6658,282,1,5682.3
19924,6658,163,3,6699.83
19925,6658,253,4,2797.42
19926,6658,367,3,2356.19
19927,6658,28,1,801.28
19928,6659,495,1,5674.17
19929,6659,147,3,2549.32
19930,6659,259,3,1302.93
19931,6660,103,2,5044.44
19932,6660,366,3,3398.33
19933,6660,147,1,2549.32
19934,6660,39,2,3097.27
19935,6660,468,1,6226.51
19936,6661,393,4,1234.01
19937,6661,110,2,6959.37
19938,6662,137,1,2345.58
19939,6662,137,1,2345.58
19940,6662,389,3,1828.56
19941,6663,493,4,6088.79
19942,6664,499,3,2598.33
19943,6664,234,1,1670.39
19944,6664,463,4,4315.08
19945,6664,7,3,1658.11
19946,6664,448,4,1589.08
19947,6665,121,1,704.52
19948,6665,196,2,4145.76
19949,6666,317,3,784.53
19950,6666,72,1,5436.37
19951,6667,458,3,4050.01
19952,6667,104,2,673.38
19953,6667,173,4,4328.16
19954,6668,111,2,2394.51
19955,6668,224,4,5253.84
19956,6668,276,4,2669.21
19957,6669,402,4,1337.62
19958,6669,104,1,673.38
19959,6669,154,1,3919.63
19960,6669,15,2,3647.94
19961,6670,191,2,1690.83
19962,6670,320,4,6639.63
19963,6671,465,2,6681.17
19964,6671,384,4,4637.79
19965,6671,313,1,3303.95
19966,6671,67,4,6765.53
19967,6671,142,1,628.57
19968,6672,234,3,1670.39
19969,6672,293,4,5467.31
19970,6672,164,2,451.3
19971,6672,270,1,3668.4
19972,6673,333,2,6331.32
19973,6673,243,1,5813.12
19974,6673,51,4,775.58
19975,6674,5,3,2523.37
19976,6674,100,1,7678.63
19977,6674,315,4,1950.17
19978,6674,470,2,4963.98
19979,6675,109,2,2146.83
19980,6675,356,4,5880.99
19981,6675,70,4,2952.71
19982,6675,127,4,4216.76
19983,6675,167,3,6818.7
19984,6676,103,1,5044.44
19985,6676,59,1,3551.72
19986,6677,273,3,4355.96
19987,6677,189,1,3600.6
19988,6678,349,4,4253.69
19989,6678,94,1,637.72
19990,6678,422,3,5095.84
19991,6678,11,2,5761.74
19992,6678,241,4,600.8
19993,6679,253,3,2797.42
19994,6679,217,4,1753.76
19995,6679,279,1,774.25
19996,6679,29,3,5434.79
19997,6680,12,1,5776.18
19998,6681,146,3,2758.94
19999,6681,105,2,4056.14
20000,6681,447,3,2421.14
20001,6681,382,4,5869.03
20002,6681,7,3,1658.11
20003,6682,238,2,555.04
20004,6682,56,1,1350.59
20005,6683,461,3,4553.3
20006,6683,143,2,4831.33
20007,6683,224,1,5253.84
20008,6683,334,4,4382.79
20009,6684,202,3,3841.09
20010,6684,279,4,774.25
20011,6685,313,1,3303.95
20012,6686,301,4,4803.29
20013,6686,228,3,5999.41
20014,6686,500,4,5135.84
20015,6686,170,1,3039.1
20016,6686,105,4,4056.14
20017,6687,303,4,1103.01
20018,6687,352,2,6820.17
20019,6687,443,1,4924.62
20020,6687,219,2,1512.13
20021,6687,142,3,628.57
20022,6688,306,3,1311.81
20023,6689,8,2,1108.08
20024,6689,329,4,6150.42
20025,6689,413,2,5368.82
20026,6689,439,3,5144.08
20027,6690,309,2,825.37
20028,6690,432,4,3897.39
20029,6690,275,3,1381.85
20030,6690,89,1,4465.7
20031,6690,131,4,4351.85
20032,6691,228,4,5999.41
20033,6692,401,3,830.88
20034,6693,9,2,3407.08
20035,6694,458,1,4050.01
20036,6694,375,3,5456.42
20037,6694,192,4,1522.05
20038,6695,200,1,3146.05
20039,6695,404,1,5691.79
20040,6696,254,4,229.57
20041,6696,372,3,2126.62
20042,6696,365,4,5059.36
20043,6696,237,3,3807.7
20044,6696,417,2,4766.29
20045,6697,141,2,4217.11
20046,6697,378,3,5787.24
20047,6697,409,2,4629.95
20048,6698,375,1,5456.42
20049,6699,64,3,5245.29
20050,6699,462,1,1440.1
20051,6699,139,4,2207.41
20052,6700,380,3,4324.63
20053,6700,423,2,5959.15
20054,6700,442,2,6554.24
20055,6701,320,3,6639.63
20056,6701,247,4,3140.62
20057,6701,337,2,5116.18
20058,6702,281,1,767.61
20059,6702,354,1,1425.69
20060,6702,261,2,6008.79
20061,6703,360,3,2975.5
20062,6703,231,4,1813.96
20063,6703,158,3,4348.37
20064,6703,133,4,7682.68
20065,6703,461,3,4553.3
20066,6704,165,1,4937.61
20067,6704,346,3,3160.86
20068,6704,162,2,3673.3
20069,6704,354,2,1425.69
20070,6704,28,2,801.28
20071,6705,418,4,4532.15
20072,6705,153,3,7154.27
20073,6705,104,2,673.38
20074,6706,373,2,4435.35
20075,6706,421,4,1285.52
20076,6707,373,2,4435.35
20077,6707,165,3,4937.61
20078,6708,208,3,1461.6
20079,6708,291,3,4158.04
20080,6708,43,1,791.88
20081,6708,15,1,3647.94
20082,6708,489,3,1979.19
20083,6709,140,4,4644.31
20084,6710,205,3,6203.46
20085,6710,348,1,4037.99
20086,6710,217,1,1753.76
20087,6710,133,1,7682.68
20088,6710,147,4,2549.32
20089,6711,488,3,723.72
20090,6711,360,4,2975.5
20091,6711,473,1,4224.82
20092,6711,27,1,1911.35
20093,6712,28,1,801.28
20094,6712,204,1,3202.4
20095,6713,85,1,206.91
20096,6714,314,2,5187.17
20097,6714,161,2,6112.98
20098,6714,216,1,4724.1
20099,6714,466,3,3543.0
20100,6715,240,4,1220.06
20101,6715,89,3,4465.7
20102,6715,458,1,4050.01
20103,6716,254,1,229.57
20104,6716,451,2,5285.86
20105,6716,429,4,3529.21
20106,6716,353,1,4945.04
20107,6716,321,4,2051.86
20108,6717,161,3,6112.98
20109,6718,417,2,4766.29
20110,6718,206,2,6451.33
20111,6718,89,1,4465.7
20112,6718,370,1,4396.17
20113,6718,315,3,1950.17
20114,6719,485,1,4042.01
20115,6719,419,2,4392.23
20116,6719,88,1,3652.47
20117,6719,319,4,3408.81
20118,6720,108,2,2189.38
20119,6720,447,3,2421.14
20120,6720,255,3,3636.36
20121,6721,56,1,1350.59
20122,6721,138,4,4165.59
20123,6721,285,2,3625.74
20124,6721,201,3,1060.46
20125,6722,443,3,4924.62
20126,6722,432,3,3897.39
20127,6722,9,4,3407.08
20128,6722,140,2,4644.31
20129,6722,210,3,530.97
20130,6723,495,2,5674.17
20131,6724,391,2,2831.62
20132,6725,385,4,4521.81
20133,6726,212,3,155.74
20134,6726,365,1,5059.36
20135,6726,187,1,7451.43
20136,6727,438,1,3420.48
20137,6727,397,1,2867.64
20138,6727,229,3,6178.47
20139,6727,111,2,2394.51
20140,6728,98,3,5554.21
20141,6729,444,3,5110.75
20142,6729,429,4,3529.21
20143,6729,222,1,5410.26
20144,6729,221,4,6443.18
20145,6729,358,2,5127.98
20146,6730,47,3,2540.64
20147,6730,440,1,1786.05
20148,6730,440,3,1786.05
20149,6731,216,2,4724.1
20150,6732,125,1,4655.25
20151,6732,114,2,1305.47
20152,6732,135,3,5029.03
20153,6732,373,1,4435.35
20154,6733,23,4,4519.4
20155,6733,307,1,5262.37
20156,6734,450,2,2146.91
20157,6735,212,2,155.74
20158,6735,353,4,4945.04
20159,6735,466,1,3543.0
20160,6735,477,1,1536.6
20161,6736,338,4,5130.85
20162,6736,138,1,4165.59
20163,6736,254,2,229.57
20164,6736,155,3,7062.88
20165,6737,242,2,3908.61
20166,6738,186,2,2472.63
20167,6738,168,3,4609.57
20168,6738,47,4,2540.64
20169,6738,492,4,5032.36
20170,6739,227,3,3884.33
20171,6739,270,3,3668.4
20172,6739,355,2,6023.83
20173,6739,55,1,5294.38
20174,6739,100,1,7678.63
20175,6740,349,4,4253.69
20176,6741,277,1,4935.0
20177,6741,187,4,7451.43
20178,6742,374,4,3593.06
20179,6742,45,4,2239.06
20180,6742,322,1,3077.91
20181,6742,452,2,743.06
20182,6742,317,2,784.53
20183,6743,487,4,3602.54
20184,6743,379,2,1894.51
20185,6744,203,1,3122.39
20186,6744,216,2,4724.1
20187,6744,376,3,4480.08
20188,6745,467,1,5633.33
20189,6746,417,4,4766.29
20190,6747,462,3,1440.1
20191,6748,124,4,6069.73
20192,6748,207,3,5032.22
20193,6748,163,1,6699.83
20194,6748,365,1,5059.36
20195,6749,142,1,628.57
20196,6749,49,4,1001.46
20197,6750,231,4,1813.96
20198,6751,147,2,2549.32
20199,6752,142,4,628.57
20200,6752,352,1,6820.17
20201,6753,40,3,2870.78
20202,6753,494,3,5234.76
20203,6754,499,2,2598.33
20204,6754,440,4,1786.05
20205,6755,265,3,5984.67
20206,6755,245,4,2794.78
20207,6755,286,4,5544.61
20208,6756,498,2,5835.24
20209,6756,378,4,5787.24
20210,6756,384,2,4637.79
20211,6756,49,3,1001.46
20212,6756,94,4,637.72
20213,6757,72,4,5436.37
20214,6758,406,3,2675.38
20215,6758,24,4,6433.86
20216,6759,415,3,3144.2
20217,6759,119,4,224.22
20218,6760,328,4,2729.68
20219,6760,50,4,4659.51
20220,6760,164,2,451.3
20221,6760,147,1,2549.32
20222,6760,388,3,1373.2
20223,6761,380,1,4324.63
20224,6761,401,4,830.88
20225,6761,445,4,4299.29
20226,6762,296,2,959.66
20227,6762,9,2,3407.08
20228,6763,211,1,3182.08
20229,6763,97,2,3649.64
20230,6763,257,3,1725.23
20231,6763,231,2,1813.96
20232,6764,219,2,1512.13
20233,6764,313,1,3303.95
20234,6765,230,4,3984.19
20235,6765,243,2,5813.12
20236,6765,219,4,1512.13
20237,6765,211,4,3182.08
20238,6765,485,1,4042.01
20239,6766,27,4,1911.35
20240,6766,325,3,6330.63
20241,6767,40,2,2870.78
20242,6767,224,2,5253.84
20243,6767,429,2,3529.21
20244,6767,173,1,4328.16
20245,6767,297,2,1402.1
20246,6768,381,4,2780.62
20247,6769,147,1,2549.32
20248,6769,7,2,1658.11
20249,6769,82,2,5405.87
20250,6769,467,1,5633.33
20251,6769,64,4,5245.29
20252,6770,496,3,5678.29
20253,6770,124,2,6069.73
20254,6770,429,2,3529.21
20255,6771,64,1,5245.29
20256,6771,440,4,1786.05
20257,6771,390,3,222.07
20258,6772,97,4,3649.64
20259,6772,470,3,4963.98
20260,6772,9,4,3407.08
20261,6772,426,3,1145.23
20262,6772,212,4,155.74
20263,6773,378,1,5787.24
20264,6773,432,3,3897.39
20265,6773,126,4,5865.84
20266,6773,371,1,6431.49
20267,6774,49,2,1001.46
20268,6774,370,3,4396.17
20269,6774,401,1,830.88
20270,6775,146,1,2758.94
20271,6775,280,4,4382.83
20272,6775,471,2,1844.85
20273,6775,37,3,1174.23
20274,6776,211,3,3182.08
20275,6777,237,3,3807.7
20276,6777,267,4,3128.45
20277,6778,205,2,6203.46
20278,6778,403,2,2324.3
20279,6778,359,1,3218.73
20280,6778,493,2,6088.79
20281,6779,170,2,3039.1
20282,6779,491,4,336.73
20283,6780,389,3,1828.56
20284,6781,148,3,2389.03
20285,6781,304,3,4992.14
20286,6782,441,3,5639.25
20287,6782,273,4,4355.96
20288,6782,485,4,4042.01
20289,6782,364,1,6026.85
20290,6783,416,3,3452.92
20291,6784,289,3,615.43
20292,6784,355,4,6023.83
20293,6785,102,1,5155.01
20294,6785,258,2,4144.01
20295,6786,161,3,6112.98
20296,6786,108,1,2189.38
20297,6787,331,1,895.99
20298,6787,17,3,6553.92
20299,6787,398,4,6965.19
20300,6787,192,2,1522.05
20301,6788,193,1,6626.72
20302,6788,453,4,2708.83
20303,6788,198,1,2183.12
20304,6788,233,3,4261.37
20305,6788,481,1,4362.0
20306,6789,86,3,4346.28
20307,6790,286,4,5544.61
20308,6790,247,3,3140.62
20309,6791,439,2,5144.08
20310,6791,105,4,4056.14
20311,6791,338,2,5130.85
20312,6792,20,3,543.91
20313,6792,352,1,6820.17
20314,6792,382,3,5869.03
20315,6793,304,1,4992.14
20316,6793,71,1,4208.53
20317,6793,460,2,5962.4
20318,6793,156,4,3556.59
20319,6794,485,2,4042.01
20320,6794,2,3,5222.22
20321,6795,29,2,5434.79
20322,6795,175,3,1587.68
20323,6795,477,3,1536.6
20324,6795,33,4,6626.78
20325,6795,251,1,4963.2
20326,6796,413,4,5368.82
20327,6796,243,4,5813.12
20328,6796,320,1,6639.63
20329,6797,15,2,3647.94
20330,6797,115,3,2916.37
20331,6797,25,1,6342.54
20332,6798,448,4,1589.08
20333,6798,188,1,5890.62
20334,6798,67,4,6765.53
20335,6799,193,4,6626.72
20336,6800,136,2,6859.2
20337,6801,122,4,1788.84
20338,6801,169,1,5455.24
20339,6802,488,4,723.72
20340,6802,291,1,4158.04
20341,6802,121,1,704.52
20342,6803,127,3,4216.76
20343,6803,498,4,5835.24
20344,6803,201,2,1060.46
20345,6803,244,1,1747.97
20346,6803,161,4,6112.98
20347,6804,211,1,3182.08
20348,6804,230,4,3984.19
20349,6804,426,4,1145.23
20350,6804,445,1,4299.29
20351,6804,386,2,988.77
20352,6805,319,2,3408.81
20353,6806,490,2,7539.95
20354,6807,76,4,3624.25
20355,6807,210,3,530.97
20356,6807,467,4,5633.33
20357,6807,171,4,6247.86
20358,6807,293,2,5467.31
20359,6808,318,1,5367.63
20360,6808,415,4,3144.2
20361,6808,146,1,2758.94
20362,6809,283,2,5922.7
20363,6809,83,3,4207.1
20364,6810,262,1,3433.24
20365,6810,227,1,3884.33
20366,6810,280,2,4382.83
20367,6810,190,4,2545.79
20368,6811,12,2,5776.18
20369,6811,370,2,4396.17
20370,6812,206,1,6451.33
20371,6813,489,3,1979.19
20372,6813,32,2,4203.79
20373,6813,445,2,4299.29
20374,6813,17,2,6553.92
20375,6814,251,1,4963.2
20376,6815,357,3,3963.48
20377,6815,155,4,7062.88
20378,6815,248,2,5396.23
20379,6815,413,3,5368.82
20380,6815,298,1,5143.35
20381,6816,193,4,6626.72
20382,6816,231,3,1813.96
20383,6816,220,3,3372.55
20384,6816,418,4,4532.15
20385,6816,178,1,3635.79
20386,6817,120,1,2247.59
20387,6817,197,3,3444.31
20388,6817,150,1,1545.47
20389,6817,204,2,3202.4
20390,6818,453,2,2708.83
20391,6819,360,2,2975.5
20392,6820,128,2,2947.92
20393,6821,274,2,7224.74
20394,6821,436,4,6428.91
20395,6821,178,2,3635.79
20396,6821,122,4,1788.84
20397,6822,429,4,3529.21
20398,6822,107,4,4351.35
20399,6822,166,3,3680.98
20400,6823,33,4,6626.78
20401,6823,104,3,673.38
20402,6823,343,3,2443.83
20403,6823,404,2,5691.79
20404,6824,470,3,4963.98
20405,6825,195,2,3142.65
20406,6825,499,2,2598.33
20407,6825,276,4,2669.21
20408,6825,83,3,4207.1
20409,6825,88,1,3652.47
20410,6826,384,3,4637.79
20411,6826,479,4,4247.61
20412,6826,35,3,3703.55
20413,6827,438,4,3420.48
20414,6827,281,1,767.61
20415,6827,387,1,1384.34
20416,6827,355,4,6023.83
20417,6828,158,3,4348.37
20418,6828,1,3,2876.42
20419,6829,31,1,3335.57
20420,6829,34,4,1739.97
20421,6829,462,3,1440.1
20422,6829,69,3,2687.96
20423,6829,237,1,3807.7
20424,6830,95,3,4933.59
20425,6830,229,1,6178.47
20426,6830,454,4,469.46
20427,6831,34,4,1739.97
20428,6831,16,1,3318.23
20429,6831,374,3,3593.06
20430,6831,378,2,5787.24
20431,6831,362,3,4182.94
20432,6832,73,2,958.17
20433,6832,43,3,791.88
20434,6832,259,3,1302.93
20435,6832,224,1,5253.84
20436,6833,466,1,3543.0
20437,6833,300,2,1582.87
20438,6834,69,2,2687.96
20439,6834,116,3,584.32
20440,6834,161,3,6112.98
20441,6834,103,1,5044.44
20442,6834,452,1,743.06
20443,6835,405,1,4305.08
20444,6835,270,3,3668.4
20445,6835,387,3,1384.34
20446,6835,130,2,1963.29
20447,6835,281,2,767.61
20448,6836,234,3,1670.39
20449,6837,435,2,3048.69
20450,6837,20,2,543.91
20451,6838,178,4,3635.79
20452,6839,444,4,5110.75
20453,6839,200,3,3146.05
20454,6839,375,3,5456.42
20455,6840,494,3,5234.76
20456,6840,317,1,784.53
20457,6841,134,1,4419.51
20458,6842,223,3,830.78
20459,6842,314,1,5187.17
20460,6842,495,2,5674.17
20461,6842,93,3,2629.61
20462,6843,81,2,3349.11
20463,6843,179,3,2635.11
20464,6843,190,4,2545.79
20465,6843,174,2,2623.77
20466,6844,164,1,451.3
20467,6844,80,3,2551.1
20468,6844,40,4,2870.78
20469,6844,167,4,6818.7
20470,6844,97,4,3649.64
20471,6845,235,4,5882.55
20472,6845,444,3,5110.75
20473,6845,346,2,3160.86
20474,6846,359,3,3218.73
20475,6846,280,1,4382.83
20476,6847,169,3,5455.24
20477,6847,94,4,637.72
20478,6847,285,3,3625.74
20479,6847,123,2,5238.56
20480,6848,197,1,3444.31
20481,6848,179,1,2635.11
20482,6848,201,4,1060.46
20483,6848,442,2,6554.24
20484,6849,126,3,5865.84
20485,6849,301,4,4803.29
20486,6850,406,1,2675.38
20487,6850,81,4,3349.11
20488,6850,253,4,2797.42
20489,6850,407,4,5614.76
20490,6850,226,3,1742.75
20491,6851,161,2,6112.98
20492,6851,244,3,1747.97
20493,6851,267,3,3128.45
20494,6852,235,1,5882.55
20495,6852,477,2,1536.6
20496,6853,253,4,2797.42
20497,6853,461,4,4553.3
20498,6853,60,4,5163.17
20499,6854,117,1,924.08
20500,6854,360,3,2975.5
20501,6855,422,1,5095.84
20502,6856,13,3,2922.53
20503,6857,134,4,4419.51
20504,6857,299,3,5162.19
20505,6858,134,4,4419.51
20506,6858,232,2,6669.4
20507,6858,68,4,5048.98
20508,6858,342,2,2036.46
20509,6859,415,2,3144.2
20510,6859,308,4,1437.25
20511,6859,428,4,3337.91
20512,6859,466,4,3543.0
20513,6859,137,1,2345.58
20514,6860,368,3,3127.98
20515,6860,495,3,5674.17
20516,6861,172,3,5729.96
20517,6862,297,3,1402.1
20518,6862,467,2,5633.33
20519,6863,497,4,4863.47
20520,6863,496,1,5678.29
20521,6864,276,4,2669.21
20522,6864,45,1,2239.06
20523,6865,274,4,7224.74
20524,6865,118,4,4371.63
20525,6865,253,3,2797.42
20526,6865,487,4,3602.54
20527,6865,128,4,2947.92
20528,6866,170,3,3039.1
20529,6866,126,3,5865.84
20530,6867,260,4,1846.21
20531,6867,273,2,4355.96
20532,6867,432,3,3897.39
20533,6868,268,3,2691.51
20534,6868,393,2,1234.01
20535,6869,101,4,1381.51
20536,6869,304,3,4992.14
20537,6869,393,4,1234.01
20538,6870,128,1,2947.92
20539,6870,477,4,1536.6
20540,6871,394,3,4349.12
20541,6871,345,2,6715.15
20542,6871,119,4,224.22
20543,6871,14,2,1195.89
20544,6872,172,4,5729.96
20545,6872,200,3,3146.05
20546,6872,395,3,4977.01
20547,6873,495,1,5674.17
20548,6873,151,1,1368.5
20549,6874,260,4,1846.21
20550,6875,250,4,2853.44
20551,6875,164,4,451.3
20552,6875,193,4,6626.72
20553,6875,261,4,6008.79
20554,6876,87,3,1282.33
20555,6877,297,2,1402.1
20556,6877,267,1,3128.45
20557,6877,11,4,5761.74
20558,6877,326,3,5313.25
20559,6878,341,2,1594.54
20560,6878,500,3,5135.84
20561,6878,494,4,5234.76
20562,6878,390,4,222.07
20563,6878,364,4,6026.85
20564,6879,286,4,5544.61
20565,6879,175,1,1587.68
20566,6879,128,1,2947.92
20567,6879,385,1,4521.81
20568,6880,307,4,5262.37
20569,6880,51,2,775.58
20570,6881,291,2,4158.04
20571,6882,170,2,3039.1
20572,6882,486,4,3925.75
20573,6882,430,3,1289.32
20574,6882,110,1,6959.37
20575,6883,416,3,3452.92
20576,6883,339,3,4212.47
20577,6884,34,3,1739.97
20578,6884,108,4,2189.38
20579,6884,77,2,5802.31
20580,6884,187,3,7451.43
20581,6884,489,2,1979.19
20582,6885,132,3,734.08
20583,6885,96,1,418.99
20584,6886,498,1,5835.24
20585,6886,29,1,5434.79
20586,6887,138,1,4165.59
20587,6887,443,4,4924.62
20588,6887,92,3,4206.66
20589,6887,385,2,4521.81
20590,6887,474,4,5605.5
20591,6888,325,4,6330.63
20592,6888,43,4,791.88
20593,6888,350,3,1035.46
20594,6888,225,3,3865.19
20595,6888,299,4,5162.19
20596,6889,469,3,5810.45
20597,6889,205,2,6203.46
20598,6889,255,1,3636.36
20599,6889,377,3,5763.68
20600,6890,162,2,3673.3
20601,6891,225,2,3865.19
20602,6892,341,2,1594.54
20603,6892,306,4,1311.81
20604,6892,119,2,224.22
20605,6892,58,1,685.74
20606,6893,250,1,2853.44
20607,6893,367,4,2356.19
20608,6893,441,4,5639.25
20609,6893,475,4,1249.33
20610,6893,324,1,3848.88
20611,6894,499,4,2598.33
20612,6895,324,3,3848.88
20613,6895,153,4,7154.27
20614,6895,118,2,4371.63
20615,6895,138,1,4165.59
20616,6896,366,2,3398.33
20617,6896,86,2,4346.28
20618,6897,146,1,2758.94
20619,6897,69,4,2687.96
20620,6897,475,3,1249.33
20621,6897,318,2,5367.63
20622,6898,362,4,4182.94
20623,6898,111,1,2394.51
20624,6898,106,2,1635.06
20625,6898,126,1,5865.84
20626,6899,87,3,1282.33
20627,6900,125,1,4655.25
20628,6900,254,2,229.57
20629,6900,402,4,1337.62
20630,6901,464,1,7057.45
20631,6901,36,4,3194.46
20632,6901,311,4,1952.58
20633,6901,484,1,5888.26
20634,6901,401,4,830.88
20635,6902,364,2,6026.85
20636,6903,183,1,4643.22
20637,6903,28,1,801.28
20638,6903,484,1,5888.26
20639,6903,268,1,2691.51
20640,6904,169,4,5455.24
20641,6905,115,3,2916.37
20642,6905,300,3,1582.87
20643,6906,241,4,600.8
20644,6906,400,3,3874.31
20645,6907,440,1,1786.05
20646,6907,212,2,155.74
20647,6907,264,4,1850.78
20648,6908,11,1,5761.74
20649,6909,30,2,1495.61
20650,6909,454,2,469.46
20651,6909,25,3,6342.54
20652,6910,237,4,3807.7
20653,6910,35,4,3703.55
20654,6910,301,3,4803.29
20655,6910,281,1,767.61
20656,6910,176,3,2750.53
20657,6911,153,4,7154.27
20658,6911,498,4,5835.24
20659,6911,451,1,5285.86
20660,6911,98,4,5554.21
20661,6912,252,3,4468.34
20662,6912,337,4,5116.18
20663,6912,359,4,3218.73
20664,6912,216,2,4724.1
20665,6912,416,3,3452.92
20666,6913,44,4,5953.73
20667,6913,167,4,6818.7
20668,6913,95,2,4933.59
20669,6913,337,2,5116.18
20670,6913,179,2,2635.11
20671,6914,281,4,767.61
20672,6914,90,1,2134.9
20673,6914,474,4,5605.5
20674,6915,59,1,3551.72
20675,6915,260,4,1846.21
20676,6915,251,4,4963.2
20677,6915,223,1,830.78
20678,6915,470,1,4963.98
20679,6916,370,1,4396.17
20680,6916,14,2,1195.89
20681,6917,379,4,1894.51
20682,6917,102,3,5155.01
20683,6917,227,1,3884.33
20684,6917,433,1,3901.17
20685,6918,222,3,5410.26
20686,6918,213,4,3927.95
20687,6918,103,3,5044.44
20688,6918,164,4,451.3
20689,6918,259,1,1302.93
20690,6919,99,2,377.4
20691,6919,34,4,1739.97
20692,6919,37,3,1174.23
20693,6919,244,4,1747.97
20694,6920,119,4,224.22
20695,6920,357,2,3963.48
20696,6920,164,2,451.3
20697,6920,46,3,922.81
20698,6920,305,4,1283.96
20699,6921,460,4,5962.4
20700,6921,22,1,2628.43
20701,6921,370,4,4396.17
20702,6921,322,3,3077.91
20703,6921,295,3,1323.61
20704,6922,486,2,3925.75
20705,6923,232,2,6669.4
20706,6924,331,4,895.99
20707,6924,351,2,5407.74
20708,6924,160,1,6704.84
20709,6924,425,3,4224.17
20710,6925,427,1,5615.06
20711,6925,493,3,6088.79
20712,6926,208,1,1461.6
20713,6926,331,3,895.99
20714,6926,405,2,4305.08
20715,6926,232,4,6669.4
20716,6926,495,1,5674.17
20717,6927,349,1,4253.69
20718,6927,353,3,4945.04
20719,6928,432,4,3897.39
20720,6929,362,3,4182.94
20721,6929,290,3,1518.49
20722,6930,328,2,2729.68
20723,6931,216,3,4724.1
20724,6931,219,1,1512.13
20725,6931,185,2,1990.36
20726,6931,440,1,1786.05
20727,6931,260,1,1846.21
20728,6932,436,1,6428.91
20729,6932,374,1,3593.06
20730,6932,42,3,5752.4
20731,6932,59,4,3551.72
20732,6933,135,3,5029.03
20733,6933,397,2,2867.64
20734,6934,296,2,959.66
20735,6934,21,1,773.93
20736,6934,487,4,3602.54
20737,6935,381,3,2780.62
20738,6935,312,1,4519.33
20739,6935,38,4,1645.79
20740,6935,370,4,4396.17
20741,6936,26,2,5756.04
20742,6937,378,1,5787.24
20743,6937,408,2,2432.33
20744,6938,464,4,7057.45
20745,6938,364,4,6026.85
20746,6938,14,4,1195.89
20747,6938,435,4,3048.69
20748,6938,447,2,2421.14
20749,6939,160,2,6704.84
20750,6939,212,4,155.74
20751,6939,126,2,5865.84
20752,6940,148,2,2389.03
20753,6940,399,4,5067.92
20754,6940,260,4,1846.21
20755,6941,461,2,4553.3
20756,6941,66,2,3951.93
20757,6941,44,3,5953.73
20758,6942,21,2,773.93
20759,6942,434,4,5172.12
20760,6942,35,1,3703.55
20761,6942,247,1,3140.62
20762,6943,383,4,1338.8
20763,6943,241,2,600.8
20764,6943,157,2,5351.04
20765,6943,6,3,2038.84
20766,6943,351,4,5407.74
20767,6944,450,2,2146.91
20768,6945,39,3,3097.27
20769,6946,166,3,3680.98
20770,6946,367,4,2356.19
20771,6947,110,3,6959.37
20772,6948,5,3,2523.37
20773,6948,389,2,1828.56
20774,6949,456,4,4335.7
20775,6950,494,2,5234.76
20776,6950,414,1,981.22
20777,6950,286,4,5544.61
20778,6950,409,1,4629.95
20779,6951,401,2,830.88
20780,6951,58,3,685.74
20781,6951,432,3,3897.39
20782,6951,298,4,5143.35
20783,6952,14,3,1195.89
20784,6952,325,2,6330.63
20785,6952,406,4,2675.38
20786,6952,476,3,4727.45
20787,6952,291,1,4158.04
20788,6953,189,3,3600.6
20789,6953,261,2,6008.79
20790,6954,167,2,6818.7
20791,6955,436,3,6428.91
20792,6955,366,4,3398.33
20793,6956,494,2,5234.76
20794,6956,244,4,1747.97
20795,6956,479,2,4247.61
20796,6956,319,4,3408.81
20797,6956,359,1,3218.73
20798,6957,359,2,3218.73
20799,6958,479,4,4247.61
20800,6958,184,1,4693.71
20801,6958,500,1,5135.84
20802,6959,275,1,1381.85
20803,6960,479,2,4247.61
20804,6960,367,2,2356.19
20805,6961,317,1,784.53
20806,6961,129,1,1449.29
20807,6962,212,4,155.74
20808,6962,405,4,4305.08
20809,6963,317,3,784.53
20810,6963,427,3,5615.06
20811,6963,185,2,1990.36
20812,6964,283,4,5922.7
20813,6964,123,4,5238.56
20814,6964,488,4,723.72
20815,6964,457,2,4840.21
20816,6965,13,2,2922.53
20817,6965,150,2,1545.47
20818,6965,278,2,1452.09
20819,6966,433,4,3901.17
20820,6966,367,4,2356.19
20821,6966,114,2,1305.47
20822,6966,60,4,5163.17
20823,6967,329,2,6150.42
20824,6967,336,1,3505.41
20825,6967,87,2,1282.33
20826,6967,355,1,6023.83
20827,6967,297,4,1402.1
20828,6968,45,4,2239.06
20829,6968,426,1,1145.23
20830,6968,51,2,775.58
20831,6968,396,2,1589.43
20832,6969,212,4,155.74
20833,6969,249,3,6139.17
20834,6969,113,2,2129.84
20835,6969,123,2,5238.56
20836,6970,433,2,3901.17
20837,6970,408,4,2432.33
20838,6970,130,3,1963.29
20839,6970,266,3,3100.54
20840,6970,286,3,5544.61
20841,6971,34,2,1739.97
20842,6971,299,4,5162.19
20843,6971,418,2,4532.15
20844,6971,154,3,3919.63
20845,6971,37,3,1174.23
20846,6972,344,1,6982.35
20847,6972,426,4,1145.23
20848,6972,75,4,3885.28
20849,6972,281,1,767.61
20850,6972,322,3,3077.91
20851,6973,90,4,2134.9
20852,6973,303,1,1103.01
20853,6973,280,1,4382.83
20854,6973,425,2,4224.17
20855,6973,490,4,7539.95
20856,6974,435,2,3048.69
20857,6974,31,2,3335.57
20858,6974,164,3,451.3
20859,6974,213,3,3927.95
20860,6974,451,1,5285.86
20861,6975,467,3,5633.33
20862,6975,189,4,3600.6
20863,6975,330,2,4391.26
20864,6975,87,1,1282.33
20865,6975,42,3,5752.4
20866,6976,396,4,1589.43
20867,6976,293,2,5467.31
20868,6976,485,2,4042.01
20869,6977,219,2,1512.13
20870,6977,314,3,5187.17
20871,6977,277,3,4935.0
20872,6978,418,2,4532.15
20873,6978,237,1,3807.7
20874,6978,186,2,2472.63
20875,6978,416,3,3452.92
20876,6978,157,1,5351.04
20877,6979,496,2,5678.29
20878,6979,288,1,6212.26
20879,6980,372,1,2126.62
20880,6980,479,3,4247.61
20881,6980,137,1,2345.58
20882,6981,498,4,5835.24
20883,6981,182,2,4710.47
20884,6981,397,1,2867.64
20885,6981,38,2,1645.79
20886,6981,19,2,4193.05
20887,6982,17,2,6553.92
20888,6983,99,4,377.4
20889,6983,23,1,4519.4
20890,6983,425,4,4224.17
20891,6984,203,3,3122.39
20892,6984,37,2,1174.23
20893,6985,210,3,530.97
20894,6985,79,3,2892.49
20895,6985,68,3,5048.98
20896,6985,77,3,5802.31
20897,6986,385,1,4521.81
20898,6986,238,1,555.04
20899,6986,44,4,5953.73
20900,6986,105,2,4056.14
20901,6987,129,3,1449.29
20902,6987,8,2,1108.08
20903,6987,460,4,5962.4
20904,6987,138,3,4165.59
20905,6988,228,4,5999.41
20906,6988,158,2,4348.37
20907,6988,499,4,2598.33
20908,6989,90,1,2134.9
20909,6989,330,3,4391.26
20910,6989,13,2,2922.53
20911,6990,480,4,1852.13
20912,6990,371,3,6431.49
20913,6990,26,1,5756.04
20914,6990,323,1,4863.69
20915,6990,96,1,418.99
20916,6991,209,1,5173.0
20917,6992,197,1,3444.31
20918,6992,44,1,5953.73
20919,6993,57,1,4604.53
20920,6993,419,1,4392.23
20921,6994,275,4,1381.85
20922,6994,470,2,4963.98
20923,6994,438,4,3420.48
20924,6994,453,4,2708.83
20925,6995,21,1,773.93
20926,6995,351,2,5407.74
20927,6995,250,1,2853.44
20928,6995,363,3,7234.27
20929,6995,9,1,3407.08
20930,6996,128,2,2947.92
20931,6997,70,2,2952.71
20932,6997,488,1,723.72
20933,6998,263,3,4317.08
20934,6998,303,2,1103.01
20935,6999,307,3,5262.37
20936,6999,19,3,4193.05
20937,6999,181,2,277.41
20938,6999,437,1,1635.15
20939,6999,51,2,775.58
20940,7000,22,1,2628.43
20941,7000,342,2,2036.46
20942,7000,460,3,5962.4
20943,7000,131,2,4351.85
20944,7000,92,2,4206.66
20945,7001,205,2,6203.46
20946,7001,418,3,4532.15
20947,7002,101,4,1381.51
20948,7002,491,4,336.73
20949,7002,264,4,1850.78
20950,7003,252,4,4468.34
20951,7003,24,2,6433.86
20952,7003,349,1,4253.69
20953,7003,262,2,3433.24
20954,7003,475,2,1249.33
20955,7004,424,4,1011.09
20956,7004,206,1,6451.33
20957,7004,182,1,4710.47
20958,7005,484,1,5888.26
20959,7006,13,3,2922.53
20960,7007,39,2,3097.27
20961,7007,460,3,5962.4
20962,7007,135,2,5029.03
20963,7007,301,3,4803.29
20964,7008,334,3,4382.79
20965,7009,456,4,4335.7
20966,7010,185,3,1990.36
20967,7010,185,2,1990.36
20968,7010,335,2,3273.18
20969,7010,346,2,3160.86
20970,7011,130,4,1963.29
20971,7011,227,1,3884.33
20972,7011,460,1,5962.4
20973,7012,239,1,2892.25
20974,7012,268,4,2691.51
20975,7012,248,3,5396.23
20976,7012,212,1,155.74
20977,7012,495,2,5674.17
20978,7013,101,1,1381.51
20979,7013,127,4,4216.76
20980,7013,399,3,5067.92
20981,7013,365,1,5059.36
20982,7013,192,3,1522.05
20983,7014,411,4,4968.3
20984,7014,486,1,3925.75
20985,7015,77,2,5802.31
20986,7016,304,3,4992.14
20987,7016,30,1,1495.61
20988,7016,57,1,4604.53
20989,7016,269,2,2723.78
20990,7017,35,4,3703.55
20991,7017,485,4,4042.01
20992,7017,155,4,7062.88
20993,7017,173,3,4328.16
20994,7017,54,2,3298.92
20995,7018,369,3,3840.55
20996,7018,384,3,4637.79
20997,7018,422,4,5095.84
20998,7019,20,4,543.91
20999,7019,320,1,6639.63
21000,7019,323,2,4863.69
21001,7019,11,2,5761.74
21002,7020,185,4,1990.36
21003,7020,64,2,5245.29
21004,7020,305,2,1283.96
21005,7021,445,2,4299.29
21006,7022,390,3,222.07
21007,7022,334,1,4382.79
21008,7023,353,4,4945.04
21009,7023,238,1,555.04
21010,7023,113,2,2129.84
21011,7023,216,2,4724.1
21012,7024,206,1,6451.33
21013,7024,357,4,3963.48
21014,7024,192,3,1522.05
21015,7024,122,2,1788.84
21016,7025,478,4,4700.05
21017,7025,435,1,3048.69
21018,7025,381,2,2780.62
21019,7025,395,1,4977.01
21020,7026,405,2,4305.08
21021,7027,254,4,229.57
21022,7027,477,2,1536.6
21023,7028,178,1,3635.79
21024,7028,121,3,704.52
21025,7028,347,1,5269.21
21026,7028,106,2,1635.06
21027,7028,167,2,6818.7
21028,7029,322,2,3077.91
21029,7029,30,3,1495.61
21030,7029,278,4,1452.09
21031,7029,451,3,5285.86
21032,7029,231,4,1813.96
21033,7030,163,3,6699.83
21034,7030,27,1,1911.35
21035,7030,18,2,3961.8
21036,7031,250,1,2853.44
21037,7031,119,3,224.22
21038,7031,110,2,6959.37
21039,7032,337,3,5116.18
21040,7032,401,2,830.88
21041,7032,98,2,5554.21
21042,7032,33,2,6626.78
21043,7032,402,3,1337.62
21044,7033,136,1,6859.2
21045,7034,114,2,1305.47
21046,7034,365,4,5059.36
21047,7034,71,1,4208.53
21048,7035,31,3,3335.57
21049,7035,60,3,5163.17
21050,7036,76,3,3624.25
21051,7036,318,2,5367.63
21052,7037,428,3,3337.91
21053,7037,196,3,4145.76
21054,7038,63,2,639.04
21055,7038,469,2,5810.45
21056,7038,237,2,3807.7
21057,7038,89,1,4465.7
21058,7039,250,1,2853.44
21059,7040,202,3,3841.09
21060,7040,272,4,1207.17
21061,7040,11,1,5761.74
21062,7040,94,1,637.72
21063,7040,171,1,6247.86
21064,7041,138,2,4165.59
21065,7041,363,2,7234.27
21066,7041,210,4,530.97
21067,7041,87,2,1282.33
21068,7042,318,1,5367.63
21069,7043,334,1,4382.79
21070,7044,83,4,4207.1
21071,7044,91,2,2388.1
21072,7044,59,2,3551.72
21073,7044,366,4,3398.33
21074,7045,481,3,4362.0
21075,7045,478,3,4700.05
21076,7045,490,4,7539.95
21077,7045,430,4,1289.32
21078,7045,349,1,4253.69
21079,7046,385,2,4521.81
21080,7046,355,1,6023.83
21081,7047,394,4,4349.12
21082,7048,481,3,4362.0
21083,7048,450,2,2146.91
21084,7048,102,1,5155.01
21085,7048,75,2,3885.28
21086,7049,353,2,4945.04
21087,7050,497,4,4863.47
21088,7051,8,2,1108.08
21089,7051,210,2,530.97
21090,7051,319,4,3408.81
21091,7051,274,4,7224.74
21092,7052,194,3,3575.56
21093,7052,60,3,5163.17
21094,7053,42,2,5752.4
21095,7053,451,2,5285.86
21096,7053,102,4,5155.01
21097,7053,59,3,3551.72
21098,7053,62,4,7110.36
21099,7054,485,1,4042.01
21100,7054,180,2,1609.07
21101,7054,353,4,4945.04
21102,7055,78,2,2623.38
21103,7055,336,1,3505.41
21104,7055,488,3,723.72
21105,7055,293,4,5467.31
21106,7056,260,2,1846.21
21107,7056,368,2,3127.98
21108,7056,471,2,1844.85
21109,7056,401,2,830.88
21110,7056,474,2,5605.5
21111,7057,439,4,5144.08
21112,7058,389,4,1828.56
21113,7058,235,2,5882.55
21114,7058,493,4,6088.79
21115,7058,47,3,2540.64
21116,7059,227,2,3884.33
21117,7059,218,2,1046.26
21118,7059,88,3,3652.47
21119,7059,442,3,6554.24
21120,7059,205,4,6203.46
21121,7060,246,1,2663.81
21122,7060,489,4,1979.19
21123,7060,208,3,1461.6
21124,7060,170,3,3039.1
21125,7060,102,4,5155.01
21126,7061,377,3,5763.68
21127,7061,213,4,3927.95
21128,7061,174,1,2623.77
21129,7061,353,4,4945.04
21130,7061,481,4,4362.0
21131,7062,337,4,5116.18
21132,7062,451,4,5285.86
21133,7062,450,1,2146.91
21134,7062,149,4,5667.0
21135,7062,133,3,7682.68
21136,7063,162,4,3673.3
21137,7064,299,4,5162.19
21138,7064,32,4,4203.79
21139,7064,127,2,4216.76
21140,7065,76,4,3624.25
21141,7065,473,2,4224.82
21142,7065,440,2,1786.05
21143,7065,462,2,1440.1
21144,7065,473,3,4224.82
21145,7066,45,1,2239.06
21146,7067,365,4,5059.36
21147,7068,325,3,6330.63
21148,7068,309,1,825.37
21149,7068,381,3,2780.62
21150,7068,6,3,2038.84
21151,7068,273,4,4355.96
21152,7069,57,1,4604.53
21153,7069,135,2,5029.03
21154,7069,473,3,4224.82
21155,7069,187,4,7451.43
21156,7070,387,2,1384.34
21157,7070,316,1,3281.58
21158,7071,186,3,2472.63
21159,7071,243,3,5813.12
21160,7072,480,4,1852.13
21161,7072,16,1,3318.23
21162,7072,153,4,7154.27
21163,7073,362,3,4182.94
21164,7073,454,4,469.46
21165,7073,311,2,1952.58
21166,7073,456,2,4335.7
21167,7073,410,3,2717.31
21168,7074,327,3,2218.76
21169,7075,462,4,1440.1
21170,7075,25,3,6342.54
21171,7075,336,4,3505.41
21172,7075,206,1,6451.33
21173,7076,454,2,469.46
21174,7076,447,4,2421.14
21175,7077,269,4,2723.78
21176,7077,94,1,637.72
21177,7077,58,1,685.74
21178,7078,23,2,4519.4
21179,7078,8,3,1108.08
21180,7078,93,3,2629.61
21181,7079,8,2,1108.08
21182,7079,236,3,4782.03
21183,7079,141,1,4217.11
21184,7079,112,4,5163.37
21185,7080,476,3,4727.45
21186,7080,85,4,206.91
21187,7080,354,3,1425.69
21188,7080,106,3,1635.06
21189,7081,354,2,1425.69
21190,7081,211,4,3182.08
21191,7081,88,1,3652.47
21192,7081,59,3,3551.72
21193,7081,210,2,530.97
21194,7082,426,2,1145.23
21195,7083,143,1,4831.33
21196,7084,282,1,5682.3
21197,7084,281,3,767.61
21198,7084,309,3,825.37
21199,7084,124,1,6069.73
21200,7084,384,4,4637.79
21201,7085,15,4,3647.94
21202,7086,327,4,2218.76
21203,7086,378,2,5787.24
21204,7086,266,3,3100.54
21205,7086,74,3,1856.46
21206,7086,195,1,3142.65
21207,7087,298,1,5143.35
21208,7087,113,2,2129.84
21209,7087,297,3,1402.1
21210,7087,403,4,2324.3
21211,7088,232,2,6669.4
21212,7088,8,2,1108.08
21213,7088,358,2,5127.98
21214,7088,134,4,4419.51
21215,7088,483,2,6442.69
21216,7089,160,1,6704.84
21217,7090,241,2,600.8
21218,7090,328,2,2729.68
21219,7090,434,2,5172.12
21220,7090,241,1,600.8
21221,7091,224,3,5253.84
21222,7091,229,3,6178.47
21223,7091,145,2,380.42
21224,7091,393,2,1234.01
21225,7091,286,4,5544.61
21226,7092,454,4,469.46
21227,7092,362,4,4182.94
21228,7092,100,1,7678.63
21229,7092,142,3,628.57
21230,7093,147,1,2549.32
21231,7093,268,2,2691.51
21232,7093,37,4,1174.23
21233,7094,270,1,3668.4
21234,7095,210,4,530.97
21235,7095,326,2,5313.25
21236,7095,315,3,1950.17
21237,7095,133,4,7682.68
21238,7095,284,4,1954.57
21239,7096,45,3,2239.06
21240,7096,492,1,5032.36
21241,7096,164,3,451.3
21242,7096,336,2,3505.41
21243,7097,208,4,1461.6
21244,7097,357,3,3963.48
21245,7097,49,4,1001.46
21246,7098,3,3,394.52
21247,7098,321,3,2051.86
21248,7098,32,1,4203.79
21249,7099,39,1,3097.27
21250,7100,264,3,1850.78
21251,7100,452,3,743.06
21252,7100,448,3,1589.08
21253,7101,168,3,4609.57
21254,7101,323,3,4863.69
21255,7101,64,4,5245.29
21256,7102,374,2,3593.06
21257,7102,282,2,5682.3
21258,7103,41,4,5380.63
21259,7104,359,1,3218.73
21260,7104,455,3,3452.95
21261,7104,463,1,4315.08
21262,7104,210,1,530.97
21263,7104,235,4,5882.55
21264,7105,269,2,2723.78
21265,7105,445,3,4299.29
21266,7105,93,4,2629.61
21267,7106,299,4,5162.19
21268,7107,253,4,2797.42
21269,7108,380,2,4324.63
21270,7109,147,4,2549.32
21271,7109,369,2,3840.55
21272,7109,23,4,4519.4
21273,7109,25,2,6342.54
21274,7109,428,1,3337.91
21275,7110,205,3,6203.46
21276,7110,257,3,1725.23
21277,7111,80,3,2551.1
21278,7111,300,4,1582.87
21279,7111,203,4,3122.39
21280,7112,115,4,2916.37
21281,7112,90,1,2134.9
21282,7113,63,2,639.04
21283,7113,97,3,3649.64
21284,7113,415,3,3144.2
21285,7114,420,2,1934.38
21286,7114,80,3,2551.1
21287,7114,124,1,6069.73
21288,7114,122,4,1788.84
21289,7114,137,3,2345.58
21290,7115,186,2,2472.63
21291,7115,304,2,4992.14
21292,7115,52,1,2554.22
21293,7115,37,4,1174.23
21294,7116,394,2,4349.12
21295,7117,393,3,1234.01
21296,7117,228,3,5999.41
21297,7117,72,4,5436.37
21298,7117,180,3,1609.07
21299,7118,6,1,2038.84
21300,7118,1,4,2876.42
21301,7118,177,2,1399.56
21302,7119,461,2,4553.3
21303,7119,289,2,615.43
21304,7119,464,3,7057.45
21305,7119,437,2,1635.15
21306,7120,408,2,2432.33
21307,7120,454,2,469.46
21308,7121,187,2,7451.43
21309,7121,389,3,1828.56
21310,7121,327,4,2218.76
21311,7121,406,3,2675.38
21312,7121,88,3,3652.47
21313,7122,243,4,5813.12
21314,7122,369,2,3840.55
21315,7122,67,4,6765.53
21316,7122,246,4,2663.81
21317,7123,381,2,2780.62
21318,7123,439,4,5144.08
21319,7123,151,3,1368.5
21320,7123,29,2,5434.79
21321,7123,241,3,600.8
21322,7124,213,3,3927.95
21323,7124,51,2,775.58
21324,7124,303,4,1103.01
21325,7124,30,2,1495.61
21326,7124,209,3,5173.0
21327,7125,401,1,830.88
21328,7125,192,1,1522.05
21329,7125,284,3,1954.57
21330,7125,173,1,4328.16
21331,7125,243,3,5813.12
21332,7126,80,3,2551.1
21333,7126,427,4,5615.06
21334,7126,187,4,7451.43
21335,7126,99,4,377.4
21336,7126,385,2,4521.81
21337,7127,470,2,4963.98
21338,7127,203,4,3122.39
21339,7127,351,2,5407.74
21340,7127,337,3,5116.18
21341,7128,398,4,6965.19
21342,7128,385,2,4521.81
21343,7128,500,3,5135.84
21344,7128,414,2,981.22
21345,7128,398,2,6965.19
21346,7129,498,4,5835.24
21347,7130,392,2,1502.97
21348,7130,82,2,5405.87
21349,7130,262,4,3433.24
21350,7130,133,3,7682.68
21351,7130,6,2,2038.84
21352,7131,131,1,4351.85
21353,7131,164,3,451.3
21354,7131,495,2,5674.17
21355,7131,64,2,5245.29
21356,7132,133,3,7682.68
21357,7132,442,2,6554.24
21358,7132,218,4,1046.26
21359,7132,228,4,5999.41
21360,7133,429,2,3529.21
21361,7133,358,3,5127.98
21362,7133,47,1,2540.64
21363,7133,455,1,3452.95
21364,7133,176,3,2750.53
21365,7134,261,2,6008.79
21366,7135,470,3,4963.98
21367,7135,298,3,5143.35
21368,7136,244,1,1747.97
21369,7136,298,2,5143.35
21370,7136,194,3,3575.56
21371,7136,110,2,6959.37
21372,7137,29,2,5434.79
21373,7138,479,3,4247.61
21374,7138,235,2,5882.55
21375,7138,340,2,6024.22
21376,7138,314,1,5187.17
21377,7139,236,3,4782.03
21378,7139,254,3,229.57
21379,7139,57,3,4604.53
21380,7139,145,3,380.42
21381,7140,154,4,3919.63
21382,7140,98,4,5554.21
21383,7140,194,2,3575.56
21384,7140,407,2,5614.76
21385,7140,191,1,1690.83
21386,7141,329,2,6150.42
21387,7142,147,4,2549.32
21388,7143,209,4,5173.0
21389,7144,354,1,1425.69
21390,7144,161,1,6112.98
21391,7145,416,1,3452.92
21392,7146,394,2,4349.12
21393,7146,457,4,4840.21
21394,7147,169,2,5455.24
21395,7148,290,1,1518.49
21396,7148,347,3,5269.21
21397,7149,327,4,2218.76
21398,7149,327,4,2218.76
21399,7149,124,3,6069.73
21400,7150,352,4,6820.17
21401,7151,259,1,1302.93
21402,7151,232,3,6669.4
21403,7151,390,4,222.07
21404,7152,331,2,895.99
21405,7153,94,3,637.72
21406,7153,310,4,3432.36
21407,7154,453,3,2708.83
21408,7155,371,1,6431.49
21409,7156,377,4,5763.68
21410,7156,397,2,2867.64
21411,7156,48,4,3118.93
21412,7156,328,3,2729.68
21413,7157,326,1,5313.25
21414,7157,493,4,6088.79
21415,7157,348,4,4037.99
21416,7158,499,1,2598.33
21417,7158,358,3,5127.98
21418,7158,254,4,229.57
21419,7158,435,1,3048.69
21420,7159,98,4,5554.21
21421,7160,121,4,704.52
21422,7160,62,4,7110.36
21423,7160,5,2,2523.37
21424,7160,131,1,4351.85
21425,7161,131,1,4351.85
21426,7162,124,2,6069.73
21427,7162,222,4,5410.26
21428,7162,249,2,6139.17
21429,7162,445,3,4299.29
21430,7162,203,2,3122.39
21431,7163,47,2,2540.64
21432,7163,330,4,4391.26
21433,7163,309,4,825.37
21434,7163,421,3,1285.52
21435,7164,325,2,6330.63
21436,7165,499,3,2598.33
21437,7166,116,1,584.32
21438,7166,491,3,336.73
21439,7166,391,4,2831.62
21440,7167,167,3,6818.7
21441,7167,181,2,277.41
21442,7167,284,3,1954.57
21443,7168,383,2,1338.8
21444,7168,133,4,7682.68
21445,7169,39,1,3097.27
21446,7169,458,1,4050.01
21447,7170,318,1,5367.63
21448,7170,245,2,2794.78
21449,7170,16,4,3318.23
21450,7170,193,3,6626.72
21451,7171,350,1,1035.46
21452,7171,75,1,3885.28
21453,7171,476,4,4727.45
21454,7171,391,1,2831.62
21455,7171,292,2,5117.95
21456,7172,17,3,6553.92
21457,7172,434,3,5172.12
21458,7172,420,4,1934.38
21459,7173,438,3,3420.48
21460,7173,431,3,2345.7
21461,7173,79,4,2892.49
21462,7173,26,1,5756.04
21463,7173,140,1,4644.31
21464,7174,499,2,2598.33
21465,7174,90,2,2134.9
21466,7174,357,3,3963.48
21467,7174,434,3,5172.12
21468,7175,481,1,4362.0
21469,7175,372,1,2126.62
21470,7175,378,4,5787.24
21471,7176,415,3,3144.2
21472,7176,395,3,4977.01
21473,7177,33,4,6626.78
21474,7177,172,1,5729.96
21475,7177,139,2,2207.41
21476,7178,244,2,1747.97
21477,7178,328,2,2729.68
21478,7178,440,1,1786.05
21479,7178,382,3,5869.03
21480,7179,427,4,5615.06
21481,7179,218,2,1046.26
21482,7179,499,2,2598.33
21483,7179,357,2,3963.48
21484,7180,257,2,1725.23
21485,7180,384,1,4637.79
21486,7180,333,2,6331.32
21487,7181,473,1,4224.82
21488,7182,182,3,4710.47
21489,7182,45,4,2239.06
21490,7182,43,1,791.88
21491,7182,34,4,1739.97
21492,7182,176,3,2750.53
21493,7183,406,2,2675.38
21494,7183,167,4,6818.7
21495,7183,76,3,3624.25
21496,7183,156,2,3556.59
21497,7183,62,4,7110.36
21498,7184,217,3,1753.76
21499,7184,207,2,5032.22
21500,7184,486,1,3925.75
21501,7184,242,4,3908.61
21502,7184,488,4,723.72
21503,7185,271,2,740.94
21504,7185,339,4,4212.47
21505,7185,19,1,4193.05
21506,7185,35,3,3703.55
21507,7186,302,1,4353.43
21508,7187,5,4,2523.37
21509,7187,185,2,1990.36
21510,7187,434,3,5172.12
21511,7188,268,1,2691.51
21512,7188,437,1,1635.15
21513,7188,61,3,1634.69
21514,7188,118,4,4371.63
21515,7188,164,1,451.3
21516,7189,287,2,362.6
21517,7189,7,2,1658.11
21518,7189,400,2,3874.31
21519,7189,15,2,3647.94
21520,7190,100,1,7678.63
21521,7190,23,1,4519.4
21522,7190,18,4,3961.8
21523,7190,350,2,1035.46
21524,7190,428,3,3337.91
21525,7191,231,1,1813.96
21526,7191,250,1,2853.44
21527,7192,438,1,3420.48
21528,7193,18,4,3961.8
21529,7193,406,3,2675.38
21530,7194,136,2,6859.2
21531,7195,445,4,4299.29
21532,7196,176,4,2750.53
21533,7196,239,3,2892.25
21534,7196,452,3,743.06
21535,7196,490,4,7539.95
21536,7197,340,1,6024.22
21537,7197,172,3,5729.96
21538,7197,300,2,1582.87
21539,7198,424,1,1011.09
21540,7198,263,3,4317.08
21541,7199,244,1,1747.97
21542,7199,10,1,1780.12
21543,7199,71,4,4208.53
21544,7199,83,4,4207.1
21545,7199,6,4,2038.84
21546,7200,95,2,4933.59
21547,7200,327,2,2218.76
21548,7201,300,1,1582.87
21549,7201,331,4,895.99
21550,7201,469,1,5810.45
21551,7202,1,2,2876.42
21552,7202,255,2,3636.36
21553,7203,179,4,2635.11
21554,7203,423,3,5959.15
21555,7203,43,3,791.88
21556,7203,229,1,6178.47
21557,7204,392,3,1502.97
21558,7204,82,3,5405.87
21559,7204,382,2,5869.03
21560,7205,330,2,4391.26
21561,7205,11,3,5761.74
21562,7206,462,4,1440.1
21563,7206,138,4,4165.59
21564,7206,73,3,958.17
21565,7206,490,2,7539.95
21566,7206,255,2,3636.36
21567,7207,333,3,6331.32
21568,7208,417,3,4766.29
21569,7208,2,2,5222.22
21570,7208,261,4,6008.79
21571,7208,474,4,5605.5
21572,7208,31,3,3335.57
21573,7209,327,2,2218.76
21574,7210,112,2,5163.37
21575,7211,135,2,5029.03
21576,7211,386,2,988.77
21577,7211,107,4,4351.35
21578,7211,495,2,5674.17
21579,7212,302,1,4353.43
21580,7212,29,3,5434.79
21581,7212,196,1,4145.76
21582,7212,98,2,5554.21
21583,7212,165,2,4937.61
21584,7213,212,1,155.74
21585,7213,280,1,4382.83
21586,7213,343,3,2443.83
21587,7213,148,4,2389.03
21588,7214,267,3,3128.45
21589,7214,295,3,1323.61
21590,7215,117,4,924.08
21591,7216,269,4,2723.78
21592,7216,36,3,3194.46
21593,7216,184,3,4693.71
21594,7216,117,1,924.08
21595,7217,144,1,4356.46
21596,7217,345,2,6715.15
21597,7217,248,4,5396.23
21598,7217,462,1,1440.1
21599,7218,102,4,5155.01
21600,7218,133,1,7682.68
21601,7218,198,1,2183.12
21602,7219,458,2,4050.01
21603,7219,389,4,1828.56
21604,7220,406,2,2675.38
21605,7220,181,3,277.41
21606,7221,113,4,2129.84
21607,7221,140,2,4644.31
21608,7221,62,3,7110.36
21609,7221,181,4,277.41
21610,7222,423,2,5959.15
21611,7222,108,2,2189.38
21612,7222,424,1,1011.09
21613,7222,185,4,1990.36
21614,7222,328,3,2729.68
21615,7223,485,3,4042.01
21616,7223,8,4,1108.08
21617,7223,39,3,3097.27
21618,7224,435,2,3048.69
21619,7224,404,1,5691.79
21620,7224,127,1,4216.76
21621,7225,239,2,2892.25
21622,7225,172,2,5729.96
21623,7226,220,3,3372.55
21624,7227,429,2,3529.21
21625,7227,63,4,639.04
21626,7227,283,1,5922.7
21627,7227,458,3,4050.01
21628,7228,348,2,4037.99
21629,7229,226,4,1742.75
21630,7230,14,2,1195.89
21631,7231,398,4,6965.19
21632,7231,288,4,6212.26
21633,7231,383,1,1338.8
21634,7231,29,1,5434.79
21635,7232,230,1,3984.19
21636,7233,412,3,2197.41
21637,7233,342,4,2036.46
21638,7233,285,1,3625.74
21639,7233,242,2,3908.61
21640,7234,318,2,5367.63
21641,7234,487,1,3602.54
21642,7234,179,2,2635.11
21643,7234,91,4,2388.1
21644,7234,262,2,3433.24
21645,7235,427,3,5615.06
21646,7235,431,4,2345.7
21647,7235,340,3,6024.22
21648,7235,94,3,637.72
21649,7236,269,2,2723.78
21650,7236,342,2,2036.46
21651,7237,394,4,4349.12
21652,7237,338,4,5130.85
21653,7237,89,2,4465.7
21654,7237,473,2,4224.82
21655,7238,449,2,5990.22
21656,7239,10,2,1780.12
21657,7239,362,1,4182.94
21658,7240,408,3,2432.33
21659,7240,216,3,4724.1
21660,7240,14,1,1195.89
21661,7240,199,1,4296.57
21662,7240,180,1,1609.07
21663,7241,492,1,5032.36
21664,7241,212,4,155.74
21665,7241,474,2,5605.5
21666,7241,217,1,1753.76
21667,7242,286,3,5544.61
21668,7242,404,3,5691.79
21669,7242,302,2,4353.43
21670,7242,87,1,1282.33
21671,7243,411,4,4968.3
21672,7243,407,1,5614.76
21673,7244,271,2,740.94
21674,7244,180,2,1609.07
21675,7244,267,3,3128.45
21676,7244,270,2,3668.4
21677,7244,290,3,1518.49
21678,7245,53,3,1636.05
21679,7245,465,2,6681.17
21680,7245,29,1,5434.79
21681,7246,304,2,4992.14
21682,7246,346,4,3160.86
21683,7246,373,2,4435.35
21684,7246,40,1,2870.78
21685,7247,304,3,4992.14
21686,7247,403,4,2324.3
21687,7247,384,4,4637.79
21688,7248,98,2,5554.21
21689,7249,493,1,6088.79
21690,7250,119,3,224.22
21691,7250,250,3,2853.44
21692,7251,310,1,3432.36
21693,7251,214,4,5909.34
21694,7251,328,1,2729.68
21695,7252,310,3,3432.36
21696,7252,145,3,380.42
21697,7252,457,2,4840.21
21698,7253,476,4,4727.45
21699,7253,183,1,4643.22
21700,7253,129,1,1449.29
21701,7253,345,4,6715.15
21702,7253,195,2,3142.65
21703,7254,343,3,2443.83
21704,7255,391,2,2831.62
21705,7255,108,3,2189.38
21706,7256,304,2,4992.14
21707,7256,104,4,673.38
21708,7256,61,2,1634.69
21709,7256,310,4,3432.36
21710,7256,109,3,2146.83
21711,7257,426,1,1145.23
21712,7258,360,2,2975.5
21713,7258,107,1,4351.35
21714,7259,199,3,4296.57
21715,7259,210,2,530.97
21716,7259,357,4,3963.48
21717,7260,302,3,4353.43
21718,7260,110,1,6959.37
21719,7260,272,3,1207.17
21720,7261,471,2,1844.85
21721,7261,80,4,2551.1
21722,7261,41,4,5380.63
21723,7261,319,3,3408.81
21724,7261,52,2,2554.22
21725,7262,364,2,6026.85
21726,7262,124,4,6069.73
21727,7263,426,2,1145.23
21728,7263,317,1,784.53
21729,7263,482,1,5294.83
21730,7263,395,3,4977.01
21731,7263,326,4,5313.25
21732,7264,375,1,5456.42
21733,7264,315,1,1950.17
21734,7265,406,1,2675.38
21735,7265,461,1,4553.3
21736,7265,21,2,773.93
21737,7265,134,3,4419.51
21738,7265,205,4,6203.46
21739,7266,411,4,4968.3
21740,7266,91,2,2388.1
21741,7267,278,1,1452.09
21742,7268,130,4,1963.29
21743,7268,26,4,5756.04
21744,7268,110,2,6959.37
21745,7269,235,1,5882.55
21746,7269,249,4,6139.17
21747,7270,341,3,1594.54
21748,7270,132,2,734.08
21749,7270,221,3,6443.18
21750,7270,181,4,277.41
21751,7271,46,1,922.81
21752,7271,219,3,1512.13
21753,7271,180,3,1609.07
21754,7271,249,2,6139.17
21755,7272,480,2,1852.13
21756,7272,257,3,1725.23
21757,7272,90,2,2134.9
21758,7273,151,4,1368.5
21759,7273,84,3,5116.75
21760,7273,213,1,3927.95
21761,7274,293,4,5467.31
21762,7274,311,4,1952.58
21763,7275,182,3,4710.47
21764,7276,1,3,2876.42
21765,7276,222,3,5410.26
21766,7277,303,4,1103.01
21767,7277,96,3,418.99
21768,7277,318,1,5367.63
21769,7278,213,3,3927.95
21770,7278,467,2,5633.33
21771,7278,351,4,5407.74
21772,7279,133,1,7682.68
21773,7280,378,2,5787.24
21774,7281,104,1,673.38
21775,7281,492,4,5032.36
21776,7281,48,1,3118.93
21777,7281,459,3,4650.34
21778,7282,332,4,336.46
21779,7283,67,4,6765.53
21780,7283,36,4,3194.46
21781,7283,500,2,5135.84
21782,7284,172,3,5729.96
21783,7284,468,4,6226.51
21784,7284,156,3,3556.59
21785,7284,378,1,5787.24
21786,7284,251,1,4963.2
21787,7285,53,2,1636.05
21788,7286,394,2,4349.12
21789,7286,333,1,6331.32
21790,7286,30,3,1495.61
21791,7287,244,2,1747.97
21792,7287,348,1,4037.99
21793,7288,269,4,2723.78
21794,7288,6,2,2038.84
21795,7288,384,4,4637.79
21796,7289,357,3,3963.48
21797,7290,182,2,4710.47
21798,7291,168,3,4609.57
21799,7291,263,1,4317.08
21800,7291,172,4,5729.96
21801,7292,96,3,418.99
21802,7293,152,3,5260.39
21803,7293,345,3,6715.15
21804,7293,426,2,1145.23
21805,7293,273,2,4355.96
21806,7293,302,1,4353.43
21807,7294,483,2,6442.69
21808,7294,350,2,1035.46
21809,7294,207,4,5032.22
21810,7295,495,1,5674.17
21811,7296,30,3,1495.61
21812,7297,348,2,4037.99
21813,7297,260,2,1846.21
21814,7298,264,3,1850.78
21815,7298,303,2,1103.01
21816,7298,369,3,3840.55
21817,7298,332,3,336.46
21818,7299,477,4,1536.6
21819,7299,262,3,3433.24
21820,7299,255,4,3636.36
21821,7299,435,4,3048.69
21822,7299,297,3,1402.1
21823,7300,257,2,1725.23
21824,7300,448,4,1589.08
21825,7300,470,2,4963.98
21826,7301,115,2,2916.37
21827,7301,189,3,3600.6
21828,7302,317,2,784.53
21829,7303,471,3,1844.85
21830,7303,423,4,5959.15
21831,7304,462,4,1440.1
21832,7304,483,1,6442.69
21833,7304,251,4,4963.2
21834,7304,231,2,1813.96
21835,7305,38,2,1645.79
21836,7305,248,4,5396.23
21837,7306,219,4,1512.13
21838,7306,372,1,2126.62
21839,7306,299,1,5162.19
21840,7307,308,1,1437.25
21841,7307,141,4,4217.11
21842,7307,423,2,5959.15
21843,7308,289,4,615.43
21844,7308,227,4,3884.33
21845,7308,126,4,5865.84
21846,7309,38,3,1645.79
21847,7309,383,2,1338.8
21848,7309,297,4,1402.1
21849,7309,73,3,958.17
21850,7309,362,4,4182.94
21851,7310,452,3,743.06
21852,7310,74,2,1856.46
21853,7310,226,4,1742.75
21854,7310,333,2,6331.32
21855,7310,457,1,4840.21
21856,7311,487,4,3602.54
21857,7312,163,1,6699.83
21858,7313,182,3,4710.47
21859,7314,443,2,4924.62
21860,7314,199,1,4296.57
21861,7315,236,1,4782.03
21862,7315,491,2,336.73
21863,7315,229,4,6178.47
21864,7315,141,2,4217.11
21865,7315,92,4,4206.66
21866,7316,127,2,4216.76
21867,7317,429,4,3529.21
21868,7317,180,2,1609.07
21869,7317,385,1,4521.81
21870,7318,362,1,4182.94
21871,7318,123,2,5238.56
21872,7318,436,2,6428.91
21873,7318,396,4,1589.43
21874,7319,463,2,4315.08
21875,7319,58,4,685.74
21876,7319,146,2,2758.94
21877,7319,489,4,1979.19
21878,7320,279,4,774.25
21879,7320,74,1,1856.46
21880,7320,24,4,6433.86
21881,7320,239,4,2892.25
21882,7320,288,1,6212.26
21883,7321,177,1,1399.56
21884,7322,160,3,6704.84
21885,7322,115,3,2916.37
21886,7322,311,2,1952.58
21887,7322,35,2,3703.55
21888,7323,382,2,5869.03
21889,7323,397,1,2867.64
21890,7324,218,4,1046.26
21891,7324,405,3,4305.08
21892,7324,465,1,6681.17
21893,7324,363,2,7234.27
21894,7324,138,2,4165.59
21895,7325,416,1,3452.92
21896,7325,90,4,2134.9
21897,7326,367,2,2356.19
21898,7326,335,1,3273.18
21899,7326,182,2,4710.47
21900,7327,199,1,4296.57
21901,7327,3,1,394.52
21902,7327,200,1,3146.05
21903,7328,407,1,5614.76
21904,7328,499,1,2598.33
21905,7328,104,2,673.38
21906,7328,143,1,4831.33
21907,7328,469,1,5810.45
21908,7329,413,1,5368.82
21909,7329,53,2,1636.05
21910,7329,335,3,3273.18
21911,7330,10,1,1780.12
21912,7330,217,2,1753.76
21913,7331,216,3,4724.1
21914,7332,390,4,222.07
21915,7332,198,4,2183.12
21916,7332,223,3,830.78
21917,7333,49,2,1001.46
21918,7333,56,4,1350.59
21919,7333,218,4,1046.26
21920,7334,170,3,3039.1
21921,7334,28,3,801.28
21922,7334,111,3,2394.51
21923,7335,123,1,5238.56
21924,7335,260,1,1846.21
21925,7336,349,3,4253.69
21926,7336,156,3,3556.59
21927,7336,48,3,3118.93
21928,7336,480,3,1852.13
21929,7336,56,4,1350.59
21930,7337,163,3,6699.83
21931,7337,27,4,1911.35
21932,7338,1,2,2876.42
21933,7339,114,3,1305.47
21934,7339,358,1,5127.98
21935,7340,89,1,4465.7
21936,7340,409,1,4629.95
21937,7340,158,1,4348.37
21938,7340,120,3,2247.59
21939,7341,442,2,6554.24
21940,7341,430,4,1289.32
21941,7341,495,4,5674.17
21942,7342,462,1,1440.1
21943,7343,40,3,2870.78
21944,7343,158,2,4348.37
21945,7344,293,3,5467.31
21946,7344,64,2,5245.29
21947,7344,246,3,2663.81
21948,7344,387,1,1384.34
21949,7345,29,3,5434.79
21950,7345,177,2,1399.56
21951,7345,444,3,5110.75
21952,7345,464,2,7057.45
21953,7345,384,3,4637.79
21954,7346,55,3,5294.38
21955,7347,84,1,5116.75
21956,7347,410,3,2717.31
21957,7347,397,3,2867.64
21958,7347,240,2,1220.06
21959,7347,315,4,1950.17
21960,7348,220,2,3372.55
21961,7348,166,1,3680.98
21962,7348,152,3,5260.39
21963,7348,412,2,2197.41
21964,7348,317,3,784.53
21965,7349,164,2,451.3
21966,7349,369,3,3840.55
21967,7349,361,4,3228.33
21968,7349,323,2,4863.69
21969,7349,176,4,2750.53
21970,7350,164,3,451.3
21971,7350,472,4,3476.76
21972,7351,4,2,5633.67
21973,7351,19,1,4193.05
21974,7351,449,4,5990.22
21975,7351,449,2,5990.22
21976,7352,156,3,3556.59
21977,7352,10,3,1780.12
21978,7352,230,4,3984.19
21979,7352,211,1,3182.08
21980,7352,487,1,3602.54
21981,7353,467,1,5633.33
21982,7353,349,4,4253.69
21983,7353,349,2,4253.69
21984,7353,487,3,3602.54
21985,7353,242,2,3908.61
21986,7354,286,4,5544.61
21987,7354,95,4,4933.59
21988,7354,142,4,628.57
21989,7355,242,4,3908.61
21990,7355,383,2,1338.8
21991,7356,138,4,4165.59
21992,7356,176,4,2750.53
21993,7356,498,2,5835.24
21994,7357,238,4,555.04
21995,7357,490,2,7539.95
21996,7358,220,1,3372.55
21997,7358,107,2,4351.35
21998,7358,150,3,1545.47
21999,7359,405,3,4305.08
22000,7359,410,2,2717.31
22001,7359,328,4,2729.68
22002,7360,293,3,5467.31
22003,7360,181,2,277.41
22004,7361,98,1,5554.21
22005,7362,315,2,1950.17
22006,7362,436,4,6428.91
22007,7362,361,3,3228.33
22008,7362,412,2,2197.41
22009,7362,154,1,3919.63
22010,7363,448,1,1589.08
22011,7363,281,4,767.61
22012,7363,474,4,5605.5
22013,7363,61,1,1634.69
22014,7364,340,1,6024.22
22015,7364,179,3,2635.11
22016,7364,308,3,1437.25
22017,7364,91,2,2388.1
22018,7364,10,2,1780.12
22019,7365,79,2,2892.49
22020,7365,39,3,3097.27
22021,7365,228,4,5999.41
22022,7365,304,2,4992.14
22023,7366,32,3,4203.79
22024,7366,26,1,5756.04
22025,7366,8,4,1108.08
22026,7367,78,3,2623.38
22027,7367,205,2,6203.46
22028,7367,381,3,2780.62
22029,7368,72,4,5436.37
22030,7368,84,4,5116.75
22031,7368,28,1,801.28
22032,7368,96,4,418.99
22033,7368,345,2,6715.15
22034,7369,299,2,5162.19
22035,7369,241,1,600.8
22036,7369,145,1,380.42
22037,7369,177,2,1399.56
22038,7369,301,1,4803.29
22039,7370,271,1,740.94
22040,7371,279,1,774.25
22041,7372,255,2,3636.36
22042,7373,484,1,5888.26
22043,7373,91,3,2388.1
22044,7373,27,2,1911.35
22045,7373,85,1,206.91
22046,7373,273,4,4355.96
22047,7374,187,3,7451.43
22048,7374,367,4,2356.19
22049,7375,225,3,3865.19
22050,7375,371,2,6431.49
22051,7376,50,3,4659.51
22052,7376,269,1,2723.78
22053,7376,454,3,469.46
22054,7377,395,1,4977.01
22055,7377,37,2,1174.23
22056,7377,432,1,3897.39
22057,7377,351,4,5407.74
22058,7377,351,4,5407.74
22059,7378,458,1,4050.01
22060,7378,298,4,5143.35
22061,7379,401,3,830.88
22062,7379,66,4,3951.93
22063,7379,34,2,1739.97
22064,7380,80,4,2551.1
22065,7380,385,4,4521.81
22066,7381,208,2,1461.6
22067,7381,500,1,5135.84
22068,7381,333,1,6331.32
22069,7382,182,2,4710.47
22070,7382,472,2,3476.76
22071,7382,482,2,5294.83
22072,7382,384,4,4637.79
22073,7383,139,1,2207.41
22074,7383,305,2,1283.96
22075,7383,368,4,3127.98
22076,7384,437,3,1635.15
22077,7385,44,3,5953.73
22078,7385,366,3,3398.33
22079,7385,431,2,2345.7
22080,7385,391,4,2831.62
22081,7385,341,4,1594.54
22082,7386,10,4,1780.12
22083,7386,88,1,3652.47
22084,7387,131,4,4351.85
22085,7387,211,4,3182.08
22086,7387,57,1,4604.53
22087,7387,83,4,4207.1
22088,7387,285,4,3625.74
22089,7388,350,3,1035.46
22090,7388,342,3,2036.46
22091,7388,328,1,2729.68
22092,7388,50,1,4659.51
22093,7389,308,3,1437.25
22094,7389,81,4,3349.11
22095,7389,69,4,2687.96
22096,7389,137,2,2345.58
22097,7389,104,4,673.38
22098,7390,19,3,4193.05
22099,7390,288,4,6212.26
22100,7390,354,1,1425.69
22101,7391,43,1,791.88
22102,7391,57,4,4604.53
22103,7391,274,1,7224.74
22104,7391,129,1,1449.29
22105,7392,32,4,4203.79
22106,7392,399,4,5067.92
22107,7393,213,1,3927.95
22108,7393,351,1,5407.74
22109,7394,75,3,3885.28
22110,7395,406,2,2675.38
22111,7395,173,1,4328.16
22112,7395,16,3,3318.23
22113,7395,5,3,2523.37
22114,7396,193,2,6626.72
22115,7396,36,1,3194.46
22116,7397,195,1,3142.65
22117,7397,362,2,4182.94
22118,7397,285,3,3625.74
22119,7397,461,2,4553.3
22120,7397,356,4,5880.99
22121,7398,299,4,5162.19
22122,7398,406,3,2675.38
22123,7398,181,4,277.41
22124,7399,240,4,1220.06
22125,7399,374,4,3593.06
22126,7399,74,3,1856.46
22127,7399,291,3,4158.04
22128,7400,29,1,5434.79
22129,7400,113,4,2129.84
22130,7401,44,4,5953.73
22131,7401,292,3,5117.95
22132,7401,56,3,1350.59
22133,7401,448,1,1589.08
22134,7402,341,1,1594.54
22135,7402,340,4,6024.22
22136,7402,15,2,3647.94
22137,7402,451,1,5285.86
22138,7403,285,1,3625.74
22139,7403,71,3,4208.53
22140,7403,197,3,3444.31
22141,7403,244,2,1747.97
22142,7403,73,1,958.17
22143,7404,4,2,5633.67
22144,7405,145,1,380.42
22145,7406,260,4,1846.21
22146,7407,256,3,2686.28
22147,7407,341,3,1594.54
22148,7407,326,2,5313.25
22149,7407,320,4,6639.63
22150,7408,362,2,4182.94
22151,7409,280,2,4382.83
22152,7409,204,3,3202.4
22153,7409,303,2,1103.01
22154,7410,397,1,2867.64
22155,7410,494,4,5234.76
22156,7410,241,3,600.8
22157,7411,14,2,1195.89
22158,7411,102,1,5155.01
22159,7411,291,2,4158.04
22160,7411,12,3,5776.18
22161,7411,54,2,3298.92
22162,7412,318,4,5367.63
22163,7412,159,2,1782.91
22164,7412,50,3,4659.51
22165,7413,97,1,3649.64
22166,7413,125,2,4655.25
22167,7413,276,1,2669.21
22168,7413,415,4,3144.2
22169,7414,104,1,673.38
22170,7414,442,2,6554.24
22171,7414,428,3,3337.91
22172,7414,40,2,2870.78
22173,7415,293,2,5467.31
22174,7415,463,4,4315.08
22175,7415,169,4,5455.24
22176,7415,447,4,2421.14
22177,7415,278,1,1452.09
22178,7416,272,2,1207.17
22179,7417,185,1,1990.36
22180,7417,257,4,1725.23
22181,7418,124,3,6069.73
22182,7418,323,2,4863.69
22183,7418,220,3,3372.55
22184,7418,473,1,4224.82
22185,7418,248,4,5396.23
22186,7419,69,1,2687.96
22187,7419,242,3,3908.61
22188,7419,446,3,6731.46
22189,7420,338,2,5130.85
22190,7420,494,3,5234.76
22191,7420,359,2,3218.73
22192,7421,356,4,5880.99
22193,7421,420,1,1934.38
22194,7421,373,3,4435.35
22195,7422,433,1,3901.17
22196,7422,47,1,2540.64
22197,7422,49,3,1001.46
22198,7422,26,2,5756.04
22199,7422,124,2,6069.73
22200,7423,142,1,628.57
22201,7423,157,2,5351.04
22202,7423,127,4,4216.76
22203,7423,246,4,2663.81
22204,7424,160,2,6704.84
22205,7424,18,3,3961.8
22206,7424,234,2,1670.39
22207,7425,133,3,7682.68
22208,7425,499,1,2598.33
22209,7425,254,2,229.57
22210,7426,484,2,5888.26
22211,7426,277,4,4935.0
22212,7426,371,3,6431.49
22213,7427,101,4,1381.51
22214,7427,127,3,4216.76
22215,7427,496,2,5678.29
22216,7427,387,2,1384.34
22217,7427,27,1,1911.35
22218,7428,391,3,2831.62
22219,7429,119,2,224.22
22220,7429,34,2,1739.97
22221,7429,248,1,5396.23
22222,7430,76,4,3624.25
22223,7430,469,1,5810.45
22224,7430,122,2,1788.84
22225,7430,84,3,5116.75
22226,7431,39,1,3097.27
22227,7431,168,4,4609.57
22228,7431,490,2,7539.95
22229,7432,199,1,4296.57
22230,7432,364,4,6026.85
22231,7432,93,1,2629.61
22232,7433,153,3,7154.27
22233,7433,161,1,6112.98
22234,7433,406,3,2675.38
22235,7433,109,3,2146.83
22236,7433,118,3,4371.63
22237,7434,5,2,2523.37
22238,7434,217,1,1753.76
22239,7434,75,2,3885.28
22240,7434,7,4,1658.11
22241,7434,456,1,4335.7
22242,7435,455,3,3452.95
22243,7435,353,3,4945.04
22244,7435,158,1,4348.37
22245,7435,429,2,3529.21
22246,7436,48,1,3118.93
22247,7436,396,2,1589.43
22248,7436,126,1,5865.84
22249,7436,226,3,1742.75
22250,7436,450,1,2146.91
22251,7437,371,4,6431.49
22252,7437,454,4,469.46
22253,7437,177,4,1399.56
22254,7437,207,2,5032.22
22255,7438,325,1,6330.63
22256,7438,8,3,1108.08
22257,7438,384,1,4637.79
22258,7438,168,4,4609.57
22259,7438,269,2,2723.78
22260,7439,288,2,6212.26
22261,7439,489,2,1979.19
22262,7439,442,4,6554.24
22263,7440,241,4,600.8
22264,7441,155,4,7062.88
22265,7442,195,1,3142.65
22266,7442,173,2,4328.16
22267,7443,339,2,4212.47
22268,7443,475,4,1249.33
22269,7443,224,4,5253.84
22270,7444,476,2,4727.45
22271,7444,360,3,2975.5
22272,7444,462,1,1440.1
22273,7444,336,4,3505.41
22274,7444,9,2,3407.08
22275,7445,471,2,1844.85
22276,7445,98,3,5554.21
22277,7445,56,4,1350.59
22278,7445,191,4,1690.83
22279,7445,209,1,5173.0
22280,7446,282,4,5682.3
22281,7447,195,3,3142.65
22282,7447,51,2,775.58
22283,7447,58,4,685.74
22284,7448,85,4,206.91
22285,7448,333,4,6331.32
22286,7448,4,4,5633.67
22287,7448,288,3,6212.26
22288,7449,143,2,4831.33
22289,7449,323,2,4863.69
22290,7449,172,1,5729.96
22291,7450,113,3,2129.84
22292,7450,239,3,2892.25
22293,7451,74,3,1856.46
22294,7451,255,4,3636.36
22295,7451,213,1,3927.95
22296,7451,394,1,4349.12
22297,7452,258,4,4144.01
22298,7453,307,2,5262.37
22299,7453,158,4,4348.37
22300,7453,78,4,2623.38
22301,7453,479,2,4247.61
22302,7453,65,2,1839.77
22303,7454,249,1,6139.17
22304,7454,160,3,6704.84
22305,7454,396,1,1589.43
22306,7455,273,1,4355.96
22307,7455,439,1,5144.08
22308,7455,417,2,4766.29
22309,7455,192,3,1522.05
22310,7455,323,1,4863.69
22311,7456,296,3,959.66
22312,7456,423,2,5959.15
22313,7456,35,4,3703.55
22314,7456,161,2,6112.98
22315,7457,59,3,3551.72
22316,7457,184,1,4693.71
22317,7458,312,1,4519.33
22318,7458,103,4,5044.44
22319,7459,493,2,6088.79
22320,7459,183,2,4643.22
22321,7459,340,2,6024.22
22322,7459,16,4,3318.23
22323,7460,305,1,1283.96
22324,7460,150,3,1545.47
22325,7460,262,4,3433.24
22326,7460,105,4,4056.14
22327,7460,295,4,1323.61
22328,7461,434,4,5172.12
22329,7461,81,1,3349.11
22330,7461,3,3,394.52
22331,7461,26,2,5756.04
22332,7462,206,4,6451.33
22333,7462,181,3,277.41
22334,7462,454,4,469.46
22335,7462,73,4,958.17
22336,7462,227,2,3884.33
22337,7463,272,1,1207.17
22338,7463,15,2,3647.94
22339,7463,102,3,5155.01
22340,7463,98,4,5554.21
22341,7463,221,3,6443.18
22342,7464,303,4,1103.01
22343,7464,222,1,5410.26
22344,7464,23,2,4519.4
22345,7464,327,3,2218.76
22346,7465,214,1,5909.34
22347,7465,201,2,1060.46
22348,7465,30,3,1495.61
22349,7465,186,4,2472.63
22350,7465,8,1,1108.08
22351,7466,208,3,1461.6
22352,7466,49,4,1001.46
22353,7467,298,1,5143.35
22354,7467,466,4,3543.0
22355,7467,424,4,1011.09
22356,7467,366,3,3398.33
22357,7467,314,1,5187.17
22358,7468,233,4,4261.37
22359,7469,422,1,5095.84
22360,7469,359,1,3218.73
22361,7469,401,1,830.88
22362,7470,453,1,2708.83
22363,7470,308,2,1437.25
22364,7471,475,4,1249.33
22365,7471,70,2,2952.71
22366,7471,130,2,1963.29
22367,7471,245,2,2794.78
22368,7471,63,1,639.04
22369,7472,73,4,958.17
22370,7472,262,1,3433.24
22371,7472,232,3,6669.4
22372,7472,287,4,362.6
22373,7473,342,1,2036.46
22374,7473,3,2,394.52
22375,7473,428,1,3337.91
22376,7473,15,2,3647.94
22377,7474,207,4,5032.22
22378,7474,45,1,2239.06
22379,7474,368,2,3127.98
22380,7474,476,2,4727.45
22381,7474,463,1,4315.08
22382,7475,228,4,5999.41
22383,7475,160,3,6704.84
22384,7475,316,2,3281.58
22385,7476,14,2,1195.89
22386,7476,370,3,4396.17
22387,7476,378,2,5787.24
22388,7477,261,4,6008.79
22389,7477,439,2,5144.08
22390,7477,360,2,2975.5
22391,7477,445,2,4299.29
22392,7477,108,2,2189.38
22393,7478,111,4,2394.51
22394,7479,345,3,6715.15
22395,7480,444,4,5110.75
22396,7481,2,4,5222.22
22397,7481,201,1,1060.46
22398,7481,212,3,155.74
22399,7482,130,3,1963.29
22400,7482,265,1,5984.67
22401,7482,446,2,6731.46
22402,7482,489,4,1979.19
22403,7483,426,2,1145.23
22404,7483,278,4,1452.09
22405,7483,434,4,5172.12
22406,7484,170,3,3039.1
22407,7485,98,2,5554.21
22408,7485,127,4,4216.76
22409,7486,112,4,5163.37
22410,7486,409,4,4629.95
22411,7486,455,4,3452.95
22412,7486,12,1,5776.18
22413,7486,192,1,1522.05
22414,7487,82,4,5405.87
22415,7487,47,1,2540.64
22416,7487,321,1,2051.86
22417,7487,282,3,5682.3
22418,7488,260,4,1846.21
22419,7488,161,2,6112.98
22420,7488,102,2,5155.01
22421,7488,358,2,5127.98
22422,7489,385,3,4521.81
22423,7490,299,1,5162.19
22424,7490,418,1,4532.15
22425,7490,180,3,1609.07
22426,7490,312,2,4519.33
22427,7491,142,4,628.57
22428,7491,362,3,4182.94
22429,7491,490,2,7539.95
22430,7491,283,2,5922.7
22431,7492,458,4,4050.01
22432,7493,253,4,2797.42
22433,7493,132,2,734.08
22434,7493,178,3,3635.79
22435,7493,8,3,1108.08
22436,7494,343,4,2443.83
22437,7494,128,3,2947.92
22438,7494,7,3,1658.11
22439,7495,484,2,5888.26
22440,7495,272,3,1207.17
22441,7495,108,3,2189.38
22442,7495,156,2,3556.59
22443,7496,109,4,2146.83
22444,7496,459,1,4650.34
22445,7496,470,3,4963.98
22446,7496,171,3,6247.86
22447,7497,498,4,5835.24
22448,7498,362,4,4182.94
22449,7498,343,4,2443.83
22450,7498,274,1,7224.74
22451,7498,98,1,5554.21
22452,7498,98,1,5554.21
22453,7499,73,3,958.17
22454,7499,258,3,4144.01
22455,7499,408,3,2432.33
22456,7499,214,4,5909.34
22457,7499,494,3,5234.76
22458,7500,88,1,3652.47
22459,7500,423,2,5959.15
22460,7500,128,3,2947.92
22461,7500,141,4,4217.11
22462,7500,426,4,1145.23
22463,7501,378,1,5787.24
22464,7501,65,1,1839.77
22465,7501,202,3,3841.09
22466,7501,404,4,5691.79
22467,7502,224,1,5253.84
22468,7502,306,3,1311.81
22469,7502,374,4,3593.06
22470,7503,409,3,4629.95
22471,7503,84,2,5116.75
22472,7504,397,2,2867.64
22473,7504,100,3,7678.63
22474,7505,272,4,1207.17
22475,7505,462,1,1440.1
22476,7506,351,1,5407.74
22477,7506,286,4,5544.61
22478,7506,72,2,5436.37
22479,7506,18,1,3961.8
22480,7506,323,3,4863.69
22481,7507,208,1,1461.6
22482,7507,150,1,1545.47
22483,7508,223,1,830.78
22484,7508,451,4,5285.86
22485,7509,70,1,2952.71
22486,7509,220,2,3372.55
22487,7509,478,4,4700.05
22488,7509,324,1,3848.88
22489,7509,203,2,3122.39
22490,7510,177,4,1399.56
22491,7510,386,1,988.77
22492,7510,125,2,4655.25
22493,7511,11,2,5761.74
22494,7511,439,4,5144.08
22495,7511,138,2,4165.59
22496,7511,223,3,830.78
22497,7512,271,1,740.94
22498,7513,352,3,6820.17
22499,7513,87,2,1282.33
22500,7514,36,3,3194.46
22501,7514,278,1,1452.09
22502,7515,41,1,5380.63
22503,7515,153,3,7154.27
22504,7515,271,1,740.94
22505,7516,230,2,3984.19
22506,7517,143,1,4831.33
22507,7517,31,1,3335.57
22508,7517,375,1,5456.42
22509,7517,380,2,4324.63
22510,7517,293,4,5467.31
22511,7518,352,4,6820.17
22512,7518,272,2,1207.17
22513,7518,330,3,4391.26
22514,7518,249,1,6139.17
22515,7518,146,4,2758.94
22516,7519,384,2,4637.79
22517,7519,259,2,1302.93
22518,7519,226,4,1742.75
22519,7520,186,3,2472.63
22520,7520,481,3,4362.0
22521,7520,288,1,6212.26
22522,7521,325,1,6330.63
22523,7522,354,2,1425.69
22524,7523,469,1,5810.45
22525,7524,301,2,4803.29
22526,7524,202,3,3841.09
22527,7525,414,4,981.22
22528,7526,399,1,5067.92
22529,7526,284,3,1954.57
22530,7526,389,2,1828.56
22531,7526,48,4,3118.93
22532,7526,108,4,2189.38
22533,7527,223,2,830.78
22534,7527,259,4,1302.93
22535,7528,225,2,3865.19
22536,7528,389,3,1828.56
22537,7528,126,4,5865.84
22538,7529,304,3,4992.14
22539,7529,293,2,5467.31
22540,7529,369,3,3840.55
22541,7530,199,4,4296.57
22542,7530,308,4,1437.25
22543,7530,147,4,2549.32
22544,7531,82,2,5405.87
22545,7531,447,2,2421.14
22546,7532,55,4,5294.38
22547,7532,486,4,3925.75
22548,7532,68,3,5048.98
22549,7532,367,2,2356.19
22550,7532,75,4,3885.28
22551,7533,426,2,1145.23
22552,7533,120,2,2247.59
22553,7533,100,3,7678.63
22554,7534,412,1,2197.41
22555,7534,252,4,4468.34
22556,7534,488,3,723.72
22557,7535,44,4,5953.73
22558,7535,457,4,4840.21
22559,7536,314,3,5187.17
22560,7536,62,2,7110.36
22561,7536,129,4,1449.29
22562,7536,15,2,3647.94
22563,7537,8,1,1108.08
22564,7538,199,4,4296.57
22565,7538,41,2,5380.63
22566,7539,164,1,451.3
22567,7539,93,1,2629.61
22568,7539,143,4,4831.33
22569,7540,239,1,2892.25
22570,7540,203,2,3122.39
22571,7540,338,3,5130.85
22572,7540,416,4,3452.92
22573,7540,63,3,639.04
22574,7541,456,4,4335.7
22575,7541,225,1,3865.19
22576,7541,310,4,3432.36
22577,7541,500,4,5135.84
22578,7542,61,2,1634.69
22579,7543,495,3,5674.17
22580,7544,470,3,4963.98
22581,7544,389,3,1828.56
22582,7544,472,3,3476.76
22583,7544,72,1,5436.37
22584,7545,219,3,1512.13
22585,7546,320,2,6639.63
22586,7546,444,2,5110.75
22587,7546,12,3,5776.18
22588,7546,85,4,206.91
22589,7546,27,2,1911.35
22590,7547,262,3,3433.24
22591,7548,363,4,7234.27
22592,7548,302,3,4353.43
22593,7548,171,3,6247.86
22594,7549,161,1,6112.98
22595,7549,98,4,5554.21
22596,7550,348,4,4037.99
22597,7551,83,2,4207.1
22598,7551,145,4,380.42
22599,7551,392,4,1502.97
22600,7551,272,4,1207.17
22601,7552,373,4,4435.35
22602,7553,15,4,3647.94
22603,7553,204,4,3202.4
22604,7553,476,2,4727.45
22605,7553,166,4,3680.98
22606,7553,242,2,3908.61
22607,7554,133,2,7682.68
22608,7555,382,2,5869.03
22609,7555,208,1,1461.6
22610,7555,316,1,3281.58
22611,7556,59,3,3551.72
22612,7556,242,2,3908.61
22613,7556,342,1,2036.46
22614,7557,464,4,7057.45
22615,7557,121,1,704.52
22616,7557,213,3,3927.95
22617,7557,104,1,673.38
22618,7558,157,2,5351.04
22619,7558,393,2,1234.01
22620,7558,15,2,3647.94
22621,7559,144,1,4356.46
22622,7559,219,4,1512.13
22623,7559,182,4,4710.47
22624,7560,422,1,5095.84
22625,7560,388,4,1373.2
22626,7560,437,3,1635.15
22627,7560,12,1,5776.18
22628,7561,222,3,5410.26
22629,7561,79,4,2892.49
22630,7561,34,2,1739.97
22631,7561,59,4,3551.72
22632,7562,437,4,1635.15
22633,7562,32,4,4203.79
22634,7562,403,2,2324.3
22635,7562,145,1,380.42
22636,7562,440,1,1786.05
22637,7563,224,2,5253.84
22638,7563,358,1,5127.98
22639,7564,383,4,1338.8
22640,7564,303,3,1103.01
22641,7565,384,4,4637.79
22642,7565,480,1,1852.13
22643,7565,66,4,3951.93
22644,7565,208,4,1461.6
22645,7565,22,4,2628.43
22646,7566,410,4,2717.31
22647,7566,90,3,2134.9
22648,7566,131,2,4351.85
22649,7566,1,1,2876.42
22650,7567,478,1,4700.05
22651,7567,102,2,5155.01
22652,7568,176,4,2750.53
22653,7568,36,3,3194.46
22654,7568,218,3,1046.26
22655,7568,65,2,1839.77
22656,7568,13,4,2922.53
22657,7569,434,2,5172.12
22658,7569,259,4,1302.93
22659,7569,381,1,2780.62
22660,7570,458,2,4050.01
22661,7571,74,3,1856.46
22662,7571,72,3,5436.37
22663,7571,141,3,4217.11
22664,7571,197,2,3444.31
22665,7571,227,3,3884.33
22666,7572,198,3,2183.12
22667,7573,400,1,3874.31
22668,7573,322,4,3077.91
22669,7573,365,2,5059.36
22670,7574,276,3,2669.21
22671,7574,200,1,3146.05
22672,7574,482,1,5294.83
22673,7575,409,4,4629.95
22674,7575,247,4,3140.62
22675,7575,379,4,1894.51
22676,7575,81,2,3349.11
22677,7576,339,4,4212.47
22678,7576,302,2,4353.43
22679,7576,161,4,6112.98
22680,7576,194,1,3575.56
22681,7576,336,3,3505.41
22682,7577,435,1,3048.69
22683,7578,222,2,5410.26
22684,7579,122,2,1788.84
22685,7579,368,3,3127.98
22686,7579,27,2,1911.35
22687,7580,271,3,740.94
22688,7580,293,2,5467.31
22689,7580,130,3,1963.29
22690,7580,377,1,5763.68
22691,7580,244,1,1747.97
22692,7581,483,4,6442.69
22693,7582,35,1,3703.55
22694,7582,35,1,3703.55
22695,7583,317,4,784.53
22696,7584,64,2,5245.29
22697,7584,372,1,2126.62
22698,7585,41,4,5380.63
22699,7585,141,3,4217.11
22700,7585,397,2,2867.64
22701,7585,330,4,4391.26
22702,7586,223,3,830.78
22703,7586,201,1,1060.46
22704,7587,248,1,5396.23
22705,7588,368,1,3127.98
22706,7588,400,1,3874.31
22707,7589,172,1,5729.96
22708,7589,90,3,2134.9
22709,7589,165,4,4937.61
22710,7589,429,2,3529.21
22711,7590,279,1,774.25
22712,7591,131,2,4351.85
22713,7591,435,3,3048.69
22714,7591,453,3,2708.83
22715,7591,305,1,1283.96
22716,7591,456,2,4335.7
22717,7592,123,3,5238.56
22718,7592,331,2,895.99
22719,7593,350,2,1035.46
22720,7593,101,3,1381.51
22721,7594,261,1,6008.79
22722,7594,475,3,1249.33
22723,7594,36,3,3194.46
22724,7594,357,1,3963.48
22725,7595,418,1,4532.15
22726,7595,169,3,5455.24
22727,7595,104,2,673.38
22728,7596,185,3,1990.36
22729,7596,286,3,5544.61
22730,7596,284,3,1954.57
22731,7596,418,4,4532.15
22732,7596,439,1,5144.08
22733,7597,136,4,6859.2
22734,7598,124,1,6069.73
22735,7598,219,2,1512.13
22736,7598,319,1,3408.81
22737,7598,338,2,5130.85
22738,7598,38,4,1645.79
22739,7599,365,4,5059.36
22740,7599,347,1,5269.21
22741,7599,172,1,5729.96
22742,7599,137,2,2345.58
22743,7599,329,3,6150.42
22744,7600,347,4,5269.21
22745,7600,81,3,3349.11
22746,7600,43,2,791.88
22747,7600,117,4,924.08
22748,7600,280,1,4382.83
22749,7601,292,1,5117.95
22750,7601,311,3,1952.58
22751,7602,373,3,4435.35
22752,7602,27,1,1911.35
22753,7603,365,2,5059.36
22754,7603,204,4,3202.4
22755,7603,136,3,6859.2
22756,7603,309,4,825.37
22757,7603,111,1,2394.51
22758,7604,440,1,1786.05
22759,7604,346,4,3160.86
22760,7604,338,3,5130.85
22761,7604,96,3,418.99
22762,7604,361,2,3228.33
22763,7605,367,4,2356.19
22764,7605,215,2,3143.73
22765,7606,425,1,4224.17
22766,7607,442,1,6554.24
22767,7608,392,2,1502.97
22768,7608,87,1,1282.33
22769,7608,160,2,6704.84
22770,7608,499,1,2598.33
22771,7609,31,1,3335.57
22772,7609,115,1,2916.37
22773,7609,283,3,5922.7
22774,7610,285,4,3625.74
22775,7611,258,2,4144.01
22776,7611,182,1,4710.47
22777,7612,220,4,3372.55
22778,7612,108,4,2189.38
22779,7612,378,4,5787.24
22780,7613,268,1,2691.51
22781,7613,258,1,4144.01
22782,7614,347,1,5269.21
22783,7614,370,4,4396.17
22784,7614,50,3,4659.51
22785,7614,373,4,4435.35
22786,7614,299,1,5162.19
22787,7615,408,1,2432.33
22788,7615,307,3,5262.37
22789,7615,261,3,6008.79
22790,7615,349,2,4253.69
22791,7615,168,1,4609.57
22792,7616,486,4,3925.75
22793,7616,186,4,2472.63
22794,7616,432,3,3897.39
22795,7616,22,4,2628.43
22796,7616,188,2,5890.62
22797,7617,427,3,5615.06
22798,7618,203,2,3122.39
22799,7618,466,2,3543.0
22800,7618,156,4,3556.59
22801,7619,492,1,5032.36
22802,7619,25,1,6342.54
22803,7620,98,4,5554.21
22804,7620,422,1,5095.84
22805,7621,303,3,1103.01
22806,7621,412,3,2197.41
22807,7621,34,2,1739.97
22808,7621,434,3,5172.12
22809,7622,204,1,3202.4
22810,7622,299,2,5162.19
22811,7622,86,4,4346.28
22812,7623,278,2,1452.09
22813,7623,182,4,4710.47
22814,7624,445,2,4299.29
22815,7624,422,4,5095.84
22816,7625,124,2,6069.73
22817,7625,267,3,3128.45
22818,7625,402,3,1337.62
22819,7625,377,4,5763.68
22820,7626,151,4,1368.5
22821,7626,183,2,4643.22
22822,7627,449,2,5990.22
22823,7627,166,3,3680.98
22824,7627,243,2,5813.12
22825,7628,162,4,3673.3
22826,7628,304,4,4992.14
22827,7629,483,1,6442.69
22828,7629,15,4,3647.94
22829,7629,228,4,5999.41
22830,7630,373,4,4435.35
22831,7630,436,1,6428.91
22832,7630,44,4,5953.73
22833,7630,284,3,1954.57
22834,7631,13,3,2922.53
22835,7631,234,2,1670.39
22836,7631,117,3,924.08
22837,7632,377,3,5763.68
22838,7632,5,3,2523.37
22839,7632,259,1,1302.93
22840,7633,263,4,4317.08
22841,7633,275,3,1381.85
22842,7633,322,2,3077.91
22843,7633,499,3,2598.33
22844,7634,133,2,7682.68
22845,7634,255,2,3636.36
22846,7634,360,4,2975.5
22847,7634,178,2,3635.79
22848,7634,419,3,4392.23
22849,7635,437,4,1635.15
22850,7635,469,4,5810.45
22851,7635,473,1,4224.82
22852,7635,353,1,4945.04
22853,7635,123,1,5238.56
22854,7636,427,3,5615.06
22855,7636,22,2,2628.43
22856,7636,204,4,3202.4
22857,7637,299,4,5162.19
22858,7638,470,1,4963.98
22859,7638,298,4,5143.35
22860,7638,458,1,4050.01
22861,7638,303,2,1103.01
22862,7638,10,1,1780.12
22863,7639,265,4,5984.67
22864,7639,352,2,6820.17
22865,7639,79,3,2892.49
22866,7639,428,1,3337.91
22867,7639,50,2,4659.51
22868,7640,248,2,5396.23
22869,7641,273,4,4355.96
22870,7642,95,4,4933.59
22871,7642,366,1,3398.33
22872,7642,85,2,206.91
22873,7643,199,2,4296.57
22874,7643,284,4,1954.57
22875,7643,443,3,4924.62
22876,7643,199,4,4296.57
22877,7643,400,4,3874.31
22878,7644,89,1,4465.7
22879,7645,398,1,6965.19
22880,7645,406,3,2675.38
22881,7645,129,2,1449.29
22882,7646,136,2,6859.2
22883,7646,184,1,4693.71
22884,7646,260,4,1846.21
22885,7646,340,4,6024.22
22886,7646,483,4,6442.69
22887,7647,294,1,6129.64
22888,7647,413,3,5368.82
22889,7647,149,3,5667.0
22890,7648,383,3,1338.8
22891,7648,113,2,2129.84
22892,7648,435,1,3048.69
22893,7648,415,4,3144.2
22894,7649,233,2,4261.37
22895,7649,127,1,4216.76
22896,7649,233,4,4261.37
22897,7649,9,1,3407.08
22898,7650,404,2,5691.79
22899,7650,459,4,4650.34
22900,7651,295,1,1323.61
22901,7651,483,3,6442.69
22902,7652,206,4,6451.33
22903,7652,296,4,959.66
22904,7653,293,4,5467.31
22905,7653,438,4,3420.48
22906,7653,143,2,4831.33
22907,7654,152,3,5260.39
22908,7655,106,1,1635.06
22909,7655,70,1,2952.71
22910,7655,428,3,3337.91
22911,7656,95,2,4933.59
22912,7656,415,4,3144.2
22913,7656,61,3,1634.69
22914,7656,451,4,5285.86
22915,7656,281,1,767.61
22916,7657,113,3,2129.84
22917,7658,349,2,4253.69
22918,7658,384,3,4637.79
22919,7658,112,1,5163.37
22920,7659,379,4,1894.51
22921,7659,306,1,1311.81
22922,7659,52,3,2554.22
22923,7659,413,3,5368.82
22924,7659,413,1,5368.82
22925,7660,70,4,2952.71
22926,7660,246,3,2663.81
22927,7660,302,2,4353.43
22928,7660,378,3,5787.24
22929,7661,140,1,4644.31
22930,7662,396,1,1589.43
22931,7662,109,3,2146.83
22932,7662,65,2,1839.77
22933,7662,100,3,7678.63
22934,7662,110,1,6959.37
22935,7663,249,4,6139.17
22936,7663,431,3,2345.7
22937,7664,188,4,5890.62
22938,7664,466,1,3543.0
22939,7665,382,4,5869.03
22940,7665,175,2,1587.68
22941,7665,383,1,1338.8
22942,7666,313,4,3303.95
22943,7666,375,4,5456.42
22944,7666,113,1,2129.84
22945,7666,190,1,2545.79
22946,7667,341,1,1594.54
22947,7667,327,2,2218.76
22948,7667,205,1,6203.46
22949,7667,223,3,830.78
22950,7667,143,4,4831.33
22951,7668,456,3,4335.7
22952,7668,452,1,743.06
22953,7668,13,1,2922.53
22954,7669,173,2,4328.16
22955,7670,214,4,5909.34
22956,7671,334,4,4382.79
22957,7671,422,2,5095.84
22958,7671,483,1,6442.69
22959,7671,91,2,2388.1
22960,7671,438,2,3420.48
22961,7672,363,1,7234.27
22962,7672,210,4,530.97
22963,7673,438,1,3420.48
22964,7673,359,3,3218.73
22965,7673,62,2,7110.36
22966,7674,88,2,3652.47
22967,7674,133,2,7682.68
22968,7674,136,3,6859.2
22969,7675,370,2,4396.17
22970,7675,82,3,5405.87
22971,7676,135,4,5029.03
22972,7677,302,3,4353.43
22973,7677,139,2,2207.41
22974,7677,129,2,1449.29
22975,7678,302,3,4353.43
22976,7678,296,3,959.66
22977,7678,416,2,3452.92
22978,7678,274,3,7224.74
22979,7678,351,4,5407.74
22980,7679,182,3,4710.47
22981,7679,163,1,6699.83
22982,7679,51,4,775.58
22983,7679,235,2,5882.55
22984,7679,469,3,5810.45
22985,7680,467,1,5633.33
22986,7680,41,2,5380.63
22987,7680,119,3,224.22
22988,7680,60,2,5163.17
22989,7681,345,2,6715.15
22990,7681,45,2,2239.06
22991,7682,283,3,5922.7
22992,7683,372,2,2126.62
22993,7684,23,3,4519.4
22994,7685,174,4,2623.77
22995,7685,284,4,1954.57
22996,7685,268,1,2691.51
22997,7686,28,4,801.28
22998,7686,416,3,3452.92
22999,7686,270,4,3668.4
23000,7686,175,4,1587.68
23001,7686,366,3,3398.33
23002,7687,77,1,5802.31
23003,7688,96,1,418.99
23004,7688,351,3,5407.74
23005,7688,210,2,530.97
23006,7688,337,3,5116.18
23007,7689,348,2,4037.99
23008,7689,392,1,1502.97
23009,7689,484,1,5888.26
23010,7689,199,2,4296.57
23011,7690,315,2,1950.17
23012,7690,450,1,2146.91
23013,7691,109,1,2146.83
23014,7692,439,1,5144.08
23015,7692,9,2,3407.08
23016,7692,184,3,4693.71
23017,7693,196,4,4145.76
23018,7693,276,1,2669.21
23019,7693,30,1,1495.61
23020,7693,84,3,5116.75
23021,7693,424,1,1011.09
23022,7694,440,2,1786.05
23023,7694,124,3,6069.73
23024,7694,187,3,7451.43
23025,7694,339,3,4212.47
23026,7695,85,3,206.91
23027,7695,49,1,1001.46
23028,7695,293,3,5467.31
23029,7695,153,3,7154.27
23030,7696,479,3,4247.61
23031,7696,115,4,2916.37
23032,7696,364,2,6026.85
23033,7696,114,3,1305.47
23034,7697,426,4,1145.23
23035,7697,152,3,5260.39
23036,7697,460,4,5962.4
23037,7698,300,4,1582.87
23038,7698,417,1,4766.29
23039,7698,324,4,3848.88
23040,7698,122,2,1788.84
23041,7699,183,3,4643.22
23042,7699,332,4,336.46
23043,7699,388,4,1373.2
23044,7700,201,4,1060.46
23045,7700,175,2,1587.68
23046,7700,443,2,4924.62
23047,7700,421,1,1285.52
23048,7700,373,1,4435.35
23049,7701,286,4,5544.61
23050,7701,148,3,2389.03
23051,7701,394,4,4349.12
23052,7701,304,3,4992.14
23053,7701,217,2,1753.76
23054,7702,447,3,2421.14
23055,7703,358,2,5127.98
23056,7703,87,4,1282.33
23057,7703,397,1,2867.64
23058,7704,126,3,5865.84
23059,7704,4,4,5633.67
23060,7704,186,1,2472.63
23061,7704,281,2,767.61
23062,7705,433,3,3901.17
23063,7706,206,4,6451.33
23064,7706,25,2,6342.54
23065,7707,125,1,4655.25
23066,7707,325,2,6330.63
23067,7707,236,2,4782.03
23068,7707,377,4,5763.68
23069,7708,57,2,4604.53
23070,7708,349,1,4253.69
23071,7708,338,4,5130.85
23072,7708,377,3,5763.68
23073,7708,487,1,3602.54
23074,7709,488,4,723.72
23075,7709,25,3,6342.54
23076,7709,449,4,5990.22
23077,7710,262,4,3433.24
23078,7711,199,1,4296.57
23079,7711,377,3,5763.68
23080,7711,187,1,7451.43
23081,7712,223,3,830.78
23082,7712,26,3,5756.04
23083,7712,481,1,4362.0
23084,7712,476,1,4727.45
23085,7713,357,3,3963.48
23086,7714,429,3,3529.21
23087,7714,129,2,1449.29
23088,7714,257,1,1725.23
23089,7714,301,3,4803.29
23090,7714,173,4,4328.16
23091,7715,194,4,3575.56
23092,7716,357,1,3963.48
23093,7716,494,4,5234.76
23094,7716,20,3,543.91
23095,7717,101,4,1381.51
23096,7717,365,3,5059.36
23097,7717,250,3,2853.44
23098,7718,106,2,1635.06
23099,7718,227,4,3884.33
23100,7718,296,4,959.66
23101,7719,495,1,5674.17
23102,7719,410,1,2717.31
23103,7720,145,4,380.42
23104,7720,117,3,924.08
23105,7720,486,3,3925.75
23106,7720,353,3,4945.04
23107,7720,500,2,5135.84
23108,7721,448,3,1589.08
23109,7722,53,1,1636.05
23110,7722,13,2,2922.53
23111,7722,258,3,4144.01
23112,7722,385,1,4521.81
23113,7722,121,1,704.52
23114,7723,416,4,3452.92
23115,7723,466,4,3543.0
23116,7723,345,1,6715.15
23117,7724,171,4,6247.86
23118,7724,294,4,6129.64
23119,7724,194,2,3575.56
23120,7724,259,1,1302.93
23121,7724,488,3,723.72
23122,7725,1,2,2876.42
23123,7725,211,4,3182.08
23124,7725,456,2,4335.7
23125,7725,416,2,3452.92
23126,7726,48,2,3118.93
23127,7726,100,3,7678.63
23128,7726,225,1,3865.19
23129,7726,12,3,5776.18
23130,7726,232,1,6669.4
23131,7727,484,3,5888.26
23132,7727,97,1,3649.64
23133,7728,54,4,3298.92
23134,7729,278,4,1452.09
23135,7729,325,1,6330.63
23136,7729,110,2,6959.37
23137,7730,34,3,1739.97
23138,7730,63,1,639.04
23139,7730,299,2,5162.19
23140,7730,386,3,988.77
23141,7731,152,1,5260.39
23142,7731,240,3,1220.06
23143,7731,482,1,5294.83
23144,7732,26,1,5756.04
23145,7732,171,4,6247.86
23146,7732,484,3,5888.26
23147,7732,337,4,5116.18
23148,7732,169,4,5455.24
23149,7733,402,4,1337.62
23150,7733,354,4,1425.69
23151,7734,261,1,6008.79
23152,7734,166,4,3680.98
23153,7734,34,2,1739.97
23154,7735,393,3,1234.01
23155,7735,209,2,5173.0
23156,7735,489,3,1979.19
23157,7735,486,2,3925.75
23158,7735,101,4,1381.51
23159,7736,451,4,5285.86
23160,7736,127,1,4216.76
23161,7736,343,3,2443.83
23162,7737,7,3,1658.11
23163,7737,404,4,5691.79
23164,7737,169,1,5455.24
23165,7737,230,4,3984.19
23166,7738,352,4,6820.17
23167,7738,399,4,5067.92
23168,7739,7,3,1658.11
23169,7740,194,4,3575.56
23170,7740,386,2,988.77
23171,7740,129,2,1449.29
23172,7740,492,1,5032.36
23173,7741,488,1,723.72
23174,7741,262,1,3433.24
23175,7741,473,2,4224.82
23176,7741,262,1,3433.24
23177,7742,483,2,6442.69
23178,7742,50,2,4659.51
23179,7742,478,4,4700.05
23180,7742,492,2,5032.36
23181,7742,191,3,1690.83
23182,7743,498,2,5835.24
23183,7743,68,2,5048.98
23184,7743,210,3,530.97
23185,7744,323,4,4863.69
23186,7744,424,4,1011.09
23187,7744,464,1,7057.45
23188,7744,320,2,6639.63
23189,7744,105,2,4056.14
23190,7745,36,2,3194.46
23191,7746,360,3,2975.5
23192,7746,481,4,4362.0
23193,7746,49,3,1001.46
23194,7747,288,4,6212.26
23195,7748,116,4,584.32
23196,7749,247,3,3140.62
23197,7749,497,3,4863.47
23198,7749,130,3,1963.29
23199,7749,311,2,1952.58
23200,7750,486,4,3925.75
23201,7751,272,1,1207.17
23202,7751,364,2,6026.85
23203,7751,87,1,1282.33
23204,7752,483,3,6442.69
23205,7752,450,3,2146.91
23206,7752,415,2,3144.2
23207,7753,248,4,5396.23
23208,7753,357,3,3963.48
23209,7754,229,3,6178.47
23210,7754,132,4,734.08
23211,7755,491,2,336.73
23212,7755,347,4,5269.21
23213,7755,278,1,1452.09
23214,7755,182,1,4710.47
23215,7756,337,1,5116.18
23216,7756,332,2,336.46
23217,7756,147,4,2549.32
23218,7756,177,1,1399.56
23219,7757,361,2,3228.33
23220,7757,305,2,1283.96
23221,7757,13,1,2922.53
23222,7757,190,4,2545.79
23223,7757,108,4,2189.38
23224,7758,223,2,830.78
23225,7758,129,3,1449.29
23226,7759,196,4,4145.76
23227,7760,406,4,2675.38
23228,7760,144,4,4356.46
23229,7760,420,2,1934.38
23230,7761,397,4,2867.64
23231,7761,183,1,4643.22
23232,7761,102,3,5155.01
23233,7761,382,4,5869.03
23234,7761,9,1,3407.08
23235,7762,239,4,2892.25
23236,7763,203,1,3122.39
23237,7763,42,4,5752.4
23238,7764,51,4,775.58
23239,7764,405,2,4305.08
23240,7764,288,4,6212.26
23241,7765,73,2,958.17
23242,7765,390,2,222.07
23243,7765,169,2,5455.24
23244,7765,66,2,3951.93
23245,7765,324,2,3848.88
23246,7766,456,2,4335.7
23247,7767,32,4,4203.79
23248,7767,134,4,4419.51
23249,7767,454,4,469.46
23250,7768,66,4,3951.93
23251,7768,185,2,1990.36
23252,7768,274,4,7224.74
23253,7768,146,1,2758.94
23254,7769,99,3,377.4
23255,7770,393,3,1234.01
23256,7770,283,3,5922.7
23257,7771,477,3,1536.6
23258,7772,355,4,6023.83
23259,7772,174,1,2623.77
23260,7772,409,2,4629.95
23261,7772,292,2,5117.95
23262,7772,324,2,3848.88
23263,7773,134,2,4419.51
23264,7774,307,3,5262.37
23265,7774,241,3,600.8
23266,7774,257,2,1725.23
23267,7775,221,1,6443.18
23268,7775,139,2,2207.41
23269,7776,224,3,5253.84
23270,7776,171,2,6247.86
23271,7777,367,1,2356.19
23272,7777,126,3,5865.84
23273,7777,402,3,1337.62
23274,7777,474,2,5605.5
23275,7778,255,1,3636.36
23276,7778,255,3,3636.36
23277,7778,129,1,1449.29
23278,7778,13,3,2922.53
23279,7778,146,3,2758.94
23280,7779,389,4,1828.56
23281,7779,232,4,6669.4
23282,7780,223,2,830.78
23283,7780,392,3,1502.97
23284,7780,270,1,3668.4
23285,7780,306,3,1311.81
23286,7780,138,4,4165.59
23287,7781,14,3,1195.89
23288,7781,184,1,4693.71
23289,7781,471,3,1844.85
23290,7781,451,4,5285.86
23291,7782,109,2,2146.83
23292,7782,219,2,1512.13
23293,7783,82,2,5405.87
23294,7783,211,4,3182.08
23295,7784,402,1,1337.62
23296,7784,262,4,3433.24
23297,7784,32,4,4203.79
23298,7784,37,2,1174.23
23299,7785,120,3,2247.59
23300,7786,415,4,3144.2
23301,7786,259,1,1302.93
23302,7787,340,4,6024.22
23303,7787,114,4,1305.47
23304,7787,248,4,5396.23
23305,7787,465,3,6681.17
23306,7788,451,4,5285.86
23307,7788,478,2,4700.05
23308,7788,327,1,2218.76
23309,7788,86,2,4346.28
23310,7789,203,4,3122.39
23311,7789,2,4,5222.22
23312,7789,156,1,3556.59
23313,7790,413,3,5368.82
23314,7790,299,3,5162.19
23315,7790,486,4,3925.75
23316,7790,117,4,924.08
23317,7790,455,3,3452.95
23318,7791,463,1,4315.08
23319,7791,283,1,5922.7
23320,7791,63,3,639.04
23321,7792,122,4,1788.84
23322,7792,424,2,1011.09
23323,7792,251,4,4963.2
23324,7792,150,2,1545.47
23325,7793,471,4,1844.85
23326,7793,207,4,5032.22
23327,7793,22,4,2628.43
23328,7794,3,4,394.52
23329,7795,371,2,6431.49
23330,7795,408,4,2432.33
23331,7795,127,1,4216.76
23332,7795,433,2,3901.17
23333,7795,140,1,4644.31
23334,7796,84,4,5116.75
23335,7797,404,4,5691.79
23336,7798,449,2,5990.22
23337,7798,202,1,3841.09
23338,7798,237,3,3807.7
23339,7798,273,4,4355.96
23340,7799,250,4,2853.44
23341,7799,90,1,2134.9
23342,7799,473,2,4224.82
23343,7800,498,4,5835.24
23344,7800,189,2,3600.6
23345,7801,361,4,3228.33
23346,7801,461,1,4553.3
23347,7801,204,3,3202.4
23348,7802,253,1,2797.42
23349,7803,350,4,1035.46
23350,7803,235,2,5882.55
23351,7804,486,4,3925.75
23352,7805,410,4,2717.31
23353,7805,409,2,4629.95
23354,7805,83,4,4207.1
23355,7805,31,1,3335.57
23356,7806,218,2,1046.26
23357,7807,458,4,4050.01
23358,7807,334,3,4382.79
23359,7807,430,1,1289.32
23360,7808,141,1,4217.11
23361,7808,371,4,6431.49
23362,7808,465,1,6681.17
23363,7808,479,1,4247.61
23364,7809,272,3,1207.17
23365,7809,448,1,1589.08
23366,7809,241,4,600.8
23367,7810,320,1,6639.63
23368,7810,481,3,4362.0
23369,7810,27,4,1911.35
23370,7811,191,3,1690.83
23371,7811,173,4,4328.16
23372,7811,23,3,4519.4
23373,7811,148,3,2389.03
23374,7811,138,3,4165.59
23375,7812,22,4,2628.43
23376,7812,174,4,2623.77
23377,7813,155,4,7062.88
23378,7813,436,3,6428.91
23379,7813,10,1,1780.12
23380,7813,368,3,3127.98
23381,7814,32,4,4203.79
23382,7814,282,1,5682.3
23383,7814,48,1,3118.93
23384,7815,10,1,1780.12
23385,7815,97,4,3649.64
23386,7815,28,3,801.28
23387,7815,84,3,5116.75
23388,7815,357,1,3963.48
23389,7816,215,3,3143.73
23390,7816,134,2,4419.51
23391,7816,98,1,5554.21
23392,7816,6,1,2038.84
23393,7817,131,1,4351.85
23394,7817,424,1,1011.09
23395,7817,493,3,6088.79
23396,7818,41,2,5380.63
23397,7818,60,3,5163.17
23398,7818,35,3,3703.55
23399,7818,476,3,4727.45
23400,7819,354,2,1425.69
23401,7819,132,2,734.08
23402,7820,362,4,4182.94
23403,7821,158,3,4348.37
23404,7821,292,1,5117.95
23405,7821,493,3,6088.79
23406,7821,30,1,1495.61
23407,7821,376,4,4480.08
23408,7822,476,1,4727.45
23409,7822,283,4,5922.7
23410,7822,414,3,981.22
23411,7822,368,4,3127.98
23412,7823,184,1,4693.71
23413,7823,141,2,4217.11
23414,7824,150,3,1545.47
23415,7824,69,2,2687.96
23416,7824,98,4,5554.21
23417,7824,82,2,5405.87
23418,7825,392,4,1502.97
23419,7826,241,3,600.8
23420,7826,317,1,784.53
23421,7826,189,2,3600.6
23422,7826,482,2,5294.83
23423,7827,216,4,4724.1
23424,7827,360,2,2975.5
23425,7828,359,3,3218.73
23426,7828,408,1,2432.33
23427,7828,113,3,2129.84
23428,7828,414,2,981.22
23429,7829,21,3,773.93
23430,7830,499,3,2598.33
23431,7830,253,4,2797.42
23432,7830,308,1,1437.25
23433,7831,395,4,4977.01
23434,7831,294,3,6129.64
23435,7831,449,3,5990.22
23436,7831,159,2,1782.91
23437,7832,227,4,3884.33
23438,7833,265,1,5984.67
23439,7833,33,4,6626.78
23440,7834,82,4,5405.87
23441,7834,453,3,2708.83
23442,7834,38,2,1645.79
23443,7834,431,1,2345.7
23444,7835,36,1,3194.46
23445,7835,103,1,5044.44
23446,7835,328,1,2729.68
23447,7835,203,1,3122.39
23448,7836,441,3,5639.25
23449,7836,439,4,5144.08
23450,7836,306,3,1311.81
23451,7836,154,4,3919.63
23452,7836,295,4,1323.61
23453,7837,486,1,3925.75
23454,7837,121,1,704.52
23455,7838,209,1,5173.0
23456,7838,244,4,1747.97
23457,7838,286,2,5544.61
23458,7838,322,4,3077.91
23459,7838,41,1,5380.63
23460,7839,390,1,222.07
23461,7839,476,4,4727.45
23462,7840,478,4,4700.05
23463,7840,457,4,4840.21
23464,7841,114,3,1305.47
23465,7842,62,1,7110.36
23466,7842,452,4,743.06
23467,7842,422,3,5095.84
23468,7843,307,1,5262.37
23469,7843,447,4,2421.14
23470,7843,453,1,2708.83
23471,7843,300,3,1582.87
23472,7844,92,4,4206.66
23473,7845,63,4,639.04
23474,7845,36,2,3194.46
23475,7845,76,1,3624.25
23476,7845,354,3,1425.69
23477,7845,436,2,6428.91
23478,7846,398,1,6965.19
23479,7846,373,3,4435.35
23480,7846,404,1,5691.79
23481,7846,314,3,5187.17
23482,7847,190,1,2545.79
23483,7848,81,2,3349.11
23484,7848,9,4,3407.08
23485,7848,375,3,5456.42
23486,7848,320,2,6639.63
23487,7848,326,3,5313.25
23488,7849,479,3,4247.61
23489,7849,237,4,3807.7
23490,7849,314,1,5187.17
23491,7849,281,4,767.61
23492,7850,424,2,1011.09
23493,7850,426,2,1145.23
23494,7850,22,3,2628.43
23495,7850,404,3,5691.79
23496,7850,490,1,7539.95
23497,7851,465,4,6681.17
23498,7851,270,2,3668.4
23499,7851,364,3,6026.85
23500,7852,228,3,5999.41
23501,7853,40,1,2870.78
23502,7853,62,4,7110.36
23503,7853,494,3,5234.76
23504,7853,50,4,4659.51
23505,7854,472,2,3476.76
23506,7854,374,3,3593.06
23507,7854,251,4,4963.2
23508,7855,222,3,5410.26
23509,7855,397,2,2867.64
23510,7856,464,3,7057.45
23511,7857,26,1,5756.04
23512,7857,485,2,4042.01
23513,7858,92,1,4206.66
23514,7858,411,2,4968.3
23515,7858,296,2,959.66
23516,7859,291,1,4158.04
23517,7859,275,4,1381.85
23518,7859,16,2,3318.23
23519,7860,108,1,2189.38
23520,7860,426,4,1145.23
23521,7860,39,4,3097.27
23522,7860,133,2,7682.68
23523,7860,466,4,3543.0
23524,7861,56,4,1350.59
23525,7861,26,4,5756.04
23526,7861,97,3,3649.64
23527,7861,13,1,2922.53
23528,7861,404,1,5691.79
23529,7862,39,1,3097.27
23530,7863,458,2,4050.01
23531,7863,402,3,1337.62
23532,7864,223,2,830.78
23533,7864,235,1,5882.55
23534,7864,58,4,685.74
23535,7865,439,1,5144.08
23536,7865,306,1,1311.81
23537,7866,1,2,2876.42
23538,7866,472,4,3476.76
23539,7866,329,1,6150.42
23540,7866,314,1,5187.17
23541,7866,144,3,4356.46
23542,7867,437,4,1635.15
23543,7867,34,4,1739.97
23544,7868,255,3,3636.36
23545,7868,453,1,2708.83
23546,7868,469,4,5810.45
23547,7868,82,3,5405.87
23548,7868,102,2,5155.01
23549,7869,86,3,4346.28
23550,7869,2,3,5222.22
23551,7869,230,3,3984.19
23552,7869,51,3,775.58
23553,7869,41,1,5380.63
23554,7870,396,3,1589.43
23555,7870,284,4,1954.57
23556,7870,167,4,6818.7
23557,7870,465,4,6681.17
23558,7871,71,4,4208.53
23559,7871,72,1,5436.37
23560,7871,361,2,3228.33
23561,7871,387,2,1384.34
23562,7871,369,2,3840.55
23563,7872,487,3,3602.54
23564,7872,274,1,7224.74
23565,7872,49,3,1001.46
23566,7872,287,1,362.6
23567,7872,93,1,2629.61
23568,7873,113,1,2129.84
23569,7874,63,4,639.04
23570,7874,14,2,1195.89
23571,7874,407,3,5614.76
23572,7875,92,1,4206.66
23573,7875,71,2,4208.53
23574,7875,112,2,5163.37
23575,7876,51,2,775.58
23576,7877,336,3,3505.41
23577,7877,406,3,2675.38
23578,7877,473,3,4224.82
23579,7877,325,2,6330.63
23580,7878,65,4,1839.77
23581,7878,410,4,2717.31
23582,7879,182,4,4710.47
23583,7879,181,3,277.41
23584,7880,87,4,1282.33
23585,7880,117,4,924.08
23586,7881,355,3,6023.83
23587,7882,44,2,5953.73
23588,7882,222,4,5410.26
23589,7882,442,1,6554.24
23590,7882,150,2,1545.47
23591,7883,133,4,7682.68
23592,7883,76,2,3624.25
23593,7883,324,4,3848.88
23594,7883,219,2,1512.13
23595,7883,288,1,6212.26
23596,7884,231,2,1813.96
23597,7884,302,2,4353.43
23598,7884,42,1,5752.4
23599,7884,107,3,4351.35
23600,7885,148,4,2389.03
23601,7885,472,3,3476.76
23602,7885,331,4,895.99
23603,7886,466,2,3543.0
23604,7886,142,2,628.57
23605,7886,445,3,4299.29
23606,7886,113,4,2129.84
23607,7887,138,4,4165.59
23608,7887,358,1,5127.98
23609,7888,360,3,2975.5
23610,7888,357,1,3963.48
23611,7888,337,2,5116.18
23612,7889,382,2,5869.03
23613,7889,358,2,5127.98
23614,7889,106,1,1635.06
23615,7890,442,1,6554.24
23616,7890,152,1,5260.39
23617,7891,465,3,6681.17
23618,7891,168,2,4609.57
23619,7892,29,2,5434.79
23620,7892,80,2,2551.1
23621,7892,162,3,3673.3
23622,7893,59,3,3551.72
23623,7893,18,4,3961.8
23624,7893,215,1,3143.73
23625,7893,122,2,1788.84
23626,7893,460,3,5962.4
23627,7894,184,4,4693.71
23628,7894,281,4,767.61
23629,7894,457,4,4840.21
23630,7895,284,4,1954.57
23631,7895,124,3,6069.73
23632,7896,206,3,6451.33
23633,7896,297,3,1402.1
23634,7896,256,1,2686.28
23635,7896,418,3,4532.15
23636,7897,63,3,639.04
23637,7897,64,2,5245.29
23638,7898,78,3,2623.38
23639,7899,419,2,4392.23
23640,7899,72,3,5436.37
23641,7899,194,2,3575.56
23642,7900,183,4,4643.22
23643,7900,487,3,3602.54
23644,7900,99,3,377.4
23645,7901,135,2,5029.03
23646,7901,386,1,988.77
23647,7902,382,3,5869.03
23648,7902,105,1,4056.14
23649,7903,388,2,1373.2
23650,7903,113,2,2129.84
23651,7903,280,1,4382.83
23652,7904,173,3,4328.16
23653,7904,189,3,3600.6
23654,7904,486,2,3925.75
23655,7904,220,4,3372.55
23656,7904,129,2,1449.29
23657,7905,273,2,4355.96
23658,7905,238,3,555.04
23659,7905,214,3,5909.34
23660,7905,26,3,5756.04
23661,7906,482,2,5294.83
23662,7906,416,3,3452.92
23663,7906,381,2,2780.62
23664,7906,159,1,1782.91
23665,7906,354,3,1425.69
23666,7907,37,3,1174.23
23667,7907,329,4,6150.42
23668,7907,418,3,4532.15
23669,7907,193,4,6626.72
23670,7907,307,4,5262.37
23671,7908,221,4,6443.18
23672,7908,59,1,3551.72
23673,7908,302,2,4353.43
23674,7908,147,3,2549.32
23675,7909,412,1,2197.41
23676,7909,444,1,5110.75
23677,7909,494,1,5234.76
23678,7910,98,2,5554.21
23679,7910,440,2,1786.05
23680,7910,317,1,784.53
23681,7911,55,3,5294.38
23682,7911,144,1,4356.46
23683,7911,204,2,3202.4
23684,7912,157,2,5351.04
23685,7912,421,1,1285.52
23686,7912,309,4,825.37
23687,7912,394,4,4349.12
23688,7913,333,3,6331.32
23689,7913,227,3,3884.33
23690,7913,420,1,1934.38
23691,7913,120,3,2247.59
23692,7913,447,1,2421.14
23693,7914,445,4,4299.29
23694,7914,286,2,5544.61
23695,7914,334,4,4382.79
23696,7915,49,4,1001.46
23697,7916,348,3,4037.99
23698,7916,366,2,3398.33
23699,7916,183,4,4643.22
23700,7917,28,3,801.28
23701,7917,353,3,4945.04
23702,7917,8,3,1108.08
23703,7917,84,2,5116.75
23704,7918,270,2,3668.4
23705,7918,302,2,4353.43
23706,7919,146,4,2758.94
23707,7919,353,2,4945.04
23708,7919,461,1,4553.3
23709,7920,220,1,3372.55
23710,7920,156,4,3556.59
23711,7920,383,2,1338.8
23712,7920,234,4,1670.39
23713,7920,420,3,1934.38
23714,7921,135,2,5029.03
23715,7921,399,3,5067.92
23716,7921,325,2,6330.63
23717,7922,479,3,4247.61
23718,7922,59,2,3551.72
23719,7922,416,3,3452.92
23720,7922,446,4,6731.46
23721,7922,363,2,7234.27
23722,7923,89,4,4465.7
23723,7923,190,3,2545.79
23724,7924,235,1,5882.55
23725,7925,195,2,3142.65
23726,7926,80,2,2551.1
23727,7927,232,3,6669.4
23728,7927,373,1,4435.35
23729,7927,45,1,2239.06
23730,7927,342,4,2036.46
23731,7927,97,4,3649.64
23732,7928,98,4,5554.21
23733,7928,384,3,4637.79
23734,7929,369,4,3840.55
23735,7929,325,4,6330.63
23736,7929,436,2,6428.91
23737,7929,219,2,1512.13
23738,7929,193,1,6626.72
23739,7930,231,1,1813.96
23740,7930,51,3,775.58
23741,7931,106,3,1635.06
23742,7931,292,2,5117.95
23743,7931,355,2,6023.83
23744,7932,48,2,3118.93
23745,7932,119,3,224.22
23746,7932,435,4,3048.69
23747,7932,96,3,418.99
23748,7932,182,3,4710.47
23749,7933,145,4,380.42
23750,7933,232,3,6669.4
23751,7934,419,2,4392.23
23752,7935,482,1,5294.83
23753,7935,103,4,5044.44
23754,7935,463,2,4315.08
23755,7935,227,1,3884.33
23756,7936,189,2,3600.6
23757,7936,236,2,4782.03
23758,7936,367,4,2356.19
23759,7936,197,3,3444.31
23760,7936,216,1,4724.1
23761,7937,365,3,5059.36
23762,7937,230,3,3984.19
23763,7937,133,2,7682.68
23764,7938,26,1,5756.04
23765,7938,161,3,6112.98
23766,7939,361,1,3228.33
23767,7939,135,3,5029.03
23768,7939,58,2,685.74
23769,7940,156,4,3556.59
23770,7940,315,4,1950.17
23771,7940,404,2,5691.79
23772,7941,147,1,2549.32
23773,7941,330,1,4391.26
23774,7941,1,4,2876.42
23775,7941,34,3,1739.97
23776,7942,342,2,2036.46
23777,7943,321,3,2051.86
23778,7943,214,4,5909.34
23779,7943,378,1,5787.24
23780,7944,479,1,4247.61
23781,7944,414,1,981.22
23782,7944,438,1,3420.48
23783,7944,364,2,6026.85
23784,7944,40,1,2870.78
23785,7945,20,4,543.91
23786,7945,307,3,5262.37
23787,7945,441,2,5639.25
23788,7945,350,4,1035.46
23789,7945,447,3,2421.14
23790,7946,369,1,3840.55
23791,7947,64,4,5245.29
23792,7948,102,2,5155.01
23793,7948,218,3,1046.26
23794,7949,299,4,5162.19
23795,7949,322,1,3077.91
23796,7949,437,2,1635.15
23797,7949,98,1,5554.21
23798,7950,96,1,418.99
23799,7950,397,1,2867.64
23800,7950,322,2,3077.91
23801,7950,334,1,4382.79
23802,7950,265,4,5984.67
23803,7951,450,4,2146.91
23804,7952,354,1,1425.69
23805,7953,492,4,5032.36
23806,7953,326,2,5313.25
23807,7954,78,2,2623.38
23808,7955,486,4,3925.75
23809,7955,498,2,5835.24
23810,7955,372,1,2126.62
23811,7956,304,1,4992.14
23812,7956,298,2,5143.35
23813,7956,284,2,1954.57
23814,7956,289,4,615.43
23815,7956,388,1,1373.2
23816,7957,24,1,6433.86
23817,7957,25,3,6342.54
23818,7957,485,4,4042.01
23819,7957,110,1,6959.37
23820,7958,5,4,2523.37
23821,7958,38,1,1645.79
23822,7958,406,3,2675.38
23823,7958,121,1,704.52
23824,7959,380,2,4324.63
23825,7959,100,2,7678.63
23826,7959,13,1,2922.53
23827,7960,457,1,4840.21
23828,7961,147,2,2549.32
23829,7961,216,3,4724.1
23830,7961,158,3,4348.37
23831,7961,485,2,4042.01
23832,7962,75,1,3885.28
23833,7963,253,2,2797.42
23834,7963,43,1,791.88
23835,7963,148,2,2389.03
23836,7963,250,1,2853.44
23837,7964,30,3,1495.61
23838,7964,492,1,5032.36
23839,7964,77,3,5802.31
23840,7964,437,4,1635.15
23841,7965,292,4,5117.95
23842,7965,163,3,6699.83
23843,7966,229,2,6178.47
23844,7967,56,1,1350.59
23845,7967,99,2,377.4
23846,7967,357,1,3963.48
23847,7967,272,1,1207.17
23848,7967,377,4,5763.68
23849,7968,198,1,2183.12
23850,7969,393,1,1234.01
23851,7969,138,4,4165.59
23852,7969,386,4,988.77
23853,7969,477,4,1536.6
23854,7969,437,4,1635.15
23855,7970,61,1,1634.69
23856,7970,302,3,4353.43
23857,7970,56,4,1350.59
23858,7971,54,3,3298.92
23859,7971,244,3,1747.97
23860,7972,247,3,3140.62
23861,7972,247,2,3140.62
23862,7972,49,1,1001.46
23863,7973,499,1,2598.33
23864,7974,183,2,4643.22
23865,7974,371,3,6431.49
23866,7974,278,4,1452.09
23867,7975,22,3,2628.43
23868,7975,237,1,3807.7
23869,7975,119,2,224.22
23870,7976,139,4,2207.41
23871,7976,447,2,2421.14
23872,7976,311,4,1952.58
23873,7976,156,3,3556.59
23874,7977,361,3,3228.33
23875,7977,454,1,469.46
23876,7977,126,3,5865.84
23877,7978,220,1,3372.55
23878,7978,14,2,1195.89
23879,7979,247,3,3140.62
23880,7979,203,3,3122.39
23881,7980,296,2,959.66
23882,7980,108,4,2189.38
23883,7980,356,3,5880.99
23884,7980,109,4,2146.83
23885,7980,432,4,3897.39
23886,7981,225,1,3865.19
23887,7981,281,4,767.61
23888,7982,371,3,6431.49
23889,7982,37,3,1174.23
23890,7982,278,3,1452.09
23891,7982,424,4,1011.09
23892,7983,138,1,4165.59
23893,7983,299,3,5162.19
23894,7983,200,4,3146.05
23895,7983,136,1,6859.2
23896,7984,353,4,4945.04
23897,7984,181,2,277.41
23898,7984,118,1,4371.63
23899,7984,149,2,5667.0
23900,7985,112,4,5163.37
23901,7985,123,3,5238.56
23902,7985,275,1,1381.85
23903,7985,9,2,3407.08
23904,7985,469,1,5810.45
23905,7986,56,3,1350.59
23906,7986,306,3,1311.81
23907,7986,419,1,4392.23
23908,7986,45,4,2239.06
23909,7986,290,3,1518.49
23910,7987,335,4,3273.18
23911,7987,97,2,3649.64
23912,7987,1,1,2876.42
23913,7988,156,4,3556.59
23914,7988,280,1,4382.83
23915,7988,258,4,4144.01
23916,7988,308,2,1437.25
23917,7988,366,2,3398.33
23918,7989,324,1,3848.88
23919,7989,422,4,5095.84
23920,7989,49,1,1001.46
23921,7990,92,3,4206.66
23922,7990,435,4,3048.69
23923,7990,483,1,6442.69
23924,7990,297,3,1402.1
23925,7990,240,1,1220.06
23926,7991,365,3,5059.36
23927,7991,285,1,3625.74
23928,7991,460,3,5962.4
23929,7992,451,1,5285.86
23930,7992,259,2,1302.93
23931,7992,193,2,6626.72
23932,7992,355,3,6023.83
23933,7993,17,3,6553.92
23934,7994,200,3,3146.05
23935,7994,175,2,1587.68
23936,7994,58,1,685.74
23937,7994,359,1,3218.73
23938,7995,166,3,3680.98
23939,7995,307,1,5262.37
23940,7995,13,2,2922.53
23941,7996,465,1,6681.17
23942,7996,57,1,4604.53
23943,7996,107,3,4351.35
23944,7996,477,1,1536.6
23945,7996,119,1,224.22
23946,7997,490,4,7539.95
23947,7998,366,2,3398.33
23948,7998,189,2,3600.6
23949,7998,43,4,791.88
23950,7998,346,2,3160.86
23951,7998,1,3,2876.42
23952,7999,439,3,5144.08
23953,7999,382,1,5869.03
23954,7999,499,3,2598.33
23955,7999,198,1,2183.12
23956,7999,495,2,5674.17
23957,8000,412,4,2197.41
23958,8000,231,2,1813.96
23959,8001,499,4,2598.33
23960,8001,464,1,7057.45
23961,8002,411,1,4968.3
23962,8002,449,2,5990.22
23963,8002,206,4,6451.33
23964,8002,395,2,4977.01
23965,8002,450,2,2146.91
23966,8003,309,3,825.37
23967,8003,120,4,2247.59
23968,8003,128,3,2947.92
23969,8003,427,4,5615.06
23970,8003,133,4,7682.68
23971,8004,148,3,2389.03
23972,8004,128,4,2947.92
23973,8004,429,2,3529.21
23974,8005,426,2,1145.23
23975,8006,423,2,5959.15
23976,8006,22,4,2628.43
23977,8006,285,3,3625.74
23978,8006,58,1,685.74
23979,8007,263,1,4317.08
23980,8008,440,1,1786.05
23981,8008,251,4,4963.2
23982,8008,66,3,3951.93
23983,8009,59,3,3551.72
23984,8009,320,1,6639.63
23985,8009,377,4,5763.68
23986,8009,394,3,4349.12
23987,8009,262,1,3433.24
23988,8010,89,4,4465.7
23989,8011,195,2,3142.65
23990,8011,70,1,2952.71
23991,8012,258,4,4144.01
23992,8012,340,2,6024.22
23993,8012,35,2,3703.55
23994,8012,89,1,4465.7
23995,8012,495,4,5674.17
23996,8013,137,2,2345.58
23997,8013,156,4,3556.59
23998,8013,46,4,922.81
23999,8013,164,4,451.3
24000,8013,450,1,2146.91
24001,8014,455,2,3452.95
24002,8014,426,3,1145.23
24003,8014,141,1,4217.11
24004,8015,96,3,418.99
24005,8015,205,2,6203.46
24006,8015,110,1,6959.37
24007,8015,359,2,3218.73
24008,8015,344,1,6982.35
24009,8016,144,3,4356.46
24010,8016,457,4,4840.21
24011,8016,277,3,4935.0
24012,8016,361,3,3228.33
24013,8017,205,4,6203.46
24014,8017,46,3,922.81
24015,8017,357,1,3963.48
24016,8017,294,3,6129.64
24017,8017,186,3,2472.63
24018,8018,310,4,3432.36
24019,8019,412,4,2197.41
24020,8019,64,3,5245.29
24021,8020,396,3,1589.43
24022,8021,190,3,2545.79
24023,8021,226,3,1742.75
24024,8021,429,2,3529.21
24025,8021,428,3,3337.91
24026,8021,109,3,2146.83
24027,8022,236,2,4782.03
24028,8022,89,1,4465.7
24029,8022,129,2,1449.29
24030,8022,5,1,2523.37
24031,8022,6,2,2038.84
24032,8023,154,2,3919.63
24033,8023,269,1,2723.78
24034,8023,137,2,2345.58
24035,8024,420,4,1934.38
24036,8024,302,2,4353.43
24037,8024,408,2,2432.33
24038,8025,412,2,2197.41
24039,8025,239,2,2892.25
24040,8025,18,1,3961.8
24041,8025,249,2,6139.17
24042,8025,379,4,1894.51
24043,8026,193,3,6626.72
24044,8026,176,2,2750.53
24045,8027,99,3,377.4
24046,8027,11,1,5761.74
24047,8027,318,1,5367.63
24048,8027,458,4,4050.01
24049,8027,424,2,1011.09
24050,8028,385,1,4521.81
24051,8028,425,4,4224.17
24052,8028,286,3,5544.61
24053,8028,469,3,5810.45
24054,8029,410,4,2717.31
24055,8029,372,3,2126.62
24056,8029,284,4,1954.57
24057,8029,412,2,2197.41
24058,8029,176,3,2750.53
24059,8030,216,3,4724.1
24060,8030,104,2,673.38
24061,8030,21,2,773.93
24062,8030,303,1,1103.01
24063,8031,144,4,4356.46
24064,8032,437,4,1635.15
24065,8032,19,4,4193.05
24066,8032,443,1,4924.62
24067,8033,475,3,1249.33
24068,8034,73,4,958.17
24069,8034,482,1,5294.83
24070,8035,471,3,1844.85
24071,8035,442,2,6554.24
24072,8035,460,2,5962.4
24073,8035,426,1,1145.23
24074,8036,462,1,1440.1
24075,8036,383,4,1338.8
24076,8036,57,3,4604.53
24077,8036,72,1,5436.37
24078,8036,263,3,4317.08
24079,8037,30,2,1495.61
24080,8037,250,1,2853.44
24081,8038,280,4,4382.83
24082,8038,28,1,801.28
24083,8038,434,3,5172.12
24084,8039,253,2,2797.42
24085,8039,335,1,3273.18
24086,8039,338,3,5130.85
24087,8039,416,2,3452.92
24088,8040,492,4,5032.36
24089,8040,235,2,5882.55
24090,8041,238,1,555.04
24091,8042,339,4,4212.47
24092,8043,88,4,3652.47
24093,8044,83,1,4207.1
24094,8044,418,4,4532.15
24095,8044,69,4,2687.96
24096,8045,268,1,2691.51
24097,8045,380,2,4324.63
24098,8045,496,3,5678.29
24099,8045,152,4,5260.39
24100,8045,298,4,5143.35
24101,8046,121,1,704.52
24102,8046,273,1,4355.96
24103,8047,162,4,3673.3
24104,8047,116,2,584.32
24105,8047,212,1,155.74
24106,8047,201,2,1060.46
24107,8047,107,1,4351.35
24108,8048,32,1,4203.79
24109,8048,5,4,2523.37
24110,8048,229,3,6178.47
24111,8048,335,3,3273.18
24112,8049,474,3,5605.5
24113,8049,111,1,2394.51
24114,8050,327,4,2218.76
24115,8050,124,4,6069.73
24116,8050,333,2,6331.32
24117,8050,278,3,1452.09
24118,8050,446,3,6731.46
24119,8051,238,4,555.04
24120,8051,478,2,4700.05
24121,8051,190,4,2545.79
24122,8051,446,4,6731.46
24123,8052,238,3,555.04
24124,8052,459,1,4650.34
24125,8052,483,2,6442.69
24126,8052,391,3,2831.62
24127,8052,397,3,2867.64
24128,8053,385,1,4521.81
24129,8053,83,3,4207.1
24130,8053,484,2,5888.26
24131,8053,471,2,1844.85
24132,8053,231,2,1813.96
24133,8054,21,3,773.93
24134,8054,167,4,6818.7
24135,8054,304,3,4992.14
24136,8055,293,4,5467.31
24137,8055,292,3,5117.95
24138,8055,388,4,1373.2
24139,8055,222,4,5410.26
24140,8055,352,4,6820.17
24141,8056,487,3,3602.54
24142,8057,226,2,1742.75
24143,8057,240,1,1220.06
24144,8058,330,3,4391.26
24145,8058,82,3,5405.87
24146,8059,456,1,4335.7
24147,8059,412,2,2197.41
24148,8059,469,2,5810.45
24149,8060,105,1,4056.14
24150,8060,8,2,1108.08
24151,8060,397,3,2867.64
24152,8060,152,1,5260.39
24153,8061,430,3,1289.32
24154,8061,433,1,3901.17
24155,8062,34,4,1739.97
24156,8062,223,4,830.78
24157,8062,422,3,5095.84
24158,8062,191,2,1690.83
24159,8062,135,4,5029.03
24160,8063,467,4,5633.33
24161,8063,299,4,5162.19
24162,8063,413,1,5368.82
24163,8063,337,3,5116.18
24164,8063,198,1,2183.12
24165,8064,72,4,5436.37
24166,8064,209,1,5173.0
24167,8064,173,1,4328.16
24168,8064,165,3,4937.61
24169,8065,200,3,3146.05
24170,8065,348,1,4037.99
24171,8065,112,1,5163.37
24172,8065,263,1,4317.08
24173,8065,402,1,1337.62
24174,8066,168,3,4609.57
24175,8066,153,2,7154.27
24176,8066,96,3,418.99
24177,8066,211,2,3182.08
24178,8066,181,4,277.41
24179,8067,140,1,4644.31
24180,8067,268,3,2691.51
24181,8067,309,1,825.37
24182,8068,160,3,6704.84
24183,8068,381,2,2780.62
24184,8068,251,1,4963.2
24185,8068,450,1,2146.91
24186,8069,462,3,1440.1
24187,8069,95,3,4933.59
24188,8069,329,2,6150.42
24189,8069,262,1,3433.24
24190,8070,66,4,3951.93
24191,8070,237,2,3807.7
24192,8070,299,1,5162.19
24193,8071,167,4,6818.7
24194,8071,191,3,1690.83
24195,8071,66,1,3951.93
24196,8071,266,4,3100.54
24197,8071,78,4,2623.38
24198,8072,441,4,5639.25
24199,8072,357,3,3963.48
24200,8072,271,1,740.94
24201,8072,128,1,2947.92
24202,8073,321,2,2051.86
24203,8073,471,1,1844.85
24204,8073,417,2,4766.29
24205,8073,468,2,6226.51
24206,8074,111,3,2394.51
24207,8074,197,3,3444.31
24208,8075,191,2,1690.83
24209,8075,148,2,2389.03
24210,8075,28,3,801.28
24211,8075,268,4,2691.51
24212,8076,293,2,5467.31
24213,8077,473,3,4224.82
24214,8078,295,3,1323.61
24215,8078,381,3,2780.62
24216,8078,373,1,4435.35
24217,8078,377,3,5763.68
24218,8079,412,4,2197.41
24219,8079,121,1,704.52
24220,8079,43,3,791.88
24221,8079,191,4,1690.83
24222,8079,420,3,1934.38
24223,8080,134,3,4419.51
24224,8081,102,1,5155.01
24225,8081,493,4,6088.79
24226,8082,73,2,958.17
24227,8082,395,1,4977.01
24228,8082,262,4,3433.24
24229,8082,383,4,1338.8
24230,8082,115,4,2916.37
24231,8083,328,4,2729.68
24232,8083,87,4,1282.33
24233,8083,482,1,5294.83
24234,8083,339,4,4212.47
24235,8084,17,2,6553.92
24236,8084,330,1,4391.26
24237,8084,56,1,1350.59
24238,8085,461,1,4553.3
24239,8085,421,4,1285.52
24240,8085,148,4,2389.03
24241,8085,495,3,5674.17
24242,8086,11,3,5761.74
24243,8086,51,3,775.58
24244,8086,442,1,6554.24
24245,8087,260,1,1846.21
24246,8087,454,2,469.46
24247,8087,333,1,6331.32
24248,8087,99,2,377.4
24249,8088,71,4,4208.53
24250,8088,238,2,555.04
24251,8088,317,2,784.53
24252,8088,421,1,1285.52
24253,8089,206,3,6451.33
24254,8090,229,3,6178.47
24255,8090,364,2,6026.85
24256,8090,196,1,4145.76
24257,8090,57,1,4604.53
24258,8090,27,2,1911.35
24259,8091,90,2,2134.9
24260,8092,257,4,1725.23
24261,8092,138,3,4165.59
24262,8092,474,2,5605.5
24263,8093,50,4,4659.51
24264,8093,385,3,4521.81
24265,8094,491,2,336.73
24266,8094,190,3,2545.79
24267,8094,56,2,1350.59
24268,8094,210,3,530.97
24269,8094,197,1,3444.31
24270,8095,92,2,4206.66
24271,8095,498,3,5835.24
24272,8095,224,1,5253.84
24273,8096,476,1,4727.45
24274,8097,31,1,3335.57
24275,8097,249,4,6139.17
24276,8097,65,3,1839.77
24277,8098,11,1,5761.74
24278,8098,369,1,3840.55
24279,8098,468,2,6226.51
24280,8099,417,4,4766.29
24281,8099,298,2,5143.35
24282,8099,483,4,6442.69
24283,8099,253,4,2797.42
24284,8100,172,2,5729.96
24285,8100,435,3,3048.69
24286,8101,229,3,6178.47
24287,8102,207,3,5032.22
24288,8102,456,1,4335.7
24289,8103,210,3,530.97
24290,8103,355,2,6023.83
24291,8103,478,1,4700.05
24292,8104,457,2,4840.21
24293,8104,132,1,734.08
24294,8104,368,1,3127.98
24295,8105,418,1,4532.15
24296,8105,358,4,5127.98
24297,8105,326,2,5313.25
24298,8106,372,4,2126.62
24299,8106,297,3,1402.1
24300,8106,95,4,4933.59
24301,8106,249,3,6139.17
24302,8106,227,3,3884.33
24303,8107,478,4,4700.05
24304,8108,323,4,4863.69
24305,8108,5,1,2523.37
24306,8108,265,3,5984.67
24307,8109,3,2,394.52
24308,8110,495,3,5674.17
24309,8110,78,3,2623.38
24310,8110,270,1,3668.4
24311,8111,500,1,5135.84
24312,8111,266,1,3100.54
24313,8111,405,3,4305.08
24314,8111,106,2,1635.06
24315,8112,73,3,958.17
24316,8112,122,4,1788.84
24317,8113,451,4,5285.86
24318,8113,364,4,6026.85
24319,8113,169,1,5455.24
24320,8114,496,1,5678.29
24321,8114,461,1,4553.3
24322,8115,217,2,1753.76
24323,8115,494,3,5234.76
24324,8115,218,4,1046.26
24325,8115,186,4,2472.63
24326,8116,82,4,5405.87
24327,8116,480,2,1852.13
24328,8117,304,1,4992.14
24329,8117,389,2,1828.56
24330,8117,287,4,362.6
24331,8118,345,2,6715.15
24332,8119,468,3,6226.51
24333,8119,23,4,4519.4
24334,8119,348,2,4037.99
24335,8120,273,4,4355.96
24336,8121,344,1,6982.35
24337,8122,237,2,3807.7
24338,8123,443,2,4924.62
24339,8123,420,4,1934.38
24340,8123,69,3,2687.96
24341,8124,162,2,3673.3
24342,8124,33,4,6626.78
24343,8124,444,2,5110.75
24344,8124,423,2,5959.15
24345,8125,122,1,1788.84
24346,8125,453,4,2708.83
24347,8125,277,2,4935.0
24348,8126,221,3,6443.18
24349,8127,375,3,5456.42
24350,8128,108,3,2189.38
24351,8128,200,4,3146.05
24352,8128,247,3,3140.62
24353,8128,477,4,1536.6
24354,8129,179,4,2635.11
24355,8129,251,2,4963.2
24356,8129,423,4,5959.15
24357,8129,150,1,1545.47
24358,8130,475,1,1249.33
24359,8130,63,2,639.04
24360,8131,29,1,5434.79
24361,8131,213,1,3927.95
24362,8131,470,2,4963.98
24363,8132,228,4,5999.41
24364,8132,173,3,4328.16
24365,8133,347,4,5269.21
24366,8133,110,2,6959.37
24367,8134,417,4,4766.29
24368,8134,460,3,5962.4
24369,8135,424,2,1011.09
24370,8136,460,3,5962.4
24371,8136,419,2,4392.23
24372,8136,403,2,2324.3
24373,8136,301,2,4803.29
24374,8137,479,3,4247.61
24375,8137,303,3,1103.01
24376,8137,428,2,3337.91
24377,8138,342,4,2036.46
24378,8139,367,3,2356.19
24379,8139,27,1,1911.35
24380,8139,323,1,4863.69
24381,8139,277,2,4935.0
24382,8140,160,3,6704.84
24383,8140,413,3,5368.82
24384,8141,8,4,1108.08
24385,8141,202,3,3841.09
24386,8142,248,1,5396.23
24387,8142,500,3,5135.84
24388,8142,403,2,2324.3
24389,8142,96,2,418.99
24390,8142,370,4,4396.17
24391,8143,394,2,4349.12
24392,8143,303,3,1103.01
24393,8143,487,4,3602.54
24394,8143,213,3,3927.95
24395,8144,136,3,6859.2
24396,8145,112,2,5163.37
24397,8145,22,4,2628.43
24398,8146,137,3,2345.58
24399,8147,32,3,4203.79
24400,8147,139,3,2207.41
24401,8147,410,1,2717.31
24402,8147,224,2,5253.84
24403,8147,237,1,3807.7
24404,8148,80,3,2551.1
24405,8148,338,2,5130.85
24406,8149,414,4,981.22
24407,8149,426,1,1145.23
24408,8149,470,1,4963.98
24409,8149,499,2,2598.33
24410,8150,144,3,4356.46
24411,8150,43,3,791.88
24412,8150,105,4,4056.14
24413,8151,383,3,1338.8
24414,8151,150,1,1545.47
24415,8151,193,2,6626.72
24416,8151,389,4,1828.56
24417,8152,460,1,5962.4
24418,8152,461,1,4553.3
24419,8152,379,1,1894.51
24420,8153,218,1,1046.26
24421,8154,419,1,4392.23
24422,8154,420,3,1934.38
24423,8154,461,1,4553.3
24424,8154,16,3,3318.23
24425,8154,348,2,4037.99
24426,8155,474,3,5605.5
24427,8155,50,2,4659.51
24428,8155,156,1,3556.59
24429,8155,244,2,1747.97
24430,8155,62,1,7110.36
24431,8156,444,4,5110.75
24432,8157,263,1,4317.08
24433,8157,437,1,1635.15
24434,8157,156,4,3556.59
24435,8157,407,4,5614.76
24436,8157,112,1,5163.37
24437,8158,358,4,5127.98
24438,8158,92,3,4206.66
24439,8158,449,3,5990.22
24440,8158,38,4,1645.79
24441,8158,381,2,2780.62
24442,8159,64,4,5245.29
24443,8159,207,2,5032.22
24444,8159,135,4,5029.03
24445,8160,323,2,4863.69
24446,8160,392,1,1502.97
24447,8161,485,2,4042.01
24448,8162,306,4,1311.81
24449,8163,218,2,1046.26
24450,8163,365,4,5059.36
24451,8164,156,4,3556.59
24452,8165,199,2,4296.57
24453,8166,385,2,4521.81
24454,8166,477,4,1536.6
24455,8167,83,2,4207.1
24456,8167,398,1,6965.19
24457,8167,469,4,5810.45
24458,8168,352,2,6820.17
24459,8168,458,4,4050.01
24460,8168,439,4,5144.08
24461,8168,121,1,704.52
24462,8168,58,1,685.74
24463,8169,355,1,6023.83
24464,8169,186,1,2472.63
24465,8169,331,2,895.99
24466,8170,289,3,615.43
24467,8170,405,3,4305.08
24468,8171,264,2,1850.78
24469,8172,69,2,2687.96
24470,8173,172,2,5729.96
24471,8173,471,1,1844.85
24472,8173,160,2,6704.84
24473,8173,213,2,3927.95
24474,8173,108,2,2189.38
24475,8174,33,3,6626.78
24476,8174,403,4,2324.3
24477,8175,97,2,3649.64
24478,8175,224,4,5253.84
24479,8176,224,2,5253.84
24480,8176,259,3,1302.93
24481,8176,62,1,7110.36
24482,8177,176,1,2750.53
24483,8178,137,3,2345.58
24484,8178,341,2,1594.54
24485,8178,347,3,5269.21
24486,8178,397,1,2867.64
24487,8179,423,3,5959.15
24488,8179,178,4,3635.79
24489,8179,168,2,4609.57
24490,8180,123,2,5238.56
24491,8180,44,2,5953.73
24492,8180,18,2,3961.8
24493,8180,251,4,4963.2
24494,8180,230,4,3984.19
24495,8181,318,4,5367.63
24496,8182,350,2,1035.46
24497,8182,336,1,3505.41
24498,8182,168,3,4609.57
24499,8182,43,4,791.88
24500,8183,187,3,7451.43
24501,8184,354,3,1425.69
24502,8184,357,3,3963.48
24503,8185,145,3,380.42
24504,8186,33,4,6626.78
24505,8186,184,1,4693.71
24506,8186,405,1,4305.08
24507,8186,168,1,4609.57
24508,8187,343,4,2443.83
24509,8187,497,3,4863.47
24510,8188,492,4,5032.36
24511,8188,88,4,3652.47
24512,8188,362,4,4182.94
24513,8188,280,1,4382.83
24514,8189,18,4,3961.8
24515,8190,298,1,5143.35
24516,8190,363,2,7234.27
24517,8190,38,3,1645.79
24518,8191,350,2,1035.46
24519,8191,448,4,1589.08
24520,8191,461,4,4553.3
24521,8191,77,3,5802.31
24522,8191,108,2,2189.38
24523,8192,351,4,5407.74
24524,8192,407,4,5614.76
24525,8192,375,2,5456.42
24526,8192,298,1,5143.35
24527,8193,253,2,2797.42
24528,8193,431,4,2345.7
24529,8193,265,2,5984.67
24530,8193,142,4,628.57
24531,8194,286,4,5544.61
24532,8194,477,2,1536.6
24533,8194,406,1,2675.38
24534,8195,79,2,2892.49
24535,8195,349,1,4253.69
24536,8195,351,2,5407.74
24537,8195,487,1,3602.54
24538,8195,84,2,5116.75
24539,8196,198,4,2183.12
24540,8196,482,1,5294.83
24541,8197,194,2,3575.56
24542,8197,288,4,6212.26
24543,8197,383,3,1338.8
24544,8197,150,4,1545.47
24545,8198,98,2,5554.21
24546,8198,429,2,3529.21
24547,8199,431,3,2345.7
24548,8199,56,3,1350.59
24549,8200,123,4,5238.56
24550,8200,261,2,6008.79
24551,8200,480,4,1852.13
24552,8201,42,2,5752.4
24553,8201,47,4,2540.64
24554,8202,100,1,7678.63
24555,8202,261,4,6008.79
24556,8202,497,4,4863.47
24557,8202,390,4,222.07
24558,8203,146,2,2758.94
24559,8203,292,1,5117.95
24560,8204,274,3,7224.74
24561,8204,56,1,1350.59
24562,8205,65,3,1839.77
24563,8205,389,3,1828.56
24564,8205,137,4,2345.58
24565,8206,435,3,3048.69
24566,8206,478,3,4700.05
24567,8206,409,4,4629.95
24568,8206,281,1,767.61
24569,8207,342,4,2036.46
24570,8207,135,3,5029.03
24571,8207,332,4,336.46
24572,8207,131,3,4351.85
24573,8208,57,3,4604.53
24574,8208,443,4,4924.62
24575,8208,81,3,3349.11
24576,8208,207,2,5032.22
24577,8208,492,1,5032.36
24578,8209,293,1,5467.31
24579,8209,451,1,5285.86
24580,8209,30,3,1495.61
24581,8209,288,3,6212.26
24582,8209,205,1,6203.46
24583,8210,50,3,4659.51
24584,8210,252,1,4468.34
24585,8210,109,2,2146.83
24586,8210,38,2,1645.79
24587,8211,316,4,3281.58
24588,8211,94,2,637.72
24589,8211,470,4,4963.98
24590,8212,81,1,3349.11
24591,8212,47,3,2540.64
24592,8212,467,3,5633.33
24593,8213,44,1,5953.73
24594,8213,179,3,2635.11
24595,8213,118,3,4371.63
24596,8214,376,2,4480.08
24597,8214,442,2,6554.24
24598,8214,272,1,1207.17
24599,8214,299,4,5162.19
24600,8215,417,3,4766.29
24601,8216,159,4,1782.91
24602,8216,150,1,1545.47
24603,8216,270,3,3668.4
24604,8216,163,2,6699.83
24605,8216,402,4,1337.62
24606,8217,179,1,2635.11
24607,8217,301,4,4803.29
24608,8217,35,4,3703.55
24609,8217,146,4,2758.94
24610,8218,373,1,4435.35
24611,8218,110,4,6959.37
24612,8218,470,4,4963.98
24613,8218,390,4,222.07
24614,8218,324,2,3848.88
24615,8219,211,3,3182.08
24616,8220,393,1,1234.01
24617,8220,90,2,2134.9
24618,8220,109,3,2146.83
24619,8220,358,4,5127.98
24620,8220,172,3,5729.96
24621,8221,103,1,5044.44
24622,8221,247,3,3140.62
24623,8221,335,1,3273.18
24624,8221,408,2,2432.33
24625,8222,178,4,3635.79
24626,8223,256,1,2686.28
24627,8223,400,3,3874.31
24628,8223,396,4,1589.43
24629,8224,223,1,830.78
24630,8224,367,2,2356.19
24631,8225,79,1,2892.49
24632,8225,357,1,3963.48
24633,8225,14,3,1195.89
24634,8226,354,4,1425.69
24635,8226,420,2,1934.38
24636,8227,358,2,5127.98
24637,8227,61,4,1634.69
24638,8227,146,2,2758.94
24639,8227,17,3,6553.92
24640,8228,297,1,1402.1
24641,8228,269,3,2723.78
24642,8228,473,2,4224.82
24643,8228,416,4,3452.92
24644,8229,179,3,2635.11
24645,8229,274,4,7224.74
24646,8230,375,3,5456.42
24647,8230,297,3,1402.1
24648,8230,178,1,3635.79
24649,8230,433,1,3901.17
24650,8231,373,1,4435.35
24651,8232,102,1,5155.01
24652,8232,35,4,3703.55
24653,8232,496,2,5678.29
24654,8232,467,1,5633.33
24655,8233,479,4,4247.61
24656,8234,84,3,5116.75
24657,8234,413,2,5368.82
24658,8234,164,4,451.3
24659,8234,136,1,6859.2
24660,8235,66,4,3951.93
24661,8235,200,3,3146.05
24662,8235,182,2,4710.47
24663,8235,454,3,469.46
24664,8236,313,3,3303.95
24665,8236,19,1,4193.05
24666,8236,464,4,7057.45
24667,8236,62,1,7110.36
24668,8237,245,4,2794.78
24669,8237,44,2,5953.73
24670,8238,20,4,543.91
24671,8238,480,1,1852.13
24672,8238,98,2,5554.21
24673,8239,306,2,1311.81
24674,8239,199,4,4296.57
24675,8240,373,3,4435.35
24676,8240,49,2,1001.46
24677,8240,248,1,5396.23
24678,8241,376,3,4480.08
24679,8242,45,4,2239.06
24680,8242,56,3,1350.59
24681,8242,389,1,1828.56
24682,8242,112,2,5163.37
24683,8243,441,3,5639.25
24684,8243,123,2,5238.56
24685,8243,411,1,4968.3
24686,8243,59,3,3551.72
24687,8243,98,1,5554.21
24688,8244,27,3,1911.35
24689,8244,15,2,3647.94
24690,8244,356,1,5880.99
24691,8245,415,2,3144.2
24692,8245,32,1,4203.79
24693,8245,421,1,1285.52
24694,8245,39,4,3097.27
24695,8246,244,4,1747.97
24696,8246,362,4,4182.94
24697,8246,174,4,2623.77
24698,8247,1,3,2876.42
24699,8248,495,3,5674.17
24700,8249,369,3,3840.55
24701,8249,57,2,4604.53
24702,8249,137,3,2345.58
24703,8249,240,2,1220.06
24704,8250,3,1,394.52
24705,8250,295,3,1323.61
24706,8251,331,4,895.99
24707,8251,170,4,3039.1
24708,8251,257,2,1725.23
24709,8251,227,2,3884.33
24710,8251,22,4,2628.43
24711,8252,398,1,6965.19
24712,8252,83,4,4207.1
24713,8253,146,2,2758.94
24714,8253,489,4,1979.19
24715,8254,12,4,5776.18
24716,8255,26,3,5756.04
24717,8255,268,3,2691.51
24718,8256,429,4,3529.21
24719,8256,1,3,2876.42
24720,8256,2,3,5222.22
24721,8256,74,1,1856.46
24722,8257,232,4,6669.4
24723,8258,427,2,5615.06
24724,8258,120,4,2247.59
24725,8258,402,3,1337.62
24726,8259,500,2,5135.84
24727,8259,441,4,5639.25
24728,8259,88,1,3652.47
24729,8259,442,3,6554.24
24730,8260,235,2,5882.55
24731,8260,49,1,1001.46
24732,8260,180,4,1609.07
24733,8261,319,3,3408.81
24734,8261,398,1,6965.19
24735,8261,68,3,5048.98
24736,8261,317,2,784.53
24737,8262,258,3,4144.01
24738,8262,472,3,3476.76
24739,8262,338,4,5130.85
24740,8263,177,1,1399.56
24741,8263,124,1,6069.73
24742,8263,76,4,3624.25
24743,8263,238,4,555.04
24744,8264,283,4,5922.7
24745,8265,370,2,4396.17
24746,8265,205,1,6203.46
24747,8266,329,3,6150.42
24748,8266,282,2,5682.3
24749,8267,245,1,2794.78
24750,8267,266,2,3100.54
24751,8267,498,2,5835.24
24752,8267,271,1,740.94
24753,8267,333,2,6331.32
24754,8268,145,2,380.42
24755,8268,98,3,5554.21
24756,8268,238,4,555.04
24757,8268,343,3,2443.83
24758,8269,152,2,5260.39
24759,8269,333,4,6331.32
24760,8270,437,3,1635.15
24761,8270,472,3,3476.76
24762,8271,223,2,830.78
24763,8271,83,1,4207.1
24764,8271,387,3,1384.34
24765,8272,178,2,3635.79
24766,8272,100,2,7678.63
24767,8273,46,1,922.81
24768,8274,342,4,2036.46
24769,8275,376,4,4480.08
24770,8275,299,3,5162.19
24771,8275,361,1,3228.33
24772,8275,395,3,4977.01
24773,8275,439,3,5144.08
24774,8276,136,3,6859.2
24775,8277,170,1,3039.1
24776,8277,196,2,4145.76
24777,8277,377,3,5763.68
24778,8278,206,4,6451.33
24779,8278,66,4,3951.93
24780,8278,274,1,7224.74
24781,8278,20,1,543.91
24782,8278,447,1,2421.14
24783,8279,3,4,394.52
24784,8279,90,2,2134.9
24785,8279,402,1,1337.62
24786,8280,136,2,6859.2
24787,8280,414,4,981.22
24788,8280,62,4,7110.36
24789,8281,171,1,6247.86
24790,8282,411,2,4968.3
24791,8282,112,2,5163.37
24792,8282,304,1,4992.14
24793,8283,336,3,3505.41
24794,8283,358,4,5127.98
24795,8283,249,2,6139.17
24796,8284,362,3,4182.94
24797,8284,216,2,4724.1
24798,8284,202,1,3841.09
24799,8285,364,1,6026.85
24800,8286,393,4,1234.01
24801,8287,230,2,3984.19
24802,8287,3,1,394.52
24803,8287,177,4,1399.56
24804,8287,182,4,4710.47
24805,8287,446,1,6731.46
24806,8288,90,4,2134.9
24807,8288,327,4,2218.76
24808,8288,310,2,3432.36
24809,8289,21,4,773.93
24810,8289,402,3,1337.62
24811,8289,364,2,6026.85
24812,8289,183,2,4643.22
24813,8289,487,2,3602.54
24814,8290,133,4,7682.68
24815,8290,480,3,1852.13
24816,8290,95,4,4933.59
24817,8291,285,2,3625.74
24818,8291,469,3,5810.45
24819,8292,374,1,3593.06
24820,8292,143,1,4831.33
24821,8292,10,2,1780.12
24822,8292,150,3,1545.47
24823,8293,128,2,2947.92
24824,8293,229,4,6178.47
24825,8293,343,2,2443.83
24826,8294,353,3,4945.04
24827,8294,196,4,4145.76
24828,8295,326,4,5313.25
24829,8295,147,4,2549.32
24830,8296,355,4,6023.83
24831,8297,486,4,3925.75
24832,8297,9,1,3407.08
24833,8298,380,4,4324.63
24834,8298,323,2,4863.69
24835,8298,248,2,5396.23
24836,8298,433,2,3901.17
24837,8298,175,1,1587.68
24838,8299,239,4,2892.25
24839,8299,28,3,801.28
24840,8299,387,1,1384.34
24841,8299,142,4,628.57
24842,8300,386,2,988.77
24843,8300,44,4,5953.73
24844,8300,396,3,1589.43
24845,8300,303,3,1103.01
24846,8300,33,1,6626.78
24847,8301,390,3,222.07
24848,8301,57,3,4604.53
24849,8302,277,4,4935.0
24850,8302,74,3,1856.46
24851,8302,235,2,5882.55
24852,8302,44,2,5953.73
24853,8303,334,4,4382.79
24854,8303,231,3,1813.96
24855,8303,348,2,4037.99
24856,8303,166,2,3680.98
24857,8303,145,4,380.42
24858,8304,360,4,2975.5
24859,8304,100,1,7678.63
24860,8304,181,1,277.41
24861,8304,383,1,1338.8
24862,8304,275,2,1381.85
24863,8305,457,4,4840.21
24864,8305,73,2,958.17
24865,8305,227,4,3884.33
24866,8306,43,4,791.88
24867,8306,287,1,362.6
24868,8306,146,3,2758.94
24869,8306,196,4,4145.76
24870,8307,442,4,6554.24
24871,8307,441,2,5639.25
24872,8307,493,2,6088.79
24873,8307,120,4,2247.59
24874,8307,201,4,1060.46
24875,8308,342,3,2036.46
24876,8308,149,1,5667.0
24877,8308,224,3,5253.84
24878,8309,473,3,4224.82
24879,8309,207,1,5032.22
24880,8309,474,2,5605.5
24881,8310,182,3,4710.47
24882,8310,40,1,2870.78
24883,8310,210,2,530.97
24884,8311,25,2,6342.54
24885,8311,447,3,2421.14
24886,8311,265,3,5984.67
24887,8311,449,3,5990.22
24888,8312,435,3,3048.69
24889,8312,492,4,5032.36
24890,8312,125,2,4655.25
24891,8313,470,4,4963.98
24892,8313,427,1,5615.06
24893,8313,227,2,3884.33
24894,8313,25,4,6342.54
24895,8313,480,1,1852.13
24896,8314,43,1,791.88
24897,8314,393,1,1234.01
24898,8315,351,3,5407.74
24899,8315,154,3,3919.63
24900,8315,129,2,1449.29
24901,8315,288,2,6212.26
24902,8315,44,2,5953.73
24903,8316,16,3,3318.23
24904,8316,191,4,1690.83
24905,8316,287,4,362.6
24906,8316,162,3,3673.3
24907,8316,275,1,1381.85
24908,8317,461,3,4553.3
24909,8317,368,2,3127.98
24910,8317,57,3,4604.53
24911,8317,468,4,6226.51
24912,8317,250,2,2853.44
24913,8318,98,1,5554.21
24914,8319,267,1,3128.45
24915,8320,199,2,4296.57
24916,8321,235,1,5882.55
24917,8321,302,1,4353.43
24918,8321,102,4,5155.01
24919,8321,271,3,740.94
24920,8321,384,1,4637.79
24921,8322,456,4,4335.7
24922,8322,87,1,1282.33
24923,8323,373,1,4435.35
24924,8324,416,2,3452.92
24925,8325,32,2,4203.79
24926,8326,423,1,5959.15
24927,8326,402,4,1337.62
24928,8326,315,2,1950.17
24929,8326,128,3,2947.92
24930,8326,493,3,6088.79
24931,8327,342,3,2036.46
24932,8327,289,4,615.43
24933,8327,484,2,5888.26
24934,8327,210,2,530.97
24935,8328,299,4,5162.19
24936,8328,431,3,2345.7
24937,8328,31,1,3335.57
24938,8328,53,4,1636.05
24939,8329,198,2,2183.12
24940,8329,347,4,5269.21
24941,8329,355,2,6023.83
24942,8329,153,1,7154.27
24943,8330,397,4,2867.64
24944,8330,439,2,5144.08
24945,8330,36,3,3194.46
24946,8330,202,3,3841.09
24947,8330,366,3,3398.33
24948,8331,381,3,2780.62
24949,8331,108,4,2189.38
24950,8331,281,1,767.61
24951,8332,185,1,1990.36
24952,8332,142,4,628.57
24953,8332,52,1,2554.22
24954,8332,225,3,3865.19
24955,8333,418,1,4532.15
24956,8333,48,4,3118.93
24957,8333,443,1,4924.62
24958,8334,290,4,1518.49
24959,8334,245,1,2794.78
24960,8335,319,1,3408.81
24961,8336,266,4,3100.54
24962,8336,479,2,4247.61
24963,8336,162,1,3673.3
24964,8336,150,3,1545.47
24965,8337,128,4,2947.92
24966,8337,40,2,2870.78
24967,8337,6,1,2038.84
24968,8337,437,3,1635.15
24969,8337,83,3,4207.1
24970,8338,462,2,1440.1
24971,8339,57,1,4604.53
24972,8339,98,3,5554.21
24973,8340,76,2,3624.25
24974,8340,236,3,4782.03
24975,8341,78,3,2623.38
24976,8341,4,2,5633.67
24977,8342,12,2,5776.18
24978,8342,225,1,3865.19
24979,8343,463,1,4315.08
24980,8343,348,2,4037.99
24981,8343,322,4,3077.91
24982,8343,115,3,2916.37
24983,8343,43,2,791.88
24984,8344,148,1,2389.03
24985,8344,112,1,5163.37
24986,8344,232,1,6669.4
24987,8344,355,1,6023.83
24988,8344,222,1,5410.26
24989,8345,306,3,1311.81
24990,8345,37,1,1174.23
24991,8346,305,4,1283.96
24992,8347,70,2,2952.71
24993,8347,409,3,4629.95
24994,8348,303,4,1103.01
24995,8348,385,4,4521.81
24996,8348,410,4,2717.31
24997,8349,370,3,4396.17
24998,8349,20,2,543.91
24999,8349,497,4,4863.47
25000,8349,330,1,4391.26
25001,8349,427,2,5615.06
25002,8350,233,1,4261.37
25003,8350,109,3,2146.83
25004,8350,166,3,3680.98
25005,8350,281,2,767.61
25006,8351,122,2,1788.84
25007,8351,177,1,1399.56
25008,8352,325,4,6330.63
25009,8352,495,1,5674.17
25010,8352,325,3,6330.63
25011,8352,65,1,1839.77
25012,8352,107,1,4351.35
25013,8353,367,1,2356.19
25014,8353,354,1,1425.69
25015,8353,362,1,4182.94
25016,8353,491,3,336.73
25017,8354,415,1,3144.2
25018,8354,446,4,6731.46
25019,8354,220,4,3372.55
25020,8354,221,1,6443.18
25021,8354,442,4,6554.24
25022,8355,161,3,6112.98
25023,8355,325,2,6330.63
25024,8355,315,3,1950.17
25025,8356,370,2,4396.17
25026,8356,66,1,3951.93
25027,8356,71,4,4208.53
25028,8356,236,2,4782.03
25029,8357,462,1,1440.1
25030,8357,198,3,2183.12
25031,8357,216,3,4724.1
25032,8357,455,3,3452.95
25033,8357,35,1,3703.55
25034,8358,20,4,543.91
25035,8358,472,3,3476.76
25036,8358,240,2,1220.06
25037,8359,79,2,2892.49
25038,8360,236,3,4782.03
25039,8360,324,4,3848.88
25040,8360,281,3,767.61
25041,8361,126,3,5865.84
25042,8361,229,3,6178.47
25043,8362,402,3,1337.62
25044,8362,178,2,3635.79
25045,8363,215,2,3143.73
25046,8363,125,3,4655.25
25047,8363,43,2,791.88
25048,8363,112,1,5163.37
25049,8363,337,1,5116.18
25050,8364,223,2,830.78
25051,8364,444,3,5110.75
25052,8364,441,3,5639.25
25053,8365,7,2,1658.11
25054,8365,162,1,3673.3
25055,8366,356,4,5880.99
25056,8366,244,1,1747.97
25057,8367,127,4,4216.76
25058,8367,80,2,2551.1
25059,8367,299,2,5162.19
25060,8367,325,3,6330.63
25061,8368,457,1,4840.21
25062,8368,36,3,3194.46
25063,8368,416,4,3452.92
25064,8369,284,2,1954.57
25065,8369,234,2,1670.39
25066,8370,337,3,5116.18
25067,8370,222,3,5410.26
25068,8370,318,2,5367.63
25069,8370,71,1,4208.53
25070,8371,401,1,830.88
25071,8371,296,4,959.66
25072,8371,111,4,2394.51
25073,8372,430,3,1289.32
25074,8372,213,2,3927.95
25075,8372,45,3,2239.06
25076,8373,428,2,3337.91
25077,8373,499,3,2598.33
25078,8373,50,2,4659.51
25079,8373,74,3,1856.46
25080,8374,110,4,6959.37
25081,8374,189,4,3600.6
25082,8374,135,3,5029.03
25083,8374,78,1,2623.38
25084,8374,275,1,1381.85
25085,8375,228,4,5999.41
25086,8375,155,3,7062.88
25087,8375,422,4,5095.84
25088,8375,191,1,1690.83
25089,8376,480,4,1852.13
25090,8377,167,3,6818.7
25091,8377,383,2,1338.8
25092,8377,440,2,1786.05
25093,8378,172,1,5729.96
25094,8378,212,1,155.74
25095,8378,496,3,5678.29
25096,8378,107,1,4351.35
25097,8379,367,3,2356.19
25098,8379,314,1,5187.17
25099,8379,204,1,3202.4
25100,8380,273,1,4355.96
25101,8380,223,4,830.78
25102,8380,196,4,4145.76
25103,8381,189,4,3600.6
25104,8381,363,4,7234.27
25105,8381,456,1,4335.7
25106,8382,379,2,1894.51
25107,8382,390,3,222.07
25108,8383,197,4,3444.31
25109,8383,34,4,1739.97
25110,8383,12,4,5776.18
25111,8383,187,2,7451.43
25112,8383,459,4,4650.34
25113,8384,349,1,4253.69
25114,8384,143,1,4831.33
25115,8384,350,1,1035.46
25116,8384,211,4,3182.08
25117,8384,424,2,1011.09
25118,8385,272,2,1207.17
25119,8385,434,4,5172.12
25120,8386,64,3,5245.29
25121,8386,301,2,4803.29
25122,8387,55,4,5294.38
25123,8387,93,2,2629.61
25124,8387,63,1,639.04
25125,8387,496,4,5678.29
25126,8388,32,1,4203.79
25127,8389,398,1,6965.19
25128,8389,398,4,6965.19
25129,8390,77,4,5802.31
25130,8390,439,1,5144.08
25131,8390,48,2,3118.93
25132,8390,384,2,4637.79
25133,8390,15,2,3647.94
25134,8391,5,1,2523.37
25135,8391,329,4,6150.42
25136,8392,250,3,2853.44
25137,8392,434,4,5172.12
25138,8392,407,3,5614.76
25139,8393,95,1,4933.59
25140,8393,108,4,2189.38
25141,8393,130,1,1963.29
25142,8393,269,3,2723.78
25143,8393,181,1,277.41
25144,8394,457,1,4840.21
25145,8394,464,4,7057.45
25146,8395,355,3,6023.83
25147,8396,110,1,6959.37
25148,8396,171,1,6247.86
25149,8396,358,1,5127.98
25150,8396,271,3,740.94
25151,8397,121,4,704.52
25152,8397,306,2,1311.81
25153,8397,101,3,1381.51
25154,8397,254,3,229.57
25155,8397,143,1,4831.33
25156,8398,162,1,3673.3
25157,8399,32,4,4203.79
25158,8399,4,2,5633.67
25159,8400,4,2,5633.67
25160,8401,496,1,5678.29
25161,8402,242,1,3908.61
25162,8402,1,4,2876.42
25163,8402,482,1,5294.83
25164,8403,129,4,1449.29
25165,8403,469,1,5810.45
25166,8403,415,1,3144.2
25167,8404,382,4,5869.03
25168,8404,216,3,4724.1
25169,8404,50,2,4659.51
25170,8404,200,2,3146.05
25171,8405,110,2,6959.37
25172,8405,316,1,3281.58
25173,8405,17,3,6553.92
25174,8405,270,2,3668.4
25175,8406,304,2,4992.14
25176,8406,194,2,3575.56
25177,8406,4,2,5633.67
25178,8407,200,3,3146.05
25179,8407,32,2,4203.79
25180,8407,98,3,5554.21
25181,8408,62,3,7110.36
25182,8409,104,3,673.38
25183,8409,262,1,3433.24
25184,8410,211,2,3182.08
25185,8411,489,1,1979.19
25186,8411,350,4,1035.46
25187,8411,268,3,2691.51
25188,8412,351,4,5407.74
25189,8412,58,1,685.74
25190,8413,368,4,3127.98
25191,8413,131,3,4351.85
25192,8413,314,3,5187.17
25193,8413,7,2,1658.11
25194,8414,23,1,4519.4
25195,8415,188,1,5890.62
25196,8415,40,4,2870.78
25197,8416,79,4,2892.49
25198,8416,422,4,5095.84
25199,8417,336,1,3505.41
25200,8417,426,1,1145.23
25201,8417,35,3,3703.55
25202,8418,18,2,3961.8
25203,8418,99,3,377.4
25204,8419,432,2,3897.39
25205,8419,97,1,3649.64
25206,8420,410,2,2717.31
25207,8420,284,2,1954.57
25208,8420,290,1,1518.49
25209,8421,30,4,1495.61
25210,8422,231,2,1813.96
25211,8422,302,1,4353.43
25212,8423,125,1,4655.25
25213,8423,108,3,2189.38
25214,8423,425,4,4224.17
25215,8424,420,2,1934.38
25216,8424,132,4,734.08
25217,8424,236,4,4782.03
25218,8424,169,2,5455.24
25219,8424,86,3,4346.28
25220,8425,100,4,7678.63
25221,8425,421,2,1285.52
25222,8425,249,3,6139.17
25223,8426,300,3,1582.87
25224,8426,27,2,1911.35
25225,8426,254,4,229.57
25226,8426,48,4,3118.93
25227,8427,313,2,3303.95
25228,8427,55,3,5294.38
25229,8427,358,1,5127.98
25230,8428,185,1,1990.36
25231,8428,74,4,1856.46
25232,8428,28,4,801.28
25233,8428,54,2,3298.92
25234,8428,309,4,825.37
25235,8429,320,4,6639.63
25236,8429,170,1,3039.1
25237,8429,209,4,5173.0
25238,8429,488,2,723.72
25239,8430,403,2,2324.3
25240,8430,410,4,2717.31
25241,8430,443,4,4924.62
25242,8431,379,3,1894.51
25243,8431,191,3,1690.83
25244,8432,308,3,1437.25
25245,8432,420,3,1934.38
25246,8432,294,1,6129.64
25247,8432,258,3,4144.01
25248,8433,338,4,5130.85
25249,8433,466,4,3543.0
25250,8434,418,4,4532.15
25251,8435,187,3,7451.43
25252,8436,238,3,555.04
25253,8436,287,1,362.6
25254,8436,14,1,1195.89
25255,8436,241,3,600.8
25256,8436,230,1,3984.19
25257,8437,225,4,3865.19
25258,8437,221,4,6443.18
25259,8437,96,2,418.99
25260,8438,386,3,988.77
25261,8438,66,3,3951.93
25262,8438,433,4,3901.17
25263,8438,228,1,5999.41
25264,8439,251,1,4963.2
25265,8439,455,2,3452.95
25266,8439,212,3,155.74
25267,8439,221,2,6443.18
25268,8439,209,1,5173.0
25269,8440,428,4,3337.91
25270,8440,257,3,1725.23
25271,8440,455,3,3452.95
25272,8440,235,1,5882.55
25273,8441,245,1,2794.78
25274,8441,424,1,1011.09
25275,8442,431,2,2345.7
25276,8442,212,2,155.74
25277,8442,439,3,5144.08
25278,8442,232,4,6669.4
25279,8442,291,2,4158.04
25280,8443,401,4,830.88
25281,8443,473,2,4224.82
25282,8443,120,4,2247.59
25283,8443,245,4,2794.78
25284,8444,490,1,7539.95
25285,8444,34,1,1739.97
25286,8444,420,4,1934.38
25287,8444,253,2,2797.42
25288,8444,380,2,4324.63
25289,8445,395,1,4977.01
25290,8445,127,3,4216.76
25291,8446,336,1,3505.41
25292,8446,462,1,1440.1
25293,8447,409,3,4629.95
25294,8447,173,2,4328.16
25295,8448,170,1,3039.1
25296,8448,155,3,7062.88
25297,8448,151,3,1368.5
25298,8449,100,3,7678.63
25299,8449,311,1,1952.58
25300,8449,208,4,1461.6
25301,8450,472,1,3476.76
25302,8450,219,1,1512.13
25303,8451,400,2,3874.31
25304,8452,393,4,1234.01
25305,8452,96,4,418.99
25306,8452,108,4,2189.38
25307,8453,133,3,7682.68
25308,8453,335,4,3273.18
25309,8453,235,1,5882.55
25310,8453,382,1,5869.03
25311,8453,243,2,5813.12
25312,8454,202,2,3841.09
25313,8454,270,3,3668.4
25314,8454,413,2,5368.82
25315,8454,254,1,229.57
25316,8454,342,1,2036.46
25317,8455,397,2,2867.64
25318,8455,439,4,5144.08
25319,8455,212,2,155.74
25320,8455,140,2,4644.31
25321,8455,293,3,5467.31
25322,8456,354,4,1425.69
25323,8456,422,3,5095.84
25324,8456,236,4,4782.03
25325,8456,253,4,2797.42
25326,8456,411,4,4968.3
25327,8457,172,4,5729.96
25328,8457,112,1,5163.37
25329,8457,489,2,1979.19
25330,8457,314,4,5187.17
25331,8458,363,3,7234.27
25332,8458,82,1,5405.87
25333,8458,4,3,5633.67
25334,8458,473,2,4224.82
25335,8459,178,1,3635.79
25336,8459,287,1,362.6
25337,8459,178,1,3635.79
25338,8460,9,4,3407.08
25339,8460,483,1,6442.69
25340,8460,65,1,1839.77
25341,8460,47,3,2540.64
25342,8460,81,1,3349.11
25343,8461,259,1,1302.93
25344,8461,86,2,4346.28
25345,8461,368,4,3127.98
25346,8461,446,4,6731.46
25347,8461,303,2,1103.01
25348,8462,485,4,4042.01
25349,8463,452,4,743.06
25350,8463,227,1,3884.33
25351,8463,359,1,3218.73
25352,8463,159,2,1782.91
25353,8464,260,1,1846.21
25354,8465,335,4,3273.18
25355,8466,35,3,3703.55
25356,8466,195,1,3142.65
25357,8466,421,2,1285.52
25358,8467,422,4,5095.84
25359,8467,110,4,6959.37
25360,8467,267,2,3128.45
25361,8468,167,1,6818.7
25362,8469,321,1,2051.86
25363,8470,196,4,4145.76
25364,8471,72,1,5436.37
25365,8472,497,1,4863.47
25366,8472,418,3,4532.15
25367,8473,1,4,2876.42
25368,8473,95,2,4933.59
25369,8473,133,4,7682.68
25370,8473,269,1,2723.78
25371,8473,159,4,1782.91
25372,8474,328,2,2729.68
25373,8475,351,3,5407.74
25374,8475,53,3,1636.05
25375,8475,64,3,5245.29
25376,8476,287,3,362.6
25377,8477,190,2,2545.79
25378,8478,358,2,5127.98
25379,8478,343,2,2443.83
25380,8479,299,4,5162.19
25381,8479,213,3,3927.95
25382,8479,207,1,5032.22
25383,8479,482,1,5294.83
25384,8480,278,4,1452.09
25385,8481,46,3,922.81
25386,8482,358,3,5127.98
25387,8482,311,1,1952.58
25388,8482,413,3,5368.82
25389,8482,71,3,4208.53
25390,8483,108,3,2189.38
25391,8483,203,4,3122.39
25392,8483,277,1,4935.0
25393,8483,213,3,3927.95
25394,8484,15,3,3647.94
25395,8484,302,1,4353.43
25396,8485,153,1,7154.27
25397,8485,202,1,3841.09
25398,8486,358,3,5127.98
25399,8486,62,1,7110.36
25400,8486,445,3,4299.29
25401,8487,124,2,6069.73
25402,8487,440,3,1786.05
25403,8487,419,2,4392.23
25404,8487,367,4,2356.19
25405,8487,244,3,1747.97
25406,8488,19,3,4193.05
25407,8488,361,4,3228.33
25408,8488,214,4,5909.34
25409,8488,421,3,1285.52
25410,8489,397,2,2867.64
25411,8489,166,1,3680.98
25412,8489,432,2,3897.39
25413,8490,408,1,2432.33
25414,8490,378,1,5787.24
25415,8490,382,4,5869.03
25416,8490,239,3,2892.25
25417,8491,77,4,5802.31
25418,8491,447,1,2421.14
25419,8491,48,3,3118.93
25420,8492,31,2,3335.57
25421,8493,30,3,1495.61
25422,8494,227,1,3884.33
25423,8494,54,3,3298.92
25424,8494,360,2,2975.5
25425,8495,222,3,5410.26
25426,8495,366,4,3398.33
25427,8495,443,4,4924.62
25428,8496,38,2,1645.79
25429,8496,169,3,5455.24
25430,8496,189,3,3600.6
25431,8496,203,1,3122.39
25432,8496,282,2,5682.3
25433,8497,211,1,3182.08
25434,8497,216,3,4724.1
25435,8498,122,1,1788.84
25436,8498,221,4,6443.18
25437,8498,85,4,206.91
25438,8498,26,1,5756.04
25439,8499,466,3,3543.0
25440,8499,458,2,4050.01
25441,8499,500,2,5135.84
25442,8499,20,3,543.91
25443,8499,211,4,3182.08
25444,8500,220,3,3372.55
25445,8500,3,4,394.52
25446,8500,5,4,2523.37
25447,8500,164,3,451.3
25448,8500,39,1,3097.27
25449,8501,350,3,1035.46
25450,8501,45,4,2239.06
25451,8501,302,4,4353.43
25452,8502,409,3,4629.95
25453,8502,411,3,4968.3
25454,8502,355,3,6023.83
25455,8502,231,2,1813.96
25456,8503,46,2,922.81
25457,8504,104,4,673.38
25458,8504,327,4,2218.76
25459,8504,37,2,1174.23
25460,8504,388,2,1373.2
25461,8504,337,4,5116.18
25462,8505,173,4,4328.16
25463,8505,475,3,1249.33
25464,8506,51,2,775.58
25465,8506,338,4,5130.85
25466,8507,330,1,4391.26
25467,8507,327,3,2218.76
25468,8507,459,1,4650.34
25469,8508,319,1,3408.81
25470,8508,452,4,743.06
25471,8508,442,3,6554.24
25472,8508,129,4,1449.29
25473,8509,15,2,3647.94
25474,8509,36,2,3194.46
25475,8510,165,2,4937.61
25476,8510,266,4,3100.54
25477,8510,427,1,5615.06
25478,8510,138,2,4165.59
25479,8510,7,1,1658.11
25480,8511,272,2,1207.17
25481,8511,398,1,6965.19
25482,8511,193,1,6626.72
25483,8512,369,4,3840.55
25484,8512,9,2,3407.08
25485,8513,478,1,4700.05
25486,8513,199,2,4296.57
25487,8513,7,4,1658.11
25488,8514,461,4,4553.3
25489,8514,400,3,3874.31
25490,8515,493,2,6088.79
25491,8515,359,3,3218.73
25492,8515,319,2,3408.81
25493,8515,38,2,1645.79
25494,8516,217,2,1753.76
25495,8516,32,2,4203.79
25496,8516,33,2,6626.78
25497,8517,27,4,1911.35
25498,8517,328,3,2729.68
25499,8517,143,3,4831.33
25500,8517,244,2,1747.97
25501,8518,40,2,2870.78
25502,8519,244,1,1747.97
25503,8519,364,4,6026.85
25504,8519,67,3,6765.53
25505,8519,333,1,6331.32
25506,8520,57,2,4604.53
25507,8520,140,1,4644.31
25508,8520,233,1,4261.37
25509,8520,136,4,6859.2
25510,8521,235,1,5882.55
25511,8522,295,3,1323.61
25512,8522,238,1,555.04
25513,8523,66,4,3951.93
25514,8523,453,1,2708.83
25515,8524,92,4,4206.66
25516,8524,181,1,277.41
25517,8525,32,2,4203.79
25518,8525,250,4,2853.44
25519,8525,263,1,4317.08
25520,8525,225,3,3865.19
25521,8525,329,4,6150.42
25522,8526,385,3,4521.81
25523,8526,287,4,362.6
25524,8526,14,3,1195.89
25525,8527,278,2,1452.09
25526,8527,170,1,3039.1
25527,8527,424,1,1011.09
25528,8528,11,2,5761.74
25529,8528,130,1,1963.29
25530,8528,151,2,1368.5
25531,8528,390,4,222.07
25532,8528,214,2,5909.34
25533,8529,126,3,5865.84
25534,8529,454,2,469.46
25535,8529,209,2,5173.0
25536,8530,367,2,2356.19
25537,8531,25,3,6342.54
25538,8531,311,4,1952.58
25539,8532,430,4,1289.32
25540,8532,87,3,1282.33
25541,8533,306,2,1311.81
25542,8534,99,3,377.4
25543,8534,477,1,1536.6
25544,8534,42,3,5752.4
25545,8534,81,3,3349.11
25546,8534,136,4,6859.2
25547,8535,355,1,6023.83
25548,8536,365,1,5059.36
25549,8537,113,2,2129.84
25550,8537,194,2,3575.56
25551,8537,232,1,6669.4
25552,8537,411,1,4968.3
25553,8538,273,3,4355.96
25554,8539,314,1,5187.17
25555,8539,359,2,3218.73
25556,8540,213,4,3927.95
25557,8540,336,1,3505.41
25558,8540,8,4,1108.08
25559,8540,290,2,1518.49
25560,8540,262,2,3433.24
25561,8541,302,2,4353.43
25562,8542,74,4,1856.46
25563,8542,485,4,4042.01
25564,8542,229,1,6178.47
25565,8543,282,2,5682.3
25566,8543,397,1,2867.64
25567,8543,18,4,3961.8
25568,8544,455,1,3452.95
25569,8544,254,3,229.57
25570,8545,191,2,1690.83
25571,8546,497,2,4863.47
25572,8546,265,3,5984.67
25573,8546,424,2,1011.09
25574,8547,233,4,4261.37
25575,8548,234,1,1670.39
25576,8549,263,2,4317.08
25577,8549,272,2,1207.17
25578,8549,155,2,7062.88
25579,8550,9,2,3407.08
25580,8551,72,3,5436.37
25581,8551,85,1,206.91
25582,8551,462,3,1440.1
25583,8551,38,2,1645.79
25584,8551,343,4,2443.83
25585,8552,181,4,277.41
25586,8552,155,3,7062.88
25587,8552,15,3,3647.94
25588,8552,167,2,6818.7
25589,8553,319,2,3408.81
25590,8553,384,2,4637.79
25591,8553,374,3,3593.06
25592,8554,500,3,5135.84
25593,8554,325,3,6330.63
25594,8555,258,3,4144.01
25595,8555,311,3,1952.58
25596,8555,353,4,4945.04
25597,8555,390,4,222.07
25598,8556,433,3,3901.17
25599,8556,127,2,4216.76
25600,8557,141,4,4217.11
25601,8557,235,1,5882.55
25602,8557,26,4,5756.04
25603,8557,128,3,2947.92
25604,8557,36,2,3194.46
25605,8558,59,2,3551.72
25606,8558,201,1,1060.46
25607,8558,444,4,5110.75
25608,8558,38,1,1645.79
25609,8558,352,2,6820.17
25610,8559,110,2,6959.37
25611,8559,163,3,6699.83
25612,8559,211,3,3182.08
25613,8559,172,3,5729.96
25614,8560,144,2,4356.46
25615,8560,23,3,4519.4
25616,8561,51,1,775.58
25617,8561,399,4,5067.92
25618,8562,445,2,4299.29
25619,8562,435,1,3048.69
25620,8562,53,2,1636.05
25621,8562,14,3,1195.89
25622,8563,395,1,4977.01
25623,8563,395,1,4977.01
25624,8563,397,4,2867.64
25625,8563,207,2,5032.22
25626,8564,282,4,5682.3
25627,8564,3,3,394.52
25628,8565,219,1,1512.13
25629,8565,429,3,3529.21
25630,8565,261,1,6008.79
25631,8565,81,4,3349.11
25632,8565,43,4,791.88
25633,8566,39,3,3097.27
25634,8566,325,2,6330.63
25635,8566,191,3,1690.83
25636,8566,189,1,3600.6
25637,8566,232,3,6669.4
25638,8567,6,4,2038.84
25639,8567,331,2,895.99
25640,8567,155,4,7062.88
25641,8568,58,3,685.74
25642,8568,263,2,4317.08
25643,8568,375,2,5456.42
25644,8569,165,3,4937.61
25645,8569,105,1,4056.14
25646,8569,499,4,2598.33
25647,8569,197,2,3444.31
25648,8569,219,1,1512.13
25649,8570,343,3,2443.83
25650,8570,136,1,6859.2
25651,8570,407,3,5614.76
25652,8570,345,3,6715.15
25653,8570,260,2,1846.21
25654,8571,357,3,3963.48
25655,8571,281,4,767.61
25656,8571,177,4,1399.56
25657,8571,403,3,2324.3
25658,8571,258,2,4144.01
25659,8572,6,3,2038.84
25660,8572,473,4,4224.82
25661,8572,88,2,3652.47
25662,8572,42,4,5752.4
25663,8572,479,3,4247.61
25664,8573,57,2,4604.53
25665,8573,446,4,6731.46
25666,8573,417,4,4766.29
25667,8573,393,4,1234.01
25668,8573,103,1,5044.44
25669,8574,488,2,723.72
25670,8575,81,4,3349.11
25671,8576,128,1,2947.92
25672,8576,69,3,2687.96
25673,8576,322,4,3077.91
25674,8576,406,3,2675.38
25675,8577,42,3,5752.4
25676,8578,481,4,4362.0
25677,8578,172,1,5729.96
25678,8578,20,4,543.91
25679,8578,436,2,6428.91
25680,8578,247,3,3140.62
25681,8579,187,1,7451.43
25682,8580,77,4,5802.31
25683,8581,215,4,3143.73
25684,8581,111,3,2394.51
25685,8581,494,3,5234.76
25686,8581,316,3,3281.58
25687,8582,418,3,4532.15
25688,8583,240,1,1220.06
25689,8583,247,2,3140.62
25690,8583,115,1,2916.37
25691,8583,137,1,2345.58
25692,8584,192,4,1522.05
25693,8584,220,2,3372.55
25694,8584,74,2,1856.46
25695,8584,2,3,5222.22
25696,8584,24,4,6433.86
25697,8585,122,1,1788.84
25698,8585,249,1,6139.17
25699,8585,105,3,4056.14
25700,8586,316,1,3281.58
25701,8586,387,3,1384.34
25702,8587,405,3,4305.08
25703,8587,349,4,4253.69
25704,8588,174,1,2623.77
25705,8588,38,2,1645.79
25706,8588,281,2,767.61
25707,8589,16,1,3318.23
25708,8589,367,2,2356.19
25709,8589,59,1,3551.72
25710,8590,311,1,1952.58
25711,8590,490,2,7539.95
25712,8590,19,1,4193.05
25713,8590,80,3,2551.1
25714,8591,126,2,5865.84
25715,8591,384,2,4637.79
25716,8591,481,3,4362.0
25717,8592,288,2,6212.26
25718,8592,29,4,5434.79
25719,8592,319,4,3408.81
25720,8592,101,2,1381.51
25721,8592,445,3,4299.29
25722,8593,106,1,1635.06
25723,8593,357,4,3963.48
25724,8593,335,2,3273.18
25725,8593,80,4,2551.1
25726,8594,245,3,2794.78
25727,8594,241,4,600.8
25728,8594,136,4,6859.2
25729,8595,162,4,3673.3
25730,8595,247,1,3140.62
25731,8595,447,1,2421.14
25732,8596,271,1,740.94
25733,8597,468,3,6226.51
25734,8597,133,2,7682.68
25735,8597,183,1,4643.22
25736,8597,190,1,2545.79
25737,8597,342,4,2036.46
25738,8598,24,3,6433.86
25739,8598,241,4,600.8
25740,8599,1,1,2876.42
25741,8599,173,3,4328.16
25742,8599,65,4,1839.77
25743,8600,306,1,1311.81
25744,8601,406,3,2675.38
25745,8601,33,2,6626.78
25746,8602,414,1,981.22
25747,8603,357,3,3963.48
25748,8603,134,3,4419.51
25749,8603,42,1,5752.4
25750,8603,31,2,3335.57
25751,8603,331,3,895.99
25752,8604,80,1,2551.1
25753,8604,384,3,4637.79
25754,8604,1,3,2876.42
25755,8605,32,1,4203.79
25756,8606,409,4,4629.95
25757,8606,65,3,1839.77
25758,8606,229,3,6178.47
25759,8606,137,1,2345.58
25760,8607,216,3,4724.1
25761,8607,180,3,1609.07
25762,8608,353,2,4945.04
25763,8608,406,3,2675.38
25764,8608,316,2,3281.58
25765,8609,423,3,5959.15
25766,8610,419,1,4392.23
25767,8610,343,2,2443.83
25768,8610,114,3,1305.47
25769,8610,481,3,4362.0
25770,8610,98,1,5554.21
25771,8611,198,4,2183.12
25772,8611,85,3,206.91
25773,8612,265,1,5984.67
25774,8613,90,2,2134.9
25775,8613,333,4,6331.32
25776,8613,129,3,1449.29
25777,8613,121,3,704.52
25778,8613,48,4,3118.93
25779,8614,193,1,6626.72
25780,8614,121,4,704.52
25781,8614,320,4,6639.63
25782,8614,293,4,5467.31
25783,8614,106,3,1635.06
25784,8615,153,1,7154.27
25785,8615,483,4,6442.69
25786,8616,259,2,1302.93
25787,8616,163,4,6699.83
25788,8616,43,3,791.88
25789,8616,425,1,4224.17
25790,8617,106,4,1635.06
25791,8617,149,4,5667.0
25792,8618,71,4,4208.53
25793,8618,188,2,5890.62
25794,8619,344,3,6982.35
25795,8620,413,1,5368.82
25796,8620,269,4,2723.78
25797,8620,211,4,3182.08
25798,8620,459,3,4650.34
25799,8620,83,3,4207.1
25800,8621,115,3,2916.37
25801,8621,344,1,6982.35
25802,8621,52,1,2554.22
25803,8622,444,4,5110.75
25804,8622,263,1,4317.08
25805,8622,363,4,7234.27
25806,8622,24,2,6433.86
25807,8623,391,4,2831.62
25808,8623,139,3,2207.41
25809,8623,262,2,3433.24
25810,8624,222,1,5410.26
25811,8624,496,1,5678.29
25812,8625,161,2,6112.98
25813,8625,45,1,2239.06
25814,8625,30,3,1495.61
25815,8626,436,4,6428.91
25816,8627,55,4,5294.38
25817,8628,360,1,2975.5
25818,8629,185,1,1990.36
25819,8629,330,2,4391.26
25820,8630,491,3,336.73
25821,8630,247,2,3140.62
25822,8631,132,1,734.08
25823,8631,194,4,3575.56
25824,8631,203,1,3122.39
25825,8632,82,2,5405.87
25826,8632,378,1,5787.24
25827,8632,46,2,922.81
25828,8632,230,4,3984.19
25829,8632,277,2,4935.0
25830,8633,464,1,7057.45
25831,8633,7,2,1658.11
25832,8633,40,2,2870.78
25833,8633,356,3,5880.99
25834,8633,148,1,2389.03
25835,8634,492,4,5032.36
25836,8635,367,2,2356.19
25837,8635,16,4,3318.23
25838,8635,236,2,4782.03
25839,8635,254,1,229.57
25840,8635,204,2,3202.4
25841,8636,39,3,3097.27
25842,8636,463,1,4315.08
25843,8637,118,1,4371.63
25844,8637,199,1,4296.57
25845,8637,317,1,784.53
25846,8637,47,2,2540.64
25847,8637,456,2,4335.7
25848,8638,162,1,3673.3
25849,8638,343,4,2443.83
25850,8638,81,2,3349.11
25851,8639,12,3,5776.18
25852,8639,42,3,5752.4
25853,8640,350,3,1035.46
25854,8640,52,2,2554.22
25855,8641,292,1,5117.95
25856,8642,92,3,4206.66
25857,8642,259,1,1302.93
25858,8642,489,1,1979.19
25859,8643,65,2,1839.77
25860,8643,150,1,1545.47
25861,8643,458,1,4050.01
25862,8643,183,2,4643.22
25863,8643,128,1,2947.92
25864,8644,164,2,451.3
25865,8644,293,4,5467.31
25866,8644,271,1,740.94
25867,8645,27,3,1911.35
25868,8645,110,3,6959.37
25869,8646,243,3,5813.12
25870,8647,221,1,6443.18
25871,8647,56,3,1350.59
25872,8647,148,2,2389.03
25873,8648,199,1,4296.57
25874,8648,179,4,2635.11
25875,8648,348,3,4037.99
25876,8648,68,3,5048.98
25877,8648,277,3,4935.0
25878,8649,16,3,3318.23
25879,8650,12,3,5776.18
25880,8650,457,4,4840.21
25881,8650,196,3,4145.76
25882,8651,272,3,1207.17
25883,8651,251,2,4963.2
25884,8651,376,4,4480.08
25885,8652,285,4,3625.74
25886,8652,405,3,4305.08
25887,8652,139,1,2207.41
25888,8653,499,2,2598.33
25889,8653,208,2,1461.6
25890,8653,126,1,5865.84
25891,8653,324,2,3848.88
25892,8654,63,1,639.04
25893,8654,9,1,3407.08
25894,8654,365,4,5059.36
25895,8655,123,3,5238.56
25896,8655,136,3,6859.2
25897,8656,427,2,5615.06
25898,8656,45,3,2239.06
25899,8656,316,4,3281.58
25900,8656,201,3,1060.46
25901,8656,469,2,5810.45
25902,8657,131,3,4351.85
25903,8658,492,1,5032.36
25904,8658,63,1,639.04
25905,8658,329,1,6150.42
25906,8658,460,2,5962.4
25907,8658,420,4,1934.38
25908,8659,279,2,774.25
25909,8659,199,2,4296.57
25910,8660,147,2,2549.32
25911,8660,391,4,2831.62
25912,8661,425,2,4224.17
25913,8662,100,1,7678.63
25914,8663,214,1,5909.34
25915,8663,187,4,7451.43
25916,8664,135,1,5029.03
25917,8664,129,4,1449.29
25918,8664,468,3,6226.51
25919,8664,457,4,4840.21
25920,8664,173,2,4328.16
25921,8665,408,3,2432.33
25922,8665,92,1,4206.66
25923,8665,241,1,600.8
25924,8665,84,1,5116.75
25925,8665,279,4,774.25
25926,8666,81,3,3349.11
25927,8666,210,1,530.97
25928,8666,487,1,3602.54
25929,8667,238,1,555.04
25930,8667,319,4,3408.81
25931,8667,431,2,2345.7
25932,8667,184,2,4693.71
25933,8668,354,3,1425.69
25934,8669,270,4,3668.4
25935,8669,393,4,1234.01
25936,8669,174,2,2623.77
25937,8669,416,1,3452.92
25938,8670,20,4,543.91
25939,8670,2,2,5222.22
25940,8670,190,3,2545.79
25941,8670,233,3,4261.37
25942,8670,185,2,1990.36
25943,8671,124,1,6069.73
25944,8671,317,4,784.53
25945,8671,271,4,740.94
25946,8672,319,1,3408.81
25947,8672,178,2,3635.79
25948,8672,198,4,2183.12
25949,8673,39,2,3097.27
25950,8674,47,1,2540.64
25951,8674,364,2,6026.85
25952,8674,17,1,6553.92
25953,8674,253,3,2797.42
25954,8674,199,1,4296.57
25955,8675,438,4,3420.48
25956,8675,227,1,3884.33
25957,8676,49,1,1001.46
25958,8676,118,1,4371.63
25959,8676,30,3,1495.61
25960,8676,32,3,4203.79
25961,8676,385,4,4521.81
25962,8677,344,2,6982.35
25963,8677,492,3,5032.36
25964,8677,87,2,1282.33
25965,8678,299,3,5162.19
25966,8678,204,2,3202.4
25967,8678,104,2,673.38
25968,8678,402,3,1337.62
25969,8679,20,1,543.91
25970,8679,178,3,3635.79
25971,8680,233,4,4261.37
25972,8681,271,2,740.94
25973,8681,38,3,1645.79
25974,8682,44,3,5953.73
25975,8682,278,4,1452.09
25976,8683,72,1,5436.37
25977,8683,70,1,2952.71
25978,8683,250,2,2853.44
25979,8683,420,3,1934.38
25980,8683,194,2,3575.56
25981,8684,148,1,2389.03
25982,8684,123,3,5238.56
25983,8684,349,3,4253.69
25984,8685,284,4,1954.57
25985,8685,79,3,2892.49
25986,8685,339,1,4212.47
25987,8686,212,3,155.74
25988,8686,271,1,740.94
25989,8686,264,1,1850.78
25990,8686,7,2,1658.11
25991,8686,17,1,6553.92
25992,8687,478,2,4700.05
25993,8687,160,2,6704.84
25994,8687,408,1,2432.33
25995,8687,149,1,5667.0
25996,8687,488,4,723.72
25997,8688,373,3,4435.35
25998,8688,385,4,4521.81
25999,8689,410,1,2717.31
26000,8690,258,3,4144.01
26001,8690,262,3,3433.24
26002,8690,305,1,1283.96
26003,8690,93,2,2629.61
26004,8691,39,3,3097.27
26005,8691,231,2,1813.96
26006,8691,83,2,4207.1
26007,8691,391,4,2831.62
26008,8691,302,2,4353.43
26009,8692,74,4,1856.46
26010,8693,332,1,336.46
26011,8693,12,4,5776.18
26012,8693,432,2,3897.39
26013,8693,60,1,5163.17
26014,8694,362,3,4182.94
26015,8695,269,1,2723.78
26016,8696,268,1,2691.51
26017,8697,442,3,6554.24
26018,8697,335,1,3273.18
26019,8697,459,3,4650.34
26020,8697,87,4,1282.33
26021,8697,149,4,5667.0
26022,8698,418,3,4532.15
26023,8698,82,4,5405.87
26024,8698,279,3,774.25
26025,8698,174,1,2623.77
26026,8698,211,4,3182.08
26027,8699,225,4,3865.19
26028,8699,28,1,801.28
26029,8699,350,3,1035.46
26030,8699,432,1,3897.39
26031,8699,264,3,1850.78
26032,8700,71,1,4208.53
26033,8700,75,1,3885.28
26034,8701,203,2,3122.39
26035,8701,55,2,5294.38
26036,8701,8,3,1108.08
26037,8701,397,1,2867.64
26038,8702,103,4,5044.44
26039,8703,287,2,362.6
26040,8703,113,2,2129.84
26041,8703,458,1,4050.01
26042,8703,430,2,1289.32
26043,8704,200,2,3146.05
26044,8704,304,2,4992.14
26045,8704,404,4,5691.79
26046,8704,475,2,1249.33
26047,8704,254,4,229.57
26048,8705,283,4,5922.7
26049,8706,233,3,4261.37
26050,8706,408,3,2432.33
26051,8706,179,2,2635.11
26052,8706,431,3,2345.7
26053,8706,152,4,5260.39
26054,8707,291,3,4158.04
26055,8707,223,3,830.78
26056,8707,318,2,5367.63
26057,8708,414,2,981.22
26058,8709,66,1,3951.93
26059,8709,257,4,1725.23
26060,8709,323,3,4863.69
26061,8710,229,1,6178.47
26062,8710,281,4,767.61
26063,8710,18,3,3961.8
26064,8710,120,4,2247.59
26065,8710,438,1,3420.48
26066,8711,440,4,1786.05
26067,8711,179,3,2635.11
26068,8711,404,1,5691.79
26069,8712,373,1,4435.35
26070,8713,284,1,1954.57
26071,8713,311,2,1952.58
26072,8713,257,2,1725.23
26073,8714,389,1,1828.56
26074,8714,491,3,336.73
26075,8714,403,4,2324.3
26076,8714,194,2,3575.56
26077,8715,141,2,4217.11
26078,8715,19,1,4193.05
26079,8715,270,4,3668.4
26080,8715,339,2,4212.47
26081,8716,349,3,4253.69
26082,8717,7,4,1658.11
26083,8717,385,4,4521.81
26084,8717,172,1,5729.96
26085,8717,144,3,4356.46
26086,8718,91,3,2388.1
26087,8718,291,2,4158.04
26088,8718,261,3,6008.79
26089,8718,69,3,2687.96
26090,8719,256,2,2686.28
26091,8720,191,3,1690.83
26092,8720,272,2,1207.17
26093,8720,403,1,2324.3
26094,8720,340,1,6024.22
26095,8721,7,3,1658.11
26096,8721,118,3,4371.63
26097,8721,186,2,2472.63
26098,8721,156,4,3556.59
26099,8722,236,2,4782.03
26100,8722,272,3,1207.17
26101,8722,496,2,5678.29
26102,8722,17,3,6553.92
26103,8723,299,1,5162.19
26104,8723,318,1,5367.63
26105,8723,149,3,5667.0
26106,8723,213,2,3927.95
26107,8724,46,1,922.81
26108,8724,165,1,4937.61
26109,8724,135,2,5029.03
26110,8724,103,4,5044.44
26111,8725,424,4,1011.09
26112,8725,453,3,2708.83
26113,8725,437,2,1635.15
26114,8725,409,1,4629.95
26115,8725,317,4,784.53
26116,8726,83,1,4207.1
26117,8726,179,3,2635.11
26118,8726,345,4,6715.15
26119,8726,465,2,6681.17
26120,8727,201,3,1060.46
26121,8727,148,2,2389.03
26122,8727,317,1,784.53
26123,8727,362,3,4182.94
26124,8728,233,4,4261.37
26125,8728,362,4,4182.94
26126,8728,280,4,4382.83
26127,8729,103,1,5044.44
26128,8729,451,3,5285.86
26129,8729,10,4,1780.12
26130,8729,279,4,774.25
26131,8730,467,4,5633.33
26132,8731,85,1,206.91
26133,8731,236,1,4782.03
26134,8731,56,1,1350.59
26135,8731,153,2,7154.27
26136,8732,484,1,5888.26
26137,8732,302,1,4353.43
26138,8732,444,2,5110.75
26139,8732,136,3,6859.2
26140,8732,175,2,1587.68
26141,8733,332,1,336.46
26142,8734,461,1,4553.3
26143,8735,392,2,1502.97
26144,8735,329,3,6150.42
26145,8735,468,2,6226.51
26146,8735,345,2,6715.15
26147,8735,300,3,1582.87
26148,8736,171,4,6247.86
26149,8736,67,3,6765.53
26150,8737,234,3,1670.39
26151,8737,439,4,5144.08
26152,8737,101,1,1381.51
26153,8737,344,2,6982.35
26154,8737,491,1,336.73
26155,8738,11,2,5761.74
26156,8738,500,2,5135.84
26157,8738,11,4,5761.74
26158,8738,166,3,3680.98
26159,8739,222,3,5410.26
26160,8739,241,4,600.8
26161,8739,273,4,4355.96
26162,8739,47,4,2540.64
26163,8739,339,1,4212.47
26164,8740,292,4,5117.95
26165,8740,203,3,3122.39
26166,8740,364,4,6026.85
26167,8741,468,3,6226.51
26168,8741,326,3,5313.25
26169,8741,57,2,4604.53
26170,8742,371,2,6431.49
26171,8742,203,3,3122.39
26172,8742,45,1,2239.06
26173,8742,137,2,2345.58
26174,8742,473,2,4224.82
26175,8743,201,4,1060.46
26176,8743,218,1,1046.26
26177,8743,357,2,3963.48
26178,8743,221,2,6443.18
26179,8744,131,2,4351.85
26180,8744,234,3,1670.39
26181,8744,77,3,5802.31
26182,8744,351,4,5407.74
26183,8745,181,4,277.41
26184,8745,499,4,2598.33
26185,8745,41,2,5380.63
26186,8745,91,4,2388.1
26187,8745,349,2,4253.69
26188,8746,243,4,5813.12
26189,8746,122,2,1788.84
26190,8746,74,4,1856.46
26191,8747,194,4,3575.56
26192,8747,486,4,3925.75
26193,8747,456,2,4335.7
26194,8748,153,3,7154.27
26195,8748,319,1,3408.81
26196,8748,131,3,4351.85
26197,8748,53,3,1636.05
26198,8748,367,2,2356.19
26199,8749,251,2,4963.2
26200,8749,184,3,4693.71
26201,8749,88,2,3652.47
26202,8749,458,2,4050.01
26203,8750,52,2,2554.22
26204,8751,259,1,1302.93
26205,8751,262,2,3433.24
26206,8751,151,4,1368.5
26207,8752,394,4,4349.12
26208,8753,466,4,3543.0
26209,8753,157,4,5351.04
26210,8754,404,3,5691.79
26211,8755,109,4,2146.83
26212,8756,364,2,6026.85
26213,8757,184,1,4693.71
26214,8757,66,4,3951.93
26215,8757,411,3,4968.3
26216,8757,170,1,3039.1
26217,8757,478,1,4700.05
26218,8758,240,1,1220.06
26219,8758,155,4,7062.88
26220,8759,479,2,4247.61
26221,8759,253,2,2797.42
26222,8760,256,3,2686.28
26223,8761,347,3,5269.21
26224,8762,93,3,2629.61
26225,8762,262,1,3433.24
26226,8762,398,4,6965.19
26227,8762,46,1,922.81
26228,8763,62,2,7110.36
26229,8763,241,4,600.8
26230,8764,83,2,4207.1
26231,8764,158,2,4348.37
26232,8764,81,2,3349.11
26233,8765,180,3,1609.07
26234,8765,305,4,1283.96
26235,8766,18,4,3961.8
26236,8766,165,3,4937.61
26237,8766,172,3,5729.96
26238,8767,102,2,5155.01
26239,8767,117,3,924.08
26240,8767,288,4,6212.26
26241,8768,219,2,1512.13
26242,8768,369,2,3840.55
26243,8768,411,4,4968.3
26244,8769,116,2,584.32
26245,8769,211,1,3182.08
26246,8769,422,3,5095.84
26247,8769,167,2,6818.7
26248,8770,271,2,740.94
26249,8770,392,3,1502.97
26250,8770,106,3,1635.06
26251,8770,52,2,2554.22
26252,8770,231,1,1813.96
26253,8771,178,3,3635.79
26254,8771,156,1,3556.59
26255,8772,258,3,4144.01
26256,8772,253,4,2797.42
26257,8772,456,4,4335.7
26258,8772,117,4,924.08
26259,8772,192,1,1522.05
26260,8773,458,3,4050.01
26261,8773,287,1,362.6
26262,8774,345,3,6715.15
26263,8774,127,3,4216.76
26264,8775,65,2,1839.77
26265,8775,326,4,5313.25
26266,8776,175,3,1587.68
26267,8776,171,1,6247.86
26268,8776,236,2,4782.03
26269,8776,19,2,4193.05
26270,8777,278,4,1452.09
26271,8778,457,4,4840.21
26272,8778,473,2,4224.82
26273,8778,217,1,1753.76
26274,8778,28,4,801.28
26275,8779,373,3,4435.35
26276,8779,349,4,4253.69
26277,8780,14,3,1195.89
26278,8780,282,4,5682.3
26279,8780,291,3,4158.04
26280,8780,142,2,628.57
26281,8780,24,3,6433.86
26282,8781,193,3,6626.72
26283,8781,438,3,3420.48
26284,8781,229,1,6178.47
26285,8781,99,1,377.4
26286,8782,37,4,1174.23
26287,8782,493,1,6088.79
26288,8782,473,1,4224.82
26289,8782,369,3,3840.55
26290,8782,388,4,1373.2
26291,8783,432,4,3897.39
26292,8783,141,3,4217.11
26293,8784,379,3,1894.51
26294,8784,384,4,4637.79
26295,8785,103,3,5044.44
26296,8786,242,4,3908.61
26297,8786,137,3,2345.58
26298,8786,45,3,2239.06
26299,8786,217,2,1753.76
26300,8786,14,1,1195.89
26301,8787,72,3,5436.37
26302,8788,389,1,1828.56
26303,8789,276,3,2669.21
26304,8789,315,4,1950.17
26305,8789,324,4,3848.88
26306,8789,393,4,1234.01
26307,8790,279,2,774.25
26308,8790,440,2,1786.05
26309,8791,394,3,4349.12
26310,8791,243,3,5813.12
26311,8791,79,2,2892.49
26312,8791,233,2,4261.37
26313,8792,372,2,2126.62
26314,8793,102,2,5155.01
26315,8793,135,1,5029.03
26316,8793,194,3,3575.56
26317,8793,256,2,2686.28
26318,8793,24,2,6433.86
26319,8794,475,1,1249.33
26320,8795,450,1,2146.91
26321,8795,16,4,3318.23
26322,8795,72,4,5436.37
26323,8796,444,2,5110.75
26324,8796,354,2,1425.69
26325,8796,44,3,5953.73
26326,8797,302,1,4353.43
26327,8797,451,3,5285.86
26328,8798,208,3,1461.6
26329,8798,30,4,1495.61
26330,8798,345,3,6715.15
26331,8798,127,1,4216.76
26332,8799,328,3,2729.68
26333,8799,258,3,4144.01
26334,8799,485,4,4042.01
26335,8799,203,2,3122.39
26336,8800,108,2,2189.38
26337,8800,438,1,3420.48
26338,8800,320,3,6639.63
26339,8801,468,3,6226.51
26340,8801,171,4,6247.86
26341,8802,450,2,2146.91
26342,8803,268,1,2691.51
26343,8803,450,1,2146.91
26344,8803,36,3,3194.46
26345,8804,268,2,2691.51
26346,8804,81,3,3349.11
26347,8804,481,3,4362.0
26348,8804,383,3,1338.8
26349,8805,486,2,3925.75
26350,8806,23,1,4519.4
26351,8806,20,3,543.91
26352,8806,154,2,3919.63
26353,8806,450,1,2146.91
26354,8806,347,3,5269.21
26355,8807,205,2,6203.46
26356,8807,396,3,1589.43
26357,8807,96,1,418.99
26358,8808,398,3,6965.19
26359,8809,220,4,3372.55
26360,8809,241,3,600.8
26361,8809,192,1,1522.05
26362,8809,78,3,2623.38
26363,8810,451,1,5285.86
26364,8811,493,3,6088.79
26365,8811,367,4,2356.19
26366,8811,174,3,2623.77
26367,8812,128,2,2947.92
26368,8812,226,3,1742.75
26369,8813,499,3,2598.33
26370,8814,444,3,5110.75
26371,8814,441,4,5639.25
26372,8814,285,1,3625.74
26373,8814,472,4,3476.76
26374,8815,257,1,1725.23
26375,8815,228,2,5999.41
26376,8815,278,1,1452.09
26377,8815,385,2,4521.81
26378,8816,264,4,1850.78
26379,8816,123,3,5238.56
26380,8816,382,2,5869.03
26381,8817,127,4,4216.76
26382,8818,243,2,5813.12
26383,8818,238,3,555.04
26384,8819,91,2,2388.1
26385,8819,310,1,3432.36
26386,8819,31,3,3335.57
26387,8820,293,2,5467.31
26388,8820,351,2,5407.74
26389,8820,457,1,4840.21
26390,8820,94,3,637.72
26391,8821,105,4,4056.14
26392,8821,393,3,1234.01
26393,8821,358,3,5127.98
26394,8821,84,3,5116.75
26395,8821,100,4,7678.63
26396,8822,465,3,6681.17
26397,8822,473,1,4224.82
26398,8822,371,2,6431.49
26399,8822,15,2,3647.94
26400,8822,262,4,3433.24
26401,8823,460,4,5962.4
26402,8823,160,1,6704.84
26403,8823,324,3,3848.88
26404,8824,391,2,2831.62
26405,8824,413,1,5368.82
26406,8824,447,2,2421.14
26407,8824,153,2,7154.27
26408,8825,295,2,1323.61
26409,8825,273,4,4355.96
26410,8825,406,4,2675.38
26411,8826,46,3,922.81
26412,8826,465,4,6681.17
26413,8826,343,4,2443.83
26414,8826,336,4,3505.41
26415,8827,305,1,1283.96
26416,8827,78,3,2623.38
26417,8828,209,3,5173.0
26418,8828,111,1,2394.51
26419,8828,186,4,2472.63
26420,8828,237,1,3807.7
26421,8828,348,3,4037.99
26422,8829,412,4,2197.41
26423,8829,284,3,1954.57
26424,8829,382,1,5869.03
26425,8829,441,1,5639.25
26426,8830,187,4,7451.43
26427,8830,143,3,4831.33
26428,8830,35,1,3703.55
26429,8830,293,3,5467.31
26430,8831,376,1,4480.08
26431,8831,447,2,2421.14
26432,8832,20,1,543.91
26433,8832,150,2,1545.47
26434,8832,281,4,767.61
26435,8833,155,4,7062.88
26436,8833,329,1,6150.42
26437,8833,376,4,4480.08
26438,8833,76,4,3624.25
26439,8833,498,3,5835.24
26440,8834,222,4,5410.26
26441,8834,448,3,1589.08
26442,8834,39,1,3097.27
26443,8835,372,2,2126.62
26444,8836,337,2,5116.18
26445,8836,331,4,895.99
26446,8836,78,1,2623.38
26447,8837,252,4,4468.34
26448,8838,379,2,1894.51
26449,8838,15,1,3647.94
26450,8838,398,2,6965.19
26451,8838,143,1,4831.33
26452,8838,457,2,4840.21
26453,8839,51,3,775.58
26454,8839,372,1,2126.62
26455,8839,145,4,380.42
26456,8840,327,2,2218.76
26457,8840,54,3,3298.92
26458,8840,137,4,2345.58
26459,8840,118,3,4371.63
26460,8841,1,1,2876.42
26461,8841,469,3,5810.45
26462,8841,450,3,2146.91
26463,8842,205,4,6203.46
26464,8843,443,3,4924.62
26465,8843,470,2,4963.98
26466,8843,391,3,2831.62
26467,8843,318,1,5367.63
26468,8844,271,1,740.94
26469,8844,243,4,5813.12
26470,8845,171,2,6247.86
26471,8846,58,4,685.74
26472,8847,256,3,2686.28
26473,8847,349,2,4253.69
26474,8848,165,2,4937.61
26475,8848,437,3,1635.15
26476,8849,59,4,3551.72
26477,8849,419,2,4392.23
26478,8849,4,3,5633.67
26479,8849,264,1,1850.78
26480,8849,110,3,6959.37
26481,8850,488,1,723.72
26482,8850,304,2,4992.14
26483,8851,272,4,1207.17
26484,8851,294,4,6129.64
26485,8851,161,3,6112.98
26486,8851,228,1,5999.41
26487,8851,17,4,6553.92
26488,8852,358,3,5127.98
26489,8853,406,3,2675.38
26490,8853,140,1,4644.31
26491,8853,169,4,5455.24
26492,8854,242,2,3908.61
26493,8855,369,3,3840.55
26494,8855,342,3,2036.46
26495,8855,418,4,4532.15
26496,8855,410,3,2717.31
26497,8855,369,3,3840.55
26498,8856,120,4,2247.59
26499,8856,106,1,1635.06
26500,8856,185,4,1990.36
26501,8856,83,2,4207.1
26502,8856,361,3,3228.33
26503,8857,392,3,1502.97
26504,8857,445,2,4299.29
26505,8857,95,2,4933.59
26506,8857,181,2,277.41
26507,8857,54,1,3298.92
26508,8858,399,3,5067.92
26509,8858,486,1,3925.75
26510,8858,77,3,5802.31
26511,8859,274,1,7224.74
26512,8859,109,2,2146.83
26513,8859,439,2,5144.08
26514,8859,375,4,5456.42
26515,8859,393,4,1234.01
26516,8860,192,4,1522.05
26517,8860,291,4,4158.04
26518,8861,72,1,5436.37
26519,8862,234,4,1670.39
26520,8862,311,1,1952.58
26521,8862,93,4,2629.61
26522,8862,296,1,959.66
26523,8862,375,3,5456.42
26524,8863,67,1,6765.53
26525,8863,111,2,2394.51
26526,8863,74,2,1856.46
26527,8863,102,2,5155.01
26528,8863,464,4,7057.45
26529,8864,47,1,2540.64
26530,8864,264,2,1850.78
26531,8865,346,1,3160.86
26532,8865,368,4,3127.98
26533,8865,340,4,6024.22
26534,8866,63,2,639.04
26535,8866,94,4,637.72
26536,8866,178,4,3635.79
26537,8866,1,1,2876.42
26538,8867,491,1,336.73
26539,8867,372,3,2126.62
26540,8868,500,3,5135.84
26541,8869,6,2,2038.84
26542,8869,365,3,5059.36
26543,8869,273,1,4355.96
26544,8870,127,2,4216.76
26545,8871,400,2,3874.31
26546,8871,15,4,3647.94
26547,8871,25,2,6342.54
26548,8871,98,1,5554.21
26549,8871,421,3,1285.52
26550,8872,14,2,1195.89
26551,8872,259,1,1302.93
26552,8872,480,2,1852.13
26553,8873,40,4,2870.78
26554,8873,347,1,5269.21
26555,8873,143,4,4831.33
26556,8874,438,4,3420.48
26557,8874,499,1,2598.33
26558,8874,143,2,4831.33
26559,8875,452,3,743.06
26560,8875,288,3,6212.26
26561,8875,1,2,2876.42
26562,8876,264,1,1850.78
26563,8877,299,1,5162.19
26564,8877,173,3,4328.16
26565,8877,380,3,4324.63
26566,8878,194,1,3575.56
26567,8878,214,3,5909.34
26568,8878,330,1,4391.26
26569,8878,70,1,2952.71
26570,8878,263,3,4317.08
26571,8879,80,4,2551.1
26572,8880,245,3,2794.78
26573,8880,411,1,4968.3
26574,8880,418,3,4532.15
26575,8880,90,2,2134.9
26576,8880,197,2,3444.31
26577,8881,60,3,5163.17
26578,8881,19,1,4193.05
26579,8881,24,1,6433.86
26580,8882,248,2,5396.23
26581,8882,277,4,4935.0
26582,8882,237,2,3807.7
26583,8882,308,1,1437.25
26584,8883,337,2,5116.18
26585,8883,217,2,1753.76
26586,8883,454,3,469.46
26587,8883,392,4,1502.97
26588,8883,278,3,1452.09
26589,8884,124,3,6069.73
26590,8884,469,3,5810.45
26591,8884,233,3,4261.37
26592,8884,44,1,5953.73
26593,8885,120,2,2247.59
26594,8885,480,3,1852.13
26595,8885,413,3,5368.82
26596,8885,340,4,6024.22
26597,8886,12,1,5776.18
26598,8886,447,2,2421.14
26599,8886,52,2,2554.22
26600,8886,110,3,6959.37
26601,8886,423,1,5959.15
26602,8887,324,1,3848.88
26603,8887,159,2,1782.91
26604,8887,238,4,555.04
26605,8887,161,4,6112.98
26606,8888,457,4,4840.21
26607,8888,379,1,1894.51
26608,8889,460,1,5962.4
26609,8890,26,1,5756.04
26610,8890,332,3,336.46
26611,8891,212,1,155.74
26612,8891,378,4,5787.24
26613,8891,210,1,530.97
26614,8892,452,2,743.06
26615,8892,29,3,5434.79
26616,8892,246,1,2663.81
26617,8892,244,3,1747.97
26618,8893,164,3,451.3
26619,8893,416,3,3452.92
26620,8893,360,1,2975.5
26621,8893,11,1,5761.74
26622,8893,93,1,2629.61
26623,8894,71,3,4208.53
26624,8894,206,4,6451.33
26625,8894,314,3,5187.17
26626,8894,68,3,5048.98
26627,8895,287,4,362.6
26628,8895,428,1,3337.91
26629,8895,430,4,1289.32
26630,8895,192,3,1522.05
26631,8895,206,4,6451.33
26632,8896,54,3,3298.92
26633,8896,169,3,5455.24
26634,8896,473,1,4224.82
26635,8897,236,1,4782.03
26636,8898,406,1,2675.38
26637,8898,364,4,6026.85
26638,8898,96,2,418.99
26639,8898,115,3,2916.37
26640,8898,398,1,6965.19
26641,8899,76,3,3624.25
26642,8900,446,3,6731.46
26643,8900,161,3,6112.98
26644,8901,248,1,5396.23
26645,8901,32,3,4203.79
26646,8902,85,4,206.91
26647,8902,403,2,2324.3
26648,8902,467,1,5633.33
26649,8902,220,1,3372.55
26650,8902,130,1,1963.29
26651,8903,416,1,3452.92
26652,8903,178,4,3635.79
26653,8903,474,1,5605.5
26654,8903,182,2,4710.47
26655,8904,276,1,2669.21
26656,8904,450,2,2146.91
26657,8904,190,1,2545.79
26658,8904,27,1,1911.35
26659,8904,325,2,6330.63
26660,8905,334,2,4382.79
26661,8905,258,4,4144.01
26662,8906,106,1,1635.06
26663,8906,169,1,5455.24
26664,8906,338,1,5130.85
26665,8906,310,1,3432.36
26666,8906,109,3,2146.83
26667,8907,75,2,3885.28
26668,8907,301,4,4803.29
26669,8907,62,4,7110.36
26670,8907,410,2,2717.31
26671,8907,381,3,2780.62
26672,8908,125,4,4655.25
26673,8908,85,1,206.91
26674,8908,294,3,6129.64
26675,8908,481,3,4362.0
26676,8909,178,4,3635.79
26677,8909,246,2,2663.81
26678,8909,168,1,4609.57
26679,8910,223,4,830.78
26680,8911,485,1,4042.01
26681,8911,468,3,6226.51
26682,8911,419,1,4392.23
26683,8911,322,2,3077.91
26684,8911,395,4,4977.01
26685,8912,64,2,5245.29
26686,8912,41,3,5380.63
26687,8912,445,4,4299.29
26688,8913,383,2,1338.8
26689,8913,453,2,2708.83
26690,8913,272,3,1207.17
26691,8913,79,3,2892.49
26692,8914,269,4,2723.78
26693,8914,291,3,4158.04
26694,8914,204,2,3202.4
26695,8914,185,2,1990.36
26696,8915,229,4,6178.47
26697,8915,122,2,1788.84
26698,8915,383,3,1338.8
26699,8915,455,4,3452.95
26700,8916,454,1,469.46
26701,8916,428,3,3337.91
26702,8916,459,4,4650.34
26703,8917,360,2,2975.5
26704,8917,289,4,615.43
26705,8917,180,4,1609.07
26706,8917,294,1,6129.64
26707,8917,291,2,4158.04
26708,8918,384,3,4637.79
26709,8918,489,3,1979.19
26710,8918,261,2,6008.79
26711,8918,394,1,4349.12
26712,8918,352,1,6820.17
26713,8919,287,3,362.6
26714,8919,4,4,5633.67
26715,8920,41,3,5380.63
26716,8921,43,2,791.88
26717,8922,196,3,4145.76
26718,8922,90,1,2134.9
26719,8923,17,3,6553.92
26720,8923,69,3,2687.96
26721,8923,364,1,6026.85
26722,8924,50,1,4659.51
26723,8925,234,3,1670.39
26724,8925,18,4,3961.8
26725,8925,194,4,3575.56
26726,8926,134,4,4419.51
26727,8926,358,3,5127.98
26728,8927,243,3,5813.12
26729,8928,486,4,3925.75
26730,8928,257,4,1725.23
26731,8928,282,2,5682.3
26732,8928,400,2,3874.31
26733,8929,176,4,2750.53
26734,8930,132,2,734.08
26735,8930,365,2,5059.36
26736,8931,186,3,2472.63
26737,8931,421,4,1285.52
26738,8931,262,2,3433.24
26739,8931,22,3,2628.43
26740,8932,51,3,775.58
26741,8932,497,2,4863.47
26742,8932,169,1,5455.24
26743,8933,59,4,3551.72
26744,8933,265,3,5984.67
26745,8933,395,3,4977.01
26746,8933,157,2,5351.04
26747,8934,361,3,3228.33
26748,8935,312,3,4519.33
26749,8935,252,1,4468.34
26750,8935,11,3,5761.74
26751,8935,132,4,734.08
26752,8935,207,3,5032.22
26753,8936,262,4,3433.24
26754,8936,200,3,3146.05
26755,8936,66,3,3951.93
26756,8936,278,1,1452.09
26757,8937,181,1,277.41
26758,8937,66,4,3951.93
26759,8937,253,3,2797.42
26760,8938,63,3,639.04
26761,8938,499,2,2598.33
26762,8938,257,2,1725.23
26763,8938,211,4,3182.08
26764,8938,68,4,5048.98
26765,8939,50,3,4659.51
26766,8939,196,2,4145.76
26767,8940,10,4,1780.12
26768,8940,241,1,600.8
26769,8940,187,4,7451.43
26770,8940,246,3,2663.81
26771,8940,89,3,4465.7
26772,8941,485,2,4042.01
26773,8941,245,3,2794.78
26774,8941,79,4,2892.49
26775,8942,162,4,3673.3
26776,8942,498,2,5835.24
26777,8942,455,3,3452.95
26778,8942,154,4,3919.63
26779,8942,441,3,5639.25
26780,8943,365,1,5059.36
26781,8943,131,1,4351.85
26782,8943,336,2,3505.41
26783,8943,252,3,4468.34
26784,8944,366,1,3398.33
26785,8944,152,2,5260.39
26786,8944,480,1,1852.13
26787,8945,262,1,3433.24
26788,8945,5,2,2523.37
26789,8946,26,2,5756.04
26790,8947,59,2,3551.72
26791,8947,58,1,685.74
26792,8947,64,3,5245.29
26793,8947,115,4,2916.37
26794,8948,14,3,1195.89
26795,8948,32,1,4203.79
26796,8949,429,4,3529.21
26797,8949,44,3,5953.73
26798,8949,71,2,4208.53
26799,8950,93,3,2629.61
26800,8951,219,4,1512.13
26801,8951,232,3,6669.4
26802,8951,305,2,1283.96
26803,8951,411,1,4968.3
26804,8951,207,1,5032.22
26805,8952,465,4,6681.17
26806,8952,279,3,774.25
26807,8952,291,4,4158.04
26808,8952,371,4,6431.49
26809,8953,80,2,2551.1
26810,8953,357,4,3963.48
26811,8953,205,4,6203.46
26812,8953,196,1,4145.76
26813,8954,424,4,1011.09
26814,8954,104,1,673.38
26815,8954,15,4,3647.94
26816,8954,38,3,1645.79
26817,8955,442,1,6554.24
26818,8955,441,2,5639.25
26819,8956,477,2,1536.6
26820,8956,232,3,6669.4
26821,8957,191,3,1690.83
26822,8957,497,2,4863.47
26823,8957,162,2,3673.3
26824,8957,356,3,5880.99
26825,8957,80,1,2551.1
26826,8958,32,3,4203.79
26827,8958,151,4,1368.5
26828,8958,176,3,2750.53
26829,8958,20,4,543.91
26830,8959,41,1,5380.63
26831,8959,174,1,2623.77
26832,8959,50,1,4659.51
26833,8960,155,4,7062.88
26834,8960,328,1,2729.68
26835,8960,343,2,2443.83
26836,8960,341,1,1594.54
26837,8961,318,1,5367.63
26838,8962,408,3,2432.33
26839,8962,394,4,4349.12
26840,8963,69,3,2687.96
26841,8964,66,3,3951.93
26842,8964,221,2,6443.18
26843,8964,88,2,3652.47
26844,8964,372,4,2126.62
26845,8964,7,1,1658.11
26846,8965,76,4,3624.25
26847,8966,341,4,1594.54
26848,8966,50,3,4659.51
26849,8966,225,4,3865.19
26850,8966,352,4,6820.17
26851,8967,105,1,4056.14
26852,8967,23,2,4519.4
26853,8968,37,3,1174.23
26854,8968,238,1,555.04
26855,8969,22,4,2628.43
26856,8970,176,2,2750.53
26857,8971,155,2,7062.88
26858,8971,467,2,5633.33
26859,8971,123,3,5238.56
26860,8971,24,3,6433.86
26861,8972,90,4,2134.9
26862,8972,141,2,4217.11
26863,8972,375,2,5456.42
26864,8972,468,4,6226.51
26865,8972,57,4,4604.53
26866,8973,312,4,4519.33
26867,8974,341,3,1594.54
26868,8974,179,1,2635.11
26869,8974,82,2,5405.87
26870,8974,206,3,6451.33
26871,8975,178,2,3635.79
26872,8975,168,1,4609.57
26873,8975,215,2,3143.73
26874,8975,435,1,3048.69
26875,8975,392,4,1502.97
26876,8976,152,3,5260.39
26877,8977,426,2,1145.23
26878,8977,402,2,1337.62
26879,8977,130,4,1963.29
26880,8978,252,3,4468.34
26881,8978,52,2,2554.22
26882,8978,439,2,5144.08
26883,8978,83,2,4207.1
26884,8979,82,4,5405.87
26885,8979,349,3,4253.69
26886,8979,7,3,1658.11
26887,8980,361,3,3228.33
26888,8981,425,2,4224.17
26889,8982,184,3,4693.71
26890,8982,250,3,2853.44
26891,8982,315,1,1950.17
26892,8982,121,1,704.52
26893,8983,74,4,1856.46
26894,8983,403,3,2324.3
26895,8983,315,3,1950.17
26896,8983,476,2,4727.45
26897,8984,108,4,2189.38
26898,8984,158,2,4348.37
26899,8984,446,3,6731.46
26900,8985,222,1,5410.26
26901,8985,191,3,1690.83
26902,8985,36,1,3194.46
26903,8985,272,1,1207.17
26904,8985,229,1,6178.47
26905,8986,230,4,3984.19
26906,8987,452,1,743.06
26907,8987,453,2,2708.83
26908,8987,137,1,2345.58
26909,8987,255,2,3636.36
26910,8987,274,3,7224.74
26911,8988,119,3,224.22
26912,8988,59,3,3551.72
26913,8988,124,2,6069.73
26914,8988,393,3,1234.01
26915,8988,23,1,4519.4
26916,8989,122,2,1788.84
26917,8989,282,3,5682.3
26918,8989,80,3,2551.1
26919,8990,432,4,3897.39
26920,8990,148,2,2389.03
26921,8991,96,3,418.99
26922,8992,300,1,1582.87
26923,8992,98,3,5554.21
26924,8992,146,1,2758.94
26925,8992,184,1,4693.71
26926,8993,89,3,4465.7
26927,8993,421,4,1285.52
26928,8993,207,3,5032.22
26929,8994,291,3,4158.04
26930,8994,493,2,6088.79
26931,8995,287,1,362.6
26932,8995,12,4,5776.18
26933,8996,462,4,1440.1
26934,8996,338,4,5130.85
26935,8996,326,1,5313.25
26936,8996,434,3,5172.12
26937,8997,347,2,5269.21
26938,8997,98,2,5554.21
26939,8997,166,4,3680.98
26940,8998,489,2,1979.19
26941,8998,460,2,5962.4
26942,8998,155,2,7062.88
26943,8998,495,2,5674.17
26944,8998,414,1,981.22
26945,8999,340,1,6024.22
26946,8999,313,2,3303.95
26947,8999,485,3,4042.01
26948,9000,232,1,6669.4
26949,9000,187,2,7451.43
26950,9000,76,3,3624.25
26951,9000,333,4,6331.32
26952,9000,337,2,5116.18
26953,9001,7,3,1658.11
26954,9002,35,4,3703.55
26955,9002,133,3,7682.68
26956,9003,215,4,3143.73
26957,9004,203,1,3122.39
26958,9004,343,4,2443.83
26959,9004,407,3,5614.76
26960,9004,161,4,6112.98
26961,9005,171,4,6247.86
26962,9005,122,4,1788.84
26963,9005,332,3,336.46
26964,9006,297,2,1402.1
26965,9006,155,3,7062.88
26966,9006,312,2,4519.33
26967,9006,230,2,3984.19
26968,9006,377,3,5763.68
26969,9007,485,1,4042.01
26970,9007,190,2,2545.79
26971,9007,458,1,4050.01
26972,9007,240,2,1220.06
26973,9008,27,4,1911.35
26974,9008,287,1,362.6
26975,9009,455,1,3452.95
26976,9010,41,2,5380.63
26977,9010,462,2,1440.1
26978,9010,240,3,1220.06
26979,9010,443,4,4924.62
26980,9010,173,2,4328.16
26981,9011,450,2,2146.91
26982,9011,253,2,2797.42
26983,9011,183,2,4643.22
26984,9011,189,3,3600.6
26985,9012,210,1,530.97
26986,9013,60,2,5163.17
26987,9013,350,2,1035.46
26988,9013,223,4,830.78
26989,9013,253,1,2797.42
26990,9013,119,4,224.22
26991,9014,84,1,5116.75
26992,9014,75,2,3885.28
26993,9014,394,1,4349.12
26994,9014,302,1,4353.43
26995,9015,152,2,5260.39
26996,9015,269,4,2723.78
26997,9015,59,1,3551.72
26998,9016,74,1,1856.46
26999,9016,106,2,1635.06
27000,9016,208,1,1461.6
27001,9016,225,3,3865.19
27002,9016,134,2,4419.51
27003,9017,379,4,1894.51
27004,9017,347,4,5269.21
27005,9018,155,2,7062.88
27006,9018,314,1,5187.17
27007,9018,235,2,5882.55
27008,9019,356,3,5880.99
27009,9019,20,4,543.91
27010,9019,163,3,6699.83
27011,9019,430,2,1289.32
27012,9019,116,2,584.32
27013,9020,471,3,1844.85
27014,9021,391,1,2831.62
27015,9021,108,4,2189.38
27016,9022,303,3,1103.01
27017,9022,287,3,362.6
27018,9022,118,3,4371.63
27019,9022,347,3,5269.21
27020,9023,170,4,3039.1
27021,9024,179,2,2635.11
27022,9024,2,1,5222.22
27023,9024,323,4,4863.69
27024,9025,127,4,4216.76
27025,9025,390,2,222.07
27026,9025,273,1,4355.96
27027,9025,324,1,3848.88
27028,9025,481,3,4362.0
27029,9026,463,3,4315.08
27030,9026,379,2,1894.51
27031,9026,350,3,1035.46
27032,9026,320,4,6639.63
27033,9027,45,2,2239.06
27034,9027,157,4,5351.04
27035,9027,166,3,3680.98
27036,9028,359,2,3218.73
27037,9028,489,4,1979.19
27038,9028,3,4,394.52
27039,9028,241,1,600.8
27040,9028,490,1,7539.95
27041,9029,131,2,4351.85
27042,9029,201,1,1060.46
27043,9029,453,1,2708.83
27044,9029,207,4,5032.22
27045,9030,213,1,3927.95
27046,9030,187,2,7451.43
27047,9031,469,3,5810.45
27048,9031,160,2,6704.84
27049,9031,306,3,1311.81
27050,9031,213,2,3927.95
27051,9032,311,2,1952.58
27052,9032,33,1,6626.78
27053,9032,139,1,2207.41
27054,9032,255,1,3636.36
27055,9032,185,4,1990.36
27056,9033,76,2,3624.25
27057,9033,494,3,5234.76
27058,9033,62,2,7110.36
27059,9034,234,1,1670.39
27060,9034,135,3,5029.03
27061,9035,84,3,5116.75
27062,9035,148,2,2389.03
27063,9035,305,3,1283.96
27064,9035,157,3,5351.04
27065,9036,316,3,3281.58
27066,9036,238,1,555.04
27067,9036,142,1,628.57
27068,9036,177,4,1399.56
27069,9036,260,3,1846.21
27070,9037,95,4,4933.59
27071,9037,165,4,4937.61
27072,9037,21,4,773.93
27073,9037,199,4,4296.57
27074,9037,308,4,1437.25
27075,9038,107,4,4351.35
27076,9039,134,2,4419.51
27077,9040,438,3,3420.48
27078,9040,263,2,4317.08
27079,9040,404,4,5691.79
27080,9041,56,2,1350.59
27081,9041,165,2,4937.61
27082,9041,218,1,1046.26
27083,9041,472,4,3476.76
27084,9042,250,1,2853.44
27085,9042,466,4,3543.0
27086,9042,440,4,1786.05
27087,9042,279,2,774.25
27088,9043,499,1,2598.33
27089,9043,490,4,7539.95
27090,9044,391,3,2831.62
27091,9044,32,1,4203.79
27092,9044,234,4,1670.39
27093,9044,307,2,5262.37
27094,9045,431,2,2345.7
27095,9046,8,3,1108.08
27096,9047,11,1,5761.74
27097,9047,265,3,5984.67
27098,9047,19,4,4193.05
27099,9047,498,2,5835.24
27100,9047,169,1,5455.24
27101,9048,236,2,4782.03
27102,9048,141,1,4217.11
27103,9048,66,3,3951.93
27104,9049,394,4,4349.12
27105,9049,279,1,774.25
27106,9049,89,4,4465.7
27107,9049,8,1,1108.08
27108,9049,437,3,1635.15
27109,9050,243,3,5813.12
27110,9051,134,2,4419.51
27111,9052,409,1,4629.95
27112,9052,423,2,5959.15
27113,9052,212,4,155.74
27114,9053,256,3,2686.28
27115,9054,482,1,5294.83
27116,9055,352,1,6820.17
27117,9055,10,2,1780.12
27118,9055,304,2,4992.14
27119,9055,387,2,1384.34
27120,9055,394,2,4349.12
27121,9056,304,1,4992.14
27122,9056,69,1,2687.96
27123,9057,177,3,1399.56
27124,9057,120,3,2247.59
27125,9057,255,4,3636.36
27126,9057,42,3,5752.4
27127,9058,235,3,5882.55
27128,9058,391,3,2831.62
27129,9059,14,1,1195.89
27130,9059,436,4,6428.91
27131,9059,200,2,3146.05
27132,9059,32,2,4203.79
27133,9059,288,4,6212.26
27134,9060,33,2,6626.78
27135,9061,95,2,4933.59
27136,9061,382,2,5869.03
27137,9061,417,2,4766.29
27138,9062,170,1,3039.1
27139,9062,69,4,2687.96
27140,9062,177,4,1399.56
27141,9062,192,2,1522.05
27142,9063,170,4,3039.1
27143,9063,433,4,3901.17
27144,9064,227,3,3884.33
27145,9065,99,3,377.4
27146,9065,47,3,2540.64
27147,9066,30,2,1495.61
27148,9066,314,3,5187.17
27149,9066,416,1,3452.92
27150,9067,470,3,4963.98
27151,9067,491,1,336.73
27152,9067,236,2,4782.03
27153,9068,72,2,5436.37
27154,9068,111,4,2394.51
27155,9069,323,3,4863.69
27156,9070,476,3,4727.45
27157,9070,338,4,5130.85
27158,9071,158,3,4348.37
27159,9071,298,2,5143.35
27160,9071,144,3,4356.46
27161,9071,43,3,791.88
27162,9071,262,3,3433.24
27163,9072,305,2,1283.96
27164,9072,204,1,3202.4
27165,9072,185,3,1990.36
27166,9072,207,1,5032.22
27167,9072,365,3,5059.36
27168,9073,266,4,3100.54
27169,9073,14,2,1195.89
27170,9073,267,4,3128.45
27171,9074,281,2,767.61
27172,9074,36,1,3194.46
27173,9074,373,2,4435.35
27174,9075,211,4,3182.08
27175,9075,43,4,791.88
27176,9076,193,2,6626.72
27177,9076,380,1,4324.63
27178,9076,237,2,3807.7
27179,9077,359,3,3218.73
27180,9077,127,4,4216.76
27181,9077,411,1,4968.3
27182,9078,413,1,5368.82
27183,9078,391,3,2831.62
27184,9079,37,2,1174.23
27185,9079,289,1,615.43
27186,9079,449,2,5990.22
27187,9080,241,2,600.8
27188,9080,168,3,4609.57
27189,9081,348,4,4037.99
27190,9081,480,1,1852.13
27191,9081,116,1,584.32
27192,9082,425,1,4224.17
27193,9083,151,3,1368.5
27194,9084,426,3,1145.23
27195,9084,151,4,1368.5
27196,9084,134,2,4419.51
27197,9085,415,3,3144.2
27198,9085,335,2,3273.18
27199,9085,114,4,1305.47
27200,9085,405,3,4305.08
27201,9086,278,2,1452.09
27202,9086,205,4,6203.46
27203,9086,98,2,5554.21
27204,9086,360,2,2975.5
27205,9086,28,2,801.28
27206,9087,210,4,530.97
27207,9087,305,1,1283.96
27208,9087,81,1,3349.11
27209,9087,408,4,2432.33
27210,9087,319,2,3408.81
27211,9088,141,1,4217.11
27212,9088,191,2,1690.83
27213,9088,376,3,4480.08
27214,9089,152,1,5260.39
27215,9089,84,3,5116.75
27216,9089,105,2,4056.14
27217,9089,227,1,3884.33
27218,9090,413,3,5368.82
27219,9090,219,1,1512.13
27220,9091,478,1,4700.05
27221,9091,459,3,4650.34
27222,9092,111,1,2394.51
27223,9093,195,2,3142.65
27224,9093,164,1,451.3
27225,9093,217,3,1753.76
27226,9094,179,4,2635.11
27227,9095,282,1,5682.3
27228,9096,281,1,767.61
27229,9097,415,3,3144.2
27230,9097,120,1,2247.59
27231,9097,87,2,1282.33
27232,9098,473,3,4224.82
27233,9098,182,1,4710.47
27234,9099,151,3,1368.5
27235,9099,229,2,6178.47
27236,9099,395,1,4977.01
27237,9099,118,3,4371.63
27238,9100,297,4,1402.1
27239,9100,43,2,791.88
27240,9100,451,2,5285.86
27241,9100,473,2,4224.82
27242,9100,127,1,4216.76
27243,9101,324,2,3848.88
27244,9102,435,2,3048.69
27245,9102,455,4,3452.95
27246,9102,9,1,3407.08
27247,9102,456,1,4335.7
27248,9103,147,2,2549.32
27249,9103,433,3,3901.17
27250,9103,320,3,6639.63
27251,9103,434,2,5172.12
27252,9104,321,1,2051.86
27253,9104,201,1,1060.46
27254,9104,367,1,2356.19
27255,9104,155,2,7062.88
27256,9104,42,4,5752.4
27257,9105,116,1,584.32
27258,9106,175,1,1587.68
27259,9106,26,4,5756.04
27260,9106,324,3,3848.88
27261,9107,499,3,2598.33
27262,9107,410,4,2717.31
27263,9107,111,4,2394.51
27264,9107,306,1,1311.81
27265,9108,239,4,2892.25
27266,9108,190,1,2545.79
27267,9109,315,1,1950.17
27268,9110,452,4,743.06
27269,9110,451,3,5285.86
27270,9110,57,4,4604.53
27271,9110,324,2,3848.88
27272,9111,80,1,2551.1
27273,9111,406,2,2675.38
27274,9111,454,4,469.46
27275,9112,318,3,5367.63
27276,9113,308,4,1437.25
27277,9114,141,3,4217.11
27278,9115,236,3,4782.03
27279,9115,56,3,1350.59
27280,9115,317,4,784.53
27281,9115,173,1,4328.16
27282,9115,89,1,4465.7
27283,9116,388,1,1373.2
27284,9116,45,1,2239.06
27285,9116,360,3,2975.5
27286,9116,267,4,3128.45
27287,9116,350,3,1035.46
27288,9117,5,2,2523.37
27289,9118,63,1,639.04
27290,9118,25,4,6342.54
27291,9119,149,2,5667.0
27292,9119,76,4,3624.25
27293,9119,340,1,6024.22
27294,9119,192,3,1522.05
27295,9120,207,3,5032.22
27296,9120,318,2,5367.63
27297,9120,390,2,222.07
27298,9120,391,1,2831.62
27299,9121,4,4,5633.67
27300,9121,48,4,3118.93
27301,9121,287,3,362.6
27302,9122,481,2,4362.0
27303,9122,123,2,5238.56
27304,9122,453,3,2708.83
27305,9122,424,4,1011.09
27306,9123,286,1,5544.61
27307,9123,460,1,5962.4
27308,9124,466,3,3543.0
27309,9124,234,3,1670.39
27310,9124,447,3,2421.14
27311,9124,39,1,3097.27
27312,9124,332,2,336.46
27313,9125,260,2,1846.21
27314,9125,442,3,6554.24
27315,9125,339,2,4212.47
27316,9126,249,2,6139.17
27317,9127,332,3,336.46
27318,9127,211,3,3182.08
27319,9127,371,2,6431.49
27320,9127,22,1,2628.43
27321,9127,83,2,4207.1
27322,9128,249,2,6139.17
27323,9129,34,2,1739.97
27324,9129,397,3,2867.64
27325,9129,331,4,895.99
27326,9130,326,2,5313.25
27327,9130,375,1,5456.42
27328,9131,103,4,5044.44
27329,9132,170,2,3039.1
27330,9132,278,2,1452.09
27331,9132,28,3,801.28
27332,9132,42,2,5752.4
27333,9133,237,3,3807.7
27334,9133,319,2,3408.81
27335,9133,444,2,5110.75
27336,9134,210,1,530.97
27337,9134,472,1,3476.76
27338,9135,24,2,6433.86
27339,9135,420,4,1934.38
27340,9136,34,2,1739.97
27341,9136,276,3,2669.21
27342,9136,42,2,5752.4
27343,9136,4,1,5633.67
27344,9137,136,4,6859.2
27345,9137,29,4,5434.79
27346,9137,29,4,5434.79
27347,9137,374,1,3593.06
27348,9138,477,3,1536.6
27349,9138,67,3,6765.53
27350,9138,77,2,5802.31
27351,9138,103,2,5044.44
27352,9138,273,1,4355.96
27353,9139,218,4,1046.26
27354,9139,235,3,5882.55
27355,9139,293,3,5467.31
27356,9140,105,3,4056.14
27357,9140,370,2,4396.17
27358,9140,234,4,1670.39
27359,9141,111,1,2394.51
27360,9141,74,3,1856.46
27361,9142,281,1,767.61
27362,9142,47,4,2540.64
27363,9142,207,2,5032.22
27364,9142,310,1,3432.36
27365,9142,103,1,5044.44
27366,9143,9,2,3407.08
27367,9143,89,2,4465.7
27368,9143,169,1,5455.24
27369,9143,11,3,5761.74
27370,9143,332,3,336.46
27371,9144,374,2,3593.06
27372,9144,76,4,3624.25
27373,9144,152,4,5260.39
27374,9144,304,4,4992.14
27375,9145,33,4,6626.78
27376,9145,345,4,6715.15
27377,9145,389,4,1828.56
27378,9145,380,1,4324.63
27379,9145,312,3,4519.33
27380,9146,431,1,2345.7
27381,9146,406,2,2675.38
27382,9146,1,4,2876.42
27383,9146,237,4,3807.7
27384,9146,343,2,2443.83
27385,9147,111,2,2394.51
27386,9147,117,3,924.08
27387,9147,209,4,5173.0
27388,9147,353,2,4945.04
27389,9147,172,3,5729.96
27390,9148,397,3,2867.64
27391,9148,122,2,1788.84
27392,9148,94,2,637.72
27393,9148,79,1,2892.49
27394,9148,175,1,1587.68
27395,9149,490,3,7539.95
27396,9149,208,3,1461.6
27397,9149,434,4,5172.12
27398,9149,320,3,6639.63
27399,9149,292,4,5117.95
27400,9150,311,1,1952.58
27401,9150,466,1,3543.0
27402,9150,39,4,3097.27
27403,9150,185,2,1990.36
27404,9151,426,2,1145.23
27405,9151,136,4,6859.2
27406,9151,485,3,4042.01
27407,9151,469,1,5810.45
27408,9151,63,3,639.04
27409,9152,32,1,4203.79
27410,9152,289,4,615.43
27411,9152,343,3,2443.83
27412,9153,213,1,3927.95
27413,9153,412,4,2197.41
27414,9153,159,1,1782.91
27415,9153,342,4,2036.46
27416,9154,183,2,4643.22
27417,9154,200,1,3146.05
27418,9155,294,1,6129.64
27419,9155,215,3,3143.73
27420,9155,223,1,830.78
27421,9156,121,2,704.52
27422,9156,227,3,3884.33
27423,9156,39,3,3097.27
27424,9157,153,1,7154.27
27425,9157,453,2,2708.83
27426,9157,294,4,6129.64
27427,9157,212,1,155.74
27428,9157,180,2,1609.07
27429,9158,109,2,2146.83
27430,9158,367,1,2356.19
27431,9158,120,1,2247.59
27432,9158,176,3,2750.53
27433,9159,34,2,1739.97
27434,9159,76,1,3624.25
27435,9159,46,2,922.81
27436,9159,496,3,5678.29
27437,9159,235,4,5882.55
27438,9160,271,3,740.94
27439,9160,286,1,5544.61
27440,9160,52,1,2554.22
27441,9161,51,4,775.58
27442,9161,2,3,5222.22
27443,9161,439,1,5144.08
27444,9162,371,1,6431.49
27445,9162,498,3,5835.24
27446,9162,26,1,5756.04
27447,9162,300,3,1582.87
27448,9163,32,1,4203.79
27449,9163,417,3,4766.29
27450,9163,176,4,2750.53
27451,9163,139,3,2207.41
27452,9163,100,4,7678.63
27453,9164,233,1,4261.37
27454,9164,165,1,4937.61
27455,9165,105,4,4056.14
27456,9165,13,2,2922.53
27457,9165,232,3,6669.4
27458,9165,449,2,5990.22
27459,9165,322,3,3077.91
27460,9166,392,4,1502.97
27461,9166,156,1,3556.59
27462,9166,18,2,3961.8
27463,9166,466,3,3543.0
27464,9166,299,4,5162.19
27465,9167,86,1,4346.28
27466,9167,313,1,3303.95
27467,9167,50,4,4659.51
27468,9168,38,4,1645.79
27469,9168,407,1,5614.76
27470,9168,382,4,5869.03
27471,9168,420,4,1934.38
27472,9168,63,3,639.04
27473,9169,470,2,4963.98
27474,9170,323,1,4863.69
27475,9171,300,3,1582.87
27476,9171,375,2,5456.42
27477,9171,51,2,775.58
27478,9172,434,1,5172.12
27479,9172,18,3,3961.8
27480,9172,481,1,4362.0
27481,9173,144,2,4356.46
27482,9173,493,4,6088.79
27483,9173,97,4,3649.64
27484,9174,366,4,3398.33
27485,9174,2,4,5222.22
27486,9175,333,2,6331.32
27487,9175,265,3,5984.67
27488,9175,10,3,1780.12
27489,9175,178,4,3635.79
27490,9176,245,4,2794.78
27491,9176,350,2,1035.46
27492,9176,52,3,2554.22
27493,9177,152,4,5260.39
27494,9177,371,4,6431.49
27495,9177,52,2,2554.22
27496,9177,81,3,3349.11
27497,9177,74,4,1856.46
27498,9178,190,3,2545.79
27499,9178,79,1,2892.49
27500,9178,429,2,3529.21
27501,9179,296,2,959.66
27502,9179,459,4,4650.34
27503,9179,468,2,6226.51
27504,9180,346,2,3160.86
27505,9181,290,3,1518.49
27506,9182,132,4,734.08
27507,9183,426,3,1145.23
27508,9183,408,3,2432.33
27509,9183,442,2,6554.24
27510,9183,476,4,4727.45
27511,9183,166,1,3680.98
27512,9184,470,1,4963.98
27513,9185,256,1,2686.28
27514,9185,298,3,5143.35
27515,9186,67,1,6765.53
27516,9186,152,2,5260.39
27517,9187,386,3,988.77
27518,9188,452,1,743.06
27519,9189,179,2,2635.11
27520,9189,45,4,2239.06
27521,9189,75,4,3885.28
27522,9189,425,2,4224.17
27523,9190,98,3,5554.21
27524,9191,317,4,784.53
27525,9191,64,1,5245.29
27526,9191,230,3,3984.19
27527,9191,429,3,3529.21
27528,9191,264,1,1850.78
27529,9192,385,2,4521.81
27530,9192,426,2,1145.23
27531,9193,101,1,1381.51
27532,9194,114,4,1305.47
27533,9194,494,1,5234.76
27534,9195,304,2,4992.14
27535,9195,478,3,4700.05
27536,9195,498,2,5835.24
27537,9195,359,1,3218.73
27538,9195,344,4,6982.35
27539,9196,225,4,3865.19
27540,9196,178,1,3635.79
27541,9197,280,2,4382.83
27542,9198,496,4,5678.29
27543,9198,244,4,1747.97
27544,9198,441,1,5639.25
27545,9198,353,4,4945.04
27546,9199,127,3,4216.76
27547,9199,249,1,6139.17
27548,9199,232,3,6669.4
27549,9199,260,2,1846.21
27550,9199,263,2,4317.08
27551,9200,99,2,377.4
27552,9200,395,1,4977.01
27553,9200,249,3,6139.17
27554,9201,322,4,3077.91
27555,9201,204,2,3202.4
27556,9201,349,1,4253.69
27557,9202,387,1,1384.34
27558,9202,250,1,2853.44
27559,9202,213,1,3927.95
27560,9203,65,3,1839.77
27561,9203,455,1,3452.95
27562,9203,145,1,380.42
27563,9203,428,4,3337.91
27564,9204,291,3,4158.04
27565,9204,473,2,4224.82
27566,9204,415,3,3144.2
27567,9205,490,3,7539.95
27568,9205,442,4,6554.24
27569,9205,365,4,5059.36
27570,9205,489,3,1979.19
27571,9206,141,2,4217.11
27572,9207,19,4,4193.05
27573,9207,180,1,1609.07
27574,9207,105,1,4056.14
27575,9207,423,2,5959.15
27576,9207,367,1,2356.19
27577,9208,44,2,5953.73
27578,9208,360,1,2975.5
27579,9209,408,4,2432.33
27580,9210,446,2,6731.46
27581,9211,390,3,222.07
27582,9211,437,4,1635.15
27583,9212,222,4,5410.26
27584,9212,372,1,2126.62
27585,9213,168,2,4609.57
27586,9213,128,3,2947.92
27587,9214,197,2,3444.31
27588,9214,366,3,3398.33
27589,9214,499,3,2598.33
27590,9214,33,1,6626.78
27591,9215,480,3,1852.13
27592,9215,149,4,5667.0
27593,9215,205,2,6203.46
27594,9215,478,3,4700.05
27595,9215,449,1,5990.22
27596,9216,367,3,2356.19
27597,9216,306,1,1311.81
27598,9217,43,3,791.88
27599,9218,223,4,830.78
27600,9218,233,4,4261.37
27601,9218,313,2,3303.95
27602,9218,230,3,3984.19
27603,9219,352,4,6820.17
27604,9219,118,4,4371.63
27605,9220,450,4,2146.91
27606,9220,147,4,2549.32
27607,9220,325,1,6330.63
27608,9220,253,4,2797.42
27609,9221,231,2,1813.96
27610,9222,329,4,6150.42
27611,9222,229,3,6178.47
27612,9222,352,1,6820.17
27613,9222,223,1,830.78
27614,9223,16,4,3318.23
27615,9224,143,3,4831.33
27616,9224,145,2,380.42
27617,9225,430,1,1289.32
27618,9225,270,4,3668.4
27619,9225,466,4,3543.0
27620,9226,351,1,5407.74
27621,9227,3,2,394.52
27622,9228,444,4,5110.75
27623,9228,402,3,1337.62
27624,9228,74,4,1856.46
27625,9228,313,3,3303.95
27626,9229,307,4,5262.37
27627,9229,102,3,5155.01
27628,9229,189,3,3600.6
27629,9229,494,4,5234.76
27630,9229,432,4,3897.39
27631,9230,463,3,4315.08
27632,9230,309,2,825.37
27633,9231,98,1,5554.21
27634,9231,75,4,3885.28
27635,9232,462,4,1440.1
27636,9232,400,3,3874.31
27637,9232,391,3,2831.62
27638,9232,492,1,5032.36
27639,9233,268,1,2691.51
27640,9233,99,1,377.4
27641,9233,338,4,5130.85
27642,9233,437,3,1635.15
27643,9234,142,4,628.57
27644,9234,107,1,4351.35
27645,9234,355,1,6023.83
27646,9235,114,3,1305.47
27647,9235,47,4,2540.64
27648,9236,358,3,5127.98
27649,9236,313,4,3303.95
27650,9237,432,1,3897.39
27651,9237,134,3,4419.51
27652,9237,12,1,5776.18
27653,9237,399,1,5067.92
27654,9238,250,3,2853.44
27655,9238,297,4,1402.1
27656,9238,422,2,5095.84
27657,9238,97,3,3649.64
27658,9238,408,3,2432.33
27659,9239,364,4,6026.85
27660,9239,372,4,2126.62
27661,9239,391,4,2831.62
27662,9239,428,1,3337.91
27663,9239,428,2,3337.91
27664,9240,300,3,1582.87
27665,9240,62,2,7110.36
27666,9240,472,1,3476.76
27667,9240,351,3,5407.74
27668,9241,255,1,3636.36
27669,9242,242,2,3908.61
27670,9243,205,4,6203.46
27671,9243,434,4,5172.12
27672,9244,19,2,4193.05
27673,9244,378,4,5787.24
27674,9244,463,1,4315.08
27675,9244,476,3,4727.45
27676,9245,351,4,5407.74
27677,9246,284,2,1954.57
27678,9247,165,3,4937.61
27679,9247,180,3,1609.07
27680,9247,100,3,7678.63
27681,9247,56,2,1350.59
27682,9248,441,4,5639.25
27683,9248,274,3,7224.74
27684,9249,458,4,4050.01
27685,9249,273,3,4355.96
27686,9249,74,1,1856.46
27687,9249,440,2,1786.05
27688,9249,449,3,5990.22
27689,9250,152,1,5260.39
27690,9250,91,2,2388.1
27691,9250,102,3,5155.01
27692,9250,81,3,3349.11
27693,9251,426,3,1145.23
27694,9251,9,4,3407.08
27695,9251,69,2,2687.96
27696,9251,406,2,2675.38
27697,9251,8,1,1108.08
27698,9252,312,2,4519.33
27699,9252,138,1,4165.59
27700,9252,183,3,4643.22
27701,9252,152,2,5260.39
27702,9252,17,3,6553.92
27703,9253,132,1,734.08
27704,9253,397,2,2867.64
27705,9253,308,3,1437.25
27706,9253,110,1,6959.37
27707,9254,314,2,5187.17
27708,9254,319,4,3408.81
27709,9254,317,2,784.53
27710,9254,49,2,1001.46
27711,9254,303,1,1103.01
27712,9255,307,3,5262.37
27713,9255,154,4,3919.63
27714,9255,269,1,2723.78
27715,9255,407,4,5614.76
27716,9255,261,1,6008.79
27717,9256,353,1,4945.04
27718,9256,146,3,2758.94
27719,9256,396,3,1589.43
27720,9257,221,4,6443.18
27721,9257,100,3,7678.63
27722,9257,373,2,4435.35
27723,9258,310,1,3432.36
27724,9258,361,1,3228.33
27725,9258,467,2,5633.33
27726,9258,365,1,5059.36
27727,9258,405,1,4305.08
27728,9259,461,1,4553.3
27729,9259,205,4,6203.46
27730,9259,380,3,4324.63
27731,9260,395,4,4977.01
27732,9260,319,3,3408.81
27733,9260,1,2,2876.42
27734,9260,249,3,6139.17
27735,9261,260,3,1846.21
27736,9261,441,1,5639.25
27737,9261,423,2,5959.15
27738,9261,265,4,5984.67
27739,9261,424,3,1011.09
27740,9262,82,2,5405.87
27741,9262,312,1,4519.33
27742,9262,356,4,5880.99
27743,9263,475,3,1249.33
27744,9264,90,4,2134.9
27745,9265,185,4,1990.36
27746,9265,152,1,5260.39
27747,9265,333,3,6331.32
27748,9266,435,3,3048.69
27749,9266,221,4,6443.18
27750,9266,115,3,2916.37
27751,9266,186,4,2472.63
27752,9267,227,2,3884.33
27753,9267,406,4,2675.38
27754,9268,407,1,5614.76
27755,9268,444,1,5110.75
27756,9268,97,4,3649.64
27757,9268,39,4,3097.27
27758,9269,19,3,4193.05
27759,9270,89,1,4465.7
27760,9270,144,2,4356.46
27761,9270,140,4,4644.31
27762,9270,126,3,5865.84
27763,9271,466,3,3543.0
27764,9272,432,4,3897.39
27765,9272,288,1,6212.26
27766,9272,29,1,5434.79
27767,9272,321,1,2051.86
27768,9272,68,4,5048.98
27769,9273,228,3,5999.41
27770,9273,65,4,1839.77
27771,9274,296,1,959.66
27772,9274,428,3,3337.91
27773,9274,170,4,3039.1
27774,9274,140,3,4644.31
27775,9274,106,2,1635.06
27776,9275,262,4,3433.24
27777,9275,426,1,1145.23
27778,9275,202,2,3841.09
27779,9276,51,1,775.58
27780,9276,169,1,5455.24
27781,9276,404,1,5691.79
27782,9277,397,1,2867.64
27783,9277,444,2,5110.75
27784,9278,6,3,2038.84
27785,9278,75,3,3885.28
27786,9278,175,3,1587.68
27787,9278,213,1,3927.95
27788,9278,326,4,5313.25
27789,9279,289,4,615.43
27790,9279,487,4,3602.54
27791,9280,321,1,2051.86
27792,9280,414,2,981.22
27793,9281,131,2,4351.85
27794,9281,160,3,6704.84
27795,9281,240,1,1220.06
27796,9281,392,3,1502.97
27797,9281,201,4,1060.46
27798,9282,356,1,5880.99
27799,9282,243,1,5813.12
27800,9283,401,3,830.88
27801,9283,266,3,3100.54
27802,9283,300,4,1582.87
27803,9283,349,1,4253.69
27804,9284,95,4,4933.59
27805,9284,197,4,3444.31
27806,9285,344,3,6982.35
27807,9286,94,4,637.72
27808,9287,328,1,2729.68
27809,9287,89,4,4465.7
27810,9288,5,1,2523.37
27811,9288,141,4,4217.11
27812,9289,413,4,5368.82
27813,9289,291,3,4158.04
27814,9289,218,4,1046.26
27815,9289,299,1,5162.19
27816,9289,249,3,6139.17
27817,9290,80,4,2551.1
27818,9290,230,4,3984.19
27819,9291,497,1,4863.47
27820,9292,477,4,1536.6
27821,9292,222,4,5410.26
27822,9292,34,1,1739.97
27823,9292,74,1,1856.46
27824,9292,334,1,4382.79
27825,9293,460,2,5962.4
27826,9294,181,1,277.41
27827,9294,425,2,4224.17
27828,9295,25,1,6342.54
27829,9295,159,2,1782.91
27830,9295,289,3,615.43
27831,9296,478,3,4700.05
27832,9296,165,1,4937.61
27833,9296,281,1,767.61
27834,9296,304,1,4992.14
27835,9297,354,2,1425.69
27836,9297,313,1,3303.95
27837,9297,374,1,3593.06
27838,9297,114,3,1305.47
27839,9297,117,3,924.08
27840,9298,57,3,4604.53
27841,9299,74,2,1856.46
27842,9299,34,4,1739.97
27843,9299,115,3,2916.37
27844,9299,405,3,4305.08
27845,9300,242,4,3908.61
27846,9301,356,2,5880.99
27847,9301,30,3,1495.61
27848,9301,75,3,3885.28
27849,9302,424,4,1011.09
27850,9302,293,1,5467.31
27851,9302,372,3,2126.62
27852,9302,269,1,2723.78
27853,9303,446,4,6731.46
27854,9303,87,2,1282.33
27855,9303,54,1,3298.92
27856,9304,483,3,6442.69
27857,9304,388,1,1373.2
27858,9304,191,2,1690.83
27859,9304,94,3,637.72
27860,9304,171,4,6247.86
27861,9305,224,1,5253.84
27862,9305,14,4,1195.89
27863,9305,487,2,3602.54
27864,9305,347,2,5269.21
27865,9305,9,3,3407.08
27866,9306,400,1,3874.31
27867,9306,386,2,988.77
27868,9306,296,2,959.66
27869,9306,188,3,5890.62
27870,9306,319,2,3408.81
27871,9307,147,4,2549.32
27872,9307,139,2,2207.41
27873,9307,146,4,2758.94
27874,9307,355,4,6023.83
27875,9307,359,3,3218.73
27876,9308,344,1,6982.35
27877,9309,444,1,5110.75
27878,9309,60,2,5163.17
27879,9309,85,1,206.91
27880,9310,249,4,6139.17
27881,9311,70,1,2952.71
27882,9311,403,1,2324.3
27883,9312,401,3,830.88
27884,9312,29,2,5434.79
27885,9312,239,4,2892.25
27886,9312,464,4,7057.45
27887,9313,47,4,2540.64
27888,9313,398,4,6965.19
27889,9313,41,4,5380.63
27890,9313,402,2,1337.62
27891,9314,446,1,6731.46
27892,9314,385,4,4521.81
27893,9314,16,1,3318.23
27894,9314,138,1,4165.59
27895,9314,368,3,3127.98
27896,9315,397,3,2867.64
27897,9315,110,1,6959.37
27898,9316,393,4,1234.01
27899,9317,344,4,6982.35
27900,9317,426,3,1145.23
27901,9318,107,2,4351.35
27902,9318,212,2,155.74
27903,9318,302,1,4353.43
27904,9318,258,4,4144.01
27905,9319,8,1,1108.08
27906,9319,372,1,2126.62
27907,9319,3,3,394.52
27908,9319,278,4,1452.09
27909,9320,100,2,7678.63
27910,9320,107,3,4351.35
27911,9320,127,3,4216.76
27912,9320,273,1,4355.96
27913,9320,132,3,734.08
27914,9321,125,3,4655.25
27915,9321,241,2,600.8
27916,9321,219,4,1512.13
27917,9321,15,3,3647.94
27918,9322,382,4,5869.03
27919,9322,387,3,1384.34
27920,9323,405,1,4305.08
27921,9323,174,3,2623.77
27922,9323,186,1,2472.63
27923,9324,21,4,773.93
27924,9325,73,2,958.17
27925,9326,493,3,6088.79
27926,9327,439,4,5144.08
27927,9327,315,1,1950.17
27928,9327,375,3,5456.42
27929,9327,176,3,2750.53
27930,9327,209,1,5173.0
27931,9328,292,4,5117.95
27932,9328,475,2,1249.33
27933,9328,65,2,1839.77
27934,9329,108,1,2189.38
27935,9330,228,4,5999.41
27936,9330,114,1,1305.47
27937,9331,269,2,2723.78
27938,9331,212,2,155.74
27939,9331,306,4,1311.81
27940,9331,261,4,6008.79
27941,9331,51,4,775.58
27942,9332,212,2,155.74
27943,9332,186,4,2472.63
27944,9332,450,3,2146.91
27945,9333,272,1,1207.17
27946,9333,347,4,5269.21
27947,9334,230,3,3984.19
27948,9334,470,1,4963.98
27949,9334,153,1,7154.27
27950,9335,70,2,2952.71
27951,9335,175,4,1587.68
27952,9335,415,4,3144.2
27953,9336,33,3,6626.78
27954,9336,154,4,3919.63
27955,9336,155,1,7062.88
27956,9337,248,3,5396.23
27957,9337,304,4,4992.14
27958,9338,328,4,2729.68
27959,9338,309,3,825.37
27960,9338,304,3,4992.14
27961,9338,446,1,6731.46
27962,9339,366,4,3398.33
27963,9339,116,1,584.32
27964,9340,143,2,4831.33
27965,9340,66,2,3951.93
27966,9340,399,1,5067.92
27967,9340,194,3,3575.56
27968,9340,445,4,4299.29
27969,9341,56,2,1350.59
27970,9341,15,3,3647.94
27971,9342,324,3,3848.88
27972,9342,77,1,5802.31
27973,9343,108,1,2189.38
27974,9343,418,4,4532.15
27975,9343,27,2,1911.35
27976,9343,311,1,1952.58
27977,9344,3,2,394.52
27978,9344,201,1,1060.46
27979,9344,23,3,4519.4
27980,9345,193,4,6626.72
27981,9346,87,4,1282.33
27982,9346,482,2,5294.83
27983,9346,220,1,3372.55
27984,9346,160,2,6704.84
27985,9346,196,3,4145.76
27986,9347,299,1,5162.19
27987,9347,204,1,3202.4
27988,9348,300,4,1582.87
27989,9348,206,2,6451.33
27990,9348,330,2,4391.26
27991,9349,267,2,3128.45
27992,9349,395,1,4977.01
27993,9349,442,1,6554.24
27994,9350,73,3,958.17
27995,9350,13,2,2922.53
27996,9350,324,4,3848.88
27997,9351,174,3,2623.77
27998,9351,243,3,5813.12
27999,9351,318,4,5367.63
28000,9351,399,2,5067.92
28001,9351,75,4,3885.28
28002,9352,384,4,4637.79
28003,9352,75,1,3885.28
28004,9353,494,1,5234.76
28005,9353,149,4,5667.0
28006,9353,199,1,4296.57
28007,9353,120,4,2247.59
28008,9354,268,2,2691.51
28009,9354,384,3,4637.79
28010,9354,358,1,5127.98
28011,9355,323,2,4863.69
28012,9355,210,1,530.97
28013,9356,306,4,1311.81
28014,9356,214,1,5909.34
28015,9356,287,2,362.6
28016,9356,90,4,2134.9
28017,9356,106,2,1635.06
28018,9357,38,3,1645.79
28019,9357,482,3,5294.83
28020,9357,391,2,2831.62
28021,9357,323,3,4863.69
28022,9357,229,2,6178.47
28023,9358,298,3,5143.35
28024,9358,79,4,2892.49
28025,9358,245,2,2794.78
28026,9359,265,4,5984.67
28027,9359,11,1,5761.74
28028,9359,465,2,6681.17
28029,9359,25,3,6342.54
28030,9360,300,1,1582.87
28031,9360,429,3,3529.21
28032,9360,57,2,4604.53
28033,9361,448,4,1589.08
28034,9361,334,1,4382.79
28035,9362,451,4,5285.86
28036,9362,475,4,1249.33
28037,9362,362,3,4182.94
28038,9362,38,3,1645.79
28039,9363,206,4,6451.33
28040,9363,469,3,5810.45
28041,9363,81,4,3349.11
28042,9363,312,3,4519.33
28043,9364,142,4,628.57
28044,9364,497,4,4863.47
28045,9364,287,4,362.6
28046,9364,144,2,4356.46
28047,9365,105,1,4056.14
28048,9365,223,3,830.78
28049,9365,83,2,4207.1
28050,9366,471,1,1844.85
28051,9366,343,4,2443.83
28052,9366,407,1,5614.76
28053,9366,266,3,3100.54
28054,9366,124,4,6069.73
28055,9367,232,2,6669.4
28056,9367,23,2,4519.4
28057,9367,175,2,1587.68
28058,9367,305,4,1283.96
28059,9367,341,2,1594.54
28060,9368,411,3,4968.3
28061,9368,302,4,4353.43
28062,9368,52,1,2554.22
28063,9369,305,3,1283.96
28064,9369,7,3,1658.11
28065,9369,270,2,3668.4
28066,9370,91,1,2388.1
28067,9370,215,1,3143.73
28068,9370,7,1,1658.11
28069,9371,109,4,2146.83
28070,9371,133,4,7682.68
28071,9371,279,3,774.25
28072,9371,115,4,2916.37
28073,9371,483,1,6442.69
28074,9372,113,2,2129.84
28075,9372,236,4,4782.03
28076,9372,473,1,4224.82
28077,9372,441,4,5639.25
28078,9373,127,2,4216.76
28079,9373,476,3,4727.45
28080,9373,416,4,3452.92
28081,9374,189,1,3600.6
28082,9374,449,1,5990.22
28083,9374,428,2,3337.91
28084,9375,436,1,6428.91
28085,9375,464,4,7057.45
28086,9375,75,3,3885.28
28087,9375,171,3,6247.86
28088,9375,407,1,5614.76
28089,9376,351,2,5407.74
28090,9376,234,1,1670.39
28091,9376,156,4,3556.59
28092,9377,131,3,4351.85
28093,9377,222,1,5410.26
28094,9377,311,4,1952.58
28095,9377,9,2,3407.08
28096,9377,233,3,4261.37
28097,9378,292,4,5117.95
28098,9378,11,2,5761.74
28099,9378,16,1,3318.23
28100,9378,132,4,734.08
28101,9379,77,1,5802.31
28102,9379,464,2,7057.45
28103,9379,475,4,1249.33
28104,9379,377,1,5763.68
28105,9379,444,4,5110.75
28106,9380,322,3,3077.91
28107,9380,453,4,2708.83
28108,9380,69,2,2687.96
28109,9381,186,2,2472.63
28110,9381,237,1,3807.7
28111,9381,421,4,1285.52
28112,9381,381,1,2780.62
28113,9381,287,1,362.6
28114,9382,125,3,4655.25
28115,9382,121,2,704.52
28116,9382,331,3,895.99
28117,9382,216,2,4724.1
28118,9382,32,4,4203.79
28119,9383,195,1,3142.65
28120,9383,258,1,4144.01
28121,9383,445,2,4299.29
28122,9383,390,1,222.07
28123,9383,468,1,6226.51
28124,9384,83,4,4207.1
28125,9385,459,2,4650.34
28126,9385,473,4,4224.82
28127,9385,435,1,3048.69
28128,9386,105,2,4056.14
28129,9386,339,2,4212.47
28130,9386,432,4,3897.39
28131,9387,8,1,1108.08
28132,9387,2,2,5222.22
28133,9387,211,4,3182.08
28134,9387,478,2,4700.05
28135,9388,89,3,4465.7
28136,9388,143,3,4831.33
28137,9388,96,2,418.99
28138,9388,112,2,5163.37
28139,9389,195,4,3142.65
28140,9389,134,3,4419.51
28141,9390,404,4,5691.79
28142,9390,469,3,5810.45
28143,9390,169,2,5455.24
28144,9391,408,2,2432.33
28145,9391,65,4,1839.77
28146,9391,149,4,5667.0
28147,9391,248,4,5396.23
28148,9392,118,1,4371.63
28149,9392,119,2,224.22
28150,9393,19,4,4193.05
28151,9393,414,1,981.22
28152,9394,288,1,6212.26
28153,9394,412,4,2197.41
28154,9395,500,1,5135.84
28155,9395,374,4,3593.06
28156,9395,62,3,7110.36
28157,9396,87,1,1282.33
28158,9396,293,4,5467.31
28159,9396,124,2,6069.73
28160,9397,201,2,1060.46
28161,9397,378,1,5787.24
28162,9397,49,3,1001.46
28163,9397,218,1,1046.26
28164,9397,412,4,2197.41
28165,9398,453,1,2708.83
28166,9398,124,4,6069.73
28167,9398,474,3,5605.5
28168,9398,68,3,5048.98
28169,9399,11,2,5761.74
28170,9399,154,2,3919.63
28171,9399,349,1,4253.69
28172,9400,325,1,6330.63
28173,9400,281,1,767.61
28174,9400,103,3,5044.44
28175,9400,136,1,6859.2
28176,9400,144,4,4356.46
28177,9401,93,1,2629.61
28178,9401,181,1,277.41
28179,9402,442,4,6554.24
28180,9402,368,3,3127.98
28181,9402,307,4,5262.37
28182,9402,229,2,6178.47
28183,9402,401,2,830.88
28184,9403,376,4,4480.08
28185,9403,439,1,5144.08
28186,9403,244,3,1747.97
28187,9403,340,3,6024.22
28188,9404,162,4,3673.3
28189,9404,262,4,3433.24
28190,9404,420,2,1934.38
28191,9404,298,3,5143.35
28192,9405,237,4,3807.7
28193,9405,158,3,4348.37
28194,9405,267,3,3128.45
28195,9405,498,4,5835.24
28196,9405,95,2,4933.59
28197,9406,7,2,1658.11
28198,9406,134,1,4419.51
28199,9407,384,1,4637.79
28200,9407,378,3,5787.24
28201,9408,140,2,4644.31
28202,9408,263,4,4317.08
28203,9408,181,1,277.41
28204,9408,134,3,4419.51
28205,9408,212,4,155.74
28206,9409,15,4,3647.94
28207,9409,205,1,6203.46
28208,9409,293,2,5467.31
28209,9409,412,1,2197.41
28210,9410,3,3,394.52
28211,9410,24,4,6433.86
28212,9411,42,2,5752.4
28213,9411,28,2,801.28
28214,9412,283,2,5922.7
28215,9413,262,4,3433.24
28216,9413,308,1,1437.25
28217,9414,211,1,3182.08
28218,9414,192,1,1522.05
28219,9414,112,4,5163.37
28220,9414,477,1,1536.6
28221,9414,20,2,543.91
28222,9415,211,3,3182.08
28223,9415,36,3,3194.46
28224,9415,119,1,224.22
28225,9416,162,4,3673.3
28226,9416,446,2,6731.46
28227,9416,459,2,4650.34
28228,9416,430,3,1289.32
28229,9417,322,2,3077.91
28230,9417,195,4,3142.65
28231,9417,275,3,1381.85
28232,9418,98,3,5554.21
28233,9418,439,4,5144.08
28234,9419,22,3,2628.43
28235,9419,484,4,5888.26
28236,9419,351,2,5407.74
28237,9419,41,1,5380.63
28238,9419,262,3,3433.24
28239,9420,99,3,377.4
28240,9421,320,4,6639.63
28241,9421,467,4,5633.33
28242,9422,242,4,3908.61
28243,9422,485,4,4042.01
28244,9422,260,3,1846.21
28245,9422,3,4,394.52
28246,9423,12,1,5776.18
28247,9423,175,4,1587.68
28248,9423,369,1,3840.55
28249,9424,237,2,3807.7
28250,9425,95,2,4933.59
28251,9426,147,3,2549.32
28252,9426,321,1,2051.86
28253,9426,3,1,394.52
28254,9426,123,4,5238.56
28255,9427,263,2,4317.08
28256,9427,247,3,3140.62
28257,9428,160,3,6704.84
28258,9428,128,3,2947.92
28259,9428,58,1,685.74
28260,9428,150,2,1545.47
28261,9428,175,1,1587.68
28262,9429,152,2,5260.39
28263,9429,263,2,4317.08
28264,9430,80,4,2551.1
28265,9430,130,3,1963.29
28266,9430,42,2,5752.4
28267,9430,193,3,6626.72
28268,9431,226,3,1742.75
28269,9431,304,1,4992.14
28270,9432,99,4,377.4
28271,9432,215,3,3143.73
28272,9432,24,4,6433.86
28273,9432,176,3,2750.53
28274,9433,341,3,1594.54
28275,9433,463,3,4315.08
28276,9433,278,4,1452.09
28277,9433,75,1,3885.28
28278,9434,429,1,3529.21
28279,9434,26,4,5756.04
28280,9434,286,3,5544.61
28281,9434,311,3,1952.58
28282,9434,47,4,2540.64
28283,9435,239,4,2892.25
28284,9435,465,1,6681.17
28285,9436,398,2,6965.19
28286,9436,168,3,4609.57
28287,9436,3,3,394.52
28288,9437,453,3,2708.83
28289,9437,84,1,5116.75
28290,9437,347,4,5269.21
28291,9437,346,1,3160.86
28292,9438,473,3,4224.82
28293,9438,69,3,2687.96
28294,9438,391,2,2831.62
28295,9438,101,4,1381.51
28296,9439,397,1,2867.64
28297,9439,422,4,5095.84
28298,9439,390,3,222.07
28299,9439,212,3,155.74
28300,9440,193,2,6626.72
28301,9440,263,2,4317.08
28302,9441,496,4,5678.29
28303,9441,391,3,2831.62
28304,9441,13,2,2922.53
28305,9441,72,4,5436.37
28306,9442,30,1,1495.61
28307,9442,441,4,5639.25
28308,9442,94,4,637.72
28309,9443,285,1,3625.74
28310,9443,208,2,1461.6
28311,9444,478,4,4700.05
28312,9444,82,2,5405.87
28313,9444,130,3,1963.29
28314,9444,217,1,1753.76
28315,9445,341,4,1594.54
28316,9445,470,1,4963.98
28317,9445,246,3,2663.81
28318,9446,126,1,5865.84
28319,9446,73,4,958.17
28320,9446,227,4,3884.33
28321,9446,490,4,7539.95
28322,9446,311,4,1952.58
28323,9447,186,3,2472.63
28324,9447,135,2,5029.03
28325,9448,118,2,4371.63
28326,9448,473,2,4224.82
28327,9448,312,2,4519.33
28328,9448,347,2,5269.21
28329,9448,451,2,5285.86
28330,9449,483,4,6442.69
28331,9449,8,2,1108.08
28332,9449,123,4,5238.56
28333,9450,207,4,5032.22
28334,9450,274,1,7224.74
28335,9451,373,1,4435.35
28336,9452,189,2,3600.6
28337,9452,335,1,3273.18
28338,9452,229,4,6178.47
28339,9452,3,1,394.52
28340,9452,460,3,5962.4
28341,9453,350,3,1035.46
28342,9453,360,1,2975.5
28343,9453,411,4,4968.3
28344,9454,354,2,1425.69
28345,9454,431,2,2345.7
28346,9454,322,1,3077.91
28347,9454,117,1,924.08
28348,9454,293,1,5467.31
28349,9455,139,3,2207.41
28350,9455,483,2,6442.69
28351,9456,167,3,6818.7
28352,9456,143,3,4831.33
28353,9456,106,1,1635.06
28354,9456,434,2,5172.12
28355,9457,404,4,5691.79
28356,9457,426,2,1145.23
28357,9457,423,3,5959.15
28358,9457,249,1,6139.17
28359,9457,166,3,3680.98
28360,9458,379,1,1894.51
28361,9458,155,3,7062.88
28362,9458,256,4,2686.28
28363,9458,70,2,2952.71
28364,9459,410,4,2717.31
28365,9459,278,1,1452.09
28366,9459,221,1,6443.18
28367,9459,398,2,6965.19
28368,9459,150,3,1545.47
28369,9460,372,2,2126.62
28370,9460,186,4,2472.63
28371,9460,415,1,3144.2
28372,9461,43,4,791.88
28373,9461,478,3,4700.05
28374,9461,181,1,277.41
28375,9461,180,1,1609.07
28376,9461,307,4,5262.37
28377,9462,371,2,6431.49
28378,9462,340,4,6024.22
28379,9462,58,2,685.74
28380,9462,116,2,584.32
28381,9463,297,2,1402.1
28382,9463,367,2,2356.19
28383,9463,318,4,5367.63
28384,9463,350,4,1035.46
28385,9463,350,1,1035.46
28386,9464,301,2,4803.29
28387,9465,305,2,1283.96
28388,9466,465,4,6681.17
28389,9466,175,3,1587.68
28390,9467,377,3,5763.68
28391,9467,396,2,1589.43
28392,9467,419,4,4392.23
28393,9467,236,2,4782.03
28394,9467,419,1,4392.23
28395,9468,110,3,6959.37
28396,9468,383,3,1338.8
28397,9468,363,2,7234.27
28398,9468,342,4,2036.46
28399,9469,118,4,4371.63
28400,9469,255,1,3636.36
28401,9469,222,3,5410.26
28402,9469,467,1,5633.33
28403,9470,332,1,336.46
28404,9470,305,1,1283.96
28405,9470,475,2,1249.33
28406,9470,53,4,1636.05
28407,9470,362,3,4182.94
28408,9471,235,3,5882.55
28409,9471,267,4,3128.45
28410,9472,442,1,6554.24
28411,9473,290,4,1518.49
28412,9473,130,1,1963.29
28413,9473,180,3,1609.07
28414,9473,236,2,4782.03
28415,9474,244,4,1747.97
28416,9474,128,3,2947.92
28417,9475,362,1,4182.94
28418,9475,398,1,6965.19
28419,9475,16,3,3318.23
28420,9476,469,4,5810.45
28421,9476,205,3,6203.46
28422,9476,343,4,2443.83
28423,9476,51,3,775.58
28424,9476,219,3,1512.13
28425,9477,96,1,418.99
28426,9477,118,4,4371.63
28427,9478,433,4,3901.17
28428,9478,402,1,1337.62
28429,9478,15,2,3647.94
28430,9478,47,3,2540.64
28431,9479,173,3,4328.16
28432,9479,234,3,1670.39
28433,9479,400,2,3874.31
28434,9479,60,3,5163.17
28435,9479,415,3,3144.2
28436,9480,498,2,5835.24
28437,9480,80,1,2551.1
28438,9480,52,4,2554.22
28439,9481,97,4,3649.64
28440,9482,68,3,5048.98
28441,9482,321,2,2051.86
28442,9482,55,2,5294.38
28443,9482,449,2,5990.22
28444,9482,119,3,224.22
28445,9483,76,1,3624.25
28446,9483,59,1,3551.72
28447,9484,433,2,3901.17
28448,9484,128,4,2947.92
28449,9485,266,2,3100.54
28450,9485,140,2,4644.31
28451,9486,240,4,1220.06
28452,9486,323,4,4863.69
28453,9486,494,4,5234.76
28454,9486,58,4,685.74
28455,9486,406,2,2675.38
28456,9487,328,2,2729.68
28457,9488,214,1,5909.34
28458,9488,469,2,5810.45
28459,9488,339,3,4212.47
28460,9489,194,3,3575.56
28461,9489,460,2,5962.4
28462,9489,392,2,1502.97
28463,9489,461,3,4553.3
28464,9490,138,2,4165.59
28465,9491,59,4,3551.72
28466,9491,347,4,5269.21
28467,9491,180,2,1609.07
28468,9491,234,1,1670.39
28469,9491,109,3,2146.83
28470,9492,238,4,555.04
28471,9493,52,1,2554.22
28472,9493,70,4,2952.71
28473,9493,145,4,380.42
28474,9494,18,1,3961.8
28475,9494,67,2,6765.53
28476,9495,350,4,1035.46
28477,9495,418,3,4532.15
28478,9495,352,4,6820.17
28479,9495,231,2,1813.96
28480,9496,43,1,791.88
28481,9496,42,2,5752.4
28482,9497,188,3,5890.62
28483,9497,154,4,3919.63
28484,9497,391,4,2831.62
28485,9498,167,2,6818.7
28486,9499,396,4,1589.43
28487,9499,215,1,3143.73
28488,9499,345,4,6715.15
28489,9499,473,4,4224.82
28490,9500,496,3,5678.29
28491,9501,280,1,4382.83
28492,9501,104,2,673.38
28493,9501,155,2,7062.88
28494,9501,368,3,3127.98
28495,9501,373,2,4435.35
28496,9502,443,4,4924.62
28497,9503,144,1,4356.46
28498,9503,45,2,2239.06
28499,9503,380,3,4324.63
28500,9503,75,3,3885.28
28501,9503,115,4,2916.37
28502,9504,254,1,229.57
28503,9504,121,4,704.52
28504,9504,397,4,2867.64
28505,9505,277,1,4935.0
28506,9505,348,1,4037.99
28507,9506,66,1,3951.93
28508,9506,237,2,3807.7
28509,9506,187,2,7451.43
28510,9506,441,1,5639.25
28511,9507,314,1,5187.17
28512,9507,362,2,4182.94
28513,9507,370,2,4396.17
28514,9507,190,4,2545.79
28515,9507,16,2,3318.23
28516,9508,495,1,5674.17
28517,9509,140,2,4644.31
28518,9510,53,1,1636.05
28519,9510,7,4,1658.11
28520,9510,141,2,4217.11
28521,9510,172,4,5729.96
28522,9510,234,4,1670.39
28523,9511,491,2,336.73
28524,9511,53,2,1636.05
28525,9512,41,1,5380.63
28526,9513,162,2,3673.3
28527,9513,55,4,5294.38
28528,9514,210,4,530.97
28529,9514,378,3,5787.24
28530,9514,327,3,2218.76
28531,9514,202,3,3841.09
28532,9515,79,2,2892.49
28533,9515,360,4,2975.5
28534,9516,478,3,4700.05
28535,9516,348,4,4037.99
28536,9517,209,4,5173.0
28537,9517,232,2,6669.4
28538,9517,459,3,4650.34
28539,9517,369,4,3840.55
28540,9517,488,2,723.72
28541,9518,71,1,4208.53
28542,9518,242,3,3908.61
28543,9518,500,2,5135.84
28544,9518,444,1,5110.75
28545,9518,9,3,3407.08
28546,9519,492,3,5032.36
28547,9519,381,2,2780.62
28548,9519,158,4,4348.37
28549,9519,133,2,7682.68
28550,9520,483,2,6442.69
28551,9520,485,1,4042.01
28552,9520,280,2,4382.83
28553,9520,468,3,6226.51
28554,9520,457,3,4840.21
28555,9521,301,2,4803.29
28556,9521,387,3,1384.34
28557,9521,289,3,615.43
28558,9521,229,2,6178.47
28559,9522,31,1,3335.57
28560,9523,121,3,704.52
28561,9523,176,3,2750.53
28562,9523,418,4,4532.15
28563,9524,414,4,981.22
28564,9525,498,1,5835.24
28565,9525,219,3,1512.13
28566,9525,103,1,5044.44
28567,9525,311,1,1952.58
28568,9525,63,2,639.04
28569,9526,482,1,5294.83
28570,9526,262,1,3433.24
28571,9526,423,1,5959.15
28572,9526,429,1,3529.21
28573,9526,281,3,767.61
28574,9527,326,4,5313.25
28575,9528,279,3,774.25
28576,9528,102,2,5155.01
28577,9529,238,1,555.04
28578,9530,230,1,3984.19
28579,9531,167,1,6818.7
28580,9531,106,3,1635.06
28581,9531,181,4,277.41
28582,9531,214,2,5909.34
28583,9532,64,4,5245.29
28584,9532,440,2,1786.05
28585,9532,66,2,3951.93
28586,9532,318,4,5367.63
28587,9533,460,3,5962.4
28588,9534,158,4,4348.37
28589,9535,239,3,2892.25
28590,9536,61,2,1634.69
28591,9536,18,2,3961.8
28592,9537,463,2,4315.08
28593,9538,242,3,3908.61
28594,9538,31,3,3335.57
28595,9539,423,1,5959.15
28596,9539,15,1,3647.94
28597,9539,262,2,3433.24
28598,9540,393,2,1234.01
28599,9540,104,4,673.38
28600,9540,261,4,6008.79
28601,9540,66,4,3951.93
28602,9541,137,1,2345.58
28603,9541,51,1,775.58
28604,9542,466,1,3543.0
28605,9542,73,2,958.17
28606,9542,238,4,555.04
28607,9543,355,3,6023.83
28608,9543,107,1,4351.35
28609,9543,7,2,1658.11
28610,9543,1,1,2876.42
28611,9544,131,4,4351.85
28612,9544,308,1,1437.25
28613,9544,304,2,4992.14
28614,9544,34,2,1739.97
28615,9545,441,3,5639.25
28616,9545,376,2,4480.08
28617,9545,188,3,5890.62
28618,9545,33,4,6626.78
28619,9545,355,2,6023.83
28620,9546,362,3,4182.94
28621,9547,162,4,3673.3
28622,9547,261,1,6008.79
28623,9547,403,2,2324.3
28624,9547,44,3,5953.73
28625,9548,334,4,4382.79
28626,9549,228,2,5999.41
28627,9549,35,4,3703.55
28628,9550,168,3,4609.57
28629,9550,286,3,5544.61
28630,9550,308,1,1437.25
28631,9550,272,3,1207.17
28632,9550,143,4,4831.33
28633,9551,231,4,1813.96
28634,9551,212,2,155.74
28635,9551,304,2,4992.14
28636,9551,341,1,1594.54
28637,9552,253,2,2797.42
28638,9552,405,3,4305.08
28639,9552,385,1,4521.81
28640,9552,248,3,5396.23
28641,9552,78,4,2623.38
28642,9553,279,3,774.25
28643,9553,9,3,3407.08
28644,9553,12,4,5776.18
28645,9553,299,1,5162.19
28646,9553,432,2,3897.39
28647,9554,462,4,1440.1
28648,9554,421,3,1285.52
28649,9554,139,2,2207.41
28650,9554,91,4,2388.1
28651,9555,408,1,2432.33
28652,9555,418,2,4532.15
28653,9555,38,1,1645.79
28654,9555,457,1,4840.21
28655,9555,216,4,4724.1
28656,9556,329,1,6150.42
28657,9556,17,1,6553.92
28658,9557,153,2,7154.27
28659,9557,488,1,723.72
28660,9557,185,3,1990.36
28661,9558,349,2,4253.69
28662,9558,72,4,5436.37
28663,9558,85,2,206.91
28664,9558,153,1,7154.27
28665,9559,273,2,4355.96
28666,9559,411,3,4968.3
28667,9560,486,2,3925.75
28668,9560,412,4,2197.41
28669,9561,378,4,5787.24
28670,9561,136,4,6859.2
28671,9561,116,4,584.32
28672,9562,80,1,2551.1
28673,9562,148,2,2389.03
28674,9562,256,1,2686.28
28675,9563,101,3,1381.51
28676,9564,107,4,4351.35
28677,9565,242,2,3908.61
28678,9565,302,1,4353.43
28679,9565,41,3,5380.63
28680,9565,46,3,922.81
28681,9566,223,4,830.78
28682,9566,286,4,5544.61
28683,9566,405,1,4305.08
28684,9566,217,3,1753.76
28685,9566,164,2,451.3
28686,9567,458,1,4050.01
28687,9567,14,4,1195.89
28688,9567,402,1,1337.62
28689,9567,176,3,2750.53
28690,9568,490,1,7539.95
28691,9568,109,2,2146.83
28692,9568,150,1,1545.47
28693,9568,370,3,4396.17
28694,9568,137,4,2345.58
28695,9569,487,3,3602.54
28696,9569,244,3,1747.97
28697,9569,295,4,1323.61
28698,9570,375,4,5456.42
28699,9570,49,3,1001.46
28700,9571,181,2,277.41
28701,9572,29,4,5434.79
28702,9572,475,3,1249.33
28703,9572,181,4,277.41
28704,9572,201,4,1060.46
28705,9572,277,2,4935.0
28706,9573,26,4,5756.04
28707,9573,414,3,981.22
28708,9573,494,1,5234.76
28709,9574,344,4,6982.35
28710,9574,423,3,5959.15
28711,9574,230,2,3984.19
28712,9575,294,4,6129.64
28713,9576,415,3,3144.2
28714,9576,473,4,4224.82
28715,9577,281,1,767.61
28716,9577,178,1,3635.79
28717,9578,201,3,1060.46
28718,9578,237,2,3807.7
28719,9579,260,1,1846.21
28720,9579,302,2,4353.43
28721,9580,374,1,3593.06
28722,9580,306,1,1311.81
28723,9581,306,1,1311.81
28724,9581,90,4,2134.9
28725,9581,151,4,1368.5
28726,9581,196,2,4145.76
28727,9582,169,3,5455.24
28728,9582,420,1,1934.38
28729,9582,36,4,3194.46
28730,9582,150,3,1545.47
28731,9583,219,2,1512.13
28732,9584,14,3,1195.89
28733,9584,19,1,4193.05
28734,9584,441,4,5639.25
28735,9584,344,4,6982.35
28736,9585,206,2,6451.33
28737,9585,439,3,5144.08
28738,9586,175,2,1587.68
28739,9586,202,2,3841.09
28740,9586,492,1,5032.36
28741,9586,119,2,224.22
28742,9587,49,1,1001.46
28743,9588,250,2,2853.44
28744,9588,109,4,2146.83
28745,9588,206,3,6451.33
28746,9588,454,2,469.46
28747,9589,280,2,4382.83
28748,9589,285,3,3625.74
28749,9589,260,1,1846.21
28750,9589,385,4,4521.81
28751,9590,279,4,774.25
28752,9591,100,4,7678.63
28753,9591,129,4,1449.29
28754,9591,461,1,4553.3
28755,9592,384,3,4637.79
28756,9592,10,2,1780.12
28757,9592,181,3,277.41
28758,9592,164,3,451.3
28759,9593,403,3,2324.3
28760,9593,447,4,2421.14
28761,9594,192,3,1522.05
28762,9594,385,1,4521.81
28763,9594,362,3,4182.94
28764,9594,104,4,673.38
28765,9594,136,1,6859.2
28766,9595,274,1,7224.74
28767,9595,395,4,4977.01
28768,9595,251,1,4963.2
28769,9595,79,4,2892.49
28770,9595,486,4,3925.75
28771,9596,361,4,3228.33
28772,9597,311,2,1952.58
28773,9597,191,2,1690.83
28774,9597,246,2,2663.81
28775,9597,432,2,3897.39
28776,9598,26,2,5756.04
28777,9598,9,2,3407.08
28778,9598,75,2,3885.28
28779,9598,190,3,2545.79
28780,9599,285,3,3625.74
28781,9600,322,2,3077.91
28782,9600,332,3,336.46
28783,9601,156,3,3556.59
28784,9601,419,2,4392.23
28785,9601,227,2,3884.33
28786,9602,304,1,4992.14
28787,9602,405,4,4305.08
28788,9602,327,2,2218.76
28789,9603,322,2,3077.91
28790,9603,388,1,1373.2
28791,9604,392,2,1502.97
28792,9604,212,4,155.74
28793,9604,317,2,784.53
28794,9604,40,4,2870.78
28795,9605,155,4,7062.88
28796,9606,173,1,4328.16
28797,9606,85,2,206.91
28798,9606,158,1,4348.37
28799,9607,187,4,7451.43
28800,9607,148,1,2389.03
28801,9608,67,1,6765.53
28802,9608,393,4,1234.01
28803,9608,241,1,600.8
28804,9608,449,2,5990.22
28805,9608,151,1,1368.5
28806,9609,3,3,394.52
28807,9609,10,2,1780.12
28808,9609,345,4,6715.15
28809,9609,216,3,4724.1
28810,9610,354,1,1425.69
28811,9610,413,4,5368.82
28812,9610,125,2,4655.25
28813,9611,497,3,4863.47
28814,9611,196,2,4145.76
28815,9611,159,4,1782.91
28816,9612,195,3,3142.65
28817,9612,356,1,5880.99
28818,9613,251,1,4963.2
28819,9613,142,1,628.57
28820,9613,248,3,5396.23
28821,9614,382,4,5869.03
28822,9614,183,3,4643.22
28823,9614,119,4,224.22
28824,9615,142,1,628.57
28825,9615,460,1,5962.4
28826,9615,19,2,4193.05
28827,9615,433,2,3901.17
28828,9616,387,4,1384.34
28829,9616,369,1,3840.55
28830,9616,227,1,3884.33
28831,9617,29,3,5434.79
28832,9617,346,3,3160.86
28833,9617,111,3,2394.51
28834,9617,137,3,2345.58
28835,9618,52,2,2554.22
28836,9618,174,2,2623.77
28837,9618,279,3,774.25
28838,9618,195,2,3142.65
28839,9619,402,2,1337.62
28840,9619,243,4,5813.12
28841,9619,467,1,5633.33
28842,9620,432,2,3897.39
28843,9620,165,4,4937.61
28844,9620,89,1,4465.7
28845,9621,494,3,5234.76
28846,9622,349,2,4253.69
28847,9622,82,3,5405.87
28848,9622,51,1,775.58
28849,9622,436,4,6428.91
28850,9623,414,1,981.22
28851,9623,33,2,6626.78
28852,9623,103,4,5044.44
28853,9623,229,1,6178.47
28854,9624,395,4,4977.01
28855,9624,163,3,6699.83
28856,9625,466,4,3543.0
28857,9626,404,3,5691.79
28858,9626,125,2,4655.25
28859,9627,365,2,5059.36
28860,9627,371,2,6431.49
28861,9627,345,2,6715.15
28862,9627,413,3,5368.82
28863,9628,150,1,1545.47
28864,9628,448,1,1589.08
28865,9629,238,3,555.04
28866,9630,451,4,5285.86
28867,9630,23,4,4519.4
28868,9630,116,3,584.32
28869,9630,242,3,3908.61
28870,9631,188,2,5890.62
28871,9631,28,4,801.28
28872,9631,98,1,5554.21
28873,9631,308,4,1437.25
28874,9631,155,2,7062.88
28875,9632,102,1,5155.01
28876,9633,456,3,4335.7
28877,9633,325,2,6330.63
28878,9633,487,2,3602.54
28879,9633,329,2,6150.42
28880,9633,2,4,5222.22
28881,9634,217,1,1753.76
28882,9634,247,3,3140.62
28883,9635,461,3,4553.3
28884,9635,242,4,3908.61
28885,9635,212,1,155.74
28886,9636,265,2,5984.67
28887,9636,460,2,5962.4
28888,9636,345,3,6715.15
28889,9637,237,3,3807.7
28890,9637,310,1,3432.36
28891,9637,110,4,6959.37
28892,9638,283,3,5922.7
28893,9638,202,4,3841.09
28894,9638,33,4,6626.78
28895,9638,374,4,3593.06
28896,9639,397,4,2867.64
28897,9640,284,1,1954.57
28898,9640,292,3,5117.95
28899,9640,114,2,1305.47
28900,9641,134,1,4419.51
28901,9642,224,1,5253.84
28902,9643,81,2,3349.11
28903,9643,283,1,5922.7
28904,9643,479,2,4247.61
28905,9643,452,2,743.06
28906,9644,291,4,4158.04
28907,9644,377,2,5763.68
28908,9644,85,4,206.91
28909,9645,443,4,4924.62
28910,9645,305,2,1283.96
28911,9646,307,3,5262.37
28912,9647,452,1,743.06
28913,9647,260,3,1846.21
28914,9647,435,3,3048.69
28915,9647,5,3,2523.37
28916,9647,256,2,2686.28
28917,9648,164,4,451.3
28918,9648,469,4,5810.45
28919,9648,148,3,2389.03
28920,9648,345,3,6715.15
28921,9649,446,1,6731.46
28922,9649,396,2,1589.43
28923,9649,42,4,5752.4
28924,9649,202,1,3841.09
28925,9650,321,1,2051.86
28926,9650,96,3,418.99
28927,9650,250,1,2853.44
28928,9651,328,3,2729.68
28929,9651,485,1,4042.01
28930,9651,143,2,4831.33
28931,9652,46,2,922.81
28932,9652,437,2,1635.15
28933,9652,201,3,1060.46
28934,9652,345,3,6715.15
28935,9653,238,3,555.04
28936,9654,13,2,2922.53
28937,9654,14,3,1195.89
28938,9654,398,2,6965.19
28939,9654,1,3,2876.42
28940,9655,151,4,1368.5
28941,9655,401,2,830.88
28942,9655,155,2,7062.88
28943,9655,116,4,584.32
28944,9656,353,2,4945.04
28945,9656,160,2,6704.84
28946,9657,186,4,2472.63
28947,9657,499,1,2598.33
28948,9657,330,4,4391.26
28949,9657,435,1,3048.69
28950,9657,190,2,2545.79
28951,9658,354,4,1425.69
28952,9658,215,4,3143.73
28953,9658,114,4,1305.47
28954,9659,493,3,6088.79
28955,9659,207,2,5032.22
28956,9659,249,3,6139.17
28957,9659,412,4,2197.41
28958,9659,316,3,3281.58
28959,9660,235,2,5882.55
28960,9661,456,3,4335.7
28961,9661,495,4,5674.17
28962,9661,10,3,1780.12
28963,9661,388,3,1373.2
28964,9661,193,2,6626.72
28965,9662,145,4,380.42
28966,9662,475,4,1249.33
28967,9662,62,4,7110.36
28968,9663,234,4,1670.39
28969,9663,395,2,4977.01
28970,9663,460,4,5962.4
28971,9663,219,1,1512.13
28972,9663,310,3,3432.36
28973,9664,240,4,1220.06
28974,9664,349,2,4253.69
28975,9665,85,1,206.91
28976,9665,490,1,7539.95
28977,9666,80,2,2551.1
28978,9666,384,4,4637.79
28979,9666,355,4,6023.83
28980,9666,424,2,1011.09
28981,9667,383,1,1338.8
28982,9667,239,1,2892.25
28983,9667,464,2,7057.45
28984,9667,60,3,5163.17
28985,9668,119,3,224.22
28986,9668,69,4,2687.96
28987,9668,182,1,4710.47
28988,9668,462,2,1440.1
28989,9669,422,4,5095.84
28990,9669,98,2,5554.21
28991,9669,363,4,7234.27
28992,9669,297,3,1402.1
28993,9670,77,4,5802.31
28994,9671,108,2,2189.38
28995,9671,274,1,7224.74
28996,9672,209,1,5173.0
28997,9672,291,4,4158.04
28998,9672,48,3,3118.93
28999,9673,119,1,224.22
29000,9673,476,1,4727.45
29001,9673,82,4,5405.87
29002,9673,48,2,3118.93
29003,9673,384,2,4637.79
29004,9674,298,2,5143.35
29005,9674,36,1,3194.46
29006,9674,47,2,2540.64
29007,9674,34,1,1739.97
29008,9675,121,2,704.52
29009,9675,407,1,5614.76
29010,9676,345,1,6715.15
29011,9676,311,4,1952.58
29012,9676,427,1,5615.06
29013,9676,339,2,4212.47
29014,9676,259,1,1302.93
29015,9677,457,3,4840.21
29016,9677,145,2,380.42
29017,9677,167,1,6818.7
29018,9677,172,4,5729.96
29019,9677,135,3,5029.03
29020,9678,36,2,3194.46
29021,9678,246,2,2663.81
29022,9678,463,3,4315.08
29023,9678,66,2,3951.93
29024,9679,426,3,1145.23
29025,9679,291,2,4158.04
29026,9679,388,1,1373.2
29027,9679,484,2,5888.26
29028,9680,47,1,2540.64
29029,9680,223,4,830.78
29030,9680,419,3,4392.23
29031,9681,238,2,555.04
29032,9681,190,2,2545.79
29033,9681,72,4,5436.37
29034,9681,312,3,4519.33
29035,9682,50,2,4659.51
29036,9683,486,4,3925.75
29037,9684,357,3,3963.48
29038,9684,80,1,2551.1
29039,9684,455,1,3452.95
29040,9684,458,4,4050.01
29041,9685,122,3,1788.84
29042,9685,410,3,2717.31
29043,9685,364,3,6026.85
29044,9686,166,1,3680.98
29045,9686,441,3,5639.25
29046,9686,43,4,791.88
29047,9686,384,4,4637.79
29048,9686,471,4,1844.85
29049,9687,291,1,4158.04
29050,9687,159,3,1782.91
29051,9688,364,3,6026.85
29052,9688,370,2,4396.17
29053,9688,409,3,4629.95
29054,9688,388,2,1373.2
29055,9689,473,2,4224.82
29056,9689,315,3,1950.17
29057,9689,154,1,3919.63
29058,9689,496,3,5678.29
29059,9690,314,3,5187.17
29060,9690,223,2,830.78
29061,9691,84,4,5116.75
29062,9692,447,4,2421.14
29063,9692,138,4,4165.59
29064,9692,456,4,4335.7
29065,9693,306,1,1311.81
29066,9693,471,2,1844.85
29067,9693,144,1,4356.46
29068,9693,169,2,5455.24
29069,9694,203,4,3122.39
29070,9695,420,1,1934.38
29071,9696,301,3,4803.29
29072,9696,192,4,1522.05
29073,9696,338,4,5130.85
29074,9696,292,4,5117.95
29075,9696,428,2,3337.91
29076,9697,238,3,555.04
29077,9698,83,2,4207.1
29078,9698,247,3,3140.62
29079,9699,367,2,2356.19
29080,9699,38,1,1645.79
29081,9699,272,4,1207.17
29082,9699,130,2,1963.29
29083,9700,228,1,5999.41
29084,9700,400,3,3874.31
29085,9700,499,3,2598.33
29086,9700,452,3,743.06
29087,9700,125,2,4655.25
29088,9701,390,1,222.07
29089,9701,458,2,4050.01
29090,9701,77,3,5802.31
29091,9701,42,2,5752.4
29092,9701,273,3,4355.96
29093,9702,173,1,4328.16
29094,9702,415,1,3144.2
29095,9703,328,3,2729.68
29096,9703,173,1,4328.16
29097,9704,28,4,801.28
29098,9704,453,1,2708.83
29099,9705,410,3,2717.31
29100,9705,140,3,4644.31
29101,9706,171,3,6247.86
29102,9706,134,3,4419.51
29103,9707,352,3,6820.17
29104,9707,157,1,5351.04
29105,9707,408,1,2432.33
29106,9707,288,2,6212.26
29107,9707,367,2,2356.19
29108,9708,439,3,5144.08
29109,9708,366,3,3398.33
29110,9708,203,4,3122.39
29111,9708,231,2,1813.96
29112,9709,89,3,4465.7
29113,9709,235,4,5882.55
29114,9709,177,1,1399.56
29115,9709,19,4,4193.05
29116,9709,65,3,1839.77
29117,9710,121,4,704.52
29118,9710,23,3,4519.4
29119,9710,74,2,1856.46
29120,9710,51,1,775.58
29121,9710,351,2,5407.74
29122,9711,403,3,2324.3
29123,9711,68,3,5048.98
29124,9711,180,2,1609.07
29125,9711,171,4,6247.86
29126,9711,289,2,615.43
29127,9712,227,4,3884.33
29128,9712,88,2,3652.47
29129,9712,206,3,6451.33
29130,9712,458,3,4050.01
29131,9713,252,1,4468.34
29132,9713,135,1,5029.03
29133,9713,98,1,5554.21
29134,9713,90,2,2134.9
29135,9713,408,1,2432.33
29136,9714,260,3,1846.21
29137,9714,372,4,2126.62
29138,9714,183,1,4643.22
29139,9714,214,3,5909.34
29140,9715,11,4,5761.74
29141,9716,363,4,7234.27
29142,9716,188,2,5890.62
29143,9716,321,1,2051.86
29144,9716,375,4,5456.42
29145,9717,382,1,5869.03
29146,9717,297,1,1402.1
29147,9717,490,4,7539.95
29148,9717,434,3,5172.12
29149,9717,336,4,3505.41
29150,9718,57,2,4604.53
29151,9718,241,1,600.8
29152,9719,171,2,6247.86
29153,9719,85,3,206.91
29154,9719,45,4,2239.06
29155,9720,314,2,5187.17
29156,9720,316,3,3281.58
29157,9721,272,1,1207.17
29158,9722,78,3,2623.38
29159,9722,228,2,5999.41
29160,9722,214,3,5909.34
29161,9723,338,3,5130.85
29162,9724,351,4,5407.74
29163,9724,164,2,451.3
29164,9724,185,3,1990.36
29165,9724,476,3,4727.45
29166,9725,288,1,6212.26
29167,9725,184,2,4693.71
29168,9726,81,4,3349.11
29169,9726,50,4,4659.51
29170,9727,288,2,6212.26
29171,9727,229,2,6178.47
29172,9727,276,1,2669.21
29173,9728,331,3,895.99
29174,9728,141,2,4217.11
29175,9728,266,2,3100.54
29176,9729,274,3,7224.74
29177,9729,349,3,4253.69
29178,9729,376,4,4480.08
29179,9729,238,1,555.04
29180,9729,48,1,3118.93
29181,9730,310,2,3432.36
29182,9730,397,2,2867.64
29183,9730,429,4,3529.21
29184,9731,393,3,1234.01
29185,9731,332,1,336.46
29186,9731,116,2,584.32
29187,9731,49,2,1001.46
29188,9731,264,2,1850.78
29189,9732,66,3,3951.93
29190,9732,472,2,3476.76
29191,9732,481,3,4362.0
29192,9732,279,4,774.25
29193,9732,362,3,4182.94
29194,9733,84,1,5116.75
29195,9733,314,1,5187.17
29196,9733,84,3,5116.75
29197,9733,274,4,7224.74
29198,9734,185,3,1990.36
29199,9735,124,1,6069.73
29200,9736,154,4,3919.63
29201,9736,175,4,1587.68
29202,9736,154,3,3919.63
29203,9737,461,1,4553.3
29204,9737,305,3,1283.96
29205,9737,1,4,2876.42
29206,9737,133,3,7682.68
29207,9738,430,2,1289.32
29208,9738,480,4,1852.13
29209,9738,370,2,4396.17
29210,9738,449,1,5990.22
29211,9739,306,1,1311.81
29212,9739,447,2,2421.14
29213,9739,287,1,362.6
29214,9739,331,4,895.99
29215,9739,360,4,2975.5
29216,9740,85,4,206.91
29217,9740,212,1,155.74
29218,9741,75,4,3885.28
29219,9741,373,2,4435.35
29220,9742,261,4,6008.79
29221,9742,491,2,336.73
29222,9742,4,4,5633.67
29223,9742,434,2,5172.12
29224,9743,475,1,1249.33
29225,9744,367,1,2356.19
29226,9744,221,3,6443.18
29227,9744,174,1,2623.77
29228,9745,474,1,5605.5
29229,9745,333,3,6331.32
29230,9745,138,1,4165.59
29231,9745,238,4,555.04
29232,9746,448,4,1589.08
29233,9746,401,3,830.88
29234,9746,468,1,6226.51
29235,9746,66,4,3951.93
29236,9747,296,1,959.66
29237,9748,446,4,6731.46
29238,9748,486,4,3925.75
29239,9749,228,3,5999.41
29240,9749,231,2,1813.96
29241,9749,497,2,4863.47
29242,9749,84,4,5116.75
29243,9749,141,1,4217.11
29244,9750,64,2,5245.29
29245,9750,61,1,1634.69
29246,9750,196,1,4145.76
29247,9750,362,4,4182.94
29248,9750,364,2,6026.85
29249,9751,226,2,1742.75
29250,9751,245,4,2794.78
29251,9751,445,4,4299.29
29252,9751,318,4,5367.63
29253,9751,322,1,3077.91
29254,9752,142,1,628.57
29255,9752,341,4,1594.54
29256,9753,160,3,6704.84
29257,9753,71,4,4208.53
29258,9753,17,1,6553.92
29259,9753,432,2,3897.39
29260,9753,286,2,5544.61
29261,9754,328,3,2729.68
29262,9755,278,1,1452.09
29263,9756,399,3,5067.92
29264,9756,28,2,801.28
29265,9756,215,4,3143.73
29266,9756,218,1,1046.26
29267,9756,46,1,922.81
29268,9757,18,3,3961.8
29269,9757,26,1,5756.04
29270,9757,56,2,1350.59
29271,9757,183,4,4643.22
29272,9758,31,2,3335.57
29273,9758,453,2,2708.83
29274,9759,284,2,1954.57
29275,9759,312,1,4519.33
29276,9759,416,3,3452.92
29277,9760,108,2,2189.38
29278,9760,24,1,6433.86
29279,9760,431,1,2345.7
29280,9761,422,2,5095.84
29281,9761,469,2,5810.45
29282,9761,196,2,4145.76
29283,9761,133,4,7682.68
29284,9762,479,4,4247.61
29285,9762,441,1,5639.25
29286,9762,149,3,5667.0
29287,9763,200,3,3146.05
29288,9763,403,4,2324.3
29289,9763,77,3,5802.31
29290,9763,371,2,6431.49
29291,9764,100,4,7678.63
29292,9764,182,1,4710.47
29293,9765,99,2,377.4
29294,9765,130,1,1963.29
29295,9765,364,4,6026.85
29296,9766,176,3,2750.53
29297,9766,13,3,2922.53
29298,9767,48,1,3118.93
29299,9768,196,4,4145.76
29300,9768,119,1,224.22
29301,9768,89,2,4465.7
29302,9769,40,1,2870.78
29303,9769,401,2,830.88
29304,9769,326,1,5313.25
29305,9769,482,3,5294.83
29306,9770,247,4,3140.62
29307,9770,20,2,543.91
29308,9771,193,1,6626.72
29309,9771,246,4,2663.81
29310,9771,373,4,4435.35
29311,9771,215,1,3143.73
29312,9772,373,3,4435.35
29313,9772,424,2,1011.09
29314,9773,153,1,7154.27
29315,9773,453,4,2708.83
29316,9773,168,3,4609.57
29317,9773,314,3,5187.17
29318,9773,196,4,4145.76
29319,9774,237,4,3807.7
29320,9774,208,2,1461.6
29321,9774,201,2,1060.46
29322,9774,408,3,2432.33
29323,9774,9,1,3407.08
29324,9775,78,1,2623.38
29325,9775,131,4,4351.85
29326,9775,127,2,4216.76
29327,9776,37,3,1174.23
29328,9776,247,4,3140.62
29329,9776,462,1,1440.1
29330,9776,490,1,7539.95
29331,9777,438,4,3420.48
29332,9777,306,3,1311.81
29333,9777,136,1,6859.2
29334,9777,113,4,2129.84
29335,9777,456,3,4335.7
29336,9778,182,1,4710.47
29337,9778,288,1,6212.26
29338,9778,140,3,4644.31
29339,9778,234,3,1670.39
29340,9778,240,2,1220.06
29341,9779,102,1,5155.01
29342,9779,222,1,5410.26
29343,9779,150,3,1545.47
29344,9779,35,4,3703.55
29345,9779,19,2,4193.05
29346,9780,341,3,1594.54
29347,9780,3,2,394.52
29348,9780,58,3,685.74
29349,9780,108,1,2189.38
29350,9781,308,1,1437.25
29351,9781,67,1,6765.53
29352,9781,486,2,3925.75
29353,9781,81,3,3349.11
29354,9782,54,3,3298.92
29355,9783,414,4,981.22
29356,9784,282,1,5682.3
29357,9784,434,1,5172.12
29358,9784,195,1,3142.65
29359,9784,372,4,2126.62
29360,9785,30,1,1495.61
29361,9785,354,3,1425.69
29362,9785,288,2,6212.26
29363,9786,278,1,1452.09
29364,9786,497,3,4863.47
29365,9786,382,1,5869.03
29366,9786,362,3,4182.94
29367,9786,491,3,336.73
29368,9787,401,1,830.88
29369,9787,166,3,3680.98
29370,9788,451,2,5285.86
29371,9789,412,2,2197.41
29372,9790,90,2,2134.9
29373,9790,461,4,4553.3
29374,9790,11,3,5761.74
29375,9790,223,2,830.78
29376,9791,271,4,740.94
29377,9791,404,3,5691.79
29378,9792,327,3,2218.76
29379,9792,183,2,4643.22
29380,9792,238,4,555.04
29381,9792,322,3,3077.91
29382,9793,465,1,6681.17
29383,9793,71,4,4208.53
29384,9794,27,3,1911.35
29385,9794,493,2,6088.79
29386,9794,239,3,2892.25
29387,9795,418,2,4532.15
29388,9795,169,2,5455.24
29389,9795,387,3,1384.34
29390,9796,170,2,3039.1
29391,9796,174,2,2623.77
29392,9796,454,3,469.46
29393,9796,146,1,2758.94
29394,9796,100,3,7678.63
29395,9797,35,1,3703.55
29396,9797,251,4,4963.2
29397,9797,213,2,3927.95
29398,9797,31,3,3335.57
29399,9798,252,1,4468.34
29400,9798,303,1,1103.01
29401,9798,123,4,5238.56
29402,9798,436,2,6428.91
29403,9799,416,3,3452.92
29404,9799,139,1,2207.41
29405,9799,338,1,5130.85
29406,9799,316,1,3281.58
29407,9799,45,3,2239.06
29408,9800,217,1,1753.76
29409,9801,472,1,3476.76
29410,9801,348,1,4037.99
29411,9801,247,2,3140.62
29412,9802,131,3,4351.85
29413,9803,365,1,5059.36
29414,9803,8,3,1108.08
29415,9803,145,1,380.42
29416,9804,290,3,1518.49
29417,9805,199,2,4296.57
29418,9805,288,2,6212.26
29419,9805,383,2,1338.8
29420,9805,156,3,3556.59
29421,9805,221,3,6443.18
29422,9806,403,4,2324.3
29423,9806,178,1,3635.79
29424,9806,459,2,4650.34
29425,9806,256,1,2686.28
29426,9807,468,1,6226.51
29427,9807,138,3,4165.59
29428,9807,223,4,830.78
29429,9807,422,1,5095.84
29430,9808,286,2,5544.61
29431,9808,277,3,4935.0
29432,9808,44,4,5953.73
29433,9809,426,3,1145.23
29434,9809,471,3,1844.85
29435,9810,304,1,4992.14
29436,9810,71,2,4208.53
29437,9810,13,4,2922.53
29438,9810,277,4,4935.0
29439,9810,83,4,4207.1
29440,9811,281,1,767.61
29441,9812,102,4,5155.01
29442,9813,119,3,224.22
29443,9813,102,3,5155.01
29444,9814,242,3,3908.61
29445,9814,74,3,1856.46
29446,9814,318,2,5367.63
29447,9814,103,1,5044.44
29448,9814,281,2,767.61
29449,9815,355,1,6023.83
29450,9815,82,3,5405.87
29451,9816,449,4,5990.22
29452,9816,42,2,5752.4
29453,9816,113,1,2129.84
29454,9817,498,3,5835.24
29455,9817,247,1,3140.62
29456,9817,275,3,1381.85
29457,9818,338,4,5130.85
29458,9818,102,3,5155.01
29459,9818,57,4,4604.53
29460,9819,73,3,958.17
29461,9819,179,4,2635.11
29462,9819,88,2,3652.47
29463,9819,335,4,3273.18
29464,9820,183,1,4643.22
29465,9820,309,3,825.37
29466,9820,189,2,3600.6
29467,9820,234,2,1670.39
29468,9820,237,2,3807.7
29469,9821,412,1,2197.41
29470,9821,419,1,4392.23
29471,9821,358,4,5127.98
29472,9821,493,4,6088.79
29473,9822,139,4,2207.41
29474,9822,282,3,5682.3
29475,9822,25,3,6342.54
29476,9822,388,2,1373.2
29477,9823,72,1,5436.37
29478,9824,95,1,4933.59
29479,9825,75,2,3885.28
29480,9825,143,3,4831.33
29481,9826,313,2,3303.95
29482,9826,461,2,4553.3
29483,9826,392,2,1502.97
29484,9826,272,4,1207.17
29485,9826,18,3,3961.8
29486,9827,299,1,5162.19
29487,9827,162,1,3673.3
29488,9827,16,4,3318.23
29489,9828,485,1,4042.01
29490,9828,309,4,825.37
29491,9828,496,4,5678.29
29492,9829,182,1,4710.47
29493,9830,494,3,5234.76
29494,9830,167,4,6818.7
29495,9830,260,4,1846.21
29496,9830,41,1,5380.63
29497,9831,249,1,6139.17
29498,9831,104,2,673.38
29499,9832,4,2,5633.67
29500,9833,280,4,4382.83
29501,9833,52,2,2554.22
29502,9833,396,2,1589.43
29503,9834,154,2,3919.63
29504,9835,163,1,6699.83
29505,9835,23,4,4519.4
29506,9835,89,3,4465.7
29507,9836,472,2,3476.76
29508,9836,297,1,1402.1
29509,9836,61,3,1634.69
29510,9836,343,4,2443.83
29511,9837,127,1,4216.76
29512,9837,310,1,3432.36
29513,9837,395,2,4977.01
29514,9837,196,1,4145.76
29515,9838,368,2,3127.98
29516,9838,433,1,3901.17
29517,9839,201,4,1060.46
29518,9839,158,1,4348.37
29519,9839,177,3,1399.56
29520,9840,481,3,4362.0
29521,9841,8,2,1108.08
29522,9841,285,2,3625.74
29523,9841,290,4,1518.49
29524,9841,139,2,2207.41
29525,9841,45,3,2239.06
29526,9842,243,2,5813.12
29527,9843,146,4,2758.94
29528,9843,375,2,5456.42
29529,9844,380,4,4324.63
29530,9844,132,3,734.08
29531,9844,239,3,2892.25
29532,9844,274,4,7224.74
29533,9844,430,2,1289.32
29534,9845,198,3,2183.12
29535,9845,64,4,5245.29
29536,9846,186,1,2472.63
29537,9846,279,2,774.25
29538,9847,456,4,4335.7
29539,9847,9,2,3407.08
29540,9847,446,2,6731.46
29541,9848,47,1,2540.64
29542,9848,338,3,5130.85
29543,9848,305,2,1283.96
29544,9849,386,1,988.77
29545,9849,270,2,3668.4
29546,9850,191,3,1690.83
29547,9850,94,2,637.72
29548,9850,353,4,4945.04
29549,9850,215,4,3143.73
29550,9851,443,1,4924.62
29551,9851,369,2,3840.55
29552,9851,246,4,2663.81
29553,9852,234,1,1670.39
29554,9852,48,1,3118.93
29555,9853,313,4,3303.95
29556,9854,167,1,6818.7
29557,9854,482,4,5294.83
29558,9855,448,2,1589.08
29559,9855,478,2,4700.05
29560,9855,371,1,6431.49
29561,9855,456,1,4335.7
29562,9856,168,2,4609.57
29563,9857,488,2,723.72
29564,9857,25,1,6342.54
29565,9858,205,1,6203.46
29566,9859,226,2,1742.75
29567,9860,484,4,5888.26
29568,9860,90,3,2134.9
29569,9860,130,4,1963.29
29570,9860,207,2,5032.22
29571,9860,239,3,2892.25
29572,9861,336,3,3505.41
29573,9861,167,4,6818.7
29574,9861,287,3,362.6
29575,9861,310,4,3432.36
29576,9862,427,2,5615.06
29577,9863,181,4,277.41
29578,9864,81,1,3349.11
29579,9864,30,4,1495.61
29580,9865,320,1,6639.63
29581,9866,433,2,3901.17
29582,9866,484,3,5888.26
29583,9867,221,4,6443.18
29584,9867,380,1,4324.63
29585,9867,94,4,637.72
29586,9867,169,1,5455.24
29587,9867,151,4,1368.5
29588,9868,35,2,3703.55
29589,9868,446,1,6731.46
29590,9868,34,2,1739.97
29591,9869,289,1,615.43
29592,9869,390,4,222.07
29593,9870,128,1,2947.92
29594,9870,377,2,5763.68
29595,9870,207,3,5032.22
29596,9870,360,4,2975.5
29597,9870,440,1,1786.05
29598,9871,67,1,6765.53
29599,9872,327,3,2218.76
29600,9872,73,2,958.17
29601,9873,240,1,1220.06
29602,9873,104,4,673.38
29603,9873,247,1,3140.62
29604,9873,192,2,1522.05
29605,9874,86,4,4346.28
29606,9874,21,1,773.93
29607,9875,40,1,2870.78
29608,9875,448,3,1589.08
29609,9875,179,2,2635.11
29610,9875,373,3,4435.35
29611,9876,52,4,2554.22
29612,9876,201,3,1060.46
29613,9876,239,1,2892.25
29614,9877,297,3,1402.1
29615,9877,155,2,7062.88
29616,9877,181,2,277.41
29617,9878,290,2,1518.49
29618,9879,423,3,5959.15
29619,9879,189,2,3600.6
29620,9879,473,4,4224.82
29621,9879,94,2,637.72
29622,9879,150,2,1545.47
29623,9880,392,1,1502.97
29624,9880,436,4,6428.91
29625,9881,193,2,6626.72
29626,9881,443,4,4924.62
29627,9881,236,3,4782.03
29628,9881,7,2,1658.11
29629,9882,484,4,5888.26
29630,9882,21,3,773.93
29631,9882,421,4,1285.52
29632,9883,321,4,2051.86
29633,9883,357,3,3963.48
29634,9883,48,1,3118.93
29635,9884,56,2,1350.59
29636,9884,308,1,1437.25
29637,9885,47,3,2540.64
29638,9885,88,3,3652.47
29639,9885,35,1,3703.55
29640,9886,178,1,3635.79
29641,9886,395,2,4977.01
29642,9887,437,2,1635.15
29643,9887,17,2,6553.92
29644,9887,189,3,3600.6
29645,9888,245,3,2794.78
29646,9888,6,4,2038.84
29647,9888,93,1,2629.61
29648,9888,21,1,773.93
29649,9888,274,4,7224.74
29650,9889,152,1,5260.39
29651,9890,490,1,7539.95
29652,9890,281,2,767.61
29653,9890,469,2,5810.45
29654,9891,285,4,3625.74
29655,9891,251,4,4963.2
29656,9891,104,1,673.38
29657,9891,44,2,5953.73
29658,9892,126,3,5865.84
29659,9892,333,4,6331.32
29660,9893,310,1,3432.36
29661,9893,232,1,6669.4
29662,9893,98,1,5554.21
29663,9893,24,2,6433.86
29664,9893,372,2,2126.62
29665,9894,53,4,1636.05
29666,9895,280,3,4382.83
29667,9895,205,1,6203.46
29668,9895,39,4,3097.27
29669,9895,52,2,2554.22
29670,9896,416,4,3452.92
29671,9897,484,4,5888.26
29672,9898,33,3,6626.78
29673,9898,110,1,6959.37
29674,9898,180,3,1609.07
29675,9898,385,2,4521.81
29676,9899,308,4,1437.25
29677,9900,424,3,1011.09
29678,9900,97,3,3649.64
29679,9900,9,4,3407.08
29680,9901,11,3,5761.74
29681,9901,431,3,2345.7
29682,9901,380,3,4324.63
29683,9901,275,1,1381.85
29684,9902,493,1,6088.79
29685,9902,71,4,4208.53
29686,9902,480,1,1852.13
29687,9902,365,4,5059.36
29688,9903,252,1,4468.34
29689,9903,492,3,5032.36
29690,9904,489,4,1979.19
29691,9904,212,2,155.74
29692,9904,180,4,1609.07
29693,9904,396,2,1589.43
29694,9905,11,3,5761.74
29695,9905,172,3,5729.96
29696,9905,189,2,3600.6
29697,9905,196,1,4145.76
29698,9906,488,1,723.72
29699,9906,329,4,6150.42
29700,9906,451,3,5285.86
29701,9907,460,4,5962.4
29702,9907,155,1,7062.88
29703,9907,72,1,5436.37
29704,9907,481,2,4362.0
29705,9907,355,4,6023.83
29706,9908,306,3,1311.81
29707,9909,311,2,1952.58
29708,9909,405,4,4305.08
29709,9909,371,3,6431.49
29710,9909,351,1,5407.74
29711,9909,486,1,3925.75
29712,9910,294,4,6129.64
29713,9910,95,3,4933.59
29714,9910,391,3,2831.62
29715,9910,426,3,1145.23
29716,9911,34,1,1739.97
29717,9912,42,4,5752.4
29718,9912,437,1,1635.15
29719,9913,468,1,6226.51
29720,9913,356,4,5880.99
29721,9913,80,3,2551.1
29722,9913,420,1,1934.38
29723,9914,27,1,1911.35
29724,9915,187,1,7451.43
29725,9916,440,2,1786.05
29726,9917,480,2,1852.13
29727,9917,463,4,4315.08
29728,9917,82,1,5405.87
29729,9917,314,2,5187.17
29730,9917,363,3,7234.27
29731,9918,281,2,767.61
29732,9918,95,1,4933.59
29733,9918,161,2,6112.98
29734,9918,313,2,3303.95
29735,9919,259,4,1302.93
29736,9919,62,2,7110.36
29737,9919,237,1,3807.7
29738,9920,194,2,3575.56
29739,9920,267,3,3128.45
29740,9920,63,1,639.04
29741,9921,397,3,2867.64
29742,9922,167,1,6818.7
29743,9922,327,2,2218.76
29744,9922,50,1,4659.51
29745,9923,488,3,723.72
29746,9923,233,4,4261.37
29747,9923,264,1,1850.78
29748,9923,10,2,1780.12
29749,9924,367,3,2356.19
29750,9925,155,1,7062.88
29751,9926,379,2,1894.51
29752,9926,306,2,1311.81
29753,9927,110,4,6959.37
29754,9927,485,1,4042.01
29755,9928,494,2,5234.76
29756,9928,8,1,1108.08
29757,9929,114,1,1305.47
29758,9929,206,3,6451.33
29759,9929,453,4,2708.83
29760,9929,276,4,2669.21
29761,9929,387,1,1384.34
29762,9930,146,4,2758.94
29763,9930,145,2,380.42
29764,9931,203,1,3122.39
29765,9932,134,4,4419.51
29766,9932,442,4,6554.24
29767,9932,40,1,2870.78
29768,9933,425,1,4224.17
29769,9933,431,4,2345.7
29770,9933,75,2,3885.28
29771,9933,340,4,6024.22
29772,9934,95,2,4933.59
29773,9934,109,1,2146.83
29774,9934,228,3,5999.41
29775,9934,281,3,767.61
29776,9935,456,4,4335.7
29777,9935,261,3,6008.79
29778,9935,342,4,2036.46
29779,9935,341,3,1594.54
29780,9936,223,2,830.78
29781,9937,190,1,2545.79
29782,9937,252,3,4468.34
29783,9937,443,4,4924.62
29784,9937,403,1,2324.3
29785,9938,61,4,1634.69
29786,9938,65,1,1839.77
29787,9938,140,2,4644.31
29788,9938,81,3,3349.11
29789,9938,445,4,4299.29
29790,9939,359,4,3218.73
29791,9940,343,1,2443.83
29792,9940,93,2,2629.61
29793,9940,194,4,3575.56
29794,9940,247,4,3140.62
29795,9941,411,3,4968.3
29796,9941,76,3,3624.25
29797,9941,485,3,4042.01
29798,9941,355,4,6023.83
29799,9942,267,4,3128.45
29800,9942,191,4,1690.83
29801,9943,341,4,1594.54
29802,9943,257,3,1725.23
29803,9944,57,1,4604.53
29804,9944,459,1,4650.34
29805,9944,121,4,704.52
29806,9944,108,4,2189.38
29807,9944,143,2,4831.33
29808,9945,189,1,3600.6
29809,9945,138,1,4165.59
29810,9945,328,4,2729.68
29811,9945,168,2,4609.57
29812,9945,348,2,4037.99
29813,9946,386,2,988.77
29814,9946,247,3,3140.62
29815,9946,24,1,6433.86
29816,9946,389,2,1828.56
29817,9946,293,3,5467.31
29818,9947,137,4,2345.58
29819,9947,182,2,4710.47
29820,9947,383,4,1338.8
29821,9947,301,2,4803.29
29822,9947,230,1,3984.19
29823,9948,430,4,1289.32
29824,9948,423,2,5959.15
29825,9948,374,4,3593.06
29826,9948,97,2,3649.64
29827,9948,242,2,3908.61
29828,9949,424,1,1011.09
29829,9950,204,4,3202.4
29830,9950,186,2,2472.63
29831,9950,220,4,3372.55
29832,9950,450,4,2146.91
29833,9950,200,3,3146.05
29834,9951,376,3,4480.08
29835,9951,498,3,5835.24
29836,9952,159,3,1782.91
29837,9952,147,4,2549.32
29838,9953,449,1,5990.22
29839,9953,198,4,2183.12
29840,9953,273,3,4355.96
29841,9954,225,4,3865.19
29842,9955,272,4,1207.17
29843,9955,489,2,1979.19
29844,9956,73,3,958.17
29845,9957,402,4,1337.62
29846,9957,248,3,5396.23
29847,9957,339,2,4212.47
29848,9957,122,4,1788.84
29849,9958,307,2,5262.37
29850,9958,368,3,3127.98
29851,9959,33,2,6626.78
29852,9959,270,2,3668.4
29853,9959,250,3,2853.44
29854,9959,135,4,5029.03
29855,9960,291,3,4158.04
29856,9960,456,2,4335.7
29857,9960,46,4,922.81
29858,9961,413,2,5368.82
29859,9961,419,2,4392.23
29860,9962,454,2,469.46
29861,9963,329,3,6150.42
29862,9964,28,1,801.28
29863,9965,135,1,5029.03
29864,9965,189,2,3600.6
29865,9965,88,3,3652.47
29866,9966,256,4,2686.28
29867,9966,347,2,5269.21
29868,9966,56,3,1350.59
29869,9966,314,1,5187.17
29870,9966,291,3,4158.04
29871,9967,354,3,1425.69
29872,9967,93,2,2629.61
29873,9967,177,4,1399.56
29874,9967,5,3,2523.37
29875,9967,103,1,5044.44
29876,9968,441,3,5639.25
29877,9968,348,2,4037.99
29878,9969,264,1,1850.78
29879,9969,356,2,5880.99
29880,9969,227,2,3884.33
29881,9969,305,1,1283.96
29882,9970,267,4,3128.45
29883,9970,186,1,2472.63
29884,9971,24,4,6433.86
29885,9971,228,2,5999.41
29886,9972,115,2,2916.37
29887,9972,461,2,4553.3
29888,9972,101,3,1381.51
29889,9972,123,2,5238.56
29890,9973,312,1,4519.33
29891,9973,218,2,1046.26
29892,9973,333,1,6331.32
29893,9974,444,3,5110.75
29894,9975,498,1,5835.24
29895,9975,238,2,555.04
29896,9975,210,3,530.97
29897,9976,192,4,1522.05
29898,9976,316,2,3281.58
29899,9977,202,1,3841.09
29900,9977,31,1,3335.57
29901,9978,490,3,7539.95
29902,9978,337,1,5116.18
29903,9978,12,1,5776.18
29904,9978,463,1,4315.08
29905,9978,158,1,4348.37
29906,9979,103,4,5044.44
29907,9979,221,4,6443.18
29908,9979,473,3,4224.82
29909,9979,118,4,4371.63
29910,9979,295,3,1323.61
29911,9980,59,1,3551.72
29912,9981,136,1,6859.2
29913,9981,214,2,5909.34
29914,9981,475,1,1249.33
29915,9982,458,4,4050.01
29916,9982,380,1,4324.63
29917,9982,8,1,1108.08
29918,9982,106,1,1635.06
29919,9982,457,4,4840.21
29920,9983,231,4,1813.96
29921,9984,8,2,1108.08
29922,9984,41,2,5380.63
29923,9984,479,2,4247.61
29924,9984,42,3,5752.4
29925,9984,171,3,6247.86
29926,9985,327,4,2218.76
29927,9985,300,4,1582.87
29928,9985,404,3,5691.79
29929,9986,348,4,4037.99
29930,9986,433,4,3901.17
29931,9986,120,3,2247.59
29932,9986,353,1,4945.04
29933,9987,484,2,5888.26
29934,9987,337,3,5116.18
29935,9987,60,3,5163.17
29936,9987,255,4,3636.36
29937,9988,66,3,3951.93
29938,9989,15,3,3647.94
29939,9989,496,2,5678.29
29940,9989,195,4,3142.65
29941,9990,342,1,2036.46
29942,9990,451,4,5285.86
29943,9990,125,4,4655.25
29944,9991,106,3,1635.06
29945,9991,365,3,5059.36
29946,9991,217,3,1753.76
29947,9991,497,1,4863.47
29948,9992,486,4,3925.75
29949,9993,390,2,222.07
29950,9994,180,3,1609.07
29951,9995,247,2,3140.62
29952,9996,309,2,825.37
29953,9996,63,1,639.04
29954,9997,175,4,1587.68
29955,9997,272,4,1207.17
29956,9998,185,2,1990.36
29957,9998,151,3,1368.5
29958,9998,365,2,5059.36
29959,9998,53,1,1636.05
29960,9999,137,3,2345.58
29961,9999,85,4,206.91
29962,9999,297,1,1402.1
29963,9999,234,2,1670.39
29964,9999,106,2,1635.06
29965,10000,350,1,1035.46
29966,10000,149,2,5667.0
