order_id,customer_id,employee_id,warehouse_id,partner_id,order_date,delivery_date,order_status,payment_method,total_amount
1,327,2,14,53,2025-09-11,2025-09-15,Delivered,Net Banking,61305.78
2,485,2,8,29,2026-02-18,2026-02-24,Delivered,Cash on Delivery,48558.09
3,937,5,2,72,2026-01-20,2026-01-24,Delivered,Net Banking,8926.5
4,138,1,13,32,2026-02-11,2026-02-14,Delivered,Cash on Delivery,5556.77
5,868,2,12,12,2025-08-12,2025-08-19,Delivered,UPI,27621.43
6,275,1,13,87,2025-10-26,2025-10-27,Delivered,Credit Card,38042.01
7,824,4,19,93,2026-04-23,2026-04-25,Delivered,Credit Card,11930.68
8,891,1,11,39,2025-12-08,,Cancelled,Credit Card,19467.62
9,960,4,7,95,2026-04-20,2026-04-27,Delivered,Credit Card,43539.08
10,713,5,20,91,2026-02-26,2026-02-28,Delivered,Debit Card,22078.89
11,795,3,10,49,2026-01-04,2026-01-10,Delivered,Debit Card,3980.72
12,268,4,12,66,2026-06-05,,Pending,UPI,6237.86
13,823,2,16,98,2026-07-18,,Pending,Debit Card,1992.7
14,321,2,14,6,2026-05-11,2026-05-13,Delivered,UPI,20576.32
15,268,3,18,75,2026-03-22,2026-03-26,Delivered,Credit Card,47669.41
16,201,2,11,30,2025-08-15,2025-08-22,Delivered,Cash on Delivery,49271.52
17,564,4,11,33,2026-04-13,,Pending,Cash on Delivery,53361.4
18,472,2,6,94,2026-07-17,,Pending,Credit Card,1911.35
19,738,1,18,63,2026-07-07,2026-07-12,Delivered,Net Banking,24354.8
20,35,4,3,86,2026-07-11,2026-07-12,Delivered,Credit Card,37826.65
21,863,2,8,9,2025-08-24,2025-08-25,Delivered,Net Banking,5474.0
22,467,5,12,8,2026-01-19,2026-01-25,Delivered,Cash on Delivery,18222.56
23,676,4,16,3,2026-06-24,2026-06-29,Delivered,UPI,8928.32
24,18,1,17,93,2025-08-15,2025-08-18,Delivered,Net Banking,25374.55
25,833,5,14,23,2026-06-27,2026-06-28,Delivered,Credit Card,12880.86
26,247,3,7,80,2026-06-12,2026-06-19,Delivered,Debit Card,45206.57
27,815,4,13,11,2026-01-31,2026-02-04,Delivered,Net Banking,23444.24
28,250,1,8,39,2025-11-17,2025-11-24,Delivered,UPI,35043.63
29,96,1,13,49,2026-04-22,2026-04-26,Delivered,UPI,1645.79
30,720,3,6,11,2025-08-10,2025-08-14,Delivered,Net Banking,1256.97
31,879,2,4,68,2026-06-01,,Pending,Credit Card,20837.46
32,923,3,19,61,2026-03-28,2026-03-29,Delivered,Net Banking,5081.28
33,578,3,2,23,2026-07-24,,Pending,UPI,2936.32
34,985,4,7,76,2025-10-22,2025-10-29,Delivered,UPI,39582.18
35,307,4,6,73,2026-03-16,2026-03-23,Delivered,Net Banking,2038.84
36,340,1,13,97,2025-09-23,2025-09-30,Delivered,Net Banking,20019.67
37,764,1,12,7,2025-12-10,2025-12-12,Delivered,Debit Card,3407.08
38,620,3,20,77,2025-09-05,2025-09-12,Delivered,UPI,4145.55
39,650,5,9,58,2026-03-12,2026-03-15,Delivered,Cash on Delivery,24259.49
40,443,1,6,88,2026-03-24,2026-03-28,Delivered,Net Banking,9844.74
41,303,2,8,92,2026-03-23,2026-03-26,Delivered,Cash on Delivery,53858.29
42,729,1,5,95,2025-11-01,2025-11-04,Delivered,UPI,7451.43
43,6,1,10,57,2026-04-22,2026-04-25,Delivered,Credit Card,5979.55
44,90,5,6,56,2025-12-11,2025-12-16,Delivered,Cash on Delivery,28169.02
45,106,5,1,12,2025-10-04,2025-10-05,Delivered,Net Banking,24708.97
46,804,4,11,50,2026-03-16,2026-03-20,Delivered,UPI,15409.14
47,743,4,18,32,2025-11-27,2025-11-29,Delivered,Credit Card,69469.01
48,143,1,9,39,2026-05-08,2026-05-10,Delivered,Credit Card,52619.97
49,446,1,9,54,2026-07-05,2026-07-12,Delivered,Debit Card,7713.69
50,258,5,8,93,2026-07-10,2026-07-15,Delivered,Credit Card,38507.56
51,469,3,4,18,2026-05-19,2026-05-23,Delivered,Net Banking,14849.1
52,390,5,11,57,2025-09-07,2025-09-14,Delivered,Credit Card,23699.1
53,308,2,11,78,2026-02-03,,Pending,Cash on Delivery,13565.39
54,322,3,6,51,2025-09-04,,Cancelled,Cash on Delivery,4763.04
55,991,4,19,32,2025-10-02,2025-10-05,Delivered,Debit Card,36464.1
56,117,2,19,26,2025-10-03,2025-10-08,Delivered,Net Banking,20018.25
57,28,3,15,91,2025-09-20,2025-09-27,Delivered,UPI,48232.03
58,839,3,14,87,2026-07-13,2026-07-19,Delivered,Credit Card,54337.56
59,259,1,5,92,2026-02-03,2026-02-07,Delivered,Cash on Delivery,17877.45
60,613,4,16,75,2025-12-24,2025-12-29,Delivered,Net Banking,23183.26
61,38,5,12,90,2026-05-13,,Pending,Net Banking,25368.72
62,654,3,3,14,2025-11-02,,Pending,Credit Card,20724.14
63,663,4,20,6,2025-11-01,2025-11-07,Delivered,Debit Card,8574.02
64,989,2,14,14,2025-10-20,2025-10-23,Delivered,Net Banking,26826.44
65,765,2,17,72,2026-02-28,2026-03-05,Delivered,Cash on Delivery,30831.08
66,384,5,13,60,2026-01-19,,Pending,Net Banking,10197.66
67,155,4,12,4,2025-10-05,2025-10-08,Delivered,UPI,29817.08
68,119,2,5,45,2025-09-28,2025-10-02,Delivered,Net Banking,38924.73
69,495,4,12,61,2025-08-04,2025-08-10,Delivered,Debit Card,41412.48
70,69,1,10,6,2025-12-14,,Pending,UPI,29465.37
71,870,2,11,83,2026-06-24,2026-07-01,Delivered,Credit Card,43962.41
72,529,4,6,71,2025-11-16,2025-11-21,Delivered,Cash on Delivery,23611.6
73,238,4,13,81,2025-09-23,2025-09-29,Delivered,Cash on Delivery,30933.56
74,30,4,20,26,2025-09-21,2025-09-25,Delivered,UPI,15847.2
75,722,1,7,27,2025-09-08,2025-09-14,Delivered,Net Banking,22447.05
76,105,4,18,24,2025-12-19,2025-12-21,Delivered,UPI,18112.71
77,269,3,16,68,2025-10-03,,Cancelled,Net Banking,14387.36
78,398,3,20,51,2025-12-20,2025-12-23,Delivered,Cash on Delivery,33534.72
79,633,5,6,87,2026-04-16,2026-04-19,Delivered,Net Banking,46313.37
80,87,1,5,41,2025-11-28,2025-12-01,Delivered,Credit Card,24844.72
81,383,2,5,66,2026-04-19,2026-04-24,Delivered,Net Banking,24478.67
82,393,2,14,24,2026-06-06,2026-06-11,Delivered,Net Banking,26136.43
83,171,4,16,37,2025-11-05,2025-11-08,Delivered,Net Banking,4012.86
84,55,4,12,2,2026-03-13,2026-03-15,Delivered,Net Banking,42812.14
85,518,4,16,53,2026-07-03,2026-07-07,Delivered,Cash on Delivery,44849.73
86,172,2,3,73,2026-04-03,2026-04-10,Delivered,Debit Card,15957.27
87,34,4,9,29,2025-12-22,2025-12-24,Delivered,Net Banking,29526.32
88,761,1,16,71,2026-06-22,2026-06-27,Delivered,Debit Card,3272.1
89,794,1,18,47,2025-10-09,2025-10-16,Delivered,Cash on Delivery,15041.29
90,560,2,7,55,2026-07-14,2026-07-21,Delivered,Debit Card,19405.57
91,896,1,2,58,2025-10-10,2025-10-17,Delivered,Cash on Delivery,6972.9
92,887,2,4,100,2026-05-10,,Pending,Net Banking,36426.0
93,706,2,12,91,2026-05-08,2026-05-12,Delivered,Net Banking,13453.71
94,143,5,7,27,2025-07-27,,Pending,Debit Card,25557.45
95,546,3,9,77,2026-04-21,2026-04-24,Delivered,Debit Card,60166.65
96,587,1,9,66,2026-02-21,,Cancelled,Credit Card,29880.02
97,986,2,14,8,2026-06-09,,Cancelled,Credit Card,34051.5
98,256,4,5,92,2025-10-10,2025-10-12,Delivered,Cash on Delivery,19360.84
99,146,4,19,81,2025-10-13,2025-10-17,Delivered,Cash on Delivery,51298.44
100,78,3,3,52,2025-11-16,2025-11-19,Delivered,Cash on Delivery,25101.87
101,974,1,16,42,2025-11-18,2025-11-25,Delivered,Cash on Delivery,31978.45
102,651,4,12,9,2025-11-21,,Pending,Credit Card,21302.91
103,992,3,14,28,2026-01-14,2026-01-17,Delivered,Debit Card,2851.38
104,561,3,19,17,2026-07-02,2026-07-06,Delivered,UPI,15869.92
105,48,4,4,81,2026-07-13,,Pending,UPI,46734.04
106,128,2,6,57,2026-06-15,2026-06-19,Delivered,Credit Card,47128.16
107,904,3,10,21,2025-08-03,,Pending,UPI,44444.27
108,671,2,12,33,2025-11-22,2025-11-28,Delivered,UPI,6656.28
109,406,4,10,93,2026-02-07,2026-02-09,Delivered,UPI,45164.01
110,721,2,4,1,2026-06-18,2026-06-19,Delivered,Net Banking,23104.38
111,232,3,17,88,2026-02-13,2026-02-14,Delivered,UPI,21165.65
112,881,2,14,89,2026-02-05,2026-02-06,Delivered,Cash on Delivery,26502.51
113,92,2,4,14,2026-02-09,2026-02-12,Delivered,Cash on Delivery,39190.45
114,793,2,5,83,2026-03-16,,Cancelled,UPI,48649.42
115,544,4,19,2,2026-03-09,2026-03-11,Delivered,Debit Card,44029.01
116,740,5,7,81,2026-07-20,2026-07-24,Delivered,Cash on Delivery,8524.09
117,881,2,7,12,2025-12-02,,Pending,UPI,65119.71
118,604,3,13,45,2025-07-31,,Cancelled,Credit Card,19780.16
119,254,5,9,83,2025-11-09,2025-11-14,Delivered,Net Banking,11765.54
120,739,1,20,37,2026-01-23,,Pending,Debit Card,21621.55
121,211,4,17,78,2025-08-04,2025-08-10,Delivered,Debit Card,13794.88
122,662,2,2,31,2026-06-04,2026-06-05,Delivered,Cash on Delivery,10907.37
123,654,3,20,10,2025-09-29,2025-09-30,Delivered,Debit Card,18077.32
124,136,2,13,73,2025-07-31,2025-08-05,Delivered,Cash on Delivery,25496.4
125,978,3,3,3,2026-06-26,2026-06-27,Delivered,Credit Card,38691.79
126,41,5,2,51,2025-12-19,2025-12-25,Delivered,Cash on Delivery,4465.7
127,434,5,13,11,2026-03-22,2026-03-27,Delivered,Credit Card,13981.57
128,285,2,3,40,2026-04-18,2026-04-20,Delivered,Net Banking,11902.0
129,335,1,13,76,2025-12-20,2025-12-27,Delivered,Debit Card,47919.6
130,716,2,14,94,2026-05-20,,Cancelled,UPI,35099.41
131,251,5,3,56,2026-02-09,2026-02-14,Delivered,UPI,59540.9
132,317,1,6,16,2026-04-18,2026-04-20,Delivered,Credit Card,36328.62
133,509,3,12,67,2025-12-09,2025-12-16,Delivered,Credit Card,37222.98
134,381,3,5,96,2025-08-23,,Pending,UPI,16200.04
135,790,3,1,43,2026-03-21,,Pending,Net Banking,28010.8
136,66,1,9,92,2026-05-20,,Cancelled,Cash on Delivery,29893.31
137,467,5,17,47,2026-07-01,2026-07-08,Delivered,Credit Card,49264.17
138,377,5,6,33,2025-11-25,,Pending,UPI,25736.64
139,234,1,17,1,2025-10-08,2025-10-15,Delivered,Credit Card,14868.75
140,48,2,16,47,2026-05-29,2026-05-31,Delivered,UPI,39479.15
141,567,3,14,29,2026-04-17,2026-04-21,Delivered,Debit Card,40297.29
142,846,1,3,74,2026-01-17,2026-01-22,Delivered,Credit Card,53537.33
143,229,1,17,6,2026-02-04,,Cancelled,Cash on Delivery,38900.55
144,887,3,10,100,2025-11-03,,Pending,UPI,56621.85
145,567,5,15,2,2026-03-26,2026-03-29,Delivered,Debit Card,15139.4
146,758,4,20,32,2026-04-25,2026-04-30,Delivered,Credit Card,31853.48
147,751,2,18,98,2026-07-12,,Pending,UPI,1813.96
148,955,1,14,4,2025-10-05,2025-10-08,Delivered,Debit Card,26204.38
149,2,2,13,95,2025-12-28,2025-12-29,Delivered,Net Banking,6073.96
150,244,2,14,63,2026-01-08,,Cancelled,Debit Card,4412.04
151,96,5,2,30,2026-03-30,,Pending,Cash on Delivery,43848.51
152,718,1,12,59,2026-04-08,,Cancelled,Net Banking,36062.9
153,98,1,17,18,2025-10-16,2025-10-20,Delivered,Net Banking,10094.01
154,582,2,2,56,2025-09-27,2025-09-29,Delivered,Debit Card,3625.74
155,268,3,11,51,2026-07-02,2026-07-08,Delivered,Debit Card,9361.31
156,464,2,9,30,2026-03-16,2026-03-18,Delivered,Net Banking,23535.87
157,112,3,5,14,2026-05-10,2026-05-14,Delivered,Cash on Delivery,2389.03
158,124,2,18,46,2025-11-26,,Cancelled,Cash on Delivery,13637.4
159,316,1,15,34,2026-01-03,,Pending,Credit Card,5835.24
160,827,2,10,91,2025-10-25,2025-10-26,Delivered,Debit Card,29225.25
161,152,4,3,92,2025-11-08,2025-11-11,Delivered,Net Banking,42456.85
162,51,2,10,34,2025-10-06,,Pending,UPI,31305.3
163,975,2,13,58,2026-01-18,2026-01-23,Delivered,UPI,7855.9
164,474,2,4,18,2026-07-19,2026-07-20,Delivered,Credit Card,15150.97
165,203,1,13,48,2026-02-05,2026-02-11,Delivered,Net Banking,34772.22
166,601,2,9,10,2026-01-27,2026-01-28,Delivered,Cash on Delivery,57356.26
167,829,3,5,12,2025-11-27,,Pending,UPI,18148.73
168,44,4,15,7,2026-05-31,2026-06-05,Delivered,Cash on Delivery,28024.71
169,509,3,1,49,2025-10-01,2025-10-03,Delivered,Credit Card,34400.19
170,931,1,6,36,2025-09-27,2025-09-29,Delivered,Net Banking,1275.44
171,635,4,20,32,2026-07-16,2026-07-20,Delivered,Net Banking,55877.95
172,491,4,2,12,2025-12-13,2025-12-15,Delivered,Credit Card,39821.72
173,659,5,17,32,2026-03-04,2026-03-11,Delivered,UPI,18000.12
174,392,3,12,62,2025-09-24,2025-09-28,Delivered,Net Banking,10219.77
175,515,3,11,50,2025-08-02,2025-08-03,Delivered,Net Banking,63725.78
176,225,4,1,100,2026-01-05,2026-01-12,Delivered,Net Banking,26977.76
177,367,1,19,30,2025-08-27,,Cancelled,Credit Card,44837.38
178,673,1,8,35,2026-07-06,2026-07-13,Delivered,Credit Card,18255.16
179,590,2,13,46,2025-12-29,,Pending,Credit Card,23393.38
180,243,3,19,41,2025-12-09,,Pending,Net Banking,33080.42
181,29,2,12,73,2026-02-22,2026-02-27,Delivered,Cash on Delivery,51332.51
182,556,1,10,23,2025-08-28,2025-08-29,Delivered,Credit Card,10872.75
183,617,3,8,3,2025-09-20,2025-09-21,Delivered,Net Banking,53440.85
184,207,3,5,44,2026-06-06,2026-06-13,Delivered,UPI,12638.96
185,23,1,5,76,2026-03-18,2026-03-20,Delivered,Net Banking,26151.55
186,882,4,12,10,2025-09-16,2025-09-22,Delivered,Net Banking,5594.84
187,104,4,11,39,2025-08-06,2025-08-08,Delivered,Cash on Delivery,9154.55
188,665,5,11,23,2026-04-07,2026-04-12,Delivered,Debit Card,5455.24
189,229,3,19,23,2025-12-17,2025-12-23,Delivered,Credit Card,21166.25
190,182,4,1,90,2026-03-06,,Pending,Net Banking,32785.65
191,34,5,6,78,2026-05-04,2026-05-11,Delivered,Credit Card,27751.02
192,655,2,19,14,2026-07-22,,Pending,Debit Card,23935.17
193,764,2,3,31,2025-09-26,2025-09-29,Delivered,UPI,14346.18
194,842,2,11,58,2025-09-23,2025-09-25,Delivered,UPI,36624.39
195,359,4,9,14,2026-03-14,2026-03-15,Delivered,Cash on Delivery,5129.5
196,751,4,14,22,2025-11-15,,Pending,Cash on Delivery,21903.02
197,360,5,18,49,2025-09-10,2025-09-14,Delivered,Credit Card,17022.84
198,167,1,15,10,2025-08-23,,Pending,Debit Card,28177.27
199,21,1,11,34,2025-11-29,,Cancelled,Debit Card,41029.53
200,175,1,13,21,2026-07-20,2026-07-25,Delivered,Debit Card,20968.59
201,609,2,20,62,2026-06-27,2026-07-01,Delivered,Net Banking,38939.71
202,912,2,14,21,2026-07-22,2026-07-25,Delivered,Credit Card,5155.01
203,420,5,18,93,2026-05-21,,Pending,Debit Card,28985.28
204,677,4,10,39,2026-01-02,2026-01-03,Delivered,Net Banking,43263.34
205,563,4,16,20,2025-10-19,2025-10-20,Delivered,UPI,15714.33
206,302,2,20,62,2025-08-12,2025-08-13,Delivered,Credit Card,32232.93
207,654,3,10,11,2025-09-23,2025-09-24,Delivered,Cash on Delivery,37346.39
208,483,5,16,85,2026-03-13,2026-03-19,Delivered,Cash on Delivery,12915.24
209,190,1,12,49,2025-11-27,2025-12-01,Delivered,Debit Card,36881.83
210,451,5,15,34,2025-11-26,2025-11-29,Delivered,UPI,10093.62
211,155,5,4,11,2026-05-17,2026-05-24,Delivered,Cash on Delivery,32206.5
212,995,4,19,30,2026-04-11,2026-04-18,Delivered,Net Banking,48133.58
213,429,4,18,88,2026-04-25,,Pending,Net Banking,17224.57
214,903,1,8,61,2026-03-09,2026-03-13,Delivered,Net Banking,20177.76
215,585,2,17,74,2025-12-30,2026-01-04,Delivered,UPI,6456.66
216,973,2,15,23,2025-10-25,,Pending,Credit Card,17584.68
217,828,4,7,17,2026-01-12,2026-01-13,Delivered,Credit Card,65722.3
218,843,1,5,77,2025-10-29,2025-11-04,Delivered,UPI,28655.34
219,398,3,18,51,2026-01-22,2026-01-29,Delivered,Net Banking,10332.93
220,470,4,1,90,2026-04-12,2026-04-17,Delivered,UPI,29195.98
221,425,1,5,19,2026-05-02,2026-05-07,Delivered,UPI,23094.6
222,577,3,4,37,2026-06-07,,Pending,Cash on Delivery,43661.01
223,271,4,13,84,2025-09-24,2025-09-29,Delivered,UPI,36051.48
224,177,4,9,52,2026-04-03,2026-04-08,Delivered,UPI,23210.44
225,406,4,11,89,2026-01-01,2026-01-07,Delivered,Debit Card,15952.07
226,919,3,12,3,2025-10-01,2025-10-08,Delivered,Debit Card,72423.48
227,288,2,16,90,2026-06-13,2026-06-20,Delivered,Credit Card,15964.47
228,308,3,15,100,2026-03-25,,Pending,Cash on Delivery,10453.78
229,620,4,3,25,2026-05-03,2026-05-10,Delivered,Cash on Delivery,59072.95
230,778,5,17,48,2025-11-19,,Pending,Credit Card,6125.29
231,68,5,10,91,2026-04-10,2026-04-12,Delivered,Net Banking,20413.73
232,30,2,6,25,2026-05-19,,Pending,UPI,20096.97
233,256,2,2,59,2025-10-04,2025-10-07,Delivered,Debit Card,71923.79
234,378,1,15,65,2025-08-12,2025-08-13,Delivered,Credit Card,29667.27
235,382,4,16,77,2026-01-10,2026-01-17,Delivered,Net Banking,44175.15
236,565,1,12,45,2025-12-20,2025-12-23,Delivered,Debit Card,72212.55
237,29,2,13,7,2025-08-25,2025-08-30,Delivered,Credit Card,32428.12
238,663,4,8,87,2025-12-04,2025-12-10,Delivered,Net Banking,37004.38
239,21,2,1,61,2026-04-10,,Pending,Net Banking,11241.98
240,821,3,1,29,2025-11-04,2025-11-11,Delivered,Debit Card,32663.81
241,434,4,13,45,2026-03-26,2026-03-28,Delivered,Debit Card,10746.06
242,694,1,17,80,2026-02-11,2026-02-12,Delivered,Net Banking,10338.85
243,679,3,12,72,2025-08-06,2025-08-11,Delivered,Debit Card,22075.79
244,701,3,4,62,2026-04-04,2026-04-07,Delivered,Debit Card,8104.4
245,268,2,10,25,2026-04-12,2026-04-19,Delivered,UPI,4691.16
246,825,2,20,52,2026-02-26,2026-03-04,Delivered,UPI,32287.56
247,672,4,16,38,2025-12-05,2025-12-09,Delivered,Cash on Delivery,36304.76
248,755,2,2,75,2025-09-02,2025-09-07,Delivered,Debit Card,18887.16
249,744,4,8,88,2025-10-10,2025-10-17,Delivered,Debit Card,29864.67
250,520,5,10,22,2025-10-14,,Pending,Credit Card,29198.86
251,301,5,4,61,2026-05-04,2026-05-07,Delivered,Credit Card,33862.12
252,970,2,11,84,2025-09-06,2025-09-09,Delivered,Debit Card,13515.16
253,431,4,11,48,2025-10-21,2025-10-24,Delivered,UPI,70226.72
254,482,1,2,82,2026-04-07,2026-04-12,Delivered,Cash on Delivery,27986.42
255,911,4,7,65,2026-02-21,2026-02-27,Delivered,Net Banking,22087.65
256,306,2,14,7,2026-05-18,,Pending,Credit Card,15666.66
257,206,4,11,53,2026-06-22,,Cancelled,Credit Card,3122.39
258,324,2,6,100,2025-08-11,2025-08-14,Delivered,Debit Card,1256.97
259,650,2,2,1,2025-08-12,2025-08-14,Delivered,Net Banking,42007.78
260,783,1,6,63,2025-11-09,,Pending,Credit Card,43908.67
261,630,4,14,82,2026-03-06,2026-03-10,Delivered,Cash on Delivery,4261.37
262,5,1,2,69,2026-02-19,2026-02-22,Delivered,Debit Card,43365.8
263,776,2,17,25,2026-06-22,2026-06-23,Delivered,Credit Card,5830.43
264,711,5,12,40,2026-06-22,2026-06-26,Delivered,Net Banking,34770.42
265,314,3,6,9,2025-10-22,,Pending,Debit Card,15811.72
266,467,2,17,77,2026-04-26,2026-04-30,Delivered,Debit Card,10831.1
267,924,2,16,46,2026-06-24,,Pending,Cash on Delivery,27777.82
268,20,2,8,29,2025-09-25,2025-09-27,Delivered,UPI,10968.16
269,604,1,17,22,2025-08-20,2025-08-26,Delivered,Cash on Delivery,34363.12
270,898,5,9,99,2026-06-10,2026-06-11,Delivered,UPI,19141.24
271,678,1,4,84,2026-04-02,,Pending,UPI,31495.11
272,427,4,15,49,2025-08-28,2025-08-31,Delivered,Credit Card,41916.81
273,211,5,1,39,2025-10-03,2025-10-04,Delivered,Debit Card,38956.14
274,638,1,20,90,2026-06-22,2026-06-29,Delivered,Net Banking,49598.09
275,737,1,20,16,2025-09-23,2025-09-30,Delivered,Cash on Delivery,61524.78
276,204,5,20,26,2025-09-01,,Pending,Credit Card,19698.48
277,367,4,14,38,2026-06-13,2026-06-18,Delivered,Credit Card,35739.08
278,705,1,16,43,2025-10-02,2025-10-03,Delivered,UPI,38901.95
279,856,5,19,86,2026-05-26,2026-05-27,Delivered,UPI,5011.17
280,741,3,4,33,2025-08-25,2025-08-29,Delivered,Debit Card,9977.26
281,476,1,2,13,2025-12-18,,Pending,Debit Card,3128.45
282,369,1,11,55,2026-05-13,2026-05-14,Delivered,UPI,704.52
283,873,3,5,85,2025-11-18,2025-11-21,Delivered,Cash on Delivery,23100.93
284,979,1,20,35,2026-02-10,,Pending,Debit Card,44381.81
285,835,4,11,24,2026-04-10,2026-04-14,Delivered,Debit Card,34707.59
286,856,4,13,89,2026-07-16,,Pending,Credit Card,22185.14
287,116,2,5,90,2026-07-05,2026-07-12,Delivered,UPI,10565.9
288,427,4,19,62,2025-09-08,,Pending,Credit Card,36240.84
289,626,2,13,100,2026-04-29,2026-04-30,Delivered,Cash on Delivery,23486.72
290,943,4,16,15,2025-12-18,,Pending,UPI,17707.24
291,65,5,9,84,2026-02-21,2026-02-27,Delivered,Net Banking,74312.86
292,742,3,19,29,2025-09-24,,Cancelled,Net Banking,19698.48
293,536,2,20,13,2026-06-29,2026-07-05,Delivered,Cash on Delivery,37129.68
294,355,5,13,20,2026-01-12,,Pending,Net Banking,28047.91
295,56,5,1,83,2026-02-23,,Pending,Cash on Delivery,47782.11
296,873,3,16,22,2026-01-05,2026-01-09,Delivered,Credit Card,58125.97
297,339,4,9,7,2026-02-20,2026-02-25,Delivered,Cash on Delivery,56358.43
298,837,5,8,11,2026-02-05,2026-02-12,Delivered,Cash on Delivery,46329.98
299,91,1,16,58,2025-12-29,2026-01-02,Delivered,UPI,20080.8
300,414,1,14,5,2025-11-19,2025-11-20,Delivered,Net Banking,44135.92
301,987,5,20,82,2026-07-09,2026-07-14,Delivered,Credit Card,25337.56
302,671,2,15,44,2025-07-30,2025-07-31,Delivered,Cash on Delivery,22071.84
303,340,3,18,99,2025-09-05,2025-09-09,Delivered,Cash on Delivery,54134.28
304,117,3,4,98,2026-05-19,2026-05-20,Delivered,Debit Card,42192.56
305,850,1,10,71,2026-03-10,2026-03-16,Delivered,UPI,15282.87
306,919,4,6,64,2025-09-07,2025-09-13,Delivered,UPI,14526.29
307,261,4,20,26,2026-02-18,2026-02-25,Delivered,Credit Card,12056.62
308,469,4,7,92,2025-11-30,2025-12-07,Delivered,UPI,28289.28
309,949,4,19,16,2025-11-05,,Pending,Cash on Delivery,63521.44
310,675,1,19,65,2026-02-28,2026-03-04,Delivered,Net Banking,32791.5
311,754,5,2,71,2026-02-20,,Pending,Cash on Delivery,12938.55
312,947,2,17,100,2025-08-18,,Pending,Net Banking,42949.96
313,178,5,5,14,2025-12-25,2025-12-30,Delivered,Debit Card,22811.34
314,517,2,13,54,2025-11-24,,Cancelled,Debit Card,23024.16
315,408,2,11,38,2025-11-22,2025-11-24,Delivered,Cash on Delivery,14208.93
316,617,5,17,39,2026-05-14,,Pending,Debit Card,36862.38
317,729,5,18,81,2025-09-16,2025-09-18,Delivered,Debit Card,6395.6
318,704,2,12,87,2026-06-17,2026-06-23,Delivered,Net Banking,42458.13
319,556,5,11,91,2026-06-16,2026-06-19,Delivered,Cash on Delivery,27193.15
320,597,5,19,86,2026-04-14,2026-04-20,Delivered,Debit Card,1850.78
321,899,4,14,2,2025-07-27,2025-07-28,Delivered,Credit Card,49004.19
322,55,2,2,26,2025-08-12,2025-08-19,Delivered,Debit Card,10741.48
323,700,3,9,19,2026-05-31,,Pending,Credit Card,18347.47
324,772,1,18,5,2025-12-24,2025-12-28,Delivered,Net Banking,16430.59
325,889,4,18,29,2025-10-03,2025-10-08,Delivered,Credit Card,35225.34
326,524,4,10,89,2026-03-05,2026-03-09,Delivered,Cash on Delivery,37067.1
327,980,3,11,71,2026-07-22,2026-07-28,Delivered,Credit Card,15378.96
328,636,3,15,29,2026-02-07,,Pending,Net Banking,35174.86
329,560,2,20,26,2026-07-17,,Pending,Debit Card,36596.38
330,460,5,6,88,2026-07-24,2026-07-26,Delivered,UPI,69976.38
331,387,2,2,55,2026-02-05,2026-02-08,Delivered,Credit Card,45878.08
332,599,2,9,1,2026-01-14,2026-01-20,Delivered,UPI,64160.48
333,158,5,11,77,2026-03-31,2026-04-06,Delivered,Debit Card,30944.12
334,503,3,19,71,2026-02-15,2026-02-22,Delivered,Net Banking,13035.3
335,226,2,6,67,2026-01-29,2026-02-03,Delivered,Cash on Delivery,28326.23
336,557,2,18,52,2025-10-29,2025-10-31,Delivered,Debit Card,38508.95
337,340,5,12,38,2026-06-15,2026-06-22,Delivered,Net Banking,13405.02
338,487,1,18,97,2025-11-25,,Cancelled,UPI,7911.49
339,685,5,12,58,2026-02-14,2026-02-20,Delivered,Net Banking,11542.3
340,250,4,2,88,2025-12-01,,Pending,UPI,46663.41
341,396,5,9,70,2026-05-24,2026-05-25,Delivered,Debit Card,65366.23
342,527,2,17,58,2026-05-09,2026-05-12,Delivered,Debit Card,57071.38
343,527,5,3,13,2025-12-24,2025-12-31,Delivered,Net Banking,11377.35
344,8,2,3,27,2026-03-31,2026-04-07,Delivered,Cash on Delivery,830.78
345,856,4,4,27,2025-12-30,2026-01-05,Delivered,UPI,39685.57
346,765,1,5,4,2025-11-13,2025-11-16,Delivered,UPI,22873.87
347,76,5,2,23,2026-06-29,,Pending,UPI,23997.64
348,589,4,8,34,2025-12-29,2026-01-02,Delivered,Cash on Delivery,2476.11
349,324,1,1,50,2026-05-13,2026-05-18,Delivered,Net Banking,4253.0
350,65,3,19,6,2025-11-24,2025-11-25,Delivered,Net Banking,33216.58
351,109,3,10,88,2026-05-24,2026-05-25,Delivered,Cash on Delivery,14106.25
352,391,5,13,85,2026-05-12,2026-05-14,Delivered,Credit Card,9383.94
353,140,2,13,70,2025-09-11,2025-09-17,Delivered,Debit Card,28223.5
354,694,2,12,2,2026-03-15,2026-03-20,Delivered,UPI,30683.87
355,43,5,1,74,2026-01-12,2026-01-17,Delivered,UPI,29437.13
356,313,3,7,96,2026-05-04,2026-05-10,Delivered,Credit Card,17448.0
357,423,5,17,19,2025-09-15,2025-09-17,Delivered,Debit Card,32410.21
358,199,1,4,24,2025-10-19,2025-10-24,Delivered,Net Banking,66511.85
359,473,3,18,10,2025-11-19,2025-11-20,Delivered,UPI,24676.75
360,203,3,19,63,2026-04-08,,Cancelled,Credit Card,41505.23
361,688,2,8,13,2025-10-05,2025-10-06,Delivered,Debit Card,16487.36
362,498,5,15,43,2025-09-08,2025-09-11,Delivered,Credit Card,64615.18
363,580,4,19,47,2026-03-21,,Pending,Credit Card,28579.67
364,5,4,11,32,2025-09-19,,Pending,Debit Card,42261.77
365,861,4,12,18,2026-04-30,2026-05-03,Delivered,Cash on Delivery,32599.5
366,457,1,12,100,2026-07-23,2026-07-28,Delivered,Credit Card,17322.96
367,662,2,20,11,2026-01-12,,Pending,Net Banking,17510.4
368,202,1,9,94,2026-06-06,,Pending,UPI,39091.89
369,914,5,1,65,2025-09-21,2025-09-28,Delivered,Net Banking,40581.51
370,415,5,19,28,2025-10-04,,Pending,Debit Card,57107.3
371,557,3,18,61,2025-08-25,2025-08-27,Delivered,Cash on Delivery,45159.84
372,229,2,19,94,2025-10-10,,Pending,Cash on Delivery,5434.79
373,514,1,17,12,2025-10-06,2025-10-11,Delivered,Credit Card,63652.3
374,869,2,20,88,2025-08-02,2025-08-07,Delivered,Cash on Delivery,26732.4
375,164,2,6,73,2025-11-22,,Pending,Cash on Delivery,24889.04
376,962,2,12,6,2026-04-21,2026-04-25,Delivered,UPI,28148.61
377,271,5,12,30,2025-08-20,2025-08-22,Delivered,Debit Card,7393.19
378,398,1,16,59,2025-08-13,,Pending,Debit Card,31828.43
379,106,3,17,82,2025-11-14,,Pending,Net Banking,41305.56
380,558,3,19,23,2025-09-28,2025-10-02,Delivered,Net Banking,15497.24
381,670,5,3,67,2026-03-21,2026-03-23,Delivered,Cash on Delivery,47000.26
382,362,5,12,63,2025-11-02,,Pending,UPI,28691.12
383,514,5,5,57,2026-02-18,2026-02-19,Delivered,Debit Card,10820.52
384,217,1,5,24,2025-10-19,2025-10-24,Delivered,Credit Card,17064.72
385,425,4,11,93,2026-06-01,2026-06-07,Delivered,Cash on Delivery,33802.64
386,216,1,19,21,2025-09-08,2025-09-12,Delivered,Credit Card,38550.19
387,45,5,5,74,2025-11-13,2025-11-15,Delivered,UPI,39465.57
388,913,2,19,19,2026-05-07,2026-05-10,Delivered,Net Banking,28528.72
389,982,1,13,77,2026-01-31,,Cancelled,Debit Card,44334.07
390,970,4,3,28,2026-07-26,2026-07-30,Delivered,Credit Card,18249.72
391,225,2,14,77,2026-02-10,2026-02-15,Delivered,Net Banking,6814.16
392,676,3,17,34,2026-07-18,2026-07-24,Delivered,Cash on Delivery,3638.9
393,611,2,19,9,2026-07-03,2026-07-07,Delivered,UPI,12230.27
394,17,5,7,67,2026-03-04,,Pending,Cash on Delivery,33519.11
395,847,5,5,78,2026-05-23,2026-05-27,Delivered,Net Banking,58337.52
396,40,1,18,65,2026-06-26,,Pending,Cash on Delivery,24354.12
397,676,4,5,78,2026-04-24,2026-04-25,Delivered,Net Banking,18792.48
398,431,2,12,6,2026-06-28,2026-07-02,Delivered,Cash on Delivery,21858.37
399,809,5,13,45,2025-09-08,2025-09-14,Delivered,UPI,14851.14
400,436,1,5,33,2025-08-30,2025-09-01,Delivered,Debit Card,30950.64
401,613,1,18,53,2026-01-25,2026-01-26,Delivered,Net Banking,27737.51
402,536,2,4,67,2026-06-27,2026-07-03,Delivered,Debit Card,4366.24
403,419,5,12,14,2026-03-22,2026-03-28,Delivered,Debit Card,6344.24
404,268,3,18,55,2026-01-16,2026-01-21,Delivered,Cash on Delivery,31728.56
405,774,4,7,53,2025-09-24,2025-09-29,Delivered,Credit Card,18481.95
406,380,5,18,72,2026-06-12,2026-06-15,Delivered,Debit Card,3335.57
407,793,1,13,95,2026-05-18,2026-05-25,Delivered,Credit Card,6571.81
408,458,3,6,13,2025-12-31,2026-01-04,Delivered,Net Banking,13978.53
409,629,1,2,21,2026-03-12,2026-03-18,Delivered,UPI,5247.24
410,844,4,5,61,2026-03-20,,Pending,UPI,16026.02
411,66,1,9,29,2026-03-14,2026-03-19,Delivered,Cash on Delivery,30266.5
412,954,5,13,79,2026-03-22,2026-03-25,Delivered,UPI,43757.28
413,969,2,6,82,2025-11-11,2025-11-12,Delivered,Net Banking,7817.22
414,293,5,7,5,2026-03-07,,Pending,Net Banking,54327.04
415,716,3,8,79,2026-04-21,2026-04-22,Delivered,Credit Card,11606.22
416,671,4,1,21,2026-02-16,2026-02-19,Delivered,Debit Card,2197.41
417,686,1,13,52,2025-09-02,2025-09-07,Delivered,UPI,39817.92
418,942,5,3,71,2026-04-06,2026-04-13,Delivered,Net Banking,22259.55
419,357,4,12,36,2025-09-27,2025-09-29,Delivered,Cash on Delivery,7158.78
420,589,1,1,34,2026-02-11,2026-02-16,Delivered,Net Banking,40145.37
421,75,5,17,38,2026-04-24,2026-04-25,Delivered,Debit Card,42003.33
422,898,4,18,74,2025-10-12,2025-10-16,Delivered,Net Banking,35492.79
423,496,4,8,97,2025-09-08,2025-09-15,Delivered,Cash on Delivery,8692.56
424,919,1,19,4,2026-05-08,2026-05-11,Delivered,Cash on Delivery,5372.56
425,649,3,8,87,2026-02-25,2026-03-04,Delivered,Cash on Delivery,28038.94
426,979,3,12,67,2025-08-03,2025-08-09,Delivered,Credit Card,32796.59
427,295,3,3,52,2025-08-18,2025-08-25,Delivered,UPI,13817.8
428,568,5,6,61,2025-10-20,2025-10-22,Delivered,Debit Card,12150.03
429,188,2,7,64,2026-07-01,2026-07-03,Delivered,Debit Card,50554.19
430,212,5,8,26,2026-01-10,,Pending,Debit Card,4305.08
431,160,4,4,16,2026-01-06,,Pending,Net Banking,8767.59
432,7,3,18,6,2026-01-02,,Pending,Net Banking,59085.72
433,323,4,16,74,2025-08-04,,Pending,Credit Card,51115.8
434,783,5,17,36,2026-05-09,2026-05-16,Delivered,Credit Card,6347.36
435,56,1,17,55,2026-04-20,2026-04-25,Delivered,Net Banking,17817.78
436,356,4,13,88,2026-05-12,,Pending,UPI,39295.46
437,716,1,17,59,2025-09-30,2025-10-01,Delivered,Credit Card,34956.74
438,389,3,19,13,2026-04-27,2026-05-02,Delivered,Credit Card,69227.08
439,562,3,9,31,2025-07-27,2025-08-01,Delivered,Debit Card,52144.47
440,189,3,16,55,2025-08-20,2025-08-26,Delivered,Debit Card,41459.04
441,875,2,13,36,2025-07-29,2025-08-03,Delivered,Net Banking,13114.89
442,703,2,8,13,2025-12-09,2025-12-16,Delivered,Net Banking,20738.4
443,443,2,13,26,2026-07-25,2026-07-31,Delivered,Cash on Delivery,75572.19
444,826,5,1,23,2025-10-11,2025-10-13,Delivered,Net Banking,37850.74
445,738,5,11,63,2026-05-13,2026-05-18,Delivered,UPI,7618.56
446,408,3,4,89,2025-09-27,2025-09-29,Delivered,Cash on Delivery,26009.9
447,860,3,4,58,2026-02-21,2026-02-24,Delivered,Debit Card,30588.83
448,574,1,18,33,2025-12-04,2025-12-08,Delivered,Debit Card,52772.79
449,889,5,20,26,2025-10-10,2025-10-16,Delivered,Credit Card,18053.5
450,800,4,10,46,2026-02-23,2026-02-28,Delivered,Cash on Delivery,2797.42
451,911,2,3,49,2025-12-27,2025-12-31,Delivered,Credit Card,31361.71
452,656,4,11,54,2025-10-08,2025-10-13,Delivered,UPI,18389.25
453,82,3,6,44,2026-07-01,2026-07-04,Delivered,Debit Card,30187.53
454,620,3,13,35,2025-09-02,,Pending,Net Banking,13338.8
455,534,1,15,53,2025-07-28,2025-08-04,Delivered,Credit Card,36901.87
456,746,1,8,85,2025-11-28,2025-12-04,Delivered,Credit Card,16257.02
457,171,5,13,14,2026-03-29,2026-04-02,Delivered,UPI,1802.4
458,27,1,13,68,2025-08-14,,Pending,UPI,6681.17
459,269,3,20,20,2025-11-30,2025-12-04,Delivered,Credit Card,48447.16
460,254,5,10,57,2026-06-06,2026-06-08,Delivered,Credit Card,20939.04
461,30,4,2,85,2025-10-04,2025-10-07,Delivered,Cash on Delivery,57722.39
462,999,5,18,35,2025-11-08,2025-11-10,Delivered,Credit Card,21433.54
463,606,5,20,59,2025-10-29,2025-11-04,Delivered,Cash on Delivery,66031.13
464,537,4,18,40,2026-07-06,,Pending,Net Banking,52085.82
465,233,3,3,57,2026-02-17,2026-02-21,Delivered,Credit Card,23891.24
466,311,2,1,1,2026-07-11,2026-07-18,Delivered,Debit Card,25385.64
467,294,4,16,69,2025-10-26,2025-10-30,Delivered,Debit Card,13489.7
468,10,1,14,38,2026-02-25,2026-03-04,Delivered,Net Banking,60853.5
469,383,4,7,53,2026-04-28,,Pending,Cash on Delivery,4528.34
470,256,4,6,92,2025-07-27,2025-07-31,Delivered,Credit Card,32274.05
471,270,5,3,55,2026-07-25,2026-07-30,Delivered,Debit Card,26324.48
472,292,1,18,35,2025-12-11,2025-12-18,Delivered,Credit Card,35857.79
473,140,4,10,15,2026-02-26,2026-03-03,Delivered,Debit Card,23760.93
474,718,2,20,63,2026-04-20,2026-04-21,Delivered,UPI,38039.31
475,993,3,18,3,2025-09-27,2025-09-28,Delivered,Debit Card,38534.09
476,129,2,15,94,2026-07-21,2026-07-22,Delivered,UPI,70733.38
477,506,4,7,44,2026-01-05,2026-01-12,Delivered,Debit Card,4432.32
478,475,2,2,43,2026-06-19,2026-06-26,Delivered,UPI,30587.54
479,273,2,13,10,2026-06-06,2026-06-08,Delivered,Debit Card,48662.76
480,837,2,13,2,2026-03-23,2026-03-30,Delivered,Cash on Delivery,24548.32
481,790,2,15,32,2025-10-01,2025-10-02,Delivered,Cash on Delivery,61930.56
482,753,4,4,67,2026-04-09,2026-04-11,Delivered,Cash on Delivery,40092.16
483,698,1,10,42,2026-05-25,2026-05-31,Delivered,Net Banking,44853.99
484,534,2,4,33,2026-03-03,2026-03-06,Delivered,Debit Card,41485.44
485,909,2,2,86,2026-05-20,2026-05-21,Delivered,Cash on Delivery,86114.81
486,333,5,1,22,2026-03-21,,Pending,UPI,56607.1
487,406,5,8,2,2025-08-20,,Cancelled,Cash on Delivery,31925.06
488,705,2,20,20,2025-08-19,2025-08-20,Delivered,Credit Card,23760.29
489,512,1,3,88,2026-01-18,2026-01-25,Delivered,UPI,42180.16
490,365,2,5,90,2025-12-28,2025-12-29,Delivered,Cash on Delivery,3194.46
491,239,3,11,72,2026-02-19,,Pending,Cash on Delivery,11503.58
492,751,2,7,3,2026-04-23,2026-04-26,Delivered,Debit Card,16849.88
493,921,3,2,63,2026-01-10,2026-01-15,Delivered,Net Banking,19662.79
494,714,3,16,25,2025-09-28,2025-10-03,Delivered,Debit Card,5417.66
495,750,5,15,36,2026-06-11,,Pending,Net Banking,25442.51
496,165,3,3,68,2026-01-20,2026-01-23,Delivered,Net Banking,19321.42
497,376,5,15,1,2026-05-16,,Pending,Cash on Delivery,8587.32
498,752,5,6,3,2026-01-12,2026-01-15,Delivered,Credit Card,13565.43
499,329,4,3,85,2026-07-24,,Cancelled,Credit Card,5990.22
500,537,3,16,99,2025-10-29,2025-11-03,Delivered,Debit Card,68458.72
501,420,1,11,15,2026-06-25,2026-07-01,Delivered,UPI,25837.88
502,856,2,5,23,2025-10-23,,Pending,UPI,22762.95
503,498,4,7,13,2025-10-03,2025-10-09,Delivered,Cash on Delivery,7234.27
504,539,3,20,90,2026-06-19,2026-06-20,Delivered,Credit Card,21037.62
505,621,2,3,2,2026-02-27,,Pending,Cash on Delivery,44521.93
506,951,1,3,60,2026-07-07,,Pending,Debit Card,30216.53
507,572,1,14,48,2025-10-15,,Pending,Net Banking,19738.93
508,273,3,17,6,2026-07-04,2026-07-11,Delivered,UPI,2835.79
509,968,2,7,67,2026-06-30,2026-07-06,Delivered,Net Banking,37882.47
510,395,5,7,25,2026-02-06,2026-02-08,Delivered,Credit Card,11575.77
511,572,5,18,54,2026-03-20,2026-03-27,Delivered,Debit Card,4130.8
512,691,2,15,90,2026-07-08,2026-07-09,Delivered,Credit Card,26229.74
513,564,5,13,65,2025-12-23,2025-12-25,Delivered,Net Banking,13215.8
514,454,3,12,41,2026-04-14,2026-04-17,Delivered,Cash on Delivery,28291.69
515,783,5,14,93,2026-05-29,2026-05-31,Delivered,Net Banking,11532.98
516,220,3,13,99,2026-07-04,2026-07-10,Delivered,Debit Card,27594.4
517,985,1,15,58,2025-10-14,,Cancelled,UPI,26077.15
518,292,1,20,3,2025-10-18,2025-10-21,Delivered,Debit Card,33424.71
519,228,3,7,41,2026-06-08,2026-06-15,Delivered,Net Banking,14074.88
520,524,2,18,74,2026-01-30,,Pending,UPI,17064.55
521,39,3,15,46,2026-01-01,2026-01-04,Delivered,Net Banking,40125.06
522,256,1,8,33,2026-07-11,,Pending,Net Banking,54095.2
523,410,3,19,28,2026-05-13,2026-05-19,Delivered,Cash on Delivery,19976.47
524,178,1,16,89,2025-08-28,2025-09-04,Delivered,Net Banking,19805.04
525,658,4,10,5,2026-02-08,2026-02-13,Delivered,UPI,16925.67
526,799,4,2,99,2025-12-04,2025-12-11,Delivered,Cash on Delivery,18751.11
527,953,5,4,99,2026-03-30,2026-04-05,Delivered,UPI,42011.1
528,650,3,13,7,2025-09-09,2025-09-10,Delivered,Net Banking,5905.42
529,579,2,5,42,2026-07-05,2026-07-07,Delivered,UPI,31069.64
530,690,5,13,58,2026-03-29,,Pending,Net Banking,23322.71
531,93,2,8,56,2026-02-22,2026-02-26,Delivered,Credit Card,49900.88
532,345,5,3,61,2026-07-16,2026-07-17,Delivered,Cash on Delivery,30963.82
533,269,2,3,52,2026-06-07,2026-06-14,Delivered,Credit Card,11429.19
534,493,5,18,26,2026-05-14,2026-05-20,Delivered,Credit Card,4700.05
535,575,1,20,95,2026-06-13,2026-06-15,Delivered,Debit Card,44033.13
536,796,1,14,42,2026-05-21,2026-05-26,Delivered,UPI,2675.38
537,688,3,14,55,2025-12-30,2026-01-01,Delivered,Debit Card,42914.71
538,609,5,1,99,2025-10-03,2025-10-06,Delivered,Cash on Delivery,28949.22
539,639,2,5,57,2025-12-28,2026-01-04,Delivered,Credit Card,5485.68
540,702,1,12,20,2026-01-19,,Pending,UPI,21987.34
541,758,2,2,32,2025-09-05,,Pending,Debit Card,18226.08
542,15,3,11,89,2025-10-31,,Pending,Cash on Delivery,38642.62
543,483,2,1,43,2026-01-11,2026-01-16,Delivered,Credit Card,61070.11
544,560,5,17,97,2026-02-26,2026-03-02,Delivered,Credit Card,11271.7
545,712,5,1,49,2025-11-22,2025-11-28,Delivered,UPI,17183.92
546,262,5,6,8,2026-05-24,2026-05-31,Delivered,Debit Card,28213.08
547,55,1,15,84,2025-09-07,,Pending,Cash on Delivery,35378.35
548,677,3,9,85,2025-07-27,,Pending,UPI,25511.3
549,20,5,10,84,2025-08-24,2025-08-28,Delivered,UPI,7839.26
550,926,5,11,63,2025-10-08,,Pending,UPI,38180.79
551,191,5,7,65,2025-09-25,,Cancelled,UPI,25060.1
552,41,4,8,68,2026-04-10,2026-04-14,Delivered,Credit Card,10912.84
553,19,3,12,88,2026-02-08,2026-02-14,Delivered,Credit Card,3652.47
554,514,1,9,8,2026-05-30,2026-06-03,Delivered,Net Banking,19451.2
555,972,2,9,29,2025-09-25,2025-09-29,Delivered,UPI,20701.83
556,748,5,13,67,2025-10-13,,Cancelled,Credit Card,24900.16
557,428,5,8,74,2026-07-11,2026-07-14,Delivered,Debit Card,38973.6
558,460,5,18,17,2025-10-22,2025-10-24,Delivered,Net Banking,5501.06
559,701,5,7,18,2026-05-01,2026-05-07,Delivered,Credit Card,16141.89
560,441,2,5,84,2026-03-20,,Pending,Debit Card,45603.88
561,70,1,18,69,2025-09-24,,Pending,Credit Card,41359.74
562,326,4,5,94,2025-09-03,2025-09-06,Delivered,Cash on Delivery,59071.09
563,311,3,15,96,2026-04-14,,Pending,Credit Card,5098.64
564,798,5,7,14,2026-02-21,2026-02-22,Delivered,Net Banking,39496.92
565,274,2,20,73,2026-06-21,2026-06-26,Delivered,Credit Card,6125.4
566,704,4,1,46,2026-02-09,2026-02-16,Delivered,Credit Card,42252.54
567,515,2,20,61,2026-05-06,2026-05-09,Delivered,Cash on Delivery,42429.72
568,504,1,16,18,2025-10-21,2025-10-23,Delivered,Cash on Delivery,28617.08
569,783,2,1,35,2025-12-09,,Cancelled,Credit Card,40914.79
570,776,5,7,9,2026-07-10,2026-07-14,Delivered,Cash on Delivery,6666.12
571,705,4,11,59,2025-10-07,,Pending,Cash on Delivery,6656.28
572,795,3,2,78,2026-01-22,2026-01-26,Delivered,Cash on Delivery,14761.95
573,627,1,19,77,2026-05-09,2026-05-15,Delivered,Net Banking,39744.89
574,112,1,15,59,2026-03-17,,Pending,Credit Card,24060.27
575,532,1,18,51,2026-05-05,,Cancelled,Net Banking,35988.99
576,397,2,17,98,2026-06-24,2026-06-25,Delivered,Debit Card,35128.04
577,451,3,13,39,2025-08-20,,Pending,Cash on Delivery,2746.4
578,171,5,14,38,2026-02-17,2026-02-18,Delivered,Credit Card,35622.25
579,475,2,15,12,2026-01-28,2026-01-29,Delivered,Net Banking,27111.16
580,961,4,18,18,2025-11-30,2025-12-03,Delivered,UPI,23494.8
581,184,2,15,76,2026-04-28,,Pending,Cash on Delivery,23995.88
582,93,2,9,42,2026-07-26,2026-08-01,Delivered,UPI,32418.75
583,94,1,4,91,2026-05-19,2026-05-22,Delivered,Net Banking,34529.77
584,725,5,13,94,2026-05-08,,Pending,Net Banking,11681.65
585,973,2,6,49,2026-04-24,2026-04-25,Delivered,Debit Card,56721.65
586,580,2,5,21,2025-08-03,,Pending,UPI,96644.05
587,430,3,10,40,2025-12-31,2026-01-04,Delivered,Credit Card,11504.8
588,121,3,5,26,2026-07-09,2026-07-16,Delivered,UPI,24261.16
589,470,5,16,64,2026-01-30,2026-01-31,Delivered,Cash on Delivery,25416.46
590,244,4,7,76,2026-02-03,2026-02-07,Delivered,Cash on Delivery,27138.58
591,82,3,20,77,2025-12-23,2025-12-28,Delivered,Net Banking,9541.82
592,644,1,18,27,2025-09-01,2025-09-03,Delivered,Debit Card,47261.33
593,38,5,5,5,2026-04-05,2026-04-12,Delivered,Debit Card,22647.12
594,340,2,3,7,2025-08-12,2025-08-14,Delivered,Debit Card,40863.8
595,626,2,20,74,2026-01-07,,Pending,Cash on Delivery,34347.03
596,768,1,19,47,2026-05-16,,Pending,Debit Card,14951.38
597,331,4,12,49,2026-03-28,,Pending,Net Banking,63534.64
598,67,3,10,61,2026-05-03,2026-05-09,Delivered,Debit Card,31321.68
599,540,5,14,68,2025-12-17,2025-12-19,Delivered,UPI,20418.95
600,112,5,19,94,2026-06-12,,Cancelled,UPI,8926.5
601,496,3,20,91,2026-03-10,2026-03-15,Delivered,Debit Card,20692.59
602,539,5,19,80,2025-09-29,2025-10-01,Delivered,Net Banking,26310.81
603,509,2,17,94,2025-07-29,2025-08-02,Delivered,Net Banking,21312.7
604,239,4,10,25,2026-03-30,2026-03-31,Delivered,UPI,28519.06
605,756,4,7,79,2026-07-11,,Cancelled,UPI,24350.81
606,342,2,12,72,2026-07-24,,Pending,UPI,9680.42
607,656,1,7,89,2026-02-21,2026-02-28,Delivered,Debit Card,15468.78
608,308,1,17,71,2026-02-14,2026-02-15,Delivered,Debit Card,24656.05
609,350,2,13,93,2025-09-04,2025-09-05,Delivered,Credit Card,37615.74
610,339,1,11,87,2026-06-24,2026-06-28,Delivered,Credit Card,3529.21
611,494,5,5,81,2026-04-07,2026-04-14,Delivered,Debit Card,6554.24
612,474,3,14,96,2026-06-07,2026-06-12,Delivered,Net Banking,31295.89
613,743,5,11,72,2025-11-07,2025-11-09,Delivered,Debit Card,734.08
614,819,3,12,9,2025-10-31,,Cancelled,UPI,36364.41
615,348,5,13,81,2026-05-22,2026-05-24,Delivered,Net Banking,13144.98
616,399,3,6,77,2025-08-25,2025-09-01,Delivered,Debit Card,13386.21
617,727,2,2,35,2026-03-25,2026-03-29,Delivered,Debit Card,55846.68
618,463,1,10,28,2025-09-14,2025-09-16,Delivered,Debit Card,31834.7
619,804,4,2,100,2026-01-24,2026-01-25,Delivered,Net Banking,48416.5
620,26,4,16,65,2026-03-19,2026-03-22,Delivered,Net Banking,43748.41
621,318,1,11,19,2026-01-15,,Pending,Net Banking,27049.87
622,693,4,5,27,2026-01-02,2026-01-06,Delivered,Net Banking,36167.6
623,119,5,1,40,2025-09-10,,Pending,UPI,13270.93
624,342,3,15,6,2026-01-21,2026-01-28,Delivered,UPI,23801.98
625,592,3,10,82,2026-07-18,,Pending,Credit Card,16917.75
626,198,4,10,36,2026-02-07,2026-02-14,Delivered,UPI,57899.26
627,280,5,5,21,2026-04-22,2026-04-23,Delivered,Net Banking,27411.01
628,527,3,4,27,2025-09-07,2025-09-12,Delivered,Debit Card,39277.66
629,145,3,10,74,2025-12-10,2025-12-11,Delivered,Net Banking,6388.92
630,914,1,11,70,2026-03-14,2026-03-16,Delivered,Cash on Delivery,81494.13
631,925,4,2,14,2026-01-05,2026-01-06,Delivered,Cash on Delivery,59419.83
632,184,4,20,76,2026-03-09,2026-03-15,Delivered,Net Banking,24434.33
633,365,5,10,43,2026-06-23,,Pending,UPI,46425.44
634,998,4,15,73,2026-02-19,2026-02-26,Delivered,UPI,33358.58
635,467,4,10,88,2026-04-02,2026-04-09,Delivered,Cash on Delivery,4145.76
636,238,5,8,19,2025-10-30,,Pending,Debit Card,37537.2
637,935,3,12,51,2026-02-22,2026-02-28,Delivered,Debit Card,37835.65
638,465,3,16,4,2026-04-22,2026-04-23,Delivered,Cash on Delivery,48747.97
639,473,5,6,37,2025-11-20,,Pending,Net Banking,15722.79
640,131,1,17,14,2025-12-09,2025-12-15,Delivered,Debit Card,36676.06
641,570,5,3,39,2026-04-09,2026-04-13,Delivered,Cash on Delivery,39892.3
642,245,4,20,32,2026-02-05,2026-02-09,Delivered,UPI,20600.84
643,349,4,7,89,2025-10-04,2025-10-11,Delivered,Net Banking,37015.53
644,807,1,11,70,2026-05-08,2026-05-10,Delivered,Net Banking,20648.76
645,857,3,16,15,2026-04-15,2026-04-19,Delivered,Net Banking,11179.12
646,100,1,15,23,2025-08-02,2025-08-06,Delivered,Net Banking,36111.58
647,112,3,20,99,2026-05-01,,Pending,Cash on Delivery,36723.36
648,661,5,2,12,2026-06-11,2026-06-13,Delivered,UPI,66625.45
649,776,3,5,85,2026-05-07,2026-05-12,Delivered,Cash on Delivery,44277.06
650,631,3,19,58,2025-09-23,2025-09-29,Delivered,Debit Card,36436.47
651,584,1,10,56,2026-04-25,2026-04-28,Delivered,Net Banking,6269.48
652,9,3,20,66,2025-12-25,2025-12-27,Delivered,UPI,7682.71
653,379,3,18,7,2025-12-20,2025-12-25,Delivered,UPI,22296.41
654,882,5,10,4,2025-12-17,2025-12-23,Delivered,Cash on Delivery,36685.2
655,641,4,11,92,2026-04-23,2026-04-27,Delivered,Net Banking,2229.18
656,217,4,6,61,2026-06-11,2026-06-16,Delivered,Debit Card,46289.25
657,861,2,14,20,2025-12-29,2026-01-05,Delivered,Credit Card,14381.62
658,12,4,3,83,2026-02-19,2026-02-25,Delivered,Cash on Delivery,46501.52
659,999,4,5,11,2025-12-23,2025-12-30,Delivered,Cash on Delivery,12712.66
660,916,5,20,55,2026-05-19,2026-05-23,Delivered,Cash on Delivery,20030.14
661,566,4,15,50,2025-10-01,2025-10-03,Delivered,Net Banking,16707.64
662,8,2,19,64,2026-03-21,,Pending,Net Banking,7296.99
663,276,1,14,70,2026-06-29,2026-06-30,Delivered,Net Banking,31318.68
664,495,1,12,15,2025-12-11,2025-12-17,Delivered,Credit Card,39811.62
665,748,4,17,97,2026-03-07,,Pending,Net Banking,7186.12
666,81,1,17,79,2026-06-14,2026-06-18,Delivered,Net Banking,52435.82
667,818,5,19,40,2025-09-01,2025-09-04,Delivered,UPI,38077.72
668,481,5,15,66,2025-09-18,,Pending,Debit Card,30085.33
669,432,5,12,38,2025-11-29,2025-11-30,Delivered,Debit Card,19335.98
670,745,5,19,34,2026-01-17,2026-01-21,Delivered,Credit Card,29279.84
671,587,5,2,85,2025-10-14,,Cancelled,UPI,14985.83
672,294,3,16,11,2025-11-23,2025-11-24,Delivered,Debit Card,36219.99
673,136,1,20,36,2026-03-23,2026-03-26,Delivered,UPI,45404.95
674,619,4,6,76,2026-02-08,2026-02-14,Delivered,Debit Card,6404.7
675,828,2,6,34,2026-03-14,,Pending,Cash on Delivery,39938.15
676,186,2,17,5,2026-03-03,2026-03-04,Delivered,Net Banking,36813.06
677,957,4,5,64,2026-07-08,,Pending,Cash on Delivery,13490.2
678,244,5,15,93,2025-09-28,2025-09-30,Delivered,Debit Card,40966.67
679,56,1,9,97,2025-12-07,,Pending,Credit Card,4396.17
680,476,5,13,61,2025-11-30,2025-12-06,Delivered,Credit Card,22216.84
681,389,4,13,61,2025-10-21,2025-10-26,Delivered,UPI,11659.64
682,296,1,15,49,2026-03-17,2026-03-22,Delivered,UPI,22764.36
683,940,4,18,82,2025-11-09,2025-11-16,Delivered,Net Banking,25444.38
684,941,1,9,43,2026-04-13,2026-04-20,Delivered,Debit Card,21463.01
685,671,2,19,51,2026-01-11,2026-01-17,Delivered,Net Banking,12182.9
686,789,2,7,67,2026-03-27,2026-04-02,Delivered,Debit Card,41476.58
687,561,1,1,87,2026-03-31,2026-04-01,Delivered,Cash on Delivery,27484.32
688,101,2,17,14,2025-07-30,2025-08-02,Delivered,Debit Card,27436.8
689,258,1,7,5,2026-05-19,2026-05-20,Delivered,Net Banking,62594.0
690,673,1,7,77,2026-01-15,2026-01-21,Delivered,UPI,16052.44
691,877,5,20,17,2026-05-09,2026-05-16,Delivered,Credit Card,20738.48
692,918,4,4,90,2025-11-19,2025-11-22,Delivered,UPI,15621.42
693,655,3,15,36,2026-07-06,,Pending,Debit Card,18961.98
694,166,4,3,36,2025-09-18,,Pending,Cash on Delivery,23038.99
695,341,3,2,34,2026-03-08,,Cancelled,Credit Card,11334.0
696,452,2,3,63,2026-06-26,,Cancelled,Net Banking,26248.31
697,403,5,6,83,2026-03-20,2026-03-22,Delivered,Cash on Delivery,30305.64
698,224,3,20,83,2025-08-04,2025-08-08,Delivered,UPI,3205.12
699,36,4,3,10,2026-01-15,2026-01-18,Delivered,UPI,39626.67
700,919,1,16,20,2025-11-08,2025-11-09,Delivered,Cash on Delivery,43458.96
701,273,5,5,90,2026-03-27,2026-03-31,Delivered,UPI,72649.73
702,528,1,16,62,2026-01-27,2026-02-03,Delivered,Net Banking,44695.37
703,232,4,1,50,2025-09-20,,Cancelled,UPI,19157.86
704,581,4,18,46,2026-05-20,2026-05-23,Delivered,UPI,33130.19
705,648,1,3,47,2026-03-23,2026-03-26,Delivered,Cash on Delivery,5067.92
706,779,1,10,83,2026-01-03,2026-01-08,Delivered,Cash on Delivery,41885.37
707,677,3,7,39,2026-01-07,2026-01-08,Delivered,Cash on Delivery,34652.46
708,87,2,15,95,2026-03-13,2026-03-14,Delivered,UPI,34994.17
709,738,5,19,31,2025-11-22,2025-11-23,Delivered,Debit Card,8882.47
710,512,1,18,58,2025-08-20,,Cancelled,UPI,31401.94
711,348,1,2,44,2026-05-19,,Pending,Cash on Delivery,26535.36
712,122,5,7,84,2026-01-13,2026-01-17,Delivered,Credit Card,8843.76
713,759,1,19,30,2026-03-06,,Pending,Credit Card,37677.36
714,501,5,1,61,2026-03-24,,Pending,UPI,13669.08
715,249,3,5,2,2025-12-27,2025-12-28,Delivered,UPI,29993.78
716,468,1,20,22,2026-01-31,,Pending,UPI,20100.98
717,117,2,16,77,2025-08-04,,Pending,UPI,26705.44
718,824,4,7,55,2026-03-02,2026-03-09,Delivered,Debit Card,23209.04
719,124,2,19,70,2025-07-28,2025-08-04,Delivered,UPI,5303.79
720,608,2,6,43,2026-02-26,2026-03-01,Delivered,Cash on Delivery,8321.17
721,173,5,12,71,2026-05-26,2026-05-28,Delivered,UPI,30756.44
722,137,2,4,81,2026-03-15,2026-03-22,Delivered,UPI,1338.8
723,901,1,16,11,2026-01-20,2026-01-22,Delivered,Net Banking,12029.14
724,909,4,10,54,2025-11-23,2025-11-30,Delivered,Credit Card,33130.38
725,212,4,5,82,2026-04-19,2026-04-23,Delivered,Credit Card,16834.12
726,961,2,6,79,2026-04-16,2026-04-21,Delivered,Cash on Delivery,28940.34
727,627,3,3,81,2026-02-05,,Pending,Debit Card,13086.0
728,429,5,1,72,2025-11-02,2025-11-03,Delivered,UPI,20329.68
729,634,5,12,98,2026-03-01,,Cancelled,Credit Card,16230.78
730,476,2,7,36,2025-12-10,2025-12-11,Delivered,Cash on Delivery,1805.2
731,510,1,6,21,2026-04-19,2026-04-20,Delivered,Debit Card,6440.73
732,292,4,7,56,2026-03-23,2026-03-28,Delivered,UPI,10736.76
733,107,1,2,69,2026-06-22,2026-06-29,Delivered,Cash on Delivery,18648.05
734,528,4,4,10,2026-03-05,,Pending,Net Banking,33330.51
735,594,3,11,54,2025-11-14,2025-11-20,Delivered,Credit Card,15084.39
736,798,4,4,42,2025-12-31,2026-01-02,Delivered,Credit Card,7867.15
737,385,1,8,10,2025-11-11,2025-11-15,Delivered,Cash on Delivery,22811.14
738,149,3,7,79,2025-08-25,2025-08-29,Delivered,Credit Card,8035.13
739,469,2,7,81,2026-02-09,2026-02-12,Delivered,Debit Card,43928.56
740,131,2,2,89,2025-10-10,2025-10-13,Delivered,UPI,24795.55
741,873,3,15,59,2026-06-03,2026-06-10,Delivered,Credit Card,31469.35
742,908,5,10,78,2026-03-20,2026-03-27,Delivered,Credit Card,26915.76
743,592,5,18,30,2026-06-03,2026-06-10,Delivered,Cash on Delivery,33231.1
744,883,3,7,76,2026-02-07,2026-02-11,Delivered,UPI,28514.13
745,748,2,14,95,2026-06-20,,Pending,Debit Card,5447.56
746,445,5,19,29,2025-11-21,,Pending,Credit Card,11781.55
747,936,1,19,1,2025-09-08,2025-09-09,Delivered,Cash on Delivery,23565.74
748,752,4,17,5,2026-01-02,2026-01-06,Delivered,UPI,48079.66
749,464,1,16,31,2026-01-22,2026-01-29,Delivered,Cash on Delivery,43881.74
750,973,1,7,17,2025-10-29,2025-10-31,Delivered,UPI,13091.93
751,492,5,10,21,2025-11-16,2025-11-23,Delivered,Net Banking,47788.6
752,25,4,15,60,2026-06-17,,Pending,Credit Card,1440.1
753,809,1,12,81,2026-01-20,2026-01-26,Delivered,UPI,17504.62
754,395,3,11,68,2026-02-13,2026-02-17,Delivered,Net Banking,16614.11
755,556,1,19,27,2026-03-28,,Pending,Net Banking,19822.89
756,902,5,11,95,2025-12-07,,Pending,Debit Card,8449.64
757,910,5,2,15,2025-10-15,2025-10-19,Delivered,UPI,30730.72
758,375,1,12,23,2025-12-28,2026-01-03,Delivered,Net Banking,30498.18
759,727,2,7,18,2026-05-07,,Cancelled,Net Banking,5704.93
760,117,5,16,95,2026-03-09,,Pending,Credit Card,33795.82
761,772,5,8,42,2026-02-20,2026-02-23,Delivered,Cash on Delivery,47364.81
762,284,4,2,9,2026-06-05,2026-06-09,Delivered,Net Banking,21429.21
763,540,5,4,61,2026-02-19,2026-02-25,Delivered,Debit Card,11965.84
764,463,1,20,48,2025-09-06,,Pending,Credit Card,2388.1
765,914,3,15,12,2025-12-21,2025-12-23,Delivered,UPI,5327.62
766,112,4,6,36,2025-11-17,2025-11-19,Delivered,Credit Card,36889.84
767,896,1,7,67,2026-05-24,,Cancelled,Debit Card,31365.64
768,427,4,18,17,2026-03-10,2026-03-14,Delivered,UPI,30248.22
769,299,2,7,9,2026-02-19,2026-02-26,Delivered,Net Banking,38000.35
770,661,3,11,53,2025-08-06,2025-08-12,Delivered,Cash on Delivery,35736.1
771,608,5,17,71,2025-11-07,2025-11-10,Delivered,Credit Card,1852.13
772,920,2,10,22,2025-11-16,,Pending,Cash on Delivery,32580.4
773,381,2,10,99,2025-11-26,,Pending,Debit Card,22434.38
774,292,5,15,22,2025-07-30,2025-08-01,Delivered,Debit Card,46010.8
775,187,2,6,91,2026-05-30,2026-06-05,Delivered,Credit Card,64551.57
776,244,5,4,6,2026-03-18,,Cancelled,Credit Card,42135.54
777,452,1,9,48,2025-09-29,2025-10-04,Delivered,Debit Card,13047.36
778,353,5,5,48,2026-04-10,2026-04-12,Delivered,Debit Card,30541.79
779,125,2,1,52,2026-04-01,,Pending,Cash on Delivery,4105.5
780,951,5,11,20,2026-02-11,2026-02-17,Delivered,Net Banking,13827.74
781,340,5,10,61,2026-06-05,,Pending,Credit Card,23651.64
782,819,4,19,94,2025-12-27,,Pending,Debit Card,76748.01
783,706,2,4,94,2026-07-02,2026-07-03,Delivered,Net Banking,22200.16
784,120,2,10,4,2025-07-30,2025-08-06,Delivered,Cash on Delivery,22452.12
785,366,2,3,42,2025-11-30,2025-12-06,Delivered,Net Banking,13015.9
786,540,1,8,99,2025-10-01,2025-10-02,Delivered,Net Banking,7451.43
787,870,5,15,87,2025-09-10,2025-09-11,Delivered,Cash on Delivery,21415.35
788,200,1,16,41,2026-06-16,2026-06-21,Delivered,Debit Card,14904.9
789,408,3,5,92,2026-07-06,,Pending,Cash on Delivery,8757.52
790,382,4,1,37,2025-08-08,2025-08-11,Delivered,Net Banking,56174.17
791,90,4,7,94,2025-09-28,,Pending,Cash on Delivery,27691.27
792,296,4,6,94,2025-12-28,,Cancelled,Cash on Delivery,12275.97
793,143,3,19,77,2025-09-19,2025-09-21,Delivered,Cash on Delivery,14475.65
794,889,4,17,43,2026-01-21,2026-01-26,Delivered,UPI,24786.84
795,7,4,14,82,2025-08-11,,Pending,Credit Card,31053.16
796,570,2,15,91,2025-12-28,2025-12-30,Delivered,Credit Card,13537.45
797,853,3,13,38,2025-12-29,2025-12-30,Delivered,Net Banking,22814.95
798,312,1,16,72,2025-11-16,2025-11-18,Delivered,UPI,53691.87
799,158,4,9,39,2026-02-26,,Cancelled,UPI,29307.32
800,670,2,10,54,2026-03-17,2026-03-23,Delivered,UPI,49561.88
801,123,1,9,64,2026-07-12,,Cancelled,Net Banking,53587.84
802,764,3,12,75,2025-08-19,2025-08-23,Delivered,Cash on Delivery,15563.43
803,998,1,4,48,2025-08-03,2025-08-08,Delivered,Debit Card,7898.12
804,167,2,19,8,2026-06-18,2026-06-22,Delivered,Debit Card,33518.96
805,168,3,2,35,2026-02-23,2026-03-01,Delivered,UPI,13565.43
806,297,5,10,68,2025-10-04,2025-10-05,Delivered,Credit Card,30904.41
807,785,2,6,98,2025-11-09,2025-11-16,Delivered,Net Banking,8960.16
808,331,3,11,88,2026-02-19,,Pending,Debit Card,41430.02
809,99,1,18,75,2026-06-15,2026-06-17,Delivered,Credit Card,31813.0
810,531,4,10,48,2025-11-02,,Pending,Debit Card,12803.75
811,944,2,6,14,2025-12-13,2025-12-18,Delivered,Credit Card,2598.33
812,815,5,18,79,2026-02-13,2026-02-18,Delivered,Net Banking,27841.97
813,720,1,4,54,2025-09-05,2025-09-06,Delivered,Credit Card,34306.12
814,946,3,1,62,2026-05-22,2026-05-28,Delivered,Credit Card,25859.87
815,837,2,15,77,2025-10-20,2025-10-23,Delivered,Debit Card,18734.64
816,30,2,4,29,2025-07-27,2025-08-02,Delivered,Credit Card,24936.96
817,315,4,5,27,2026-02-28,2026-03-01,Delivered,UPI,44273.39
818,80,1,1,100,2026-07-02,2026-07-06,Delivered,Credit Card,2571.04
819,111,4,2,85,2026-02-21,2026-02-22,Delivered,UPI,41773.68
820,931,1,9,6,2026-03-06,2026-03-12,Delivered,UPI,42837.02
821,802,2,4,78,2026-02-27,2026-03-01,Delivered,Debit Card,17981.85
822,30,3,3,19,2025-10-08,,Pending,Net Banking,31493.75
823,357,5,12,21,2026-07-01,,Pending,Credit Card,35455.03
824,518,1,19,9,2026-04-11,2026-04-16,Delivered,Net Banking,44683.65
825,223,5,7,37,2026-06-04,2026-06-11,Delivered,UPI,57697.28
826,997,4,4,28,2025-08-11,,Pending,Debit Card,19427.19
827,715,2,19,24,2025-12-02,2025-12-03,Delivered,Debit Card,11304.16
828,389,1,14,28,2026-01-30,2026-02-03,Delivered,Debit Card,68672.45
829,127,3,15,15,2025-11-22,2025-11-26,Delivered,Debit Card,43129.99
830,571,4,2,11,2026-04-11,2026-04-12,Delivered,Debit Card,9661.78
831,468,4,20,95,2026-06-08,2026-06-15,Delivered,Credit Card,3974.94
832,568,4,14,38,2026-02-22,,Cancelled,Credit Card,43290.42
833,878,3,3,61,2026-02-26,,Pending,Credit Card,29260.28
834,14,5,16,87,2025-10-27,2025-10-31,Delivered,UPI,19634.1
835,123,1,5,51,2026-03-24,2026-03-29,Delivered,Credit Card,18434.66
836,67,4,12,26,2026-03-15,2026-03-20,Delivered,UPI,17505.72
837,239,5,14,93,2026-05-09,2026-05-16,Delivered,Net Banking,37962.03
838,280,4,13,46,2026-01-26,2026-01-31,Delivered,Cash on Delivery,14060.76
839,524,1,9,19,2025-11-05,,Pending,UPI,2916.37
840,257,1,16,64,2026-06-15,2026-06-17,Delivered,UPI,22443.79
841,756,2,2,9,2026-06-23,2026-06-24,Delivered,Cash on Delivery,48721.62
842,620,1,11,20,2026-05-11,2026-05-16,Delivered,UPI,27842.37
843,677,2,17,99,2025-09-06,2025-09-10,Delivered,Debit Card,45009.42
844,678,3,16,63,2026-02-26,2026-03-03,Delivered,Net Banking,7155.36
845,560,1,1,98,2025-12-09,2025-12-13,Delivered,Cash on Delivery,3495.94
846,461,1,11,49,2026-01-04,2026-01-05,Delivered,Credit Card,24681.02
847,571,2,10,91,2026-06-28,2026-07-02,Delivered,Debit Card,9810.63
848,733,5,13,63,2025-10-26,,Pending,Cash on Delivery,51555.24
849,676,4,18,88,2025-08-01,2025-08-05,Delivered,Net Banking,39572.08
850,875,4,6,65,2025-09-23,2025-09-26,Delivered,Net Banking,16798.37
851,995,3,13,79,2026-07-21,2026-07-28,Delivered,Debit Card,18343.02
852,63,3,1,76,2026-01-16,2026-01-23,Delivered,Debit Card,36489.1
853,829,3,19,4,2026-05-29,,Pending,Cash on Delivery,45757.95
854,100,4,14,45,2025-12-17,,Cancelled,Debit Card,791.88
855,58,5,8,32,2026-07-17,2026-07-20,Delivered,UPI,44373.96
856,933,1,3,40,2025-07-31,2025-08-02,Delivered,Net Banking,14085.34
857,334,5,2,59,2025-08-14,2025-08-18,Delivered,Net Banking,25737.17
858,924,5,14,35,2025-07-27,2025-07-31,Delivered,UPI,23837.74
859,325,1,13,74,2025-10-17,2025-10-22,Delivered,Cash on Delivery,19329.54
860,103,3,7,44,2025-08-13,2025-08-20,Delivered,Credit Card,43859.24
861,630,2,10,47,2026-04-16,,Cancelled,Cash on Delivery,45692.84
862,651,1,3,69,2025-12-07,2025-12-10,Delivered,Debit Card,29548.69
863,588,5,13,29,2026-05-02,2026-05-03,Delivered,UPI,37864.42
864,607,5,11,35,2025-12-25,2026-01-01,Delivered,Cash on Delivery,3167.52
865,438,3,7,45,2026-05-18,,Pending,Net Banking,32743.92
866,824,2,10,56,2026-04-16,2026-04-19,Delivered,Cash on Delivery,62072.8
867,412,5,9,80,2025-12-30,2026-01-05,Delivered,Credit Card,15853.95
868,903,2,1,81,2025-09-04,2025-09-11,Delivered,Net Banking,64297.18
869,512,4,7,85,2026-03-13,,Cancelled,Debit Card,17805.29
870,960,4,18,79,2026-07-07,,Pending,Net Banking,16141.89
871,745,2,2,67,2026-06-29,2026-07-03,Delivered,Credit Card,90683.35
872,155,1,10,56,2026-05-25,2026-06-01,Delivered,Credit Card,45809.01
873,867,2,14,35,2026-03-15,,Pending,Debit Card,56370.93
874,704,2,20,31,2025-12-12,2025-12-13,Delivered,Credit Card,17531.32
875,29,4,8,40,2026-04-03,2026-04-08,Delivered,Cash on Delivery,26251.48
876,663,1,2,26,2025-10-13,2025-10-15,Delivered,Debit Card,81888.58
877,809,1,9,85,2025-08-02,2025-08-08,Delivered,Cash on Delivery,75449.28
878,802,1,1,8,2026-07-15,,Pending,Debit Card,19871.39
879,617,4,10,9,2025-12-12,,Pending,Debit Card,34654.09
880,688,2,3,51,2025-12-24,,Pending,Credit Card,33638.27
881,115,5,19,95,2025-11-17,2025-11-18,Delivered,Net Banking,10332.93
882,973,2,17,33,2025-09-02,2025-09-03,Delivered,Net Banking,1661.76
883,126,4,11,43,2026-02-28,,Pending,Credit Card,21453.2
884,958,2,14,28,2025-11-05,2025-11-07,Delivered,Debit Card,21492.81
885,451,1,14,33,2026-05-20,,Pending,Cash on Delivery,53464.21
886,547,3,12,90,2026-03-03,,Pending,Net Banking,6671.14
887,434,2,16,88,2025-10-09,2025-10-12,Delivered,Debit Card,13673.91
888,487,1,12,40,2026-06-12,2026-06-17,Delivered,UPI,37352.76
889,708,3,8,33,2026-01-13,2026-01-16,Delivered,UPI,8286.21
890,548,3,8,57,2026-02-22,2026-02-26,Delivered,Debit Card,11854.5
891,93,4,8,39,2026-04-11,2026-04-13,Delivered,Debit Card,33073.6
892,901,4,14,5,2026-06-20,2026-06-21,Delivered,Cash on Delivery,38385.37
893,755,1,14,43,2026-07-10,2026-07-17,Delivered,Credit Card,63633.98
894,716,5,9,65,2025-11-18,2025-11-22,Delivered,Net Banking,24885.65
895,756,1,11,59,2026-01-10,2026-01-17,Delivered,Credit Card,23590.56
896,646,2,15,83,2026-01-17,2026-01-21,Delivered,Debit Card,41044.62
897,322,5,19,11,2026-03-05,2026-03-07,Delivered,Credit Card,24420.92
898,868,4,20,88,2025-08-16,2025-08-19,Delivered,Cash on Delivery,42688.0
899,895,3,5,34,2026-02-07,2026-02-12,Delivered,Debit Card,22182.58
900,204,4,3,54,2026-05-18,2026-05-22,Delivered,Net Banking,22611.11
901,230,5,1,3,2026-01-29,,Pending,Credit Card,3324.24
902,929,2,3,60,2026-07-16,2026-07-22,Delivered,UPI,13847.05
903,411,1,20,55,2026-05-03,2026-05-05,Delivered,Debit Card,48398.75
904,175,4,19,16,2026-07-16,2026-07-21,Delivered,Cash on Delivery,44582.4
905,848,2,16,16,2025-08-03,2025-08-05,Delivered,Debit Card,40867.26
906,295,2,16,49,2026-04-06,2026-04-13,Delivered,Net Banking,24219.64
907,221,2,10,94,2025-09-10,2025-09-14,Delivered,Cash on Delivery,1220.06
908,812,2,5,4,2026-02-18,2026-02-21,Delivered,Net Banking,21143.44
909,462,4,8,48,2026-01-26,2026-02-01,Delivered,UPI,38648.95
910,11,4,16,18,2025-09-27,,Pending,Credit Card,12902.66
911,731,3,13,91,2026-01-03,2026-01-08,Delivered,UPI,3554.56
912,98,4,18,8,2026-07-03,2026-07-05,Delivered,Debit Card,34523.27
913,621,1,20,91,2026-04-02,2026-04-03,Delivered,Debit Card,13152.46
914,517,3,20,49,2026-06-04,2026-06-08,Delivered,Credit Card,9385.2
915,992,2,18,6,2025-08-09,2025-08-12,Delivered,Net Banking,16542.55
916,505,5,11,60,2025-08-08,2025-08-11,Delivered,Cash on Delivery,52899.35
917,146,4,9,15,2025-09-08,2025-09-10,Delivered,Debit Card,24257.68
918,766,5,12,56,2026-03-29,2026-04-01,Delivered,Debit Card,30713.61
919,530,3,11,56,2026-05-14,,Pending,Cash on Delivery,10779.18
920,783,4,5,72,2025-10-14,,Pending,UPI,3636.36
921,194,4,5,7,2026-01-09,2026-01-10,Delivered,Debit Card,21567.84
922,168,1,15,56,2025-12-18,2025-12-22,Delivered,Cash on Delivery,19915.07
923,366,2,18,63,2026-07-07,2026-07-08,Delivered,UPI,41154.67
924,358,2,3,27,2026-04-20,,Pending,Credit Card,31523.9
925,768,5,17,35,2025-09-12,2025-09-18,Delivered,Credit Card,31119.65
926,598,2,1,68,2025-08-14,,Pending,Cash on Delivery,41167.76
927,943,1,3,32,2025-10-24,,Pending,Debit Card,7920.53
928,27,1,10,88,2025-11-09,,Cancelled,Cash on Delivery,5219.91
929,383,2,19,14,2026-07-18,,Pending,UPI,16994.76
930,84,3,15,91,2025-11-18,2025-11-22,Delivered,Net Banking,4311.75
931,674,5,1,43,2025-11-21,,Cancelled,Cash on Delivery,30993.74
932,333,3,19,17,2025-11-01,2025-11-02,Delivered,Debit Card,53020.71
933,818,4,2,96,2025-09-16,2025-09-21,Delivered,UPI,43795.65
934,409,4,9,23,2026-03-17,2026-03-24,Delivered,UPI,17970.66
935,22,3,7,21,2026-03-15,2026-03-19,Delivered,Credit Card,5341.18
936,124,3,10,63,2026-07-26,,Pending,Net Banking,10324.38
937,135,5,12,86,2025-08-12,2025-08-15,Delivered,Credit Card,24819.39
938,502,5,15,50,2025-12-26,2025-12-31,Delivered,Cash on Delivery,44742.93
939,93,4,14,48,2026-01-30,2026-02-03,Delivered,UPI,30743.56
940,42,2,17,44,2025-11-10,,Cancelled,Credit Card,36577.27
941,954,1,16,68,2026-04-11,2026-04-16,Delivered,Debit Card,13188.51
942,480,4,14,11,2025-12-07,,Pending,Debit Card,24590.64
943,153,2,5,88,2026-01-06,,Pending,Net Banking,44974.67
944,438,1,10,73,2026-02-28,2026-03-01,Delivered,Net Banking,14615.53
945,111,5,17,55,2026-07-12,2026-07-16,Delivered,Debit Card,620.73
946,364,1,9,75,2026-07-22,2026-07-27,Delivered,UPI,15087.09
947,759,4,15,23,2025-12-29,,Pending,UPI,14117.96
948,86,4,14,91,2026-06-09,2026-06-14,Delivered,Cash on Delivery,44721.76
949,639,2,9,44,2026-07-17,,Cancelled,Credit Card,10670.78
950,190,3,3,96,2025-12-19,,Cancelled,UPI,1195.89
951,445,1,18,3,2025-09-29,2025-09-30,Delivered,Credit Card,49032.32
952,672,5,16,59,2025-11-20,2025-11-27,Delivered,Cash on Delivery,14429.04
953,311,4,20,79,2025-08-10,2025-08-16,Delivered,Debit Card,38321.99
954,90,1,5,18,2025-12-20,2025-12-21,Delivered,Credit Card,2878.98
955,880,2,1,27,2025-09-20,2025-09-22,Delivered,Cash on Delivery,50328.31
956,863,4,18,25,2026-05-28,2026-06-04,Delivered,Credit Card,34984.82
957,486,4,14,3,2026-05-25,2026-05-27,Delivered,Cash on Delivery,14863.69
958,483,3,1,58,2025-09-13,2025-09-15,Delivered,Net Banking,11035.76
959,850,4,13,7,2025-09-10,2025-09-11,Delivered,Cash on Delivery,9221.71
960,869,5,16,95,2025-11-29,2025-12-05,Delivered,Debit Card,18742.56
961,38,5,16,52,2026-07-15,2026-07-20,Delivered,Cash on Delivery,46655.35
962,238,3,2,68,2025-12-07,2025-12-12,Delivered,Net Banking,16828.4
963,66,1,9,83,2026-03-21,2026-03-25,Delivered,Cash on Delivery,22708.13
964,638,2,12,58,2026-03-15,2026-03-16,Delivered,Debit Card,8223.45
965,744,5,7,61,2026-01-12,2026-01-14,Delivered,Credit Card,25009.23
966,602,4,11,78,2026-06-30,,Pending,Credit Card,35502.76
967,905,3,10,93,2026-01-28,2026-02-01,Delivered,Cash on Delivery,27274.8
968,819,1,6,80,2025-09-18,2025-09-24,Delivered,Cash on Delivery,25738.13
969,133,1,6,26,2025-11-26,2025-11-30,Delivered,Cash on Delivery,22878.28
970,966,1,16,39,2026-07-24,2026-07-29,Delivered,UPI,3703.55
971,368,5,9,46,2026-01-08,2026-01-10,Delivered,UPI,22602.68
972,827,2,3,44,2026-05-21,2026-05-26,Delivered,UPI,42209.18
973,576,3,8,63,2025-10-04,2025-10-07,Delivered,UPI,22039.0
974,789,5,18,35,2025-10-06,,Pending,Net Banking,8151.93
975,686,4,4,91,2026-07-26,2026-07-30,Delivered,UPI,17790.96
976,999,1,4,79,2026-06-24,2026-07-01,Delivered,Net Banking,26215.68
977,43,2,17,14,2025-10-05,2025-10-06,Delivered,Debit Card,21245.88
978,161,4,10,91,2025-09-13,2025-09-18,Delivered,UPI,13126.32
979,158,1,12,43,2026-03-20,,Pending,Credit Card,10547.14
980,450,2,14,99,2025-07-30,,Pending,Cash on Delivery,9803.07
981,350,3,10,65,2025-12-02,2025-12-05,Delivered,Cash on Delivery,24966.66
982,370,5,8,20,2025-10-26,,Pending,Cash on Delivery,35657.08
983,807,4,8,18,2025-10-18,,Pending,Cash on Delivery,22534.68
984,920,3,15,67,2026-07-23,,Pending,UPI,10820.52
985,454,5,5,99,2026-03-30,2026-04-06,Delivered,UPI,44282.82
986,87,2,11,41,2026-04-04,2026-04-11,Delivered,Cash on Delivery,53028.36
987,63,2,13,98,2026-04-09,2026-04-15,Delivered,Net Banking,40238.09
988,60,5,17,38,2025-11-18,2025-11-24,Delivered,Debit Card,5990.22
989,739,5,11,45,2026-01-13,2026-01-16,Delivered,Net Banking,15287.52
990,943,2,5,90,2026-05-31,2026-06-06,Delivered,Net Banking,14048.56
991,640,4,20,84,2025-08-07,2025-08-10,Delivered,Credit Card,17361.72
992,903,4,10,11,2025-11-04,2025-11-07,Delivered,Credit Card,57006.5
993,533,5,18,37,2026-02-05,2026-02-10,Delivered,Debit Card,4293.66
994,534,1,11,97,2025-11-23,2025-11-24,Delivered,Net Banking,14011.56
995,607,3,9,31,2026-01-29,,Pending,Cash on Delivery,42985.19
996,518,3,4,94,2026-07-11,2026-07-14,Delivered,Net Banking,9876.39
997,363,1,4,7,2025-12-24,,Pending,Cash on Delivery,54684.82
998,306,2,19,95,2025-11-21,2025-11-24,Delivered,Net Banking,26115.44
999,580,3,18,77,2026-02-22,2026-02-25,Delivered,Net Banking,33510.78
1000,689,2,5,92,2025-11-16,2025-11-22,Delivered,UPI,36703.85
1001,336,3,17,75,2026-04-18,2026-04-25,Delivered,Cash on Delivery,58904.21
1002,101,1,5,92,2026-05-28,2026-06-01,Delivered,UPI,7923.6
1003,64,1,14,17,2025-11-30,2025-12-04,Delivered,Debit Card,24733.87
1004,694,4,17,52,2025-12-18,2025-12-23,Delivered,Debit Card,15540.67
1005,599,4,16,82,2026-03-15,2026-03-19,Delivered,Cash on Delivery,15819.16
1006,844,4,6,19,2025-10-21,2025-10-25,Delivered,Credit Card,38270.67
1007,992,4,17,68,2026-03-17,2026-03-19,Delivered,Cash on Delivery,21170.68
1008,34,5,6,72,2026-01-12,2026-01-13,Delivered,Cash on Delivery,30259.44
1009,113,5,4,48,2025-11-30,2025-12-01,Delivered,Credit Card,32137.54
1010,121,3,12,40,2025-10-01,,Cancelled,Debit Card,44529.96
1011,498,4,1,19,2025-09-02,2025-09-07,Delivered,UPI,9255.38
1012,960,4,10,37,2026-06-21,2026-06-28,Delivered,UPI,11110.65
1013,126,4,18,45,2026-06-12,2026-06-13,Delivered,Cash on Delivery,11718.86
1014,587,4,10,73,2026-06-09,2026-06-12,Delivered,Cash on Delivery,31458.61
1015,855,5,20,17,2025-10-25,,Pending,Cash on Delivery,11569.96
1016,780,3,15,86,2026-02-19,2026-02-26,Delivered,UPI,31731.59
1017,820,2,20,86,2025-10-22,2025-10-26,Delivered,Cash on Delivery,11680.3
1018,348,4,18,6,2025-11-25,,Cancelled,Debit Card,7860.79
1019,662,3,3,22,2025-07-29,2025-08-03,Delivered,Net Banking,31676.4
1020,661,5,4,83,2026-02-01,2026-02-03,Delivered,Net Banking,58916.43
1021,591,4,2,73,2026-06-14,2026-06-21,Delivered,Net Banking,5787.24
1022,919,2,1,16,2025-08-27,2025-09-01,Delivered,UPI,15936.76
1023,282,5,7,32,2025-09-18,,Pending,Cash on Delivery,35435.33
1024,87,1,18,78,2025-11-15,2025-11-20,Delivered,Cash on Delivery,44447.53
1025,883,1,1,44,2025-12-03,2025-12-07,Delivered,Net Banking,44419.78
1026,325,5,13,33,2026-05-05,2026-05-06,Delivered,Credit Card,29836.89
1027,293,2,5,24,2025-12-09,2025-12-10,Delivered,Debit Card,26594.87
1028,976,3,14,87,2025-10-19,2025-10-24,Delivered,Credit Card,38529.13
1029,28,2,2,39,2025-09-04,2025-09-07,Delivered,Cash on Delivery,336.46
1030,915,1,11,34,2025-09-29,2025-10-06,Delivered,UPI,22241.63
1031,208,4,8,97,2026-04-25,2026-04-27,Delivered,Net Banking,67642.57
1032,771,3,17,50,2026-06-13,,Pending,UPI,25949.64
1033,326,1,15,71,2026-06-26,2026-06-30,Delivered,Cash on Delivery,5032.36
1034,649,1,8,3,2026-07-11,2026-07-16,Delivered,Credit Card,24193.69
1035,782,3,18,84,2026-03-15,,Pending,Net Banking,5053.91
1036,417,5,15,11,2025-08-17,,Pending,Credit Card,60767.4
1037,802,2,5,48,2025-07-28,2025-07-30,Delivered,Net Banking,42237.34
1038,976,4,14,72,2026-05-10,2026-05-11,Delivered,Net Banking,38191.04
1039,297,3,6,1,2025-10-31,2025-11-04,Delivered,Net Banking,11622.93
1040,257,2,13,45,2025-12-27,,Pending,Net Banking,33742.6
1041,861,5,17,37,2025-09-14,2025-09-20,Delivered,Net Banking,29881.09
1042,72,2,10,12,2026-04-08,2026-04-09,Delivered,Net Banking,31246.97
1043,287,3,14,27,2025-10-06,2025-10-13,Delivered,Debit Card,29550.7
1044,651,2,9,97,2025-08-31,2025-09-03,Delivered,Debit Card,56743.36
1045,350,3,7,59,2026-07-23,,Cancelled,UPI,27363.37
1046,936,5,5,83,2026-06-29,,Pending,Cash on Delivery,55235.17
1047,5,4,1,87,2025-08-22,2025-08-27,Delivered,Cash on Delivery,88723.36
1048,552,1,3,84,2026-07-22,2026-07-27,Delivered,Cash on Delivery,24355.16
1049,689,4,4,46,2026-05-01,,Cancelled,Net Banking,22011.61
1050,367,1,13,23,2026-05-25,,Pending,UPI,5102.2
1051,474,1,12,25,2026-01-26,2026-01-28,Delivered,Debit Card,12603.86
1052,697,3,12,25,2025-10-26,2025-10-31,Delivered,Credit Card,6146.4
1053,240,5,16,47,2026-07-20,2026-07-24,Delivered,Credit Card,14693.2
1054,8,3,7,82,2026-05-25,2026-06-01,Delivered,Net Banking,40237.16
1055,513,5,16,22,2026-04-01,2026-04-07,Delivered,Net Banking,50359.86
1056,579,1,6,9,2025-09-20,2025-09-26,Delivered,Credit Card,17528.13
1057,266,3,19,30,2026-03-29,,Pending,Credit Card,36246.13
1058,869,3,1,89,2026-01-22,2026-01-27,Delivered,Net Banking,19735.76
1059,905,1,15,1,2026-02-04,,Pending,Debit Card,16326.2
1060,443,4,14,36,2025-09-25,2025-09-30,Delivered,Cash on Delivery,15429.81
1061,371,2,17,98,2026-01-08,2026-01-14,Delivered,UPI,57667.1
1062,285,4,14,69,2026-05-22,2026-05-23,Delivered,Credit Card,14182.35
1063,343,2,3,74,2025-11-09,,Pending,Cash on Delivery,14467.75
1064,981,3,3,32,2026-02-20,2026-02-23,Delivered,UPI,30066.55
1065,642,1,4,4,2026-04-02,2026-04-09,Delivered,Net Banking,20449.5
1066,817,2,11,33,2026-02-23,2026-02-27,Delivered,Debit Card,13054.05
1067,853,1,2,43,2026-05-07,2026-05-09,Delivered,Net Banking,24089.79
1068,635,5,15,98,2025-10-30,2025-11-03,Delivered,UPI,63839.45
1069,88,1,2,5,2026-03-23,2026-03-30,Delivered,Credit Card,23938.78
1070,64,4,15,8,2025-12-08,2025-12-14,Delivered,UPI,32453.58
1071,105,4,2,72,2026-02-27,2026-03-06,Delivered,Cash on Delivery,51614.12
1072,99,5,20,97,2025-11-28,2025-12-05,Delivered,Net Banking,73929.4
1073,11,5,15,50,2026-04-29,2026-05-03,Delivered,Net Banking,21985.61
1074,104,1,11,84,2026-04-15,,Pending,Cash on Delivery,44507.43
1075,530,1,11,76,2025-11-28,2025-11-29,Delivered,Net Banking,15897.1
1076,731,2,3,76,2026-02-27,,Pending,Net Banking,2804.2
1077,130,5,17,33,2025-11-30,2025-12-04,Delivered,Cash on Delivery,47661.28
1078,191,1,8,18,2025-10-01,,Pending,Credit Card,41605.73
1079,320,3,19,56,2025-10-05,2025-10-11,Delivered,Debit Card,26570.38
1080,598,3,18,100,2026-03-10,2026-03-14,Delivered,Net Banking,23252.49
1081,352,5,10,48,2026-04-12,,Cancelled,Net Banking,63099.7
1082,674,5,5,8,2025-11-22,2025-11-29,Delivered,UPI,82808.06
1083,433,2,12,26,2025-10-01,,Cancelled,UPI,20143.35
1084,350,4,7,86,2026-04-17,2026-04-23,Delivered,Net Banking,19750.44
1085,710,5,11,75,2026-06-18,2026-06-21,Delivered,Debit Card,39626.68
1086,429,1,11,21,2025-12-08,2025-12-15,Delivered,Cash on Delivery,19052.24
1087,225,4,1,82,2025-09-19,2025-09-21,Delivered,Net Banking,26622.81
1088,219,3,8,62,2026-04-29,2026-05-06,Delivered,Cash on Delivery,17913.95
1089,211,1,13,24,2026-06-25,,Pending,Debit Card,63598.35
1090,11,2,3,46,2025-11-25,2025-11-26,Delivered,Debit Card,26799.32
1091,451,3,7,81,2025-09-04,2025-09-11,Delivered,UPI,36908.99
1092,999,2,1,26,2025-12-31,2026-01-02,Delivered,Debit Card,25237.44
1093,737,2,6,44,2025-09-09,,Pending,Credit Card,30974.27
1094,201,1,1,23,2026-02-07,,Pending,UPI,48362.59
1095,852,3,5,49,2025-12-01,2025-12-02,Delivered,Credit Card,13583.94
1096,313,2,15,31,2026-02-02,2026-02-05,Delivered,Net Banking,31146.16
1097,819,1,20,56,2025-12-17,,Pending,UPI,22408.7
1098,148,3,5,25,2026-03-22,2026-03-26,Delivered,Debit Card,44135.24
1099,614,5,14,82,2025-08-28,2025-08-29,Delivered,Net Banking,48986.88
1100,194,3,18,38,2026-01-17,,Pending,Credit Card,2421.14
1101,55,5,9,17,2025-08-21,,Pending,Cash on Delivery,14605.37
1102,215,5,3,61,2025-08-17,,Pending,UPI,42537.17
1103,172,5,17,50,2025-12-04,,Pending,Debit Card,32029.45
1104,511,3,17,60,2026-07-17,2026-07-23,Delivered,Net Banking,43185.62
1105,712,4,16,92,2025-08-16,,Cancelled,Debit Card,29620.66
1106,596,5,13,82,2026-02-17,,Pending,UPI,791.88
1107,213,4,8,26,2026-06-22,2026-06-24,Delivered,Credit Card,39630.82
1108,314,3,14,49,2026-03-31,2026-04-07,Delivered,Debit Card,42820.84
1109,564,3,3,18,2025-08-14,,Pending,Cash on Delivery,21941.31
1110,532,5,12,30,2025-12-15,2025-12-19,Delivered,Net Banking,25557.08
1111,345,3,14,58,2025-11-23,2025-11-27,Delivered,Cash on Delivery,13397.1
1112,325,2,9,49,2026-03-16,2026-03-20,Delivered,Debit Card,12323.42
1113,661,3,3,46,2025-09-01,,Pending,Net Banking,35808.41
1114,526,2,18,83,2025-11-04,2025-11-07,Delivered,UPI,31435.81
1115,122,3,3,47,2026-01-17,2026-01-19,Delivered,Credit Card,760.84
1116,692,3,11,33,2026-01-19,2026-01-26,Delivered,Credit Card,12573.2
1117,723,5,20,18,2025-11-23,,Cancelled,Debit Card,66456.04
1118,9,4,10,37,2025-11-08,,Pending,Cash on Delivery,620.73
1119,842,5,19,97,2026-01-26,2026-01-30,Delivered,Credit Card,17108.24
1120,887,2,13,30,2025-10-24,2025-10-30,Delivered,Cash on Delivery,16815.16
1121,240,4,17,76,2026-05-19,,Pending,Cash on Delivery,33594.88
1122,349,4,3,41,2025-12-16,,Pending,Cash on Delivery,57794.91
1123,215,1,15,58,2026-04-01,,Pending,Debit Card,44223.1
1124,143,1,19,17,2025-10-18,2025-10-24,Delivered,Cash on Delivery,24837.16
1125,830,4,12,44,2025-12-12,2025-12-16,Delivered,Net Banking,49430.68
1126,307,1,11,76,2026-05-22,2026-05-29,Delivered,Credit Card,33590.12
1127,158,5,11,73,2025-09-19,2025-09-24,Delivered,Net Banking,50731.7
1128,888,1,13,49,2025-11-19,2025-11-23,Delivered,Net Banking,39090.25
1129,396,4,7,61,2026-01-13,2026-01-18,Delivered,Debit Card,45478.21
1130,96,1,6,14,2026-07-01,2026-07-03,Delivered,Net Banking,29137.15
1131,501,3,1,24,2026-02-17,2026-02-21,Delivered,Credit Card,33979.3
1132,239,1,10,85,2026-05-07,2026-05-11,Delivered,Debit Card,22629.6
1133,531,4,1,22,2026-05-11,2026-05-15,Delivered,Credit Card,55447.04
1134,114,1,5,69,2026-06-23,2026-06-29,Delivered,Cash on Delivery,12783.85
1135,979,3,7,17,2026-05-07,,Pending,Cash on Delivery,13323.7
1136,838,5,16,21,2025-11-18,2025-11-21,Delivered,Credit Card,5353.0
1137,515,4,15,36,2025-09-08,2025-09-10,Delivered,UPI,36374.08
1138,845,5,13,78,2026-06-15,,Pending,Debit Card,28172.32
1139,933,1,19,63,2026-05-29,2026-06-03,Delivered,UPI,74917.23
1140,295,3,15,45,2026-06-19,2026-06-25,Delivered,Cash on Delivery,5436.37
1141,628,4,6,54,2026-01-22,2026-01-27,Delivered,Cash on Delivery,45344.26
1142,394,1,6,90,2025-09-11,2025-09-15,Delivered,Credit Card,63666.14
1143,907,5,6,36,2025-12-12,,Pending,Debit Card,18551.16
1144,683,4,3,90,2026-03-09,2026-03-11,Delivered,Cash on Delivery,37397.85
1145,781,1,18,16,2025-11-20,,Cancelled,UPI,16667.97
1146,517,2,11,53,2026-04-25,2026-04-28,Delivered,Net Banking,8837.23
1147,46,4,15,4,2026-06-04,2026-06-10,Delivered,Cash on Delivery,41103.2
1148,352,3,13,25,2026-03-05,2026-03-06,Delivered,UPI,59148.44
1149,727,4,5,42,2026-01-21,2026-01-25,Delivered,Cash on Delivery,20192.56
1150,70,4,3,71,2025-10-12,2025-10-18,Delivered,Credit Card,20752.05
1151,483,5,9,21,2025-11-04,2025-11-05,Delivered,UPI,63431.76
1152,182,2,10,16,2025-11-16,2025-11-20,Delivered,UPI,27886.92
1153,688,3,1,87,2026-06-21,2026-06-25,Delivered,Credit Card,63256.52
1154,222,1,2,87,2026-07-12,2026-07-16,Delivered,Net Banking,16917.75
1155,657,1,4,50,2026-03-18,2026-03-22,Delivered,Net Banking,24709.7
1156,5,2,2,99,2025-10-13,2025-10-15,Delivered,Debit Card,11626.24
1157,931,1,8,26,2025-08-10,2025-08-14,Delivered,UPI,50786.8
1158,346,1,7,88,2025-12-03,2025-12-05,Delivered,Credit Card,26894.0
1159,742,3,6,6,2025-10-24,2025-10-25,Delivered,Debit Card,11042.94
1160,576,4,7,80,2026-02-01,2026-02-06,Delivered,Cash on Delivery,1195.89
1161,124,2,8,28,2026-02-10,2026-02-13,Delivered,UPI,57766.32
1162,412,2,11,2,2026-02-19,2026-02-23,Delivered,UPI,2118.26
1163,674,1,9,84,2025-08-07,2025-08-08,Delivered,Credit Card,28644.56
1164,421,5,10,99,2025-10-21,2025-10-22,Delivered,Net Banking,59070.92
1165,176,4,9,13,2025-10-10,2025-10-16,Delivered,Credit Card,10908.93
1166,341,3,6,82,2025-09-13,,Pending,Cash on Delivery,28888.55
1167,70,4,11,3,2026-02-17,2026-02-22,Delivered,Cash on Delivery,8151.93
1168,524,2,8,65,2025-10-19,2025-10-20,Delivered,UPI,13662.61
1169,632,2,4,40,2026-01-06,2026-01-10,Delivered,Net Banking,26762.62
1170,82,2,2,18,2025-08-28,2025-08-31,Delivered,Credit Card,65750.14
1171,385,5,7,83,2026-07-01,2026-07-07,Delivered,Cash on Delivery,2874.51
1172,757,1,11,18,2026-05-28,2026-06-03,Delivered,Net Banking,16437.47
1173,811,1,14,83,2025-08-22,,Pending,Credit Card,46228.06
1174,868,1,11,44,2026-04-20,2026-04-25,Delivered,Credit Card,30514.8
1175,821,5,8,78,2025-10-13,,Pending,Debit Card,15146.94
1176,188,4,15,81,2025-10-28,2025-11-04,Delivered,UPI,39887.7
1177,977,2,7,7,2026-06-12,2026-06-14,Delivered,Credit Card,60180.63
1178,94,2,6,76,2026-04-03,2026-04-10,Delivered,Credit Card,46496.59
1179,520,2,3,55,2026-02-14,2026-02-17,Delivered,Credit Card,11351.45
1180,251,3,14,23,2026-07-18,2026-07-21,Delivered,Net Banking,18966.74
1181,460,4,7,35,2026-03-17,,Pending,UPI,22178.41
1182,974,4,12,51,2025-10-05,2025-10-09,Delivered,Cash on Delivery,7379.4
1183,518,4,20,95,2026-01-08,2026-01-10,Delivered,UPI,10924.66
1184,781,3,13,55,2026-07-25,,Pending,Net Banking,51327.99
1185,551,4,5,71,2025-08-10,2025-08-13,Delivered,Cash on Delivery,12048.44
1186,314,4,15,37,2026-02-11,2026-02-16,Delivered,UPI,29874.04
1187,342,2,5,92,2026-01-27,2026-01-29,Delivered,UPI,50100.68
1188,14,4,17,94,2026-02-08,2026-02-12,Delivered,Cash on Delivery,38758.76
1189,963,3,13,96,2026-02-19,2026-02-23,Delivered,Net Banking,44215.57
1190,73,1,14,5,2026-07-07,,Cancelled,Cash on Delivery,8909.87
1191,955,3,19,21,2025-10-02,2025-10-06,Delivered,Debit Card,20532.24
1192,522,1,16,82,2026-06-07,2026-06-13,Delivered,Cash on Delivery,60610.23
1193,949,1,14,95,2026-07-16,2026-07-20,Delivered,Debit Card,2356.19
1194,647,3,1,90,2026-02-28,2026-03-02,Delivered,Net Banking,16723.48
1195,467,2,5,33,2025-08-22,2025-08-27,Delivered,UPI,50983.27
1196,120,4,3,83,2025-12-10,2025-12-14,Delivered,Net Banking,50934.22
1197,998,4,3,67,2026-05-31,,Pending,Credit Card,4072.92
1198,850,5,14,33,2025-10-02,2025-10-07,Delivered,Cash on Delivery,43039.83
1199,601,1,10,94,2026-01-29,2026-02-04,Delivered,UPI,32477.7
1200,652,2,19,100,2026-02-22,,Pending,Debit Card,19974.5
1201,767,1,7,96,2026-01-27,2026-01-30,Delivered,Credit Card,10807.62
1202,836,4,16,1,2025-10-11,2025-10-18,Delivered,Net Banking,50532.22
1203,427,3,10,94,2025-07-30,2025-08-01,Delivered,Credit Card,1545.47
1204,721,1,5,26,2025-11-14,2025-11-19,Delivered,Cash on Delivery,76127.65
1205,581,2,7,24,2026-06-13,2026-06-19,Delivered,Credit Card,8314.32
1206,266,1,14,57,2026-02-27,2026-03-04,Delivered,Credit Card,11211.0
1207,82,1,10,11,2026-01-11,2026-01-14,Delivered,Debit Card,46054.14
1208,31,1,19,31,2025-10-06,2025-10-12,Delivered,UPI,3349.11
1209,63,5,9,97,2025-11-26,,Cancelled,UPI,12651.33
1210,100,4,7,67,2026-04-18,,Pending,Net Banking,36815.13
1211,533,5,9,63,2025-08-20,2025-08-23,Delivered,Cash on Delivery,34683.15
1212,345,3,12,88,2025-11-25,,Pending,Credit Card,31955.21
1213,964,1,12,86,2025-10-05,2025-10-10,Delivered,Debit Card,14121.92
1214,895,4,11,13,2025-09-12,2025-09-19,Delivered,Credit Card,59182.11
1215,27,3,20,16,2026-01-15,,Pending,Credit Card,41671.81
1216,378,4,15,80,2026-04-21,2026-04-28,Delivered,Net Banking,19730.81
1217,424,3,7,1,2025-11-22,,Cancelled,UPI,19360.84
1218,649,3,12,6,2026-01-01,,Cancelled,Cash on Delivery,21778.68
1219,240,1,20,63,2025-11-30,2025-12-05,Delivered,Debit Card,36812.26
1220,439,1,16,85,2026-06-15,,Pending,Cash on Delivery,2523.37
1221,301,5,20,25,2026-04-09,2026-04-16,Delivered,Net Banking,43560.03
1222,804,1,17,5,2025-10-17,2025-10-24,Delivered,Debit Card,12048.44
1223,853,1,18,60,2026-07-21,2026-07-25,Delivered,Cash on Delivery,12675.31
1224,679,1,18,31,2025-12-01,2025-12-03,Delivered,UPI,31005.75
1225,446,3,1,21,2026-05-06,,Pending,Cash on Delivery,17456.05
1226,785,4,9,29,2025-10-22,2025-10-28,Delivered,UPI,41121.65
1227,682,1,5,69,2026-01-30,2026-02-03,Delivered,Debit Card,43936.82
1228,893,5,8,74,2026-06-07,,Pending,UPI,29112.69
1229,660,4,11,49,2026-06-04,,Pending,Net Banking,14126.34
1230,990,3,14,30,2026-05-27,2026-05-28,Delivered,UPI,51081.83
1231,115,1,3,44,2026-02-10,2026-02-12,Delivered,Net Banking,11980.44
1232,377,5,5,41,2025-08-15,,Cancelled,UPI,45820.26
1233,319,4,2,76,2025-09-04,2025-09-11,Delivered,Cash on Delivery,23160.51
1234,328,2,12,87,2026-02-10,,Pending,Net Banking,19302.74
1235,680,1,20,76,2026-03-03,2026-03-07,Delivered,Net Banking,4803.29
1236,873,2,15,41,2026-06-27,2026-06-30,Delivered,Cash on Delivery,14712.84
1237,697,1,15,19,2025-09-06,2025-09-08,Delivered,Net Banking,6024.22
1238,328,1,10,65,2025-12-12,,Cancelled,Debit Card,38907.56
1239,869,4,19,62,2026-01-07,2026-01-09,Delivered,Debit Card,28771.48
1240,722,3,13,8,2026-04-19,,Cancelled,Credit Card,37696.6
1241,848,2,7,94,2026-01-28,,Pending,UPI,1791.98
1242,946,2,6,63,2025-10-08,2025-10-11,Delivered,UPI,26808.84
1243,562,3,13,44,2025-11-17,2025-11-21,Delivered,Cash on Delivery,6993.5
1244,401,2,3,68,2025-11-12,2025-11-15,Delivered,Net Banking,28595.08
1245,404,5,4,17,2026-06-29,2026-07-06,Delivered,UPI,14608.69
1246,871,2,10,59,2025-12-22,2025-12-27,Delivered,Cash on Delivery,28082.62
1247,713,2,16,38,2026-02-04,,Pending,Credit Card,29735.62
1248,824,5,7,95,2025-08-30,2025-09-02,Delivered,UPI,47661.3
1249,695,4,5,49,2026-05-08,,Cancelled,Credit Card,7666.38
1250,949,2,2,13,2026-01-29,2026-02-02,Delivered,UPI,16317.69
1251,121,2,17,84,2026-01-14,2026-01-18,Delivered,Cash on Delivery,42122.71
1252,251,3,2,16,2026-05-11,2026-05-15,Delivered,Net Banking,23033.14
1253,978,1,6,84,2025-12-21,2025-12-28,Delivered,Cash on Delivery,58605.89
1254,886,3,13,36,2026-07-24,2026-07-28,Delivered,UPI,33883.65
1255,123,5,4,11,2025-09-28,2025-10-04,Delivered,Credit Card,10792.46
1256,24,4,19,74,2026-03-14,,Cancelled,Debit Card,19154.55
1257,711,4,4,76,2026-06-06,2026-06-10,Delivered,Debit Card,6698.22
1258,586,5,5,13,2025-12-28,2026-01-03,Delivered,Credit Card,888.28
1259,416,5,1,51,2026-03-12,2026-03-17,Delivered,Cash on Delivery,740.94
1260,66,1,17,75,2026-07-24,2026-07-31,Delivered,Credit Card,42043.81
1261,989,2,4,24,2025-08-21,,Pending,UPI,33795.78
1262,569,5,15,41,2025-11-24,2025-11-26,Delivered,Credit Card,17741.4
1263,669,1,6,12,2025-10-22,2025-10-29,Delivered,UPI,28911.84
1264,128,2,17,39,2025-10-16,2025-10-21,Delivered,Cash on Delivery,55285.52
1265,968,3,1,32,2026-06-07,2026-06-12,Delivered,Net Banking,74399.18
1266,456,5,5,74,2025-12-27,2025-12-30,Delivered,Debit Card,28633.56
1267,621,1,18,66,2025-09-18,2025-09-19,Delivered,Credit Card,14454.16
1268,38,2,7,19,2026-03-12,2026-03-19,Delivered,Credit Card,18521.56
1269,617,2,18,28,2026-03-18,2026-03-21,Delivered,Net Banking,28030.97
1270,433,2,3,71,2026-03-07,2026-03-11,Delivered,Cash on Delivery,27341.24
1271,468,2,3,33,2025-11-03,2025-11-09,Delivered,Net Banking,28761.55
1272,209,2,3,81,2026-07-07,2026-07-13,Delivered,Debit Card,4937.37
1273,578,2,17,78,2025-12-20,2025-12-27,Delivered,Debit Card,21527.83
1274,807,2,14,49,2026-03-28,2026-04-02,Delivered,UPI,20809.17
1275,277,4,4,69,2026-05-31,2026-06-05,Delivered,UPI,20770.4
1276,338,3,3,47,2026-01-09,,Pending,Credit Card,56954.74
1277,890,2,8,36,2025-11-05,2025-11-09,Delivered,Cash on Delivery,40788.8
1278,975,3,4,16,2026-07-13,2026-07-19,Delivered,Net Banking,14012.71
1279,842,5,16,13,2025-12-06,2025-12-12,Delivered,Debit Card,34138.92
1280,565,2,9,78,2025-08-16,2025-08-17,Delivered,Debit Card,54202.19
1281,970,5,13,24,2026-03-20,2026-03-26,Delivered,Net Banking,10899.92
1282,609,1,13,62,2026-03-12,2026-03-15,Delivered,Net Banking,13204.18
1283,731,5,5,85,2026-03-07,2026-03-11,Delivered,Debit Card,5656.19
1284,55,5,12,91,2026-03-11,,Pending,Cash on Delivery,21623.34
1285,724,4,15,24,2026-05-29,2026-06-01,Delivered,Net Banking,10096.73
1286,294,2,9,55,2025-08-07,2025-08-13,Delivered,Debit Card,14971.02
1287,651,1,3,40,2026-04-20,2026-04-23,Delivered,UPI,45204.6
1288,79,1,8,12,2025-08-10,2025-08-11,Delivered,Debit Card,27164.14
1289,568,4,16,2,2025-09-08,,Cancelled,Net Banking,55084.6
1290,955,5,5,62,2025-08-14,2025-08-20,Delivered,UPI,23960.88
1291,416,1,1,79,2026-02-18,2026-02-25,Delivered,Cash on Delivery,76002.77
1292,720,5,18,96,2026-03-15,2026-03-21,Delivered,Net Banking,24004.27
1293,44,5,20,58,2026-02-27,,Cancelled,Credit Card,6437.46
1294,180,5,3,47,2025-12-06,,Pending,Debit Card,25589.92
1295,976,3,2,55,2026-01-29,2026-01-31,Delivered,UPI,20171.04
1296,347,1,8,70,2025-10-23,,Pending,Debit Card,17873.36
1297,307,5,16,38,2026-03-08,2026-03-09,Delivered,Cash on Delivery,33601.8
1298,223,4,10,83,2025-08-02,2025-08-03,Delivered,Net Banking,24676.4
1299,869,4,16,8,2026-02-18,2026-02-23,Delivered,Debit Card,23927.28
1300,306,2,12,14,2026-07-13,2026-07-19,Delivered,Cash on Delivery,28166.58
1301,364,1,1,13,2025-10-25,2025-10-27,Delivered,Net Banking,9259.9
1302,527,1,5,53,2026-06-15,2026-06-19,Delivered,Credit Card,3848.88
1303,788,3,9,29,2026-07-23,2026-07-26,Delivered,Debit Card,30668.74
1304,439,1,6,69,2026-04-18,,Pending,Cash on Delivery,5488.4
1305,673,4,15,21,2026-04-28,2026-05-04,Delivered,UPI,17565.04
1306,368,2,7,15,2025-12-06,2025-12-07,Delivered,Cash on Delivery,5682.3
1307,432,4,11,5,2025-09-28,2025-09-30,Delivered,Debit Card,52055.06
1308,122,2,14,63,2025-09-01,2025-09-08,Delivered,Debit Card,33854.8
1309,770,4,13,65,2026-04-26,2026-05-02,Delivered,Credit Card,48691.96
1310,113,5,4,3,2025-08-29,2025-09-01,Delivered,UPI,18323.88
1311,786,4,8,7,2026-02-21,2026-02-24,Delivered,Net Banking,17407.67
1312,756,4,1,56,2026-03-14,2026-03-17,Delivered,UPI,66474.05
1313,780,5,14,32,2026-01-02,2026-01-08,Delivered,Credit Card,15184.14
1314,256,2,9,99,2026-04-10,2026-04-13,Delivered,Cash on Delivery,53851.81
1315,204,1,16,91,2026-02-14,,Pending,Net Banking,40608.18
1316,626,5,6,25,2025-11-16,,Cancelled,Credit Card,27097.66
1317,235,2,4,17,2026-07-13,2026-07-16,Delivered,Credit Card,13788.69
1318,437,1,1,79,2025-11-15,2025-11-22,Delivered,Cash on Delivery,5756.63
1319,418,2,17,40,2025-10-01,2025-10-03,Delivered,Debit Card,4396.17
1320,437,1,16,8,2026-04-05,2026-04-11,Delivered,Debit Card,10808.01
1321,113,4,9,47,2025-11-18,2025-11-21,Delivered,Credit Card,33069.0
1322,328,3,2,24,2025-12-25,2025-12-26,Delivered,Credit Card,38618.05
1323,293,1,16,36,2025-11-11,,Pending,Cash on Delivery,11086.84
1324,190,1,9,63,2026-05-08,2026-05-11,Delivered,UPI,62882.77
1325,686,2,1,88,2026-07-26,2026-08-02,Delivered,Debit Card,33111.53
1326,370,5,12,96,2026-02-11,,Pending,Net Banking,32058.06
1327,381,4,8,84,2026-05-24,2026-05-29,Delivered,UPI,26140.4
1328,909,1,4,17,2026-02-12,2026-02-17,Delivered,UPI,13128.66
1329,601,1,7,25,2025-11-19,2025-11-20,Delivered,Net Banking,1856.46
1330,634,2,11,39,2026-03-24,2026-03-31,Delivered,Net Banking,7534.15
1331,739,5,5,6,2026-05-14,2026-05-18,Delivered,Debit Card,43950.07
1332,913,4,18,45,2026-07-26,,Pending,UPI,17020.6
1333,933,5,14,9,2026-07-11,2026-07-16,Delivered,UPI,5981.32
1334,171,3,20,36,2026-06-17,2026-06-19,Delivered,UPI,16948.15
1335,979,2,19,8,2026-04-13,,Pending,Cash on Delivery,4351.35
1336,507,2,18,66,2026-03-22,,Cancelled,Cash on Delivery,5253.84
1337,769,4,17,50,2026-05-04,2026-05-08,Delivered,Net Banking,23163.07
1338,279,2,7,24,2026-01-20,2026-01-25,Delivered,Net Banking,14502.96
1339,714,5,1,66,2026-03-10,2026-03-16,Delivered,Debit Card,41142.74
1340,311,1,8,38,2025-12-17,2025-12-22,Delivered,Credit Card,39927.65
1341,230,2,2,69,2026-01-13,2026-01-14,Delivered,Debit Card,30138.43
1342,950,1,5,35,2025-10-01,,Pending,Credit Card,17426.66
1343,844,3,7,69,2026-03-01,2026-03-07,Delivered,Net Banking,14468.63
1344,996,5,12,42,2026-07-15,2026-07-21,Delivered,Debit Card,33041.53
1345,740,3,5,53,2026-07-02,,Pending,Debit Card,20188.92
1346,59,2,1,46,2025-12-18,2025-12-21,Delivered,Debit Card,9453.8
1347,995,5,1,69,2026-06-11,2026-06-18,Delivered,UPI,26629.04
1348,740,5,13,84,2026-05-24,2026-05-30,Delivered,Net Banking,8399.99
1349,212,5,15,29,2026-07-07,2026-07-09,Delivered,Cash on Delivery,25561.72
1350,160,3,15,30,2026-02-02,2026-02-06,Delivered,Credit Card,11031.52
1351,924,2,16,12,2025-12-01,2025-12-05,Delivered,Credit Card,43071.2
1352,194,2,19,63,2026-03-30,,Pending,Debit Card,48488.02
1353,22,4,10,21,2026-04-28,,Pending,Net Banking,64393.68
1354,193,4,3,19,2026-03-05,2026-03-07,Delivered,Cash on Delivery,46597.22
1355,103,1,17,18,2025-12-09,2025-12-16,Delivered,Net Banking,33369.78
1356,103,1,13,50,2026-05-15,2026-05-22,Delivered,UPI,3281.58
1357,136,5,8,99,2026-02-13,2026-02-15,Delivered,UPI,4119.6
1358,812,3,1,14,2025-09-14,2025-09-21,Delivered,UPI,6387.95
1359,208,4,5,62,2026-02-13,,Pending,Credit Card,12223.97
1360,315,5,11,62,2026-05-11,2026-05-12,Delivered,Debit Card,10869.24
1361,643,1,18,16,2025-09-08,2025-09-09,Delivered,Net Banking,22669.15
1362,304,4,4,66,2026-06-19,,Pending,Credit Card,9043.62
1363,2,2,8,4,2026-03-14,2026-03-18,Delivered,Debit Card,22460.24
1364,672,4,10,29,2025-08-15,,Pending,UPI,9518.32
1365,504,3,6,15,2025-10-04,2025-10-07,Delivered,UPI,49475.19
1366,631,1,11,16,2025-09-20,2025-09-21,Delivered,Net Banking,15357.26
1367,155,2,6,55,2025-08-23,2025-08-28,Delivered,Cash on Delivery,26678.8
1368,154,3,10,80,2026-01-14,,Pending,UPI,20957.92
1369,278,1,16,85,2026-05-12,2026-05-15,Delivered,UPI,18215.2
1370,883,2,5,100,2026-03-10,2026-03-13,Delivered,Cash on Delivery,27682.39
1371,458,3,16,9,2026-01-22,2026-01-26,Delivered,Credit Card,21335.91
1372,93,3,11,17,2026-05-06,2026-05-10,Delivered,Debit Card,9984.28
1373,507,5,14,62,2026-02-21,2026-02-25,Delivered,Debit Card,66457.7
1374,142,5,8,50,2026-03-20,2026-03-24,Delivered,Net Banking,55811.19
1375,505,4,18,69,2026-04-09,,Pending,UPI,32630.75
1376,595,2,14,68,2026-07-10,2026-07-16,Delivered,UPI,20950.84
1377,241,1,12,1,2026-04-10,2026-04-17,Delivered,Debit Card,28221.97
1378,572,1,16,18,2026-06-20,,Pending,Debit Card,26101.49
1379,370,5,5,38,2026-03-29,2026-04-05,Delivered,Cash on Delivery,17914.25
1380,249,1,7,29,2026-06-17,2026-06-19,Delivered,Credit Card,9546.24
1381,387,3,1,90,2025-08-24,,Cancelled,UPI,32769.6
1382,719,5,4,85,2026-06-10,2026-06-14,Delivered,Credit Card,29566.81
1383,31,1,5,47,2025-09-18,2025-09-20,Delivered,UPI,20523.4
1384,583,4,14,20,2025-11-20,,Pending,Credit Card,63940.39
1385,767,4,17,90,2026-02-17,,Pending,Cash on Delivery,32844.15
1386,740,1,11,57,2026-02-21,,Pending,Debit Card,56100.2
1387,114,1,5,8,2025-10-07,,Pending,Net Banking,33729.67
1388,770,4,6,65,2026-04-01,2026-04-05,Delivered,Cash on Delivery,25689.58
1389,568,2,9,74,2026-03-20,2026-03-26,Delivered,Cash on Delivery,17771.42
1390,954,5,6,35,2026-07-14,,Cancelled,Cash on Delivery,17057.06
1391,974,1,5,96,2026-06-25,2026-06-30,Delivered,Credit Card,56428.44
1392,402,5,6,96,2026-01-18,,Cancelled,UPI,22632.92
1393,837,4,15,62,2026-07-11,2026-07-17,Delivered,Cash on Delivery,23441.23
1394,169,3,2,48,2025-08-27,2025-08-29,Delivered,UPI,48381.2
1395,107,3,3,47,2026-01-22,2026-01-29,Delivered,UPI,1285.52
1396,246,2,10,21,2025-08-01,2025-08-02,Delivered,Net Banking,8734.34
1397,12,1,10,25,2026-07-21,2026-07-27,Delivered,Credit Card,28233.38
1398,276,4,3,73,2025-12-01,2025-12-06,Delivered,UPI,51298.92
1399,50,1,11,12,2026-05-14,,Pending,Debit Card,3931.17
1400,770,4,10,51,2026-03-09,2026-03-12,Delivered,Debit Card,1665.12
1401,998,4,5,90,2026-02-17,2026-02-20,Delivered,Net Banking,30653.08
1402,104,4,17,100,2025-11-20,2025-11-25,Delivered,Cash on Delivery,48911.98
1403,601,4,2,38,2026-07-17,2026-07-23,Delivered,UPI,31032.1
1404,907,2,3,92,2025-11-06,2025-11-08,Delivered,Credit Card,27105.01
1405,987,5,17,67,2026-07-21,,Cancelled,Net Banking,29439.81
1406,953,3,11,58,2025-12-01,,Pending,Debit Card,37542.43
1407,369,4,20,56,2026-06-06,2026-06-12,Delivered,Credit Card,46948.4
1408,214,5,20,78,2025-09-03,2025-09-05,Delivered,Cash on Delivery,11896.92
1409,100,3,1,19,2026-05-29,,Pending,Net Banking,22557.21
1410,889,2,3,64,2025-11-07,2025-11-10,Delivered,Debit Card,32415.02
1411,166,1,3,36,2026-05-31,2026-06-03,Delivered,UPI,24412.61
1412,184,3,15,34,2026-07-21,,Cancelled,Cash on Delivery,34842.96
1413,666,4,5,16,2025-10-15,,Cancelled,UPI,58136.47
1414,373,2,10,52,2026-01-08,2026-01-13,Delivered,Cash on Delivery,7867.47
1415,376,3,17,80,2026-02-04,,Cancelled,UPI,12876.67
1416,699,1,14,65,2026-05-18,2026-05-24,Delivered,Net Banking,41187.81
1417,660,5,2,95,2026-07-01,,Pending,UPI,39921.79
1418,159,4,4,38,2025-09-27,2025-10-02,Delivered,UPI,16317.85
1419,229,4,13,60,2026-02-15,2026-02-18,Delivered,Cash on Delivery,50779.52
1420,658,1,18,60,2025-12-25,2025-12-27,Delivered,Cash on Delivery,13101.99
1421,787,3,14,26,2026-02-15,2026-02-16,Delivered,Debit Card,15027.38
1422,619,1,16,28,2025-09-05,2025-09-09,Delivered,Debit Card,32909.68
1423,466,2,2,70,2025-08-28,2025-09-01,Delivered,Credit Card,26962.13
1424,328,4,19,5,2025-10-05,,Cancelled,UPI,16318.29
1425,959,2,12,56,2026-05-04,,Cancelled,UPI,5649.72
1426,217,3,1,98,2025-10-19,2025-10-22,Delivered,Credit Card,17070.95
1427,86,3,5,9,2026-03-31,2026-04-01,Delivered,Cash on Delivery,40385.11
1428,893,2,14,68,2025-08-07,2025-08-10,Delivered,UPI,24739.97
1429,95,3,14,44,2025-10-16,,Cancelled,Credit Card,6139.17
1430,204,2,12,54,2026-02-17,2026-02-22,Delivered,Cash on Delivery,40840.33
1431,364,5,19,50,2026-02-07,,Pending,Net Banking,33967.83
1432,204,2,3,93,2025-12-06,2025-12-11,Delivered,Debit Card,50074.8
1433,681,2,11,2,2026-05-15,2026-05-19,Delivered,Cash on Delivery,16929.55
1434,886,4,11,15,2026-01-11,,Pending,Debit Card,3897.39
1435,534,2,1,58,2026-06-21,,Pending,Cash on Delivery,9984.28
1436,655,2,19,13,2026-02-20,2026-02-26,Delivered,Cash on Delivery,29926.78
1437,714,2,18,100,2025-09-09,2025-09-13,Delivered,Debit Card,57134.55
1438,215,3,7,87,2026-05-24,2026-05-25,Delivered,Debit Card,24396.83
1439,17,1,10,40,2025-08-27,2025-09-03,Delivered,Cash on Delivery,30901.99
1440,665,5,15,53,2026-03-08,2026-03-11,Delivered,Cash on Delivery,26043.54
1441,536,4,11,15,2025-10-30,,Pending,Cash on Delivery,36508.75
1442,383,4,6,71,2026-03-20,2026-03-25,Delivered,Cash on Delivery,38475.78
1443,292,1,14,82,2026-02-02,2026-02-07,Delivered,UPI,24101.22
1444,826,4,4,12,2026-06-16,2026-06-21,Delivered,UPI,14763.59
1445,509,5,20,70,2026-02-21,2026-02-25,Delivered,Net Banking,18875.57
1446,826,2,2,86,2025-08-26,2025-08-30,Delivered,Credit Card,32680.56
1447,796,4,15,71,2025-11-10,2025-11-12,Delivered,UPI,50369.95
1448,360,4,15,53,2026-07-17,,Pending,UPI,30265.82
1449,963,3,12,29,2025-12-04,2025-12-07,Delivered,Debit Card,22119.09
1450,859,1,14,87,2026-03-07,2026-03-11,Delivered,UPI,22619.34
1451,27,5,5,48,2025-07-31,,Pending,Net Banking,22781.41
1452,326,4,11,22,2026-07-06,,Cancelled,Credit Card,27035.25
1453,570,1,13,25,2026-06-10,2026-06-14,Delivered,Net Banking,21416.65
1454,440,2,5,82,2025-08-04,2025-08-10,Delivered,Cash on Delivery,5219.91
1455,926,1,11,67,2026-05-09,2026-05-11,Delivered,Credit Card,44400.51
1456,517,3,4,81,2026-05-31,2026-06-04,Delivered,Net Banking,9552.4
1457,163,4,11,27,2026-03-23,2026-03-24,Delivered,UPI,5537.36
1458,644,5,19,20,2026-04-08,2026-04-14,Delivered,UPI,34161.09
1459,586,4,13,4,2026-07-18,2026-07-20,Delivered,Debit Card,45710.19
1460,192,3,8,84,2026-06-28,,Pending,Credit Card,35713.1
1461,549,4,8,93,2026-06-19,,Pending,Debit Card,11715.22
1462,676,1,2,36,2026-05-02,2026-05-04,Delivered,Net Banking,23637.36
1463,888,1,4,15,2026-03-06,2026-03-11,Delivered,UPI,9387.42
1464,146,1,10,34,2026-03-28,,Pending,UPI,42816.93
1465,507,1,12,27,2026-06-20,2026-06-24,Delivered,Cash on Delivery,36408.54
1466,76,4,16,81,2025-09-29,2025-10-05,Delivered,Cash on Delivery,38405.24
1467,912,2,11,82,2026-06-15,,Pending,Credit Card,20857.68
1468,306,5,1,23,2025-09-05,2025-09-11,Delivered,UPI,41294.57
1469,121,5,11,45,2026-01-15,2026-01-20,Delivered,Net Banking,16838.79
1470,6,2,6,67,2026-01-24,2026-01-25,Delivered,Net Banking,2345.58
1471,31,2,18,3,2026-03-08,2026-03-15,Delivered,Credit Card,19328.07
1472,888,1,12,15,2025-08-14,,Pending,Debit Card,15043.55
1473,142,3,8,11,2025-12-17,2025-12-19,Delivered,Debit Card,30247.36
1474,494,3,7,12,2025-11-26,2025-12-01,Delivered,Cash on Delivery,10241.2
1475,764,2,16,56,2025-09-22,2025-09-26,Delivered,Debit Card,18684.05
1476,178,3,7,88,2026-03-01,,Pending,Cash on Delivery,6308.48
1477,106,2,19,99,2026-06-26,2026-06-28,Delivered,Cash on Delivery,5108.44
1478,444,3,15,55,2026-01-08,2026-01-11,Delivered,Net Banking,60446.67
1479,111,3,20,50,2026-07-21,2026-07-26,Delivered,Debit Card,46711.69
1480,920,5,3,58,2026-01-07,2026-01-08,Delivered,Debit Card,20648.76
1481,601,5,14,38,2026-03-11,2026-03-17,Delivered,Debit Card,15465.25
1482,408,4,1,15,2025-10-15,2025-10-18,Delivered,Credit Card,33809.97
1483,367,3,8,10,2025-10-20,2025-10-23,Delivered,Credit Card,20271.68
1484,799,1,11,16,2026-06-11,2026-06-17,Delivered,Debit Card,4053.87
1485,219,2,15,73,2026-05-29,,Pending,Net Banking,19994.2
1486,68,2,13,37,2025-12-19,2025-12-24,Delivered,UPI,33564.69
1487,575,1,9,92,2025-08-30,2025-09-06,Delivered,Net Banking,43917.66
1488,915,3,14,88,2026-03-27,,Pending,Debit Card,21630.96
1489,203,4,7,7,2026-06-13,,Pending,UPI,14355.92
1490,282,5,14,16,2026-04-08,2026-04-10,Delivered,Debit Card,18213.2
1491,606,1,13,31,2025-11-25,2025-11-28,Delivered,Net Banking,54171.39
1492,5,1,15,37,2026-05-12,2026-05-16,Delivered,Net Banking,22247.6
1493,941,1,17,6,2026-02-07,2026-02-08,Delivered,Cash on Delivery,44651.2
1494,98,3,14,93,2026-02-21,2026-02-24,Delivered,Cash on Delivery,6540.6
1495,82,1,18,100,2026-05-14,2026-05-19,Delivered,Cash on Delivery,39227.61
1496,306,1,15,64,2025-08-04,,Pending,Debit Card,9901.96
1497,961,1,20,14,2026-05-16,2026-05-17,Delivered,Credit Card,24018.64
1498,108,2,11,89,2026-05-03,2026-05-05,Delivered,UPI,26612.84
1499,196,1,12,69,2026-01-23,,Cancelled,Debit Card,22522.44
1500,905,1,2,15,2026-05-13,2026-05-16,Delivered,Debit Card,7386.18
1501,338,2,20,49,2025-07-31,2025-08-02,Delivered,Net Banking,44506.33
1502,472,5,4,17,2026-05-21,2026-05-23,Delivered,Cash on Delivery,4231.25
1503,653,2,15,86,2026-06-16,2026-06-21,Delivered,Net Banking,12342.4
1504,490,4,16,36,2026-04-12,2026-04-18,Delivered,Credit Card,4924.81
1505,95,3,9,99,2025-11-27,2025-11-28,Delivered,Net Banking,21700.06
1506,856,2,8,85,2025-10-10,2025-10-17,Delivered,UPI,77972.79
1507,77,2,16,8,2025-09-14,2025-09-20,Delivered,Cash on Delivery,5481.6
1508,839,2,13,25,2026-04-14,2026-04-17,Delivered,Net Banking,20692.0
1509,780,3,17,66,2025-12-27,,Pending,Cash on Delivery,22713.16
1510,672,2,5,65,2025-08-03,2025-08-05,Delivered,Debit Card,43597.78
1511,395,4,15,80,2026-05-12,2026-05-19,Delivered,Credit Card,48016.79
1512,71,5,9,55,2026-05-12,2026-05-15,Delivered,UPI,25733.14
1513,151,1,15,14,2025-09-12,2025-09-14,Delivered,Cash on Delivery,7341.6
1514,192,4,9,4,2025-09-12,2025-09-17,Delivered,Debit Card,10872.74
1515,272,2,4,71,2026-03-07,2026-03-11,Delivered,Credit Card,48990.97
1516,407,4,17,56,2025-10-28,2025-10-29,Delivered,Debit Card,3303.95
1517,379,4,4,7,2026-05-28,2026-06-03,Delivered,Credit Card,29058.79
1518,302,5,7,52,2026-03-10,2026-03-13,Delivered,Net Banking,10895.12
1519,506,2,17,56,2025-08-26,2025-08-27,Delivered,UPI,14148.6
1520,225,5,4,7,2025-07-31,,Pending,Debit Card,50448.07
1521,245,5,3,69,2025-10-31,2025-11-02,Delivered,Cash on Delivery,29284.82
1522,402,3,13,13,2026-06-25,2026-07-02,Delivered,Cash on Delivery,34176.93
1523,211,5,6,27,2026-02-18,2026-02-21,Delivered,Debit Card,14625.32
1524,752,5,1,13,2025-09-13,2025-09-19,Delivered,Cash on Delivery,6729.89
1525,757,1,10,89,2026-06-23,2026-06-26,Delivered,Credit Card,40143.46
1526,192,4,11,59,2026-03-06,2026-03-07,Delivered,Cash on Delivery,59582.83
1527,343,1,1,23,2026-01-27,,Cancelled,Credit Card,36873.49
1528,696,5,1,77,2025-11-23,2025-11-27,Delivered,UPI,31090.96
1529,501,1,8,61,2025-09-17,2025-09-24,Delivered,Net Banking,13272.98
1530,697,2,10,30,2026-04-04,2026-04-06,Delivered,UPI,26316.6
1531,103,3,10,95,2026-06-28,2026-07-02,Delivered,Net Banking,22063.38
1532,264,3,16,33,2025-11-26,2025-11-27,Delivered,Debit Card,32684.17
1533,728,5,11,67,2025-12-09,,Pending,Cash on Delivery,45393.46
1534,116,1,9,88,2025-09-12,2025-09-18,Delivered,Credit Card,10927.65
1535,421,3,8,85,2025-10-29,,Cancelled,Cash on Delivery,28311.0
1536,32,3,8,74,2026-05-03,2026-05-07,Delivered,Credit Card,7318.89
1537,763,4,3,25,2026-01-08,,Pending,UPI,61859.68
1538,989,5,9,81,2025-08-12,2025-08-16,Delivered,Credit Card,63694.66
1539,272,3,12,43,2026-03-06,2026-03-10,Delivered,Debit Card,35425.57
1540,196,5,2,75,2025-08-18,2025-08-21,Delivered,UPI,48560.86
1541,444,3,15,73,2026-04-21,,Cancelled,Debit Card,28352.55
1542,113,2,1,64,2026-02-18,,Pending,Cash on Delivery,7021.63
1543,698,5,5,67,2025-12-01,,Cancelled,Net Banking,52824.73
1544,681,3,6,39,2026-06-12,2026-06-13,Delivered,UPI,8843.76
1545,465,1,2,28,2026-02-19,2026-02-24,Delivered,UPI,51415.92
1546,501,1,10,1,2026-06-01,2026-06-07,Delivered,UPI,28285.7
1547,258,5,5,45,2025-09-04,,Pending,Net Banking,44872.49
1548,159,2,3,92,2026-06-24,2026-06-30,Delivered,Cash on Delivery,12718.34
1549,600,3,3,38,2026-02-07,2026-02-11,Delivered,Credit Card,37279.89
1550,832,3,13,55,2026-05-01,2026-05-02,Delivered,Debit Card,62773.72
1551,612,3,10,23,2025-09-12,2025-09-18,Delivered,Net Banking,24445.11
1552,143,2,7,33,2025-08-12,2025-08-17,Delivered,Debit Card,21994.1
1553,313,4,3,39,2025-11-14,2025-11-20,Delivered,Net Banking,10326.34
1554,188,4,13,56,2025-12-01,2025-12-06,Delivered,Debit Card,31771.89
1555,516,4,12,60,2025-08-19,2025-08-23,Delivered,Cash on Delivery,56106.33
1556,473,4,1,72,2026-07-03,2026-07-10,Delivered,UPI,55697.22
1557,774,2,5,79,2025-09-17,,Pending,Net Banking,2468.02
1558,525,3,12,17,2025-11-20,2025-11-25,Delivered,UPI,1368.5
1559,774,4,13,17,2025-10-17,2025-10-18,Delivered,Net Banking,36527.74
1560,472,1,2,11,2026-04-30,2026-05-07,Delivered,Debit Card,26242.94
1561,609,3,4,38,2026-01-22,2026-01-28,Delivered,UPI,33051.04
1562,125,1,19,87,2025-10-15,2025-10-21,Delivered,Credit Card,38498.67
1563,529,2,5,72,2025-12-29,2026-01-02,Delivered,Credit Card,66499.5
1564,917,1,5,39,2025-08-23,2025-08-29,Delivered,Cash on Delivery,34541.94
1565,639,5,7,15,2026-07-13,2026-07-15,Delivered,UPI,34060.47
1566,533,1,4,32,2025-12-07,2025-12-11,Delivered,Net Banking,18374.75
1567,455,3,13,8,2026-07-24,,Pending,Cash on Delivery,31195.95
1568,496,5,6,31,2026-04-23,,Pending,Debit Card,8519.36
1569,842,5,20,88,2026-05-31,2026-06-06,Delivered,UPI,27819.03
1570,443,2,5,82,2026-05-28,2026-05-30,Delivered,Credit Card,29378.62
1571,524,3,18,26,2026-02-18,2026-02-21,Delivered,UPI,26103.21
1572,983,4,19,64,2026-02-04,2026-02-07,Delivered,Cash on Delivery,4324.63
1573,715,2,4,60,2025-10-14,2025-10-18,Delivered,UPI,14206.88
1574,291,5,15,16,2025-12-21,2025-12-22,Delivered,Debit Card,5434.79
1575,35,2,20,57,2026-05-17,2026-05-20,Delivered,Cash on Delivery,21442.54
1576,904,3,15,36,2025-12-30,2026-01-01,Delivered,Net Banking,41507.48
1577,877,5,17,27,2025-09-19,2025-09-25,Delivered,Cash on Delivery,27119.59
1578,526,5,3,23,2026-07-17,2026-07-20,Delivered,Debit Card,34963.39
1579,471,3,5,36,2026-01-13,,Pending,Cash on Delivery,55626.39
1580,70,5,16,49,2025-08-26,,Cancelled,Credit Card,19454.76
1581,590,2,17,100,2025-10-19,2025-10-22,Delivered,Debit Card,7372.56
1582,603,4,19,45,2026-04-21,2026-04-28,Delivered,UPI,3652.47
1583,47,1,1,94,2025-12-09,2025-12-10,Delivered,Cash on Delivery,38658.53
1584,957,2,16,42,2026-02-09,,Pending,UPI,42777.53
1585,922,4,6,94,2026-05-02,,Pending,UPI,55865.2
1586,64,1,20,33,2026-03-16,2026-03-23,Delivered,Cash on Delivery,53041.49
1587,782,2,12,78,2025-12-29,2025-12-30,Delivered,Debit Card,33613.22
1588,111,5,15,49,2026-03-04,2026-03-10,Delivered,Net Banking,40338.93
1589,205,3,7,33,2025-10-30,2025-11-05,Delivered,Credit Card,5432.34
1590,207,2,6,56,2025-10-16,,Pending,UPI,58820.69
1591,597,1,1,81,2025-12-11,,Cancelled,Credit Card,2947.92
1592,35,5,5,1,2025-10-28,2025-11-01,Delivered,Net Banking,63085.13
1593,886,5,3,44,2026-06-02,2026-06-08,Delivered,Cash on Delivery,17431.35
1594,195,5,7,74,2026-03-24,,Pending,Debit Card,7657.25
1595,366,1,20,72,2025-08-19,,Pending,Cash on Delivery,28120.25
1596,438,5,13,10,2026-04-26,2026-04-28,Delivered,Debit Card,30567.76
1597,104,5,4,64,2025-07-29,2025-08-03,Delivered,Debit Card,18928.45
1598,24,3,8,38,2026-03-27,,Pending,Cash on Delivery,2898.58
1599,721,2,12,9,2025-12-03,,Pending,Debit Card,54240.5
1600,77,5,18,74,2026-02-23,2026-02-28,Delivered,Net Banking,19355.33
1601,320,1,13,80,2025-11-28,2025-12-04,Delivered,Net Banking,21534.74
1602,483,4,9,84,2026-07-01,2026-07-04,Delivered,Debit Card,24626.26
1603,206,5,11,98,2026-05-14,2026-05-16,Delivered,Debit Card,35192.23
1604,947,5,2,31,2026-06-18,2026-06-25,Delivered,Net Banking,12355.17
1605,720,4,2,45,2026-01-10,,Cancelled,Net Banking,41164.14
1606,758,4,20,11,2025-08-31,,Pending,Credit Card,40225.11
1607,278,2,2,14,2025-12-16,2025-12-21,Delivered,Debit Card,61797.39
1608,442,2,16,39,2026-03-29,,Pending,UPI,23420.56
1609,954,2,2,4,2025-11-17,,Pending,Net Banking,22422.0
1610,623,5,13,88,2026-01-17,2026-01-18,Delivered,Cash on Delivery,13492.21
1611,54,4,13,99,2026-04-11,2026-04-13,Delivered,Cash on Delivery,66240.11
1612,563,3,5,15,2025-10-30,2025-11-04,Delivered,Debit Card,38326.5
1613,199,2,11,56,2025-08-29,,Pending,Credit Card,77247.48
1614,95,5,19,2,2026-04-05,2026-04-11,Delivered,Net Banking,35139.97
1615,47,1,1,93,2025-12-03,2025-12-04,Delivered,UPI,19613.7
1616,130,3,15,24,2026-06-26,2026-06-29,Delivered,Net Banking,23709.85
1617,671,4,8,38,2025-12-23,2025-12-27,Delivered,UPI,14906.02
1618,673,2,3,10,2026-06-10,2026-06-15,Delivered,Cash on Delivery,27437.09
1619,723,3,12,29,2025-12-19,2025-12-22,Delivered,Net Banking,7336.1
1620,300,3,8,68,2025-10-27,,Pending,Net Banking,25755.5
1621,516,5,4,7,2026-03-11,2026-03-15,Delivered,Cash on Delivery,7794.99
1622,287,5,3,27,2026-02-01,,Pending,Credit Card,31884.47
1623,313,2,18,27,2026-03-04,2026-03-10,Delivered,UPI,25142.77
1624,241,1,15,84,2025-10-07,,Pending,UPI,31465.57
1625,511,3,2,35,2025-12-12,2025-12-16,Delivered,UPI,60910.49
1626,62,4,9,79,2025-12-08,2025-12-09,Delivered,Cash on Delivery,16317.56
1627,455,4,2,29,2026-05-29,2026-05-31,Delivered,Net Banking,8926.5
1628,54,1,10,5,2026-07-02,2026-07-05,Delivered,Net Banking,28457.51
1629,773,5,11,34,2025-09-09,,Pending,Credit Card,50956.74
1630,776,4,1,44,2025-09-04,2025-09-09,Delivered,Cash on Delivery,1548.5
1631,802,3,2,14,2025-12-21,2025-12-27,Delivered,Net Banking,18861.3
1632,475,5,14,74,2025-11-16,2025-11-23,Delivered,Debit Card,22389.65
1633,167,2,13,60,2025-10-30,2025-11-01,Delivered,UPI,4478.12
1634,288,5,9,11,2025-12-26,,Cancelled,Debit Card,15489.08
1635,346,3,19,51,2026-04-16,2026-04-19,Delivered,Debit Card,17872.7
1636,676,5,9,84,2026-03-22,,Pending,UPI,18991.89
1637,128,3,10,73,2025-08-12,2025-08-19,Delivered,Credit Card,36817.57
1638,455,1,15,3,2026-04-09,2026-04-13,Delivered,Debit Card,23728.06
1639,492,1,18,28,2025-09-17,2025-09-22,Delivered,Debit Card,27592.74
1640,919,4,20,71,2026-06-17,2026-06-18,Delivered,Credit Card,13838.52
1641,265,2,9,34,2026-02-09,,Pending,Credit Card,35369.82
1642,646,1,6,19,2026-07-15,,Pending,Credit Card,23150.87
1643,118,4,2,24,2025-10-28,2025-11-04,Delivered,Net Banking,17757.4
1644,325,3,2,71,2026-01-26,2026-01-27,Delivered,Debit Card,16223.22
1645,17,2,12,70,2026-01-31,2026-02-05,Delivered,Debit Card,30029.16
1646,112,1,3,65,2025-10-05,2025-10-10,Delivered,Credit Card,14814.2
1647,209,4,11,74,2026-01-20,2026-01-27,Delivered,UPI,18606.32
1648,658,5,14,37,2025-08-06,2025-08-09,Delivered,Debit Card,4335.7
1649,344,5,14,84,2026-06-24,2026-06-27,Delivered,UPI,28210.7
1650,165,5,12,6,2025-09-26,2025-09-28,Delivered,UPI,22021.9
1651,109,5,20,28,2026-02-23,,Pending,Net Banking,37459.31
1652,803,4,19,92,2026-03-14,2026-03-16,Delivered,Net Banking,11070.15
1653,34,1,5,49,2026-01-06,,Pending,UPI,2991.22
1654,982,5,8,73,2026-05-20,2026-05-25,Delivered,Cash on Delivery,47130.03
1655,552,5,4,68,2026-04-05,,Pending,Cash on Delivery,10508.31
1656,676,2,17,67,2025-12-20,2025-12-23,Delivered,Net Banking,9286.44
1657,301,3,8,43,2026-01-02,2026-01-09,Delivered,Credit Card,5350.76
1658,467,2,11,96,2025-07-28,,Cancelled,Cash on Delivery,10524.74
1659,751,5,14,47,2025-12-07,2025-12-12,Delivered,UPI,22248.19
1660,937,4,12,84,2026-07-17,2026-07-19,Delivered,Cash on Delivery,33573.34
1661,236,2,19,17,2025-10-31,,Pending,Cash on Delivery,28641.91
1662,691,3,19,86,2025-11-18,2025-11-21,Delivered,Debit Card,31167.8
1663,322,2,4,11,2025-10-03,2025-10-08,Delivered,Net Banking,9421.86
1664,507,1,7,24,2026-02-14,,Pending,Credit Card,23155.2
1665,124,4,14,34,2025-08-27,,Pending,UPI,78595.44
1666,130,1,2,56,2025-12-20,2025-12-22,Delivered,Credit Card,26813.9
1667,528,3,17,50,2026-06-05,,Pending,Credit Card,7154.27
1668,412,3,18,31,2025-11-02,2025-11-03,Delivered,Debit Card,24418.27
1669,606,1,20,79,2025-11-03,2025-11-09,Delivered,UPI,15860.8
1670,757,4,12,58,2025-08-22,,Pending,Cash on Delivery,36772.81
1671,297,5,16,90,2026-06-09,2026-06-11,Delivered,Net Banking,2472.63
1672,86,4,5,1,2026-04-26,2026-04-29,Delivered,Cash on Delivery,22919.84
1673,329,3,15,23,2026-04-18,2026-04-23,Delivered,UPI,18261.45
1674,238,5,10,64,2026-01-03,2026-01-08,Delivered,Net Banking,34973.97
1675,594,3,17,55,2025-08-25,2025-08-29,Delivered,Credit Card,56588.56
1676,977,2,5,6,2025-08-09,,Pending,Cash on Delivery,23232.3
1677,532,3,9,74,2026-07-08,,Pending,UPI,6350.72
1678,356,4,10,22,2025-09-05,2025-09-08,Delivered,Cash on Delivery,9039.86
1679,230,3,6,37,2026-03-26,,Pending,Net Banking,33416.35
1680,772,1,4,30,2026-04-23,2026-04-25,Delivered,Credit Card,25236.24
1681,566,1,17,97,2026-01-22,2026-01-27,Delivered,Net Banking,36340.85
1682,551,1,7,1,2025-11-29,2025-12-06,Delivered,Debit Card,59436.16
1683,209,5,10,74,2026-03-30,2026-04-03,Delivered,Credit Card,65773.68
1684,851,1,15,38,2026-07-08,,Pending,Cash on Delivery,3961.8
1685,911,2,14,64,2025-10-14,2025-10-21,Delivered,Debit Card,7719.99
1686,750,2,4,46,2025-12-04,,Pending,UPI,19579.64
1687,335,5,6,65,2026-02-19,2026-02-23,Delivered,UPI,31957.24
1688,724,5,11,5,2026-06-30,2026-07-06,Delivered,Debit Card,52794.38
1689,195,1,18,85,2026-06-09,,Pending,UPI,55784.39
1690,252,2,5,76,2026-03-30,2026-04-01,Delivered,Debit Card,78409.32
1691,482,4,5,63,2026-07-18,,Pending,Debit Card,19360.84
1692,135,5,7,82,2025-11-20,,Pending,Credit Card,15807.79
1693,4,2,14,9,2026-01-02,2026-01-07,Delivered,Credit Card,39094.68
1694,40,5,14,89,2026-06-13,2026-06-17,Delivered,Credit Card,15767.71
1695,654,3,12,62,2025-11-07,2025-11-09,Delivered,Credit Card,47069.96
1696,897,4,10,86,2025-08-12,2025-08-19,Delivered,Net Banking,24237.12
1697,366,1,18,62,2025-12-18,2025-12-20,Delivered,Debit Card,36220.32
1698,430,1,15,42,2025-09-13,2025-09-17,Delivered,Credit Card,4957.66
1699,476,4,11,85,2025-08-10,2025-08-16,Delivered,Credit Card,37792.36
1700,793,2,16,63,2025-10-08,2025-10-14,Delivered,UPI,33171.06
1701,298,4,9,65,2026-04-12,2026-04-19,Delivered,UPI,44684.55
1702,576,4,11,34,2026-03-01,2026-03-05,Delivered,Cash on Delivery,59247.6
1703,436,3,13,34,2026-02-24,,Pending,Cash on Delivery,45204.32
1704,746,3,8,44,2025-07-27,2025-07-28,Delivered,Cash on Delivery,49707.06
1705,420,5,8,74,2025-09-17,,Pending,Credit Card,17189.88
1706,799,5,4,79,2026-02-02,2026-02-04,Delivered,Net Banking,24869.08
1707,21,3,1,49,2025-10-18,2025-10-24,Delivered,Debit Card,52260.37
1708,786,2,18,9,2025-07-30,2025-08-04,Delivered,Debit Card,9648.08
1709,549,4,7,21,2025-11-06,,Pending,Credit Card,57986.96
1710,298,5,6,48,2025-09-20,2025-09-22,Delivered,Credit Card,20797.56
1711,963,5,1,5,2026-01-31,,Pending,UPI,40670.08
1712,514,3,13,63,2026-01-05,2026-01-08,Delivered,UPI,63265.65
1713,236,4,8,5,2025-10-15,2025-10-16,Delivered,Cash on Delivery,4328.16
1714,135,4,9,11,2026-01-06,2026-01-11,Delivered,UPI,18731.54
1715,16,1,18,78,2025-09-17,,Pending,Net Banking,8410.2
1716,812,3,13,25,2026-07-24,,Pending,Debit Card,27360.95
1717,436,4,17,96,2026-06-24,2026-06-27,Delivered,Credit Card,40553.24
1718,103,3,9,84,2026-02-09,2026-02-13,Delivered,Cash on Delivery,43119.39
1719,96,3,8,53,2026-06-30,2026-07-04,Delivered,Net Banking,72213.51
1720,519,4,8,49,2025-09-04,2025-09-08,Delivered,Debit Card,3024.26
1721,782,5,18,92,2025-11-06,2025-11-08,Delivered,UPI,30181.34
1722,407,1,8,58,2026-03-30,2026-04-04,Delivered,Debit Card,14267.42
1723,341,1,5,81,2025-11-04,,Cancelled,Net Banking,22443.4
1724,174,2,7,63,2026-04-15,2026-04-16,Delivered,Cash on Delivery,17598.19
1725,632,2,16,67,2025-11-09,2025-11-14,Delivered,UPI,25921.66
1726,786,3,16,33,2026-01-19,2026-01-25,Delivered,Credit Card,10655.24
1727,38,1,11,89,2025-09-10,2025-09-14,Delivered,Debit Card,27277.95
1728,707,5,7,97,2026-02-17,2026-02-21,Delivered,Cash on Delivery,10445.81
1729,321,5,8,42,2026-05-16,2026-05-20,Delivered,Net Banking,26604.22
1730,880,4,3,14,2026-03-08,2026-03-09,Delivered,Credit Card,17261.15
1731,776,2,1,21,2025-10-24,2025-10-25,Delivered,Credit Card,47136.71
1732,449,4,4,5,2026-03-13,,Pending,Credit Card,48738.84
1733,642,5,17,63,2025-11-27,2025-12-04,Delivered,Cash on Delivery,46517.88
1734,409,3,1,38,2026-05-31,2026-06-03,Delivered,Net Banking,7933.63
1735,331,2,20,48,2025-10-17,2025-10-19,Delivered,Debit Card,20832.82
1736,536,3,7,79,2026-07-21,,Cancelled,Net Banking,41291.13
1737,620,2,9,61,2025-08-04,2025-08-07,Delivered,Credit Card,25269.94
1738,537,2,16,2,2026-03-07,2026-03-09,Delivered,Cash on Delivery,34141.0
1739,69,1,1,40,2026-01-02,2026-01-04,Delivered,Net Banking,3137.58
1740,470,5,11,13,2026-03-07,2026-03-11,Delivered,Credit Card,21584.92
1741,69,3,12,82,2026-06-01,2026-06-03,Delivered,UPI,10516.23
1742,951,4,7,36,2025-08-13,2025-08-20,Delivered,Net Banking,44773.18
1743,747,3,10,48,2026-01-05,2026-01-09,Delivered,Net Banking,17333.97
1744,555,2,7,10,2026-02-04,2026-02-05,Delivered,Debit Card,37267.88
1745,183,5,9,73,2025-12-30,2026-01-06,Delivered,Net Banking,43595.47
1746,661,5,13,43,2025-11-05,2025-11-12,Delivered,Net Banking,36001.73
1747,284,2,20,86,2026-04-22,,Pending,Credit Card,1548.5
1748,3,5,8,28,2026-05-16,2026-05-23,Delivered,Credit Card,27920.8
1749,147,3,6,61,2026-06-26,,Pending,UPI,35980.2
1750,918,4,2,18,2026-07-18,2026-07-22,Delivered,Cash on Delivery,11326.48
1751,335,2,10,65,2026-04-09,,Pending,Net Banking,28445.95
1752,403,3,13,100,2026-06-26,2026-06-30,Delivered,Debit Card,8226.52
1753,859,2,17,41,2026-03-19,2026-03-24,Delivered,Credit Card,21574.46
1754,969,5,9,92,2026-03-27,2026-03-31,Delivered,Cash on Delivery,50723.63
1755,502,3,9,88,2026-04-21,2026-04-25,Delivered,Credit Card,25346.66
1756,26,3,12,60,2026-07-19,,Pending,Cash on Delivery,8345.67
1757,219,2,20,72,2025-07-28,,Pending,Cash on Delivery,13173.78
1758,384,2,6,96,2026-03-05,,Cancelled,Cash on Delivery,24004.72
1759,370,3,17,25,2025-10-02,2025-10-05,Delivered,UPI,16868.44
1760,933,5,12,33,2025-10-02,2025-10-03,Delivered,Debit Card,1885.71
1761,35,3,9,83,2026-02-08,2026-02-09,Delivered,Debit Card,52986.24
1762,641,4,2,74,2026-02-20,,Pending,Net Banking,47062.82
1763,648,5,15,63,2026-05-19,2026-05-25,Delivered,UPI,6146.4
1764,40,2,12,4,2026-06-25,2026-07-01,Delivered,Credit Card,1548.5
1765,892,1,5,11,2025-11-12,2025-11-19,Delivered,UPI,44612.92
1766,455,3,2,41,2026-07-26,2026-07-31,Delivered,Credit Card,2867.64
1767,671,3,20,95,2026-03-22,2026-03-29,Delivered,Credit Card,21706.01
1768,928,5,19,93,2026-02-09,,Pending,UPI,25812.25
1769,964,1,13,54,2026-01-19,,Pending,UPI,16138.4
1770,198,2,17,19,2026-05-20,2026-05-21,Delivered,Cash on Delivery,10191.68
1771,46,4,9,78,2025-11-08,2025-11-13,Delivered,Credit Card,6404.8
1772,651,1,1,40,2026-06-30,2026-07-03,Delivered,Debit Card,32875.47
1773,478,1,19,90,2025-11-28,2025-12-02,Delivered,UPI,26231.15
1774,941,3,3,24,2026-05-15,2026-05-17,Delivered,Net Banking,13749.39
1775,642,2,1,99,2025-12-10,2025-12-11,Delivered,Debit Card,23836.6
1776,472,3,3,93,2025-09-08,,Pending,Credit Card,18774.84
1777,766,3,5,40,2026-06-24,2026-06-30,Delivered,Credit Card,10233.5
1778,286,2,5,73,2026-04-27,2026-04-29,Delivered,Debit Card,50102.86
1779,905,3,7,23,2025-10-27,,Cancelled,Cash on Delivery,30740.04
1780,271,3,3,63,2026-06-14,2026-06-17,Delivered,Net Banking,23170.38
1781,461,5,6,5,2026-06-14,,Pending,Cash on Delivery,15432.24
1782,160,4,18,73,2026-05-20,2026-05-26,Delivered,Debit Card,5633.67
1783,662,5,10,27,2025-12-01,2025-12-06,Delivered,Debit Card,33890.5
1784,93,4,17,99,2026-02-20,2026-02-22,Delivered,Debit Card,32340.73
1785,33,4,4,67,2026-05-13,2026-05-15,Delivered,Credit Card,14991.56
1786,479,5,19,42,2026-07-08,2026-07-12,Delivered,UPI,5964.06
1787,331,2,4,81,2026-01-19,2026-01-20,Delivered,Cash on Delivery,11701.7
1788,487,2,11,44,2025-09-17,2025-09-18,Delivered,Debit Card,34659.65
1789,314,1,6,60,2026-06-20,2026-06-27,Delivered,Cash on Delivery,7439.23
1790,829,4,20,59,2026-02-02,2026-02-08,Delivered,Cash on Delivery,10571.72
1791,485,3,8,33,2025-09-12,2025-09-17,Delivered,Cash on Delivery,24982.12
1792,695,5,13,39,2026-01-19,2026-01-21,Delivered,UPI,23614.08
1793,432,4,14,100,2025-11-07,2025-11-12,Delivered,Net Banking,40078.92
1794,30,5,6,66,2026-07-06,2026-07-09,Delivered,Net Banking,23356.95
1795,204,3,19,97,2025-10-11,2025-10-17,Delivered,UPI,58745.31
1796,994,2,3,40,2025-08-04,,Pending,Debit Card,27858.91
1797,470,2,13,22,2026-04-02,2026-04-08,Delivered,Credit Card,1087.8
1798,905,2,6,39,2026-01-07,2026-01-09,Delivered,Credit Card,51965.66
1799,448,5,3,93,2026-06-05,2026-06-11,Delivered,Debit Card,27391.98
1800,6,5,16,21,2026-02-26,2026-03-02,Delivered,Cash on Delivery,60336.85
1801,716,4,7,61,2026-03-01,2026-03-08,Delivered,Credit Card,40645.77
1802,782,2,4,50,2025-09-11,2025-09-18,Delivered,Cash on Delivery,19761.52
1803,792,4,11,37,2026-05-29,,Pending,Net Banking,50114.58
1804,404,5,18,10,2025-09-06,2025-09-12,Delivered,UPI,3822.7
1805,228,3,20,23,2026-05-17,,Pending,Debit Card,39268.52
1806,349,4,17,1,2025-12-23,2025-12-30,Delivered,UPI,25822.08
1807,662,2,8,18,2026-06-17,2026-06-18,Delivered,Debit Card,33432.72
1808,446,4,3,44,2026-06-15,2026-06-17,Delivered,Credit Card,3160.86
1809,292,1,10,50,2026-06-10,2026-06-14,Delivered,Debit Card,33634.23
1810,982,5,14,23,2025-11-09,2025-11-15,Delivered,UPI,34341.99
1811,477,4,3,45,2026-05-24,2026-05-25,Delivered,UPI,26436.54
1812,165,4,11,17,2026-05-02,2026-05-06,Delivered,UPI,18030.17
1813,498,3,13,55,2026-05-20,,Pending,Cash on Delivery,26495.19
1814,265,4,4,78,2026-06-13,,Pending,Net Banking,21321.75
1815,382,3,16,92,2025-08-09,2025-08-14,Delivered,UPI,54770.79
1816,805,1,6,55,2025-10-13,2025-10-17,Delivered,Credit Card,2302.83
1817,8,5,11,91,2025-11-22,2025-11-24,Delivered,Net Banking,21746.51
1818,746,1,15,56,2025-10-15,2025-10-18,Delivered,UPI,63244.24
1819,889,3,16,59,2026-03-13,2026-03-18,Delivered,Debit Card,10136.96
1820,436,1,11,87,2026-02-07,2026-02-14,Delivered,Net Banking,14183.7
1821,274,4,6,38,2026-05-18,2026-05-19,Delivered,Debit Card,59457.16
1822,305,1,2,77,2026-02-15,2026-02-21,Delivered,Net Banking,25373.02
1823,757,1,13,32,2026-07-11,2026-07-16,Delivered,Credit Card,46568.73
1824,745,3,5,82,2025-08-21,2025-08-24,Delivered,Cash on Delivery,36851.19
1825,706,5,20,32,2026-02-08,,Pending,Net Banking,21522.79
1826,470,2,2,10,2026-02-03,2026-02-04,Delivered,Net Banking,5691.79
1827,742,1,4,49,2025-10-14,2025-10-20,Delivered,Debit Card,22644.42
1828,950,3,10,55,2026-02-24,2026-02-26,Delivered,UPI,44807.33
1829,857,5,14,15,2026-01-25,,Pending,Debit Card,47199.38
1830,311,2,20,66,2026-01-15,2026-01-22,Delivered,UPI,53520.03
1831,384,3,19,61,2026-04-06,2026-04-10,Delivered,Credit Card,43696.54
1832,284,2,17,86,2026-05-13,2026-05-17,Delivered,Debit Card,28437.61
1833,280,4,1,53,2025-12-13,2025-12-20,Delivered,Credit Card,24346.27
1834,282,3,9,60,2026-02-10,2026-02-16,Delivered,UPI,36216.02
1835,227,1,8,3,2025-10-21,2025-10-23,Delivered,Net Banking,12882.5
1836,295,5,20,59,2026-05-07,2026-05-13,Delivered,Debit Card,39643.0
1837,555,1,13,61,2025-10-25,,Pending,Debit Card,26521.36
1838,349,2,11,45,2025-10-18,,Pending,Cash on Delivery,30722.99
1839,875,4,16,27,2025-12-31,2026-01-02,Delivered,Debit Card,24539.27
1840,413,1,2,85,2025-11-14,,Pending,Cash on Delivery,18997.96
1841,575,3,12,11,2026-05-18,2026-05-23,Delivered,Debit Card,36927.23
1842,299,2,11,58,2026-01-27,2026-01-28,Delivered,Net Banking,40858.64
1843,599,4,6,80,2026-01-17,2026-01-21,Delivered,UPI,25344.58
1844,770,4,10,72,2025-08-01,2025-08-03,Delivered,Net Banking,30119.46
1845,135,1,13,78,2026-06-14,,Pending,UPI,13991.37
1846,406,5,7,28,2025-11-01,,Cancelled,Debit Card,25022.19
1847,183,4,6,99,2025-09-01,,Pending,Net Banking,30805.57
1848,419,3,12,97,2025-10-25,2025-10-30,Delivered,Debit Card,39556.78
1849,789,3,12,81,2026-05-01,2026-05-07,Delivered,Net Banking,52384.66
1850,549,4,18,51,2025-07-30,2025-08-03,Delivered,Cash on Delivery,20643.21
1851,294,2,15,21,2026-03-18,,Pending,Cash on Delivery,50341.9
1852,296,4,1,69,2025-07-31,,Pending,Credit Card,8392.26
1853,700,4,4,50,2026-03-25,2026-03-29,Delivered,Cash on Delivery,19831.13
1854,194,5,1,80,2026-07-16,2026-07-21,Delivered,Net Banking,20467.0
1855,83,3,20,74,2025-09-08,2025-09-09,Delivered,Net Banking,29638.15
1856,256,1,6,73,2025-12-09,2025-12-15,Delivered,Debit Card,1449.29
1857,24,2,20,84,2025-10-09,2025-10-14,Delivered,Credit Card,17389.76
1858,469,2,12,93,2026-02-11,,Pending,Cash on Delivery,54263.62
1859,960,1,7,42,2026-06-12,2026-06-13,Delivered,Credit Card,13637.4
1860,592,4,15,59,2026-03-31,2026-04-05,Delivered,Credit Card,1509.6
1861,816,5,6,60,2026-07-01,2026-07-02,Delivered,Debit Card,37428.68
1862,894,1,6,32,2026-01-05,2026-01-06,Delivered,UPI,16416.42
1863,699,4,14,67,2025-08-05,,Cancelled,UPI,4435.35
1864,802,5,14,34,2025-10-07,,Pending,UPI,18367.11
1865,733,1,20,83,2026-02-23,,Cancelled,Cash on Delivery,24966.05
1866,493,1,2,38,2025-09-14,,Pending,Debit Card,59412.9
1867,410,1,17,81,2025-12-27,2025-12-31,Delivered,UPI,40169.56
1868,150,1,9,98,2025-09-16,,Pending,Credit Card,20338.13
1869,376,4,14,85,2025-12-09,2025-12-11,Delivered,Credit Card,12619.98
1870,271,4,4,43,2025-11-06,2025-11-07,Delivered,Cash on Delivery,43688.43
1871,771,4,8,97,2026-05-28,2026-05-31,Delivered,Debit Card,35991.52
1872,807,5,15,90,2025-09-29,2025-10-02,Delivered,UPI,17539.75
1873,780,2,5,19,2025-08-11,2025-08-12,Delivered,Debit Card,55330.41
1874,578,2,12,92,2026-07-20,2026-07-26,Delivered,Net Banking,23241.8
1875,650,3,10,61,2025-11-05,2025-11-11,Delivered,Credit Card,10961.97
1876,762,4,5,19,2025-08-22,2025-08-29,Delivered,Debit Card,2543.87
1877,653,5,8,4,2026-04-07,,Pending,Debit Card,40106.81
1878,152,5,19,2,2026-06-21,2026-06-27,Delivered,Net Banking,9875.22
1879,416,3,16,80,2025-10-01,,Pending,Credit Card,10727.5
1880,602,4,17,41,2026-06-26,2026-06-30,Delivered,Credit Card,59108.4
1881,892,1,17,62,2026-06-29,2026-07-03,Delivered,UPI,3208.5
1882,351,3,8,40,2025-10-25,2025-10-27,Delivered,Net Banking,29158.14
1883,797,4,4,84,2026-07-09,2026-07-13,Delivered,Net Banking,33287.03
1884,935,5,1,96,2025-08-29,,Pending,Credit Card,4821.29
1885,760,1,7,47,2026-03-21,2026-03-25,Delivered,Debit Card,19783.8
1886,520,5,3,35,2025-08-09,2025-08-14,Delivered,UPI,15564.33
1887,994,2,2,58,2026-05-04,2026-05-06,Delivered,Debit Card,16876.12
1888,817,2,6,89,2026-04-06,,Pending,Credit Card,2797.42
1889,707,3,15,23,2025-12-12,2025-12-17,Delivered,Net Banking,22459.04
1890,285,1,3,96,2026-01-17,2026-01-24,Delivered,Credit Card,19329.54
1891,536,5,10,8,2026-01-22,2026-01-24,Delivered,Net Banking,26905.82
1892,489,1,15,13,2025-09-17,2025-09-24,Delivered,Debit Card,49689.85
1893,809,1,3,26,2025-07-29,2025-08-02,Delivered,Cash on Delivery,1010.19
1894,203,4,4,70,2025-11-08,2025-11-13,Delivered,Debit Card,10171.91
1895,583,4,1,75,2026-05-17,2026-05-18,Delivered,Credit Card,52237.91
1896,604,3,20,97,2025-11-12,2025-11-13,Delivered,Cash on Delivery,24786.78
1897,616,5,9,64,2025-08-21,2025-08-24,Delivered,Cash on Delivery,14968.42
1898,527,5,10,83,2025-08-03,2025-08-10,Delivered,Credit Card,22431.01
1899,350,4,9,87,2025-08-17,2025-08-20,Delivered,UPI,26368.75
1900,775,4,6,63,2026-04-27,2026-05-02,Delivered,Cash on Delivery,12210.07
1901,168,3,6,9,2026-04-21,,Pending,UPI,5706.88
1902,948,2,15,44,2026-02-04,2026-02-09,Delivered,Credit Card,30579.8
1903,798,5,4,98,2026-04-20,2026-04-23,Delivered,Debit Card,2421.14
1904,328,5,17,61,2026-03-13,2026-03-16,Delivered,Credit Card,15339.52
1905,585,4,5,42,2026-06-17,2026-06-24,Delivered,Credit Card,58196.65
1906,873,5,6,79,2026-04-26,2026-04-29,Delivered,Cash on Delivery,25447.4
1907,670,3,20,54,2025-11-09,,Pending,Credit Card,9607.2
1908,956,3,9,61,2025-09-03,,Pending,Debit Card,17062.78
1909,149,3,10,43,2026-03-03,2026-03-10,Delivered,Cash on Delivery,22955.07
1910,316,1,14,73,2025-10-18,2025-10-22,Delivered,Cash on Delivery,11761.98
1911,57,4,14,46,2025-09-26,2025-09-28,Delivered,Debit Card,28515.43
1912,20,3,7,27,2025-11-09,2025-11-12,Delivered,Debit Card,6400.88
1913,25,3,11,55,2025-12-18,,Pending,Net Banking,40234.38
1914,574,3,7,28,2026-05-26,2026-05-30,Delivered,UPI,41894.28
1915,77,5,8,21,2025-10-28,2025-11-01,Delivered,Cash on Delivery,24826.35
1916,975,4,2,100,2026-06-18,2026-06-24,Delivered,Credit Card,15807.63
1917,287,1,20,76,2026-02-25,2026-02-26,Delivered,Debit Card,7855.9
1918,283,1,18,48,2026-04-02,2026-04-05,Delivered,Cash on Delivery,37089.43
1919,138,4,3,42,2025-08-25,,Cancelled,Credit Card,30755.71
1920,895,5,5,76,2025-08-19,2025-08-21,Delivered,UPI,16580.7
1921,449,3,8,42,2026-03-25,2026-04-01,Delivered,Net Banking,17307.79
1922,544,1,10,89,2026-01-30,2026-02-06,Delivered,Debit Card,10344.24
1923,981,2,12,99,2026-04-30,2026-05-02,Delivered,Debit Card,53642.6
1924,480,3,8,59,2026-03-23,2026-03-25,Delivered,Debit Card,45560.89
1925,619,4,1,18,2025-11-24,2025-11-28,Delivered,Cash on Delivery,8642.43
1926,826,1,16,7,2025-09-03,,Pending,Net Banking,6026.85
1927,383,5,1,73,2026-03-30,2026-03-31,Delivered,Debit Card,6433.86
1928,810,1,18,63,2026-07-20,2026-07-23,Delivered,UPI,38439.19
1929,579,5,3,72,2025-09-21,,Pending,Credit Card,5563.63
1930,818,5,17,12,2025-09-21,2025-09-25,Delivered,Credit Card,9184.92
1931,770,3,3,99,2026-05-14,2026-05-21,Delivered,Cash on Delivery,5951.0
1932,463,5,5,84,2025-11-11,2025-11-13,Delivered,Debit Card,7697.76
1933,465,4,17,100,2026-02-23,2026-03-02,Delivered,UPI,48503.81
1934,412,4,19,38,2026-01-23,2026-01-30,Delivered,UPI,11520.53
1935,9,2,8,42,2025-08-06,2025-08-09,Delivered,Net Banking,30904.34
1936,691,2,11,69,2026-03-12,2026-03-18,Delivered,Net Banking,70236.06
1937,948,2,12,92,2026-05-06,,Pending,Credit Card,40197.31
1938,792,1,5,27,2026-05-08,2026-05-09,Delivered,Net Banking,20685.39
1939,617,1,2,100,2026-02-28,2026-03-03,Delivered,Debit Card,43536.81
1940,892,3,11,30,2026-01-27,2026-01-29,Delivered,Credit Card,40749.78
1941,435,2,9,30,2025-09-23,,Pending,Debit Card,789.04
1942,28,1,5,57,2026-05-12,2026-05-16,Delivered,Cash on Delivery,25139.38
1943,889,4,7,49,2025-12-25,2025-12-29,Delivered,Credit Card,24847.25
1944,211,1,13,76,2025-11-03,,Pending,Credit Card,28162.82
1945,519,2,19,93,2026-06-28,2026-06-30,Delivered,UPI,50400.22
1946,964,3,16,95,2026-07-24,2026-07-30,Delivered,Cash on Delivery,44790.55
1947,196,3,7,12,2026-03-07,,Pending,Cash on Delivery,18325.74
1948,262,1,17,15,2026-01-01,,Pending,UPI,19136.55
1949,390,1,14,52,2025-10-14,,Cancelled,Debit Card,51668.06
1950,370,3,10,9,2025-10-06,2025-10-13,Delivered,Credit Card,39725.68
1951,719,4,3,84,2025-10-03,2025-10-07,Delivered,UPI,16725.91
1952,975,1,9,94,2025-12-18,2025-12-21,Delivered,Credit Card,67742.96
1953,868,5,8,23,2025-08-26,2025-08-28,Delivered,Credit Card,35562.68
1954,144,2,16,98,2026-02-04,2026-02-09,Delivered,Debit Card,27379.88
1955,381,4,20,54,2026-06-18,,Pending,Credit Card,22182.43
1956,179,2,17,20,2025-11-19,2025-11-26,Delivered,Debit Card,18406.95
1957,901,3,4,21,2026-05-31,2026-06-02,Delivered,Cash on Delivery,21757.1
1958,641,1,12,34,2025-09-20,2025-09-21,Delivered,Debit Card,49509.95
1959,30,4,16,5,2025-10-07,2025-10-09,Delivered,UPI,37687.1
1960,553,2,13,98,2025-11-16,2025-11-21,Delivered,Credit Card,11979.74
1961,103,1,1,45,2025-08-01,,Pending,Cash on Delivery,65352.75
1962,68,5,4,61,2025-11-06,2025-11-10,Delivered,Cash on Delivery,16094.73
1963,138,4,20,82,2026-06-15,2026-06-19,Delivered,Debit Card,72219.64
1964,132,1,11,85,2026-07-07,2026-07-12,Delivered,Cash on Delivery,25020.3
1965,505,2,19,26,2026-04-22,2026-04-27,Delivered,Credit Card,12557.03
1966,231,3,3,96,2026-04-03,2026-04-07,Delivered,Net Banking,51555.79
1967,108,3,8,29,2026-04-14,2026-04-20,Delivered,Debit Card,37050.82
1968,728,5,15,86,2025-10-18,2025-10-23,Delivered,Debit Card,18729.35
1969,779,2,5,42,2025-10-01,2025-10-07,Delivered,Net Banking,17679.05
1970,755,4,2,96,2026-01-05,,Pending,UPI,17531.32
1971,814,1,7,24,2025-09-03,2025-09-09,Delivered,Credit Card,14812.83
1972,166,4,13,42,2025-09-06,2025-09-10,Delivered,Debit Card,18948.87
1973,193,4,19,52,2026-02-19,2026-02-21,Delivered,Net Banking,25841.16
1974,270,5,18,57,2026-06-13,2026-06-16,Delivered,Debit Card,21114.16
1975,346,4,6,33,2026-03-25,2026-04-01,Delivered,Net Banking,27927.52
1976,468,5,4,86,2025-08-16,,Pending,Debit Card,55814.08
1977,65,2,12,55,2025-08-09,2025-08-14,Delivered,UPI,19652.69
1978,233,3,15,15,2025-10-09,2025-10-15,Delivered,Credit Card,600.8
1979,895,1,12,40,2025-11-22,2025-11-27,Delivered,Net Banking,9432.6
1980,187,2,13,66,2025-12-22,2025-12-29,Delivered,UPI,49947.6
1981,204,5,12,68,2026-02-16,2026-02-18,Delivered,Net Banking,10205.36
1982,538,5,2,69,2026-01-10,2026-01-12,Delivered,Credit Card,42652.1
1983,384,5,6,13,2025-09-03,2025-09-09,Delivered,Credit Card,32618.53
1984,864,5,5,70,2026-04-20,,Pending,Cash on Delivery,8616.45
1985,879,3,7,36,2025-12-22,2025-12-26,Delivered,Cash on Delivery,17920.32
1986,923,4,17,54,2025-10-18,,Pending,Debit Card,46197.08
1987,140,5,10,1,2025-08-15,2025-08-21,Delivered,Debit Card,26226.16
1988,214,1,20,77,2026-01-27,,Cancelled,Cash on Delivery,1249.33
1989,144,2,5,62,2025-07-31,,Pending,Cash on Delivery,35702.71
1990,806,2,6,83,2025-09-22,2025-09-27,Delivered,Credit Card,5285.86
1991,855,2,12,10,2026-02-24,2026-02-27,Delivered,Cash on Delivery,33161.29
1992,127,2,19,87,2025-12-29,2026-01-02,Delivered,Debit Card,22892.95
1993,779,3,11,2,2026-01-17,2026-01-22,Delivered,Net Banking,70304.76
1994,106,3,20,61,2026-04-22,2026-04-26,Delivered,UPI,43133.34
1995,555,3,20,59,2026-04-06,2026-04-13,Delivered,Debit Card,13534.29
1996,973,3,2,49,2025-09-30,,Pending,UPI,1346.92
1997,642,4,15,55,2025-08-17,2025-08-23,Delivered,Debit Card,34672.65
1998,231,5,17,14,2026-07-24,2026-07-30,Delivered,Net Banking,21860.87
1999,886,4,12,31,2026-07-23,,Pending,Cash on Delivery,15198.66
2000,432,3,2,82,2025-09-23,2025-09-30,Delivered,Debit Card,14022.98
2001,927,3,9,82,2026-05-25,2026-05-29,Delivered,Debit Card,23589.51
2002,86,2,1,13,2025-08-09,2025-08-13,Delivered,Net Banking,14673.32
2003,507,1,8,76,2025-08-08,2025-08-11,Delivered,Cash on Delivery,35368.83
2004,575,4,20,73,2026-03-14,2026-03-19,Delivered,UPI,22746.18
2005,617,1,4,76,2025-12-04,,Pending,Net Banking,27909.16
2006,98,5,4,98,2026-05-25,2026-05-30,Delivered,Cash on Delivery,2322.75
2007,835,4,13,92,2026-05-30,2026-06-02,Delivered,Cash on Delivery,10299.72
2008,588,4,17,5,2025-10-26,,Pending,UPI,17580.39
2009,222,1,19,24,2025-12-25,2025-12-28,Delivered,Debit Card,36070.38
2010,943,3,14,4,2026-07-08,2026-07-15,Delivered,Debit Card,38101.78
2011,839,2,12,46,2026-06-03,,Cancelled,Debit Card,23940.68
2012,457,3,2,42,2026-01-03,2026-01-09,Delivered,Credit Card,35199.06
2013,215,3,18,99,2026-05-03,,Pending,Cash on Delivery,2687.96
2014,772,4,12,100,2025-09-17,,Pending,UPI,12035.56
2015,342,2,12,79,2025-08-23,2025-08-30,Delivered,Debit Card,63070.74
2016,849,1,10,13,2026-03-05,,Pending,Cash on Delivery,20688.48
2017,321,4,20,64,2025-12-13,2025-12-20,Delivered,Credit Card,34046.34
2018,272,3,16,45,2025-10-11,2025-10-15,Delivered,Credit Card,22189.75
2019,983,5,6,42,2026-01-01,2026-01-03,Delivered,Debit Card,24911.12
2020,931,5,17,90,2026-02-23,2026-02-26,Delivered,Net Banking,30119.07
2021,183,1,13,80,2026-03-10,2026-03-12,Delivered,UPI,11878.64
2022,729,2,20,85,2025-08-08,2025-08-11,Delivered,Debit Card,12632.12
2023,546,1,12,51,2025-07-30,2025-08-03,Delivered,Debit Card,66538.12
2024,629,4,19,11,2025-12-05,2025-12-07,Delivered,UPI,28449.82
2025,252,1,18,20,2026-01-23,2026-01-26,Delivered,Cash on Delivery,7633.16
2026,230,4,8,32,2026-01-27,,Pending,Credit Card,13230.15
2027,149,5,1,38,2026-03-18,2026-03-19,Delivered,Cash on Delivery,35243.2
2028,859,2,15,54,2025-11-25,2025-11-30,Delivered,Cash on Delivery,27699.22
2029,191,4,17,75,2025-08-07,2025-08-12,Delivered,Debit Card,2038.84
2030,724,2,12,34,2025-08-19,2025-08-22,Delivered,Debit Card,8114.38
2031,554,2,12,10,2025-09-02,,Cancelled,Debit Card,25755.69
2032,881,5,8,69,2026-02-04,2026-02-05,Delivered,Cash on Delivery,30225.76
2033,549,5,11,14,2025-10-29,,Pending,Credit Card,22908.37
2034,738,2,12,92,2025-09-18,2025-09-23,Delivered,Cash on Delivery,22456.62
2035,276,4,19,7,2025-12-03,2025-12-07,Delivered,Net Banking,44094.39
2036,447,5,3,22,2026-06-01,2026-06-05,Delivered,UPI,34935.47
2037,918,2,12,62,2026-03-02,,Pending,UPI,17610.64
2038,699,3,12,9,2025-07-31,,Cancelled,Net Banking,29660.3
2039,259,2,1,92,2025-08-06,2025-08-10,Delivered,Cash on Delivery,13228.72
2040,221,3,15,40,2026-06-02,2026-06-08,Delivered,Debit Card,28416.2
2041,239,2,19,66,2026-01-22,,Pending,Net Banking,17689.99
2042,698,5,19,41,2025-10-18,,Pending,UPI,21595.48
2043,730,5,12,76,2026-03-22,2026-03-23,Delivered,UPI,46612.36
2044,543,2,14,94,2026-01-22,2026-01-24,Delivered,Net Banking,40770.35
2045,793,1,6,24,2025-08-30,2025-09-03,Delivered,Debit Card,30274.4
2046,92,4,4,52,2025-10-08,2025-10-14,Delivered,Cash on Delivery,21969.87
2047,391,2,16,18,2026-05-15,,Pending,UPI,17287.74
2048,319,4,12,23,2026-05-25,2026-05-28,Delivered,UPI,48412.87
2049,189,1,9,52,2025-08-09,2025-08-12,Delivered,Debit Card,16188.69
2050,463,1,4,68,2026-04-07,2026-04-12,Delivered,Net Banking,32678.66
2051,61,1,12,13,2026-01-18,2026-01-23,Delivered,UPI,1548.5
2052,335,5,13,40,2025-10-01,2025-10-06,Delivered,Debit Card,37383.97
2053,880,4,3,23,2025-09-27,2025-10-02,Delivered,Credit Card,2687.97
2054,549,2,7,45,2025-09-01,2025-09-07,Delivered,Net Banking,5959.15
2055,384,2,19,23,2025-09-07,,Pending,Net Banking,14585.94
2056,153,1,15,4,2025-10-14,2025-10-19,Delivered,Debit Card,2117.96
2057,958,5,10,14,2026-02-21,2026-02-23,Delivered,Net Banking,1046.26
2058,172,5,4,64,2026-06-07,2026-06-09,Delivered,Debit Card,4293.66
2059,961,4,15,85,2025-12-21,2025-12-25,Delivered,UPI,21673.96
2060,685,2,18,9,2026-03-03,2026-03-06,Delivered,Credit Card,12797.6
2061,984,1,16,25,2025-08-12,,Pending,Debit Card,39797.47
2062,61,5,16,85,2026-05-11,2026-05-18,Delivered,UPI,14161.63
2063,869,5,17,12,2026-02-09,2026-02-12,Delivered,Net Banking,19263.75
2064,589,2,18,67,2026-01-26,2026-01-31,Delivered,Debit Card,34757.44
2065,329,3,5,58,2026-07-05,,Pending,Cash on Delivery,39504.9
2066,414,4,14,49,2025-08-25,2025-08-26,Delivered,UPI,25179.72
2067,330,4,18,62,2026-04-07,2026-04-10,Delivered,Debit Card,37312.15
2068,790,2,2,68,2025-12-25,,Pending,UPI,50258.57
2069,315,5,19,96,2026-02-04,,Pending,Credit Card,11803.69
2070,657,1,11,95,2025-09-20,2025-09-21,Delivered,Debit Card,4536.39
2071,395,1,7,46,2025-10-07,,Cancelled,Cash on Delivery,22960.88
2072,757,5,17,68,2025-09-11,,Pending,Debit Card,27569.23
2073,698,2,2,28,2025-08-05,2025-08-07,Delivered,Debit Card,12579.15
2074,75,5,7,64,2026-06-04,2026-06-10,Delivered,UPI,47438.5
2075,47,1,13,27,2026-06-11,,Pending,Debit Card,22041.85
2076,5,3,8,85,2025-11-02,,Pending,Credit Card,35950.12
2077,400,4,8,48,2025-11-26,,Pending,UPI,38352.12
2078,160,3,5,77,2026-06-29,2026-07-05,Delivered,Cash on Delivery,13286.77
2079,697,3,19,91,2026-07-20,,Pending,Credit Card,12761.07
2080,963,4,9,53,2026-04-28,2026-05-02,Delivered,Cash on Delivery,35091.43
2081,285,1,7,100,2026-05-23,2026-05-28,Delivered,Cash on Delivery,58335.87
2082,43,1,15,17,2025-11-12,2025-11-14,Delivered,UPI,37460.36
2083,119,3,6,63,2026-05-11,2026-05-16,Delivered,Credit Card,7036.74
2084,967,4,9,88,2026-01-01,2026-01-07,Delivered,Debit Card,46423.64
2085,550,3,10,37,2026-05-30,,Pending,UPI,3285.3
2086,780,2,4,51,2025-09-08,,Pending,UPI,19325.32
2087,569,4,16,26,2026-02-04,2026-02-05,Delivered,Cash on Delivery,26271.62
2088,112,2,4,30,2025-09-08,2025-09-12,Delivered,UPI,59360.2
2089,781,4,3,31,2026-03-05,2026-03-08,Delivered,Credit Card,4864.66
2090,453,2,20,99,2025-09-29,2025-10-04,Delivered,Credit Card,15189.84
2091,743,3,11,6,2026-02-24,2026-02-26,Delivered,Debit Card,20145.45
2092,944,1,6,45,2026-06-05,2026-06-11,Delivered,Cash on Delivery,5046.74
2093,390,2,5,38,2025-08-22,2025-08-24,Delivered,Credit Card,40696.59
2094,344,1,15,4,2026-01-27,,Pending,Credit Card,17380.69
2095,617,5,17,37,2026-06-15,2026-06-17,Delivered,Debit Card,34381.76
2096,59,5,4,88,2025-07-29,2025-08-03,Delivered,UPI,25410.32
2097,634,3,6,93,2026-01-19,,Pending,UPI,18379.81
2098,147,1,4,88,2025-11-03,2025-11-07,Delivered,Net Banking,26176.22
2099,60,2,13,99,2025-11-22,2025-11-29,Delivered,UPI,50985.04
2100,578,4,18,10,2025-10-30,2025-11-06,Delivered,Net Banking,3806.73
2101,661,4,13,37,2026-01-01,2026-01-05,Delivered,Credit Card,19728.38
2102,700,4,16,79,2025-08-16,2025-08-22,Delivered,Cash on Delivery,11146.62
2103,942,2,5,59,2025-09-21,2025-09-24,Delivered,Credit Card,53847.39
2104,294,2,6,50,2026-06-12,,Cancelled,Debit Card,29062.12
2105,758,2,1,56,2025-10-22,,Pending,UPI,4951.78
2106,471,2,14,91,2026-05-17,,Pending,Cash on Delivery,11202.98
2107,129,4,12,27,2025-11-21,,Pending,Cash on Delivery,44608.02
2108,472,4,15,57,2025-11-17,,Cancelled,Debit Card,10672.19
2109,346,5,11,86,2026-06-24,2026-06-30,Delivered,Credit Card,61074.41
2110,252,5,7,92,2026-05-28,2026-05-30,Delivered,Debit Card,30134.98
2111,922,4,15,71,2026-07-23,,Pending,Debit Card,23011.96
2112,660,1,10,28,2026-07-12,2026-07-16,Delivered,Net Banking,19301.58
2113,668,5,15,39,2025-09-16,,Pending,Cash on Delivery,35170.89
2114,53,4,7,28,2025-10-06,2025-10-08,Delivered,Net Banking,21464.69
2115,443,4,6,57,2025-12-14,2025-12-16,Delivered,Net Banking,35803.82
2116,684,5,6,35,2025-09-21,,Cancelled,Credit Card,15509.98
2117,657,2,13,74,2025-09-01,,Pending,Credit Card,36804.96
2118,422,2,11,60,2026-04-04,2026-04-10,Delivered,Cash on Delivery,37021.2
2119,324,1,20,98,2025-12-28,2026-01-03,Delivered,UPI,23520.14
2120,806,1,3,11,2025-08-01,2025-08-08,Delivered,Debit Card,63790.82
2121,874,3,3,41,2025-09-20,,Pending,Credit Card,16691.54
2122,762,3,5,28,2025-12-06,2025-12-07,Delivered,Net Banking,5166.28
2123,932,4,11,75,2025-10-05,,Pending,Cash on Delivery,13060.29
2124,347,5,6,38,2025-10-18,2025-10-25,Delivered,Credit Card,20206.36
2125,923,5,5,21,2026-07-15,2026-07-20,Delivered,Cash on Delivery,43351.85
2126,163,3,18,71,2026-03-12,2026-03-18,Delivered,Credit Card,12362.62
2127,1000,4,4,85,2025-11-08,,Pending,UPI,5633.67
2128,774,4,2,18,2026-05-16,,Pending,Cash on Delivery,39425.36
2129,489,3,6,99,2025-08-27,2025-09-02,Delivered,Cash on Delivery,49899.74
2130,599,4,19,24,2025-09-20,2025-09-21,Delivered,Net Banking,23637.36
2131,353,1,11,11,2026-05-07,,Pending,Credit Card,47663.09
2132,139,1,20,39,2026-07-16,2026-07-18,Delivered,Credit Card,15939.75
2133,985,1,11,38,2026-07-25,2026-08-01,Delivered,Debit Card,56248.82
2134,618,4,16,3,2026-04-10,2026-04-15,Delivered,Credit Card,60609.06
2135,374,1,9,25,2026-05-06,2026-05-11,Delivered,Cash on Delivery,47560.51
2136,327,3,6,7,2025-08-02,2025-08-08,Delivered,Debit Card,64475.41
2137,460,4,14,44,2026-03-10,2026-03-16,Delivered,UPI,62350.99
2138,341,1,18,5,2025-11-09,2025-11-14,Delivered,Net Banking,18416.96
2139,20,4,10,49,2025-11-22,2025-11-26,Delivered,Cash on Delivery,39270.33
2140,37,5,9,90,2026-05-11,2026-05-14,Delivered,Cash on Delivery,28918.75
2141,417,3,11,17,2026-06-11,,Pending,Net Banking,39230.68
2142,198,1,16,37,2026-01-16,2026-01-20,Delivered,Debit Card,14049.36
2143,883,1,17,15,2026-06-01,2026-06-03,Delivered,Credit Card,34496.91
2144,77,2,6,48,2026-06-19,2026-06-24,Delivered,UPI,48116.2
2145,885,3,3,2,2026-01-27,2026-02-02,Delivered,Net Banking,16090.5
2146,73,4,5,75,2026-07-05,2026-07-12,Delivered,Debit Card,35600.5
2147,805,2,4,79,2025-10-05,2025-10-11,Delivered,Credit Card,27231.3
2148,941,1,3,24,2025-12-19,2025-12-20,Delivered,Cash on Delivery,5544.61
2149,811,4,8,27,2026-03-23,2026-03-24,Delivered,Debit Card,9684.56
2150,641,4,17,25,2025-08-04,2025-08-06,Delivered,Net Banking,77947.73
2151,724,5,6,61,2025-10-15,2025-10-21,Delivered,UPI,27217.56
2152,454,2,6,65,2026-04-14,2026-04-16,Delivered,Debit Card,3657.12
2153,148,1,18,74,2025-10-05,,Cancelled,UPI,23691.2
2154,193,2,6,42,2026-01-06,,Pending,Credit Card,33175.78
2155,405,3,19,38,2026-04-02,2026-04-07,Delivered,Credit Card,59213.63
2156,437,1,9,45,2026-03-26,2026-03-31,Delivered,Debit Card,9301.62
2157,289,3,6,9,2025-12-11,2025-12-15,Delivered,UPI,53264.23
2158,635,4,14,11,2025-11-26,2025-12-02,Delivered,UPI,26120.58
2159,763,5,3,41,2025-09-01,2025-09-04,Delivered,UPI,14305.69
2160,583,4,9,94,2025-10-22,,Pending,Debit Card,47028.22
2161,761,4,16,48,2026-07-20,2026-07-27,Delivered,Debit Card,1845.62
2162,560,3,7,30,2025-09-15,2025-09-16,Delivered,Cash on Delivery,9684.56
2163,477,4,15,42,2026-01-25,,Pending,Cash on Delivery,29941.72
2164,890,4,15,58,2026-01-01,2026-01-07,Delivered,Cash on Delivery,18339.92
2165,973,4,1,18,2025-08-26,,Pending,Credit Card,22425.48
2166,410,2,12,2,2026-04-06,2026-04-13,Delivered,Credit Card,3167.52
2167,608,4,6,28,2026-01-23,2026-01-27,Delivered,Credit Card,32522.04
2168,278,2,11,26,2026-03-18,2026-03-22,Delivered,Debit Card,31299.26
2169,850,5,18,36,2026-06-09,2026-06-13,Delivered,Cash on Delivery,24546.42
2170,444,1,14,21,2025-11-20,2025-11-26,Delivered,Debit Card,40069.96
2171,985,4,4,9,2026-05-02,,Cancelled,Net Banking,27601.04
2172,297,2,5,31,2026-02-28,2026-03-04,Delivered,Cash on Delivery,11347.57
2173,503,3,1,40,2025-08-05,2025-08-08,Delivered,Net Banking,24429.64
2174,440,3,20,16,2026-04-15,2026-04-20,Delivered,Debit Card,40133.43
2175,743,3,12,89,2025-09-17,,Pending,Net Banking,51006.48
2176,994,4,16,9,2025-11-08,2025-11-11,Delivered,Credit Card,30759.04
2177,215,3,11,89,2025-12-07,2025-12-14,Delivered,Cash on Delivery,15456.72
2178,806,3,9,72,2026-06-13,2026-06-20,Delivered,Credit Card,23015.44
2179,924,5,5,42,2026-04-21,,Pending,Credit Card,12427.02
2180,726,2,19,79,2025-12-13,2025-12-20,Delivered,Cash on Delivery,36979.48
2181,577,4,16,3,2026-03-10,2026-03-11,Delivered,Credit Card,10877.22
2182,639,5,11,11,2026-02-21,2026-02-25,Delivered,Debit Card,8815.47
2183,69,3,15,50,2025-12-10,,Pending,Credit Card,15768.07
2184,373,1,2,61,2025-09-08,2025-09-14,Delivered,Debit Card,31006.13
2185,365,3,20,62,2025-12-22,2025-12-29,Delivered,Debit Card,8937.32
2186,497,2,11,78,2025-08-10,,Pending,Credit Card,27274.8
2187,981,1,20,78,2025-09-16,2025-09-22,Delivered,Credit Card,12462.63
2188,537,4,17,37,2025-09-06,2025-09-10,Delivered,UPI,10816.02
2189,306,1,9,27,2025-09-06,2025-09-07,Delivered,Cash on Delivery,8506.48
2190,81,2,12,60,2026-03-07,,Pending,Cash on Delivery,2337.28
2191,641,3,13,72,2026-04-12,2026-04-16,Delivered,UPI,21400.44
2192,960,5,9,59,2025-09-07,2025-09-13,Delivered,Cash on Delivery,35692.98
2193,292,1,6,76,2025-11-28,2025-11-29,Delivered,UPI,33328.6
2194,889,3,11,71,2026-07-23,2026-07-25,Delivered,Cash on Delivery,18991.67
2195,564,4,1,81,2026-02-20,2026-02-23,Delivered,Credit Card,36195.28
2196,335,3,20,98,2026-03-09,2026-03-12,Delivered,Net Banking,11383.58
2197,775,1,19,6,2026-07-20,,Pending,Credit Card,40460.07
2198,509,5,3,9,2026-06-18,2026-06-19,Delivered,Credit Card,12099.76
2199,963,3,8,12,2025-08-31,,Pending,Debit Card,56092.39
2200,84,4,14,44,2025-10-01,,Pending,Cash on Delivery,49006.17
2201,559,4,2,68,2026-06-04,2026-06-11,Delivered,Credit Card,6921.18
2202,562,3,3,27,2026-01-09,2026-01-10,Delivered,Credit Card,49127.42
2203,246,1,2,83,2026-02-21,2026-02-22,Delivered,Credit Card,27295.91
2204,491,2,2,6,2026-07-04,2026-07-06,Delivered,Credit Card,23920.74
2205,513,4,11,42,2025-12-31,2026-01-06,Delivered,UPI,17131.85
2206,523,4,10,64,2026-05-17,2026-05-23,Delivered,Net Banking,29407.28
2207,70,2,2,26,2026-04-26,2026-04-28,Delivered,Net Banking,42662.2
2208,504,3,1,45,2025-11-14,2025-11-19,Delivered,Net Banking,12092.97
2209,921,1,6,51,2026-05-07,2026-05-12,Delivered,Net Banking,20878.58
2210,289,2,9,72,2026-03-19,2026-03-23,Delivered,Credit Card,58029.22
2211,773,3,20,33,2026-06-03,2026-06-06,Delivered,Cash on Delivery,16853.37
2212,123,5,10,58,2026-02-20,2026-02-25,Delivered,Cash on Delivery,12862.98
2213,210,1,6,15,2026-07-05,2026-07-12,Delivered,Credit Card,30007.63
2214,205,2,19,95,2026-01-03,2026-01-10,Delivered,Net Banking,23387.72
2215,838,2,10,47,2025-11-03,2025-11-09,Delivered,Net Banking,34474.33
2216,912,1,9,28,2026-01-29,2026-02-01,Delivered,Credit Card,14743.09
2217,850,4,6,43,2026-02-27,2026-03-05,Delivered,Debit Card,12818.18
2218,469,4,13,78,2026-01-09,,Pending,Cash on Delivery,10934.62
2219,575,2,20,37,2026-05-30,,Pending,UPI,10358.76
2220,632,5,4,1,2026-07-03,,Pending,UPI,39107.35
2221,878,3,1,36,2026-07-14,,Pending,Cash on Delivery,61916.77
2222,391,2,19,21,2026-02-11,2026-02-14,Delivered,Credit Card,30133.49
2223,995,1,14,95,2026-04-14,,Pending,Debit Card,30070.56
2224,428,1,1,39,2026-01-06,,Pending,Debit Card,29998.17
2225,146,2,9,59,2025-09-14,,Pending,UPI,26799.32
2226,942,1,1,61,2025-10-18,2025-10-19,Delivered,Credit Card,29723.88
2227,467,1,19,89,2026-01-23,2026-01-26,Delivered,Net Banking,75913.55
2228,492,1,3,94,2025-12-21,2025-12-23,Delivered,Cash on Delivery,40512.09
2229,695,4,13,4,2025-08-18,2025-08-22,Delivered,Cash on Delivery,29127.12
2230,180,1,1,74,2026-07-14,,Pending,Debit Card,40752.97
2231,727,3,10,93,2025-07-30,2025-08-06,Delivered,UPI,24766.71
2232,688,1,9,25,2026-02-06,2026-02-10,Delivered,UPI,21368.19
2233,895,4,19,56,2026-02-16,2026-02-22,Delivered,Credit Card,11036.15
2234,733,3,2,37,2025-11-08,2025-11-13,Delivered,Cash on Delivery,2033.22
2235,841,3,16,70,2025-11-25,2025-12-01,Delivered,Net Banking,18393.24
2236,554,4,5,42,2026-01-20,2026-01-23,Delivered,Credit Card,22587.61
2237,595,3,13,48,2025-11-04,2025-11-07,Delivered,Credit Card,26482.6
2238,834,4,16,87,2025-08-05,2025-08-08,Delivered,UPI,40760.9
2239,617,4,9,18,2026-02-10,2026-02-13,Delivered,Cash on Delivery,21187.47
2240,772,3,18,88,2026-05-13,2026-05-14,Delivered,Net Banking,5355.17
2241,941,2,5,77,2025-10-24,2025-10-30,Delivered,Net Banking,36810.6
2242,143,4,7,89,2026-01-13,2026-01-20,Delivered,UPI,3927.95
2243,514,1,18,6,2026-06-10,2026-06-15,Delivered,Debit Card,23107.32
2244,957,2,18,86,2026-04-08,,Pending,Debit Card,47474.48
2245,501,3,4,42,2026-02-28,2026-03-07,Delivered,Net Banking,51507.83
2246,960,2,13,67,2025-08-30,2025-09-03,Delivered,Net Banking,70212.96
2247,360,1,14,89,2026-03-03,,Pending,Credit Card,19985.57
2248,656,2,15,20,2025-09-07,,Pending,UPI,26479.24
2249,915,3,17,14,2026-03-06,2026-03-07,Delivered,Credit Card,34488.64
2250,774,5,13,39,2025-08-08,,Pending,UPI,18150.68
2251,975,1,7,4,2026-02-02,2026-02-05,Delivered,Credit Card,40416.42
2252,191,4,3,9,2025-11-17,2025-11-18,Delivered,Debit Card,22354.29
2253,678,3,13,2,2026-03-24,2026-03-27,Delivered,Cash on Delivery,32409.0
2254,384,4,7,39,2026-06-20,2026-06-25,Delivered,Net Banking,17253.14
2255,608,4,2,87,2026-03-04,2026-03-05,Delivered,Debit Card,46865.4
2256,360,4,1,33,2025-09-15,2025-09-22,Delivered,Net Banking,42758.25
2257,789,3,4,55,2025-08-29,2025-09-03,Delivered,Cash on Delivery,23135.78
2258,28,1,13,5,2026-01-12,,Cancelled,Cash on Delivery,59148.0
2259,259,1,18,12,2025-11-20,2025-11-26,Delivered,Cash on Delivery,23766.96
2260,389,1,11,31,2025-08-12,2025-08-16,Delivered,Debit Card,28298.71
2261,318,2,18,100,2025-08-15,2025-08-19,Delivered,Net Banking,20141.29
2262,421,1,4,2,2025-12-30,2026-01-04,Delivered,Net Banking,62717.77
2263,456,5,3,65,2026-03-05,2026-03-08,Delivered,Cash on Delivery,14766.64
2264,821,5,18,84,2026-05-09,2026-05-12,Delivered,UPI,29450.58
2265,715,3,17,63,2026-05-04,2026-05-08,Delivered,Credit Card,44068.75
2266,41,2,10,77,2026-05-19,2026-05-20,Delivered,UPI,31287.52
2267,204,2,16,63,2026-02-17,2026-02-21,Delivered,Cash on Delivery,47908.95
2268,45,5,10,24,2026-07-24,2026-07-31,Delivered,Cash on Delivery,6042.36
2269,235,1,15,90,2026-06-11,,Pending,UPI,40680.69
2270,169,5,5,17,2026-05-21,2026-05-26,Delivered,UPI,35873.22
2271,449,4,16,47,2026-07-09,,Pending,UPI,54269.91
2272,726,1,17,89,2025-10-13,2025-10-18,Delivered,Cash on Delivery,20341.94
2273,486,4,2,36,2025-12-26,2026-01-01,Delivered,UPI,65225.26
2274,67,3,3,34,2026-03-20,,Pending,Cash on Delivery,15432.24
2275,411,2,17,32,2026-05-06,,Pending,UPI,2556.16
2276,25,2,6,12,2026-03-26,2026-04-01,Delivered,Cash on Delivery,41628.16
2277,676,1,18,48,2025-09-14,2025-09-18,Delivered,Credit Card,40036.36
2278,597,2,14,15,2026-06-15,2026-06-17,Delivered,Credit Card,20614.49
2279,308,3,5,96,2025-10-11,2025-10-12,Delivered,UPI,6446.47
2280,523,5,1,15,2026-05-28,2026-05-31,Delivered,Net Banking,35960.55
2281,10,4,10,18,2025-11-30,2025-12-02,Delivered,Credit Card,15893.45
2282,194,2,16,62,2025-10-24,2025-10-25,Delivered,Cash on Delivery,72451.6
2283,567,5,18,10,2025-11-12,2025-11-14,Delivered,Credit Card,22465.15
2284,882,5,3,62,2026-02-21,2026-02-22,Delivered,Credit Card,9926.4
2285,253,3,14,81,2025-11-08,2025-11-10,Delivered,Cash on Delivery,23456.03
2286,62,4,14,6,2026-02-10,,Pending,UPI,44662.15
2287,198,2,12,51,2026-01-12,2026-01-19,Delivered,Credit Card,33856.39
2288,491,2,20,66,2025-11-09,,Pending,Credit Card,92207.28
2289,614,4,17,37,2026-01-17,2026-01-18,Delivered,Net Banking,3739.76
2290,32,2,14,9,2025-08-11,2025-08-17,Delivered,UPI,33149.55
2291,379,3,9,51,2026-02-07,2026-02-13,Delivered,Debit Card,11110.65
2292,857,4,18,78,2025-09-26,2025-09-29,Delivered,Net Banking,46190.27
2293,500,5,13,97,2025-09-10,,Pending,Net Banking,30530.59
2294,946,2,20,77,2025-10-21,2025-10-26,Delivered,Cash on Delivery,38310.66
2295,346,5,3,89,2026-03-06,2026-03-09,Delivered,Net Banking,24559.16
2296,632,3,3,33,2026-02-16,2026-02-19,Delivered,Net Banking,19754.14
2297,526,3,8,41,2026-01-02,,Pending,Credit Card,41100.81
2298,580,2,7,45,2025-11-27,,Cancelled,Debit Card,58650.68
2299,531,2,14,36,2025-11-10,2025-11-14,Delivered,Net Banking,20464.72
2300,912,3,5,99,2026-01-10,2026-01-12,Delivered,Net Banking,17718.86
2301,567,5,11,27,2025-10-07,,Pending,Net Banking,48555.3
2302,178,2,4,93,2025-09-22,2025-09-25,Delivered,Credit Card,19567.97
2303,613,4,11,24,2026-04-30,,Pending,Debit Card,47082.8
2304,252,4,13,62,2026-06-24,2026-06-29,Delivered,Net Banking,27063.81
2305,350,1,5,33,2025-07-30,2025-08-02,Delivered,Cash on Delivery,33189.76
2306,833,3,18,51,2025-09-30,2025-10-02,Delivered,Cash on Delivery,10948.92
2307,466,5,18,75,2025-08-21,,Pending,Net Banking,47251.15
2308,431,4,7,35,2025-09-29,2025-10-03,Delivered,Net Banking,27684.12
2309,111,2,16,56,2025-10-12,2025-10-13,Delivered,Credit Card,48787.17
2310,126,1,12,98,2026-05-11,,Pending,UPI,24193.24
2311,868,3,3,36,2026-05-05,2026-05-10,Delivered,Credit Card,43839.58
2312,803,1,4,96,2026-02-02,2026-02-04,Delivered,Net Banking,12677.29
2313,62,3,1,15,2026-04-19,2026-04-24,Delivered,Debit Card,35287.9
2314,441,5,8,30,2026-07-26,2026-07-31,Delivered,Debit Card,8853.94
2315,951,2,18,46,2026-05-11,,Pending,UPI,29782.39
2316,567,2,19,41,2025-09-22,,Pending,Cash on Delivery,4145.55
2317,209,1,18,79,2026-06-28,2026-06-30,Delivered,Net Banking,20900.66
2318,759,1,20,35,2025-08-01,,Pending,UPI,21723.81
2319,253,2,14,29,2025-12-13,2025-12-18,Delivered,Credit Card,39369.93
2320,940,3,8,36,2026-07-12,2026-07-14,Delivered,Cash on Delivery,29104.76
2321,594,1,20,50,2025-12-01,2025-12-03,Delivered,UPI,11838.68
2322,419,5,15,57,2025-07-27,2025-07-31,Delivered,Cash on Delivery,21322.04
2323,24,4,18,98,2026-07-03,2026-07-09,Delivered,Cash on Delivery,1780.12
2324,809,5,17,44,2025-10-15,2025-10-19,Delivered,Net Banking,61323.48
2325,398,1,15,78,2026-05-18,2026-05-20,Delivered,Net Banking,18060.7
2326,858,2,13,22,2025-10-19,,Pending,Credit Card,31045.63
2327,322,3,12,52,2025-07-27,2025-08-02,Delivered,Credit Card,7371.78
2328,389,5,20,61,2025-08-19,,Cancelled,Credit Card,24946.24
2329,661,4,3,58,2025-08-04,2025-08-05,Delivered,Net Banking,4753.56
2330,354,4,12,49,2025-08-03,2025-08-07,Delivered,Cash on Delivery,22949.52
2331,92,3,14,33,2026-02-25,2026-02-28,Delivered,Debit Card,54630.67
2332,491,5,6,22,2026-02-13,2026-02-18,Delivered,Net Banking,26570.47
2333,544,3,7,5,2025-12-20,,Cancelled,UPI,11546.64
2334,779,1,8,12,2025-10-31,2025-11-02,Delivered,Net Banking,25393.97
2335,713,3,18,7,2026-05-31,2026-06-05,Delivered,Cash on Delivery,62468.18
2336,153,3,10,19,2025-11-17,,Pending,Credit Card,40703.88
2337,235,2,14,40,2026-05-11,2026-05-12,Delivered,UPI,63146.94
2338,636,2,2,74,2026-04-30,2026-05-07,Delivered,Debit Card,46963.0
2339,562,2,16,55,2025-12-30,,Pending,UPI,63008.91
2340,828,1,7,78,2026-01-19,2026-01-20,Delivered,Debit Card,40042.2
2341,837,5,6,69,2025-10-27,2025-10-31,Delivered,Debit Card,51504.06
2342,741,2,6,20,2026-03-14,2026-03-16,Delivered,UPI,6382.21
2343,334,1,6,99,2025-09-08,2025-09-15,Delivered,Net Banking,6442.69
2344,517,4,2,51,2026-03-21,2026-03-22,Delivered,Credit Card,19802.78
2345,867,3,5,31,2025-07-28,,Pending,Net Banking,3301.48
2346,802,1,9,60,2025-07-28,2025-07-30,Delivered,Credit Card,36810.28
2347,166,2,20,97,2026-02-12,2026-02-16,Delivered,UPI,5098.64
2348,295,4,15,68,2026-02-14,,Pending,Net Banking,34682.42
2349,555,5,13,68,2026-03-06,2026-03-12,Delivered,Debit Card,11085.09
2350,806,4,20,74,2026-05-21,2026-05-27,Delivered,Debit Card,36862.53
2351,537,2,14,22,2026-05-25,2026-05-29,Delivered,UPI,40525.06
2352,212,3,3,77,2026-03-04,,Cancelled,UPI,18679.53
2353,619,1,14,49,2025-08-30,2025-09-02,Delivered,Debit Card,26923.05
2354,499,2,7,97,2025-09-12,2025-09-16,Delivered,Cash on Delivery,9896.76
2355,886,3,19,98,2025-11-01,2025-11-07,Delivered,Cash on Delivery,53310.92
2356,251,4,5,3,2025-09-11,,Pending,Debit Card,60086.56
2357,499,2,13,60,2025-12-31,2026-01-03,Delivered,Cash on Delivery,6864.72
2358,134,1,14,7,2026-06-02,2026-06-04,Delivered,Debit Card,24816.47
2359,384,4,2,45,2025-07-28,2025-08-01,Delivered,UPI,76655.12
2360,613,5,10,46,2025-08-04,,Pending,Cash on Delivery,33976.87
2361,42,3,16,9,2026-03-09,2026-03-11,Delivered,Net Banking,7505.97
2362,170,5,1,13,2026-06-24,2026-06-30,Delivered,Debit Card,37870.09
2363,62,3,1,66,2026-06-22,2026-06-27,Delivered,UPI,31769.14
2364,460,4,13,43,2025-08-31,,Pending,Debit Card,38134.24
2365,637,5,11,37,2025-12-23,2025-12-30,Delivered,Net Banking,11621.48
2366,127,5,15,98,2026-03-04,2026-03-11,Delivered,UPI,5699.75
2367,683,1,18,94,2026-05-15,2026-05-20,Delivered,Credit Card,28121.86
2368,956,3,13,43,2026-05-10,2026-05-14,Delivered,Credit Card,3025.98
2369,146,4,7,12,2026-03-27,2026-03-30,Delivered,Credit Card,13869.56
2370,43,2,2,39,2025-09-24,2025-09-26,Delivered,Cash on Delivery,37594.7
2371,583,2,7,54,2026-06-10,,Pending,Cash on Delivery,32952.73
2372,561,2,19,33,2025-10-26,,Cancelled,UPI,22900.12
2373,68,1,6,5,2025-09-18,2025-09-22,Delivered,Credit Card,11436.33
2374,480,4,6,87,2026-04-19,2026-04-20,Delivered,Debit Card,31993.94
2375,632,3,12,61,2026-02-04,,Cancelled,Net Banking,17642.32
2376,572,3,18,95,2025-10-13,2025-10-19,Delivered,Net Banking,27860.76
2377,160,5,19,67,2026-07-24,2026-07-31,Delivered,Credit Card,51272.38
2378,232,5,1,56,2026-01-20,2026-01-23,Delivered,Debit Card,20556.89
2379,511,3,13,7,2026-05-11,,Cancelled,Debit Card,31028.72
2380,110,2,5,72,2026-06-14,2026-06-21,Delivered,Credit Card,28928.04
2381,476,3,5,13,2026-03-10,2026-03-15,Delivered,Cash on Delivery,24223.26
2382,761,1,13,54,2026-04-14,2026-04-17,Delivered,Credit Card,56957.74
2383,167,1,20,62,2026-02-18,,Pending,Debit Card,11236.54
2384,949,2,2,56,2026-05-23,2026-05-27,Delivered,Cash on Delivery,26326.59
2385,485,1,1,43,2026-03-08,,Pending,Debit Card,12139.46
2386,242,4,16,63,2026-05-05,,Pending,Net Banking,9723.48
2387,220,3,13,56,2026-01-21,,Pending,Credit Card,10907.37
2388,626,5,6,44,2026-05-10,2026-05-13,Delivered,Cash on Delivery,41189.3
2389,874,1,3,13,2026-05-01,2026-05-08,Delivered,Credit Card,3649.64
2390,554,2,14,64,2026-03-23,,Pending,UPI,45211.62
2391,3,3,16,23,2025-08-13,2025-08-16,Delivered,Debit Card,19308.43
2392,683,3,19,12,2025-12-24,2025-12-27,Delivered,UPI,17607.09
2393,40,5,19,11,2025-07-30,,Cancelled,UPI,19391.1
2394,842,4,7,22,2026-02-22,,Pending,UPI,33409.26
2395,274,1,19,38,2026-05-31,2026-06-05,Delivered,Net Banking,55578.54
2396,292,3,5,9,2026-05-07,2026-05-14,Delivered,Credit Card,31414.86
2397,659,3,17,13,2025-12-04,2025-12-06,Delivered,UPI,18374.45
2398,403,4,11,86,2025-11-20,2025-11-24,Delivered,Debit Card,19406.74
2399,975,4,17,40,2026-02-23,2026-03-01,Delivered,Cash on Delivery,37504.35
2400,827,2,8,40,2026-06-19,2026-06-21,Delivered,Cash on Delivery,13176.69
2401,153,1,5,5,2025-08-27,2025-09-01,Delivered,Credit Card,17970.66
2402,111,3,15,17,2026-06-23,2026-06-24,Delivered,Debit Card,10801.8
2403,705,4,11,75,2026-06-28,2026-07-02,Delivered,Cash on Delivery,39652.47
2404,126,2,18,94,2026-07-15,2026-07-21,Delivered,Cash on Delivery,26415.54
2405,672,3,2,47,2026-02-24,2026-02-26,Delivered,UPI,10676.84
2406,51,4,2,33,2026-01-08,2026-01-15,Delivered,Cash on Delivery,5067.92
2407,675,4,13,91,2026-01-29,,Pending,Credit Card,11384.35
2408,836,4,11,96,2025-11-04,,Cancelled,Debit Card,48202.65
2409,982,2,19,90,2025-12-24,2025-12-31,Delivered,Debit Card,27472.85
2410,426,3,3,63,2025-10-30,,Pending,Credit Card,52849.97
2411,44,3,5,31,2025-08-11,2025-08-15,Delivered,Credit Card,51497.15
2412,739,3,6,54,2025-08-15,2025-08-16,Delivered,Debit Card,23517.83
2413,820,4,20,48,2025-08-04,2025-08-05,Delivered,Net Banking,37152.99
2414,207,5,7,19,2026-07-19,2026-07-25,Delivered,Debit Card,52250.82
2415,544,5,13,68,2026-03-15,,Cancelled,Net Banking,69625.5
2416,202,1,14,99,2026-06-08,,Pending,Cash on Delivery,71944.2
2417,988,4,19,71,2026-06-18,2026-06-25,Delivered,UPI,10083.72
2418,292,1,11,3,2026-03-12,2026-03-18,Delivered,Cash on Delivery,51858.81
2419,850,5,14,60,2026-02-12,,Pending,Net Banking,22729.2
2420,237,3,11,76,2025-11-11,2025-11-14,Delivered,UPI,11250.46
2421,837,3,8,86,2026-04-18,,Pending,Cash on Delivery,2975.5
2422,272,4,1,68,2025-10-20,2025-10-22,Delivered,Credit Card,32714.04
2423,407,3,1,56,2025-10-31,2025-11-01,Delivered,Net Banking,26494.53
2424,834,3,18,54,2026-01-11,2026-01-18,Delivered,Net Banking,32309.08
2425,680,2,2,64,2025-09-11,,Cancelled,Net Banking,14479.27
2426,678,2,18,37,2026-07-07,,Pending,Cash on Delivery,19549.0
2427,575,1,11,23,2025-09-02,2025-09-04,Delivered,Cash on Delivery,9216.28
2428,82,1,11,83,2026-05-03,2026-05-07,Delivered,UPI,26568.32
2429,133,3,9,22,2026-06-16,2026-06-22,Delivered,Cash on Delivery,8767.59
2430,166,1,14,27,2025-10-29,2025-11-01,Delivered,Debit Card,3218.14
2431,317,1,18,89,2026-01-16,2026-01-17,Delivered,Credit Card,17203.82
2432,895,1,4,1,2025-08-28,,Cancelled,Debit Card,63489.21
2433,989,3,6,15,2026-07-23,,Pending,UPI,59049.54
2434,513,5,18,60,2025-09-02,2025-09-06,Delivered,Debit Card,17798.08
2435,805,3,3,46,2026-02-15,,Pending,Credit Card,9725.23
2436,398,1,7,70,2026-07-04,,Pending,Net Banking,27787.8
2437,824,2,3,9,2025-08-29,2025-09-01,Delivered,Net Banking,21189.34
2438,835,3,18,25,2025-11-27,2025-12-04,Delivered,UPI,3433.24
2439,349,5,13,97,2025-08-31,2025-09-07,Delivered,Cash on Delivery,6008.79
2440,218,5,6,25,2026-04-10,2026-04-14,Delivered,UPI,9322.99
2441,1000,4,8,85,2026-03-18,,Pending,Net Banking,18321.57
2442,790,2,15,50,2026-02-27,2026-03-02,Delivered,UPI,6119.67
2443,38,1,15,25,2026-04-03,2026-04-06,Delivered,Debit Card,40852.66
2444,665,3,11,54,2025-12-17,2025-12-18,Delivered,Cash on Delivery,6036.73
2445,88,1,5,13,2026-04-22,2026-04-27,Delivered,Net Banking,6731.46
2446,140,3,16,64,2025-11-04,2025-11-09,Delivered,UPI,24083.66
2447,640,5,2,82,2025-12-02,2025-12-05,Delivered,Cash on Delivery,12034.06
2448,301,2,2,14,2026-02-06,2026-02-09,Delivered,Debit Card,20383.36
2449,836,4,13,20,2025-09-19,2025-09-26,Delivered,UPI,14904.9
2450,999,3,17,47,2026-05-17,2026-05-20,Delivered,Cash on Delivery,24522.72
2451,24,1,1,37,2026-03-06,2026-03-12,Delivered,Credit Card,22185.75
2452,954,3,17,78,2026-06-04,2026-06-05,Delivered,UPI,21406.19
2453,98,2,9,99,2025-11-24,2025-11-25,Delivered,Net Banking,5172.12
2454,218,3,19,11,2025-09-23,2025-09-26,Delivered,Net Banking,5832.74
2455,773,5,18,11,2025-08-03,,Pending,Net Banking,38266.53
2456,892,3,18,39,2025-10-08,,Pending,UPI,25057.89
2457,917,3,13,97,2026-03-30,,Pending,Cash on Delivery,12331.89
2458,96,1,11,35,2025-11-04,2025-11-06,Delivered,UPI,58535.63
2459,972,1,19,1,2026-06-04,2026-06-08,Delivered,Cash on Delivery,30860.4
2460,829,2,12,52,2026-06-21,2026-06-24,Delivered,Net Banking,35945.55
2461,963,2,18,32,2026-04-11,2026-04-13,Delivered,Net Banking,35911.92
2462,718,4,4,81,2025-07-31,,Pending,Credit Card,3309.03
2463,747,5,5,22,2025-08-22,2025-08-29,Delivered,Credit Card,29491.0
2464,418,5,1,88,2025-12-14,2025-12-17,Delivered,Credit Card,45250.5
2465,505,5,18,31,2025-10-14,2025-10-16,Delivered,Cash on Delivery,31683.82
2466,198,5,17,38,2025-11-29,2025-12-03,Delivered,Cash on Delivery,26232.44
2467,933,1,19,37,2026-05-19,2026-05-24,Delivered,Cash on Delivery,20964.44
2468,262,4,20,64,2025-10-27,2025-10-28,Delivered,Net Banking,15272.06
2469,196,5,9,89,2025-11-11,2025-11-13,Delivered,UPI,61985.26
2470,991,2,8,17,2026-01-03,2026-01-05,Delivered,UPI,32634.08
2471,749,3,3,88,2026-01-02,2026-01-04,Delivered,UPI,4827.21
2472,589,1,1,84,2025-08-07,2025-08-08,Delivered,Cash on Delivery,53192.04
2473,110,1,11,27,2026-01-16,2026-01-18,Delivered,Debit Card,32970.81
2474,333,3,14,49,2025-11-28,2025-12-04,Delivered,Cash on Delivery,48580.27
2475,680,3,7,82,2025-12-19,2025-12-23,Delivered,Credit Card,46209.79
2476,891,4,8,63,2026-03-07,2026-03-10,Delivered,UPI,25466.36
2477,259,1,1,56,2026-03-19,2026-03-20,Delivered,Cash on Delivery,3495.94
2478,537,2,10,27,2026-03-15,2026-03-18,Delivered,Debit Card,5221.88
2479,287,4,6,55,2025-11-01,,Pending,Net Banking,11458.94
2480,67,2,19,59,2025-11-14,2025-11-20,Delivered,Cash on Delivery,45507.29
2481,206,3,9,62,2026-03-10,,Cancelled,Credit Card,26101.07
2482,492,1,8,57,2026-07-07,,Pending,Credit Card,18862.84
2483,661,5,16,50,2026-04-26,2026-05-01,Delivered,Credit Card,9175.72
2484,113,1,9,93,2025-11-10,2025-11-13,Delivered,Debit Card,3095.72
2485,883,1,17,40,2026-06-27,2026-06-28,Delivered,Net Banking,25217.87
2486,981,3,4,31,2025-12-31,,Pending,Credit Card,41357.84
2487,776,2,18,79,2026-01-10,2026-01-15,Delivered,Cash on Delivery,48312.54
2488,542,3,1,20,2026-01-14,,Cancelled,Net Banking,32286.7
2489,430,2,19,44,2025-09-22,2025-09-24,Delivered,UPI,20158.1
2490,751,3,10,93,2026-05-01,,Pending,Debit Card,40660.38
2491,601,5,7,81,2025-08-16,2025-08-23,Delivered,Net Banking,24217.06
2492,578,2,12,13,2025-09-02,2025-09-07,Delivered,Credit Card,43971.21
2493,333,2,2,44,2025-08-18,2025-08-25,Delivered,Net Banking,28955.07
2494,342,1,16,30,2026-02-25,2026-03-02,Delivered,UPI,4353.43
2495,106,1,19,18,2025-09-18,2025-09-25,Delivered,Credit Card,10912.84
2496,479,1,14,69,2025-11-07,,Cancelled,UPI,5434.79
2497,698,2,18,57,2026-07-04,2026-07-06,Delivered,Credit Card,20180.04
2498,380,4,4,5,2026-04-03,2026-04-08,Delivered,UPI,18577.24
2499,288,1,19,58,2026-05-03,,Pending,Debit Card,34003.57
2500,946,3,8,79,2025-08-02,2025-08-09,Delivered,Net Banking,28024.32
2501,550,5,8,6,2026-06-06,2026-06-09,Delivered,Credit Card,5380.63
2502,674,2,1,63,2025-09-19,,Pending,Cash on Delivery,44698.23
2503,909,2,11,13,2026-04-27,2026-05-02,Delivered,Net Banking,39051.27
2504,285,4,1,55,2026-05-22,2026-05-25,Delivered,Net Banking,20492.88
2505,713,5,6,4,2026-02-21,2026-02-27,Delivered,UPI,26442.54
2506,684,2,9,25,2026-07-15,2026-07-17,Delivered,UPI,35522.92
2507,751,2,6,26,2025-08-31,,Pending,Credit Card,10735.64
2508,303,5,15,8,2026-04-20,2026-04-22,Delivered,Credit Card,12541.3
2509,33,2,4,93,2026-02-08,,Pending,Debit Card,24520.69
2510,643,1,10,88,2025-09-24,2025-09-30,Delivered,Credit Card,9670.5
2511,486,5,13,1,2026-07-19,2026-07-20,Delivered,Credit Card,41276.07
2512,701,2,14,14,2025-09-18,2025-09-20,Delivered,UPI,13431.47
2513,158,2,14,14,2026-04-06,2026-04-12,Delivered,Debit Card,1602.56
2514,731,5,17,92,2025-10-21,2025-10-27,Delivered,Net Banking,36631.97
2515,921,2,19,43,2026-02-11,,Pending,Net Banking,44972.69
2516,546,4,19,28,2026-01-16,,Cancelled,Credit Card,11512.08
2517,626,2,15,36,2026-03-15,2026-03-20,Delivered,UPI,8208.56
2518,201,4,13,38,2026-07-20,2026-07-25,Delivered,UPI,56760.13
2519,896,2,19,15,2026-05-20,,Pending,UPI,18340.21
2520,236,5,18,15,2025-11-16,2025-11-20,Delivered,Credit Card,17141.52
2521,55,2,17,24,2025-07-27,2025-07-29,Delivered,Credit Card,16427.7
2522,930,5,2,66,2025-09-22,,Pending,UPI,37193.3
2523,248,5,18,71,2026-07-07,2026-07-12,Delivered,UPI,20516.33
2524,266,2,9,43,2025-12-25,2026-01-01,Delivered,UPI,20893.11
2525,438,2,16,27,2025-09-19,2025-09-26,Delivered,UPI,16255.56
2526,531,5,5,80,2025-08-09,2025-08-13,Delivered,UPI,17531.32
2527,756,3,11,59,2026-02-18,2026-02-21,Delivered,UPI,49491.58
2528,34,1,1,100,2025-12-08,2025-12-14,Delivered,UPI,41638.53
2529,86,5,11,22,2026-02-06,,Pending,UPI,15237.26
2530,85,1,7,62,2026-07-06,,Cancelled,Cash on Delivery,44491.97
2531,803,5,18,83,2025-08-23,2025-08-30,Delivered,UPI,23337.83
2532,737,1,5,46,2026-02-04,2026-02-10,Delivered,Net Banking,1108.08
2533,662,1,10,97,2025-11-05,2025-11-07,Delivered,Net Banking,1934.38
2534,833,4,5,77,2026-04-20,2026-04-25,Delivered,Debit Card,27620.86
2535,503,3,17,99,2025-11-30,2025-12-02,Delivered,Net Banking,13914.64
2536,637,5,2,41,2026-07-13,2026-07-14,Delivered,Cash on Delivery,59945.26
2537,479,3,1,6,2025-09-17,2025-09-18,Delivered,Credit Card,24715.19
2538,387,5,12,82,2026-01-24,2026-01-27,Delivered,Debit Card,38048.33
2539,543,2,5,52,2025-10-23,2025-10-24,Delivered,Cash on Delivery,34984.25
2540,153,3,9,66,2026-05-29,2026-06-01,Delivered,UPI,25390.43
2541,375,4,10,22,2026-07-16,,Pending,UPI,32450.17
2542,566,2,2,81,2025-12-13,2025-12-17,Delivered,Credit Card,25182.26
2543,421,3,20,79,2026-03-31,2026-04-05,Delivered,UPI,25282.76
2544,791,5,20,100,2025-10-09,2025-10-16,Delivered,Credit Card,7892.53
2545,129,1,3,8,2026-01-02,2026-01-03,Delivered,Cash on Delivery,23813.91
2546,259,5,17,16,2025-11-25,,Pending,UPI,48609.83
2547,268,4,9,83,2025-09-27,2025-10-01,Delivered,Credit Card,2212.39
2548,529,5,7,49,2026-07-23,2026-07-25,Delivered,UPI,46370.19
2549,410,2,9,32,2025-10-21,2025-10-22,Delivered,Cash on Delivery,28185.39
2550,634,3,10,93,2025-12-07,2025-12-12,Delivered,Cash on Delivery,28658.76
2551,305,2,6,3,2026-01-19,2026-01-23,Delivered,Debit Card,5405.87
2552,740,3,17,56,2025-08-02,2025-08-05,Delivered,UPI,23938.82
2553,474,4,2,50,2025-07-30,2025-08-05,Delivered,Credit Card,63177.61
2554,364,1,12,97,2025-11-18,2025-11-25,Delivered,Credit Card,41191.97
2555,413,5,8,93,2025-08-29,2025-09-01,Delivered,Credit Card,19066.5
2556,301,4,7,94,2025-09-26,2025-09-27,Delivered,Cash on Delivery,2750.53
2557,316,5,14,36,2026-03-24,,Pending,Net Banking,54104.64
2558,984,1,17,65,2025-09-01,,Pending,Credit Card,2551.1
2559,749,5,4,48,2026-05-22,2026-05-28,Delivered,Net Banking,35598.21
2560,183,4,9,43,2026-03-01,2026-03-03,Delivered,Net Banking,36927.66
2561,852,3,2,87,2025-09-19,2025-09-20,Delivered,UPI,6139.17
2562,874,2,10,31,2026-02-26,2026-02-28,Delivered,Debit Card,61631.21
2563,199,1,17,33,2026-04-25,2026-05-01,Delivered,Cash on Delivery,44469.45
2564,746,1,8,19,2025-12-02,,Pending,UPI,3702.03
2565,729,1,20,59,2025-09-06,2025-09-12,Delivered,Net Banking,9947.55
2566,50,2,20,26,2026-02-25,2026-02-26,Delivered,Cash on Delivery,38850.71
2567,222,1,5,52,2025-09-10,2025-09-12,Delivered,Cash on Delivery,61163.35
2568,876,5,2,93,2026-04-19,2026-04-20,Delivered,Net Banking,18309.29
2569,509,4,11,50,2026-01-05,2026-01-10,Delivered,Net Banking,33740.96
2570,738,2,17,2,2026-07-26,2026-07-28,Delivered,UPI,25258.62
2571,831,4,1,76,2025-08-22,2025-08-29,Delivered,UPI,22797.0
2572,563,2,5,77,2026-03-28,2026-03-29,Delivered,Cash on Delivery,21586.13
2573,342,3,16,82,2025-10-03,2025-10-06,Delivered,Net Banking,13441.64
2574,123,2,14,1,2026-05-28,,Pending,Cash on Delivery,21881.55
2575,377,1,20,45,2026-03-29,2026-03-30,Delivered,Debit Card,27422.71
2576,619,5,3,16,2025-12-01,,Pending,Debit Card,1547.86
2577,112,5,18,38,2025-12-08,2025-12-12,Delivered,Cash on Delivery,42064.84
2578,352,2,1,76,2026-03-03,2026-03-07,Delivered,Credit Card,47811.44
2579,835,2,6,28,2025-08-02,2025-08-07,Delivered,UPI,62641.09
2580,246,1,15,36,2025-11-15,2025-11-19,Delivered,UPI,49749.49
2581,262,3,2,90,2026-04-11,2026-04-17,Delivered,Credit Card,36280.99
2582,533,1,18,53,2026-06-28,,Pending,Debit Card,72371.35
2583,646,2,1,100,2026-07-08,,Pending,Cash on Delivery,23382.92
2584,959,1,13,55,2025-12-28,2026-01-04,Delivered,Net Banking,58917.83
2585,711,1,4,15,2025-09-09,2025-09-13,Delivered,UPI,13681.92
2586,967,3,7,8,2026-07-05,2026-07-07,Delivered,Cash on Delivery,53456.22
2587,408,1,20,12,2025-08-08,,Pending,Cash on Delivery,65347.25
2588,158,2,15,10,2025-08-19,2025-08-25,Delivered,UPI,6959.37
2589,976,3,6,99,2026-01-23,2026-01-26,Delivered,UPI,18675.94
2590,838,5,14,66,2026-03-17,2026-03-21,Delivered,UPI,40855.62
2591,498,2,16,55,2025-10-02,,Pending,Net Banking,5890.62
2592,216,1,17,34,2025-10-20,2025-10-21,Delivered,Credit Card,16508.19
2593,312,4,18,1,2025-08-17,,Pending,Credit Card,28863.38
2594,351,5,10,31,2025-11-06,2025-11-12,Delivered,Net Banking,38860.4
2595,140,3,14,6,2026-01-08,2026-01-14,Delivered,Net Banking,33891.73
2596,742,4,4,7,2026-01-01,2026-01-04,Delivered,UPI,29842.01
2597,621,5,2,65,2025-08-05,2025-08-10,Delivered,UPI,21141.77
2598,823,4,10,37,2025-08-16,2025-08-17,Delivered,Debit Card,53244.22
2599,597,5,6,52,2025-08-29,,Pending,Net Banking,5835.24
2600,966,4,14,99,2025-09-14,2025-09-21,Delivered,Debit Card,14003.58
2601,851,4,18,83,2026-03-02,2026-03-07,Delivered,UPI,17172.9
2602,911,3,17,38,2025-10-29,2025-11-05,Delivered,Net Banking,21121.99
2603,394,1,19,32,2026-02-14,2026-02-19,Delivered,Debit Card,44463.25
2604,22,2,17,40,2025-09-20,2025-09-27,Delivered,Credit Card,16632.16
2605,912,2,7,14,2026-01-20,2026-01-27,Delivered,Debit Card,20491.6
2606,800,4,5,100,2025-08-29,,Cancelled,Net Banking,7205.08
2607,574,5,2,53,2025-08-07,2025-08-08,Delivered,Cash on Delivery,13752.0
2608,159,4,13,82,2025-08-30,2025-09-06,Delivered,UPI,32318.87
2609,658,5,15,23,2026-05-03,2026-05-06,Delivered,Credit Card,25112.28
2610,533,5,20,29,2026-07-03,2026-07-09,Delivered,Debit Card,57462.89
2611,666,1,8,67,2026-05-12,2026-05-17,Delivered,Debit Card,15261.32
2612,848,1,1,45,2026-07-14,,Cancelled,Credit Card,36865.31
2613,924,5,19,79,2025-10-03,2025-10-04,Delivered,Credit Card,41993.85
2614,416,2,19,98,2025-10-12,2025-10-18,Delivered,Cash on Delivery,8698.24
2615,677,4,9,12,2026-07-13,,Pending,Net Banking,48911.44
2616,388,2,12,53,2025-09-14,2025-09-21,Delivered,UPI,34464.46
2617,576,2,16,55,2026-03-04,2026-03-11,Delivered,Credit Card,33283.58
2618,827,1,17,41,2026-05-08,2026-05-15,Delivered,Debit Card,2634.56
2619,864,2,7,100,2026-07-21,2026-07-26,Delivered,Credit Card,34713.47
2620,602,1,10,66,2026-03-27,2026-03-28,Delivered,Credit Card,6191.36
2621,490,5,8,1,2026-01-08,2026-01-15,Delivered,Cash on Delivery,27115.35
2622,615,1,13,50,2025-08-22,2025-08-23,Delivered,Cash on Delivery,24990.88
2623,516,5,7,10,2025-12-10,2025-12-12,Delivered,Debit Card,19294.81
2624,844,4,1,7,2025-08-30,,Pending,Net Banking,31168.81
2625,58,5,20,83,2025-09-13,2025-09-16,Delivered,UPI,23431.64
2626,879,2,11,7,2025-08-07,2025-08-14,Delivered,Net Banking,26398.47
2627,201,2,19,57,2026-04-07,2026-04-13,Delivered,UPI,26987.86
2628,748,1,12,29,2026-07-13,2026-07-16,Delivered,Cash on Delivery,31892.6
2629,452,1,15,77,2025-11-06,2025-11-08,Delivered,Cash on Delivery,3822.7
2630,907,4,5,93,2026-02-18,2026-02-25,Delivered,Credit Card,8976.5
2631,611,1,5,45,2026-04-30,2026-05-07,Delivered,Cash on Delivery,43927.13
2632,743,2,16,50,2025-12-19,,Pending,Net Banking,30944.56
2633,717,3,20,9,2025-07-31,,Pending,UPI,14497.0
2634,407,2,17,87,2026-02-05,2026-02-06,Delivered,Credit Card,9369.73
2635,208,3,15,30,2026-05-08,2026-05-10,Delivered,Debit Card,66396.74
2636,733,1,6,26,2026-01-09,2026-01-13,Delivered,Cash on Delivery,2414.34
2637,558,2,3,60,2026-01-12,2026-01-19,Delivered,UPI,53405.32
2638,81,2,20,21,2026-05-14,2026-05-15,Delivered,Cash on Delivery,13276.5
2639,244,4,17,86,2025-11-30,2025-12-04,Delivered,Net Banking,6243.38
2640,588,4,12,49,2025-10-22,2025-10-24,Delivered,UPI,27304.68
2641,913,1,18,38,2026-06-08,2026-06-13,Delivered,Credit Card,51909.72
2642,886,4,19,42,2026-05-22,2026-05-29,Delivered,Debit Card,10013.73
2643,523,1,2,13,2026-07-08,2026-07-11,Delivered,Credit Card,15678.3
2644,463,4,7,88,2026-05-06,2026-05-07,Delivered,Cash on Delivery,37902.28
2645,548,4,4,19,2026-07-16,,Pending,Net Banking,75845.78
2646,175,1,6,10,2026-05-15,2026-05-17,Delivered,Cash on Delivery,53508.37
2647,916,1,19,69,2025-11-04,,Pending,Credit Card,45515.08
2648,268,3,17,54,2025-11-25,2025-11-30,Delivered,Cash on Delivery,30378.41
2649,804,2,20,57,2025-12-22,2025-12-26,Delivered,Net Banking,8441.49
2650,249,3,4,66,2026-05-04,2026-05-10,Delivered,Cash on Delivery,11326.48
2651,30,1,11,30,2025-08-13,2025-08-17,Delivered,Cash on Delivery,26070.98
2652,805,4,19,70,2026-07-01,2026-07-05,Delivered,UPI,49573.83
2653,465,4,16,90,2025-11-22,2025-11-29,Delivered,Credit Card,41942.77
2654,922,2,13,67,2026-04-07,,Pending,UPI,52603.48
2655,374,2,1,49,2025-10-04,2025-10-05,Delivered,Credit Card,26151.05
2656,230,4,12,42,2026-07-09,2026-07-10,Delivered,Debit Card,20107.53
2657,16,1,11,70,2025-09-21,,Cancelled,Debit Card,10552.0
2658,415,2,19,20,2026-01-13,2026-01-18,Delivered,UPI,10387.73
2659,585,5,5,42,2026-01-05,2026-01-09,Delivered,UPI,3985.6
2660,571,3,19,69,2025-10-19,,Pending,Credit Card,3005.94
2661,441,5,20,78,2026-06-22,2026-06-29,Delivered,UPI,44963.52
2662,976,1,6,17,2026-03-30,,Pending,Debit Card,4365.68
2663,818,5,2,78,2025-11-20,2025-11-22,Delivered,Cash on Delivery,40897.8
2664,999,3,20,92,2025-12-22,2025-12-27,Delivered,Credit Card,17298.52
2665,306,5,20,44,2026-06-12,,Pending,Net Banking,70793.35
2666,567,4,3,83,2025-08-05,2025-08-08,Delivered,Net Banking,47707.58
2667,520,4,15,97,2025-09-06,,Pending,UPI,30537.26
2668,366,4,6,31,2026-03-25,,Pending,Cash on Delivery,36244.72
2669,400,2,16,26,2025-08-30,2025-09-05,Delivered,UPI,3218.73
2670,957,1,20,58,2025-12-03,2025-12-10,Delivered,Net Banking,15688.92
2671,66,4,15,64,2025-10-26,2025-10-30,Delivered,Net Banking,20021.45
2672,154,5,20,74,2025-07-29,,Pending,Cash on Delivery,34792.52
2673,736,2,5,17,2025-12-16,2025-12-21,Delivered,Cash on Delivery,40145.09
2674,768,5,2,83,2026-02-05,2026-02-11,Delivered,UPI,6597.84
2675,409,3,6,88,2026-05-02,2026-05-04,Delivered,UPI,2123.88
2676,713,3,9,4,2026-05-11,2026-05-18,Delivered,Cash on Delivery,28521.78
2677,391,1,20,43,2026-06-02,2026-06-07,Delivered,UPI,21033.06
2678,690,2,4,22,2026-03-27,2026-04-01,Delivered,Debit Card,5135.84
2679,873,4,12,35,2025-10-14,2025-10-19,Delivered,Cash on Delivery,26429.51
2680,608,5,13,26,2026-05-07,2026-05-14,Delivered,Debit Card,29805.72
2681,191,5,8,82,2025-11-24,,Cancelled,Net Banking,52342.79
2682,868,2,9,51,2026-02-03,,Pending,Credit Card,53909.7
2683,560,3,19,14,2026-06-20,2026-06-22,Delivered,UPI,36816.9
2684,701,4,11,24,2025-09-22,2025-09-25,Delivered,Credit Card,13889.85
2685,936,2,11,50,2025-11-04,2025-11-09,Delivered,Cash on Delivery,30579.01
2686,969,2,19,29,2025-10-26,,Pending,Debit Card,16127.45
2687,543,5,20,88,2025-12-09,2025-12-11,Delivered,UPI,59508.33
2688,574,4,13,48,2026-02-28,2026-03-06,Delivered,Net Banking,5633.67
2689,270,3,13,72,2026-01-06,2026-01-11,Delivered,Cash on Delivery,21837.51
2690,792,3,10,34,2025-08-28,2025-08-30,Delivered,Net Banking,5063.65
2691,123,1,17,74,2026-02-02,2026-02-09,Delivered,Cash on Delivery,23348.1
2692,614,3,16,22,2026-01-02,2026-01-07,Delivered,Net Banking,14770.4
2693,242,2,9,5,2026-02-19,2026-02-22,Delivered,Cash on Delivery,14543.16
2694,315,3,3,42,2025-09-30,2025-10-01,Delivered,Debit Card,16348.56
2695,208,5,4,28,2025-09-28,2025-10-01,Delivered,Credit Card,10588.76
2696,838,1,14,61,2025-11-27,2025-12-02,Delivered,Credit Card,2207.41
2697,818,1,14,58,2026-05-16,,Pending,UPI,6440.49
2698,983,2,20,35,2025-09-04,,Cancelled,UPI,6731.46
2699,291,2,3,5,2026-05-14,,Pending,Cash on Delivery,51440.95
2700,393,1,20,68,2026-04-16,,Pending,Net Banking,13828.71
2701,537,2,16,72,2025-09-14,2025-09-20,Delivered,Cash on Delivery,19980.59
2702,7,5,9,47,2026-06-12,2026-06-19,Delivered,Net Banking,46342.6
2703,572,3,12,52,2026-01-21,2026-01-23,Delivered,Net Banking,1195.89
2704,829,5,14,54,2026-04-12,2026-04-15,Delivered,Net Banking,53038.94
2705,426,2,15,69,2025-10-06,2025-10-09,Delivered,Credit Card,13189.12
2706,505,3,11,66,2025-12-27,2026-01-02,Delivered,Net Banking,37390.8
2707,648,3,11,94,2026-01-18,2026-01-21,Delivered,Net Banking,832.23
2708,295,1,6,65,2025-07-28,2025-08-02,Delivered,UPI,25314.66
2709,832,1,14,43,2026-02-09,2026-02-16,Delivered,UPI,31446.12
2710,44,5,5,40,2025-12-26,2025-12-28,Delivered,Credit Card,46575.39
2711,75,1,8,17,2026-06-21,2026-06-28,Delivered,Debit Card,29568.87
2712,890,3,11,9,2026-01-05,2026-01-08,Delivered,Cash on Delivery,21892.16
2713,35,5,17,27,2026-04-26,2026-04-30,Delivered,Credit Card,25770.76
2714,699,5,4,37,2026-06-06,2026-06-13,Delivered,Net Banking,9556.12
2715,632,4,13,50,2025-12-24,2025-12-30,Delivered,Credit Card,43931.66
2716,512,4,8,55,2026-07-25,2026-07-31,Delivered,Debit Card,24327.0
2717,659,3,14,20,2025-12-10,2025-12-12,Delivered,Net Banking,26253.06
2718,757,5,6,48,2026-07-23,2026-07-24,Delivered,Credit Card,24686.96
2719,825,1,6,91,2026-04-24,2026-05-01,Delivered,Credit Card,20468.15
2720,195,1,3,17,2026-05-27,2026-05-29,Delivered,Debit Card,1594.54
2721,640,1,3,8,2025-12-29,2025-12-30,Delivered,Net Banking,5759.19
2722,251,5,14,34,2025-09-24,2025-09-26,Delivered,Cash on Delivery,44672.22
2723,354,4,1,69,2026-06-24,2026-06-28,Delivered,Net Banking,28871.08
2724,724,2,3,86,2025-09-15,2025-09-22,Delivered,Debit Card,46420.53
2725,492,5,15,42,2025-11-11,2025-11-14,Delivered,Debit Card,26254.04
2726,496,1,5,49,2025-08-25,2025-08-30,Delivered,Debit Card,29284.82
2727,146,4,20,12,2026-07-21,2026-07-28,Delivered,Cash on Delivery,8118.81
2728,922,1,18,31,2026-03-25,2026-03-29,Delivered,Net Banking,22338.62
2729,890,4,6,92,2026-07-03,2026-07-04,Delivered,Credit Card,7870.14
2730,65,2,15,88,2026-01-14,2026-01-18,Delivered,Net Banking,72616.03
2731,672,1,19,24,2026-07-05,,Cancelled,Debit Card,26728.14
2732,187,5,6,20,2026-01-01,2026-01-06,Delivered,Credit Card,46652.47
2733,759,4,14,22,2026-06-23,,Cancelled,Debit Card,16401.51
2734,674,5,19,10,2026-02-23,2026-02-25,Delivered,Net Banking,3140.62
2735,148,2,8,22,2026-01-14,2026-01-17,Delivered,Net Banking,37764.67
2736,877,3,18,27,2026-02-10,2026-02-13,Delivered,Cash on Delivery,5221.88
2737,126,4,16,93,2026-06-24,2026-06-30,Delivered,Credit Card,61273.68
2738,166,5,13,38,2026-06-19,2026-06-20,Delivered,Debit Card,36429.64
2739,268,4,9,74,2025-11-08,,Pending,Net Banking,21369.73
2740,733,5,4,24,2026-05-29,,Pending,Net Banking,26866.39
2741,450,1,1,24,2026-03-26,2026-03-30,Delivered,Credit Card,35812.04
2742,57,4,11,32,2025-11-17,2025-11-22,Delivered,Net Banking,103539.85
2743,933,3,16,93,2026-01-26,2026-01-30,Delivered,Credit Card,45791.53
2744,594,1,18,67,2026-01-24,2026-01-26,Delivered,UPI,46929.64
2745,138,1,12,51,2026-06-14,2026-06-20,Delivered,Net Banking,48408.15
2746,193,3,6,5,2025-08-27,,Pending,Net Banking,51876.69
2747,501,5,20,88,2026-04-10,,Pending,Net Banking,15948.7
2748,519,3,19,57,2025-09-26,2025-09-28,Delivered,Net Banking,29920.48
2749,366,1,6,31,2026-03-08,2026-03-12,Delivered,UPI,30292.92
2750,207,2,1,36,2025-08-19,,Cancelled,Cash on Delivery,26797.4
2751,661,5,3,74,2026-04-01,,Pending,Debit Card,35512.52
2752,113,2,15,9,2025-10-15,2025-10-22,Delivered,Credit Card,35418.69
2753,893,5,19,12,2025-12-14,2025-12-16,Delivered,Credit Card,19027.62
2754,798,1,19,96,2025-08-01,2025-08-02,Delivered,Debit Card,54255.16
2755,204,5,16,36,2025-08-10,2025-08-16,Delivered,Credit Card,21755.42
2756,59,5,20,26,2026-01-03,,Pending,Cash on Delivery,5424.03
2757,482,1,3,27,2026-07-24,2026-07-28,Delivered,Net Banking,7099.67
2758,991,2,4,19,2025-09-07,2025-09-13,Delivered,Credit Card,24974.45
2759,119,4,7,21,2026-06-05,2026-06-11,Delivered,Cash on Delivery,20846.26
2760,478,1,5,7,2026-02-10,2026-02-17,Delivered,UPI,11000.16
2761,116,1,13,52,2025-11-21,2025-11-23,Delivered,UPI,54486.36
2762,633,5,2,58,2026-02-06,2026-02-09,Delivered,Cash on Delivery,10918.72
2763,955,2,8,26,2026-03-03,,Pending,UPI,18481.76
2764,301,2,19,25,2026-01-30,2026-02-02,Delivered,Net Banking,18699.37
2765,14,3,6,59,2025-11-21,2025-11-27,Delivered,Net Banking,51372.09
2766,107,2,5,98,2025-09-21,,Pending,UPI,55714.01
2767,93,4,10,3,2025-09-13,,Pending,Net Banking,26991.26
2768,144,2,11,2,2025-10-26,2025-10-29,Delivered,Credit Card,44264.91
2769,611,5,10,49,2025-11-25,2025-12-02,Delivered,Credit Card,13108.48
2770,718,1,12,45,2026-06-27,2026-07-04,Delivered,UPI,49106.6
2771,825,3,7,92,2025-11-09,2025-11-14,Delivered,Credit Card,25186.85
2772,798,1,19,64,2026-06-07,,Pending,Credit Card,27370.3
2773,993,4,15,16,2025-10-16,2025-10-18,Delivered,Debit Card,31795.72
2774,563,2,11,70,2025-11-23,2025-11-26,Delivered,Credit Card,44496.76
2775,867,2,1,34,2025-08-16,,Pending,UPI,18811.37
2776,145,5,16,7,2025-11-23,2025-11-26,Delivered,Credit Card,57364.34
2777,491,2,8,72,2026-05-04,2026-05-05,Delivered,Net Banking,5912.06
2778,635,4,2,57,2026-01-05,2026-01-06,Delivered,Cash on Delivery,33252.6
2779,883,2,19,3,2026-07-03,2026-07-05,Delivered,Debit Card,17830.96
2780,544,2,4,44,2026-05-09,2026-05-16,Delivered,UPI,6959.88
2781,228,1,10,5,2026-05-15,2026-05-16,Delivered,Net Banking,11142.02
2782,372,4,13,64,2025-12-20,2025-12-27,Delivered,Debit Card,28239.47
2783,434,5,10,80,2026-02-24,2026-02-28,Delivered,Debit Card,61199.64
2784,381,2,10,55,2025-09-24,,Pending,Debit Card,21646.2
2785,492,3,4,18,2025-09-07,,Pending,Cash on Delivery,55308.21
2786,445,1,1,15,2025-09-23,2025-09-24,Delivered,Net Banking,17297.41
2787,126,4,2,27,2025-08-29,2025-09-04,Delivered,Net Banking,25352.84
2788,236,1,4,58,2025-12-04,2025-12-11,Delivered,Cash on Delivery,26053.35
2789,166,5,14,67,2026-05-30,2026-05-31,Delivered,UPI,62319.83
2790,832,1,12,58,2026-03-31,2026-04-05,Delivered,UPI,14409.87
2791,998,2,11,91,2026-01-11,2026-01-12,Delivered,Net Banking,44609.22
2792,44,4,14,58,2026-06-19,2026-06-20,Delivered,Credit Card,22345.34
2793,341,3,3,7,2025-11-02,,Pending,Debit Card,19782.84
2794,994,4,17,36,2026-03-18,2026-03-20,Delivered,Credit Card,11019.9
2795,117,2,7,4,2026-05-09,2026-05-13,Delivered,Debit Card,33433.36
2796,545,4,17,87,2026-05-14,2026-05-18,Delivered,Net Banking,31006.49
2797,260,1,16,4,2025-12-12,2025-12-17,Delivered,Debit Card,10226.0
2798,204,4,7,78,2025-09-28,2025-10-05,Delivered,Debit Card,25770.76
2799,859,1,14,51,2025-12-12,2025-12-14,Delivered,Debit Card,28294.0
2800,600,4,3,68,2025-11-03,2025-11-05,Delivered,UPI,30443.35
2801,33,1,2,35,2026-03-07,2026-03-11,Delivered,Debit Card,31610.68
2802,989,1,11,81,2026-05-28,2026-06-04,Delivered,UPI,47612.1
2803,52,1,15,76,2025-10-01,2025-10-05,Delivered,Debit Card,65311.37
2804,39,2,1,96,2025-08-02,2025-08-07,Delivered,Net Banking,10877.22
2805,787,5,18,9,2025-12-29,,Pending,Debit Card,32862.44
2806,588,1,1,41,2026-04-09,2026-04-15,Delivered,Debit Card,41870.57
2807,804,5,6,6,2026-04-21,2026-04-26,Delivered,UPI,48097.98
2808,828,4,19,39,2025-11-11,2025-11-16,Delivered,Cash on Delivery,35349.76
2809,803,2,20,68,2026-06-03,,Cancelled,UPI,50721.63
2810,204,4,15,76,2025-11-13,2025-11-14,Delivered,Cash on Delivery,24925.89
2811,618,4,18,96,2026-04-02,2026-04-06,Delivered,UPI,30225.66
2812,153,4,7,63,2026-06-09,2026-06-10,Delivered,Cash on Delivery,45153.33
2813,585,3,9,32,2025-08-30,2025-09-01,Delivered,Cash on Delivery,28795.87
2814,188,5,7,95,2026-05-20,2026-05-25,Delivered,Net Banking,26860.61
2815,297,5,19,73,2025-09-13,,Pending,Cash on Delivery,75990.05
2816,827,2,1,9,2025-09-04,2025-09-07,Delivered,Cash on Delivery,36557.59
2817,869,5,5,4,2026-04-13,2026-04-14,Delivered,Cash on Delivery,37093.15
2818,840,1,18,22,2026-04-28,2026-05-02,Delivered,Credit Card,25399.82
2819,677,3,1,81,2026-03-21,,Pending,UPI,48132.6
2820,871,5,18,11,2026-02-03,2026-02-09,Delivered,Net Banking,21509.07
2821,526,5,20,65,2026-05-23,,Pending,Cash on Delivery,35316.5
2822,923,1,5,15,2025-10-10,2025-10-14,Delivered,Net Banking,3935.43
2823,516,5,19,38,2026-02-24,,Pending,UPI,29452.84
2824,835,3,3,70,2026-02-25,,Pending,Debit Card,71039.74
2825,548,4,5,21,2025-08-27,,Pending,Debit Card,10444.44
2826,535,5,17,95,2026-02-18,,Pending,Cash on Delivery,22829.32
2827,996,5,17,48,2025-09-21,2025-09-22,Delivered,Credit Card,35335.37
2828,64,4,1,34,2026-01-23,2026-01-27,Delivered,Debit Card,31876.11
2829,485,4,3,24,2025-10-31,,Pending,Net Banking,30693.42
2830,88,1,10,77,2025-07-27,2025-08-03,Delivered,Credit Card,1916.34
2831,524,3,16,87,2026-06-24,,Pending,Credit Card,554.82
2832,615,2,14,72,2026-04-12,,Pending,Cash on Delivery,34222.81
2833,744,4,13,75,2026-01-09,,Pending,UPI,28369.3
2834,274,1,2,76,2025-10-25,2025-10-31,Delivered,Debit Card,42814.23
2835,927,4,3,75,2025-11-23,2025-11-26,Delivered,UPI,23465.59
2836,507,3,18,83,2025-10-22,2025-10-26,Delivered,Net Banking,31795.35
2837,572,1,8,43,2025-12-05,2025-12-08,Delivered,Cash on Delivery,9606.3
2838,595,5,13,24,2026-04-15,2026-04-16,Delivered,Cash on Delivery,37823.06
2839,719,2,10,79,2026-03-11,2026-03-16,Delivered,Debit Card,7880.35
2840,959,5,20,55,2026-05-29,2026-06-02,Delivered,Debit Card,47173.38
2841,156,3,3,57,2025-11-15,2025-11-20,Delivered,UPI,20296.59
2842,396,3,5,21,2026-02-06,,Cancelled,Net Banking,32606.38
2843,779,5,8,81,2026-07-01,2026-07-06,Delivered,Credit Card,8494.86
2844,1,2,17,74,2026-06-27,,Cancelled,Debit Card,12786.63
2845,548,5,13,69,2026-02-07,2026-02-09,Delivered,UPI,9167.72
2846,902,4,14,18,2026-06-05,,Cancelled,Cash on Delivery,25202.05
2847,155,4,17,57,2025-10-04,2025-10-05,Delivered,UPI,24909.17
2848,639,1,3,12,2026-05-04,2026-05-06,Delivered,Net Banking,41535.05
2849,918,2,8,46,2025-08-21,2025-08-26,Delivered,Credit Card,35159.89
2850,732,4,14,14,2026-02-17,2026-02-21,Delivered,UPI,362.6
2851,350,3,6,32,2026-02-12,2026-02-15,Delivered,Net Banking,18961.71
2852,524,1,4,52,2025-11-11,2025-11-18,Delivered,Credit Card,43306.78
2853,369,3,9,97,2026-03-11,2026-03-13,Delivered,UPI,600.8
2854,632,2,4,55,2026-06-03,2026-06-04,Delivered,Debit Card,16151.96
2855,281,1,1,73,2026-01-06,2026-01-13,Delivered,Cash on Delivery,6053.47
2856,774,2,16,96,2026-02-20,2026-02-25,Delivered,Debit Card,20503.38
2857,609,1,18,74,2025-08-05,,Pending,Net Banking,47746.33
2858,555,2,1,52,2025-12-31,2026-01-05,Delivered,UPI,11577.66
2859,279,1,3,57,2025-12-31,2026-01-05,Delivered,Credit Card,32477.35
2860,860,4,11,80,2025-11-04,2025-11-08,Delivered,Debit Card,18090.55
2861,560,2,14,79,2026-06-28,2026-07-03,Delivered,Net Banking,5455.24
2862,406,4,20,71,2026-05-23,2026-05-28,Delivered,Net Banking,33263.4
2863,320,3,3,42,2025-08-03,2025-08-06,Delivered,UPI,2337.28
2864,114,2,4,79,2025-12-08,2025-12-13,Delivered,UPI,18087.24
2865,866,1,16,47,2026-06-20,2026-06-24,Delivered,Debit Card,44248.28
2866,117,1,3,61,2025-09-03,2025-09-09,Delivered,Credit Card,32791.95
2867,853,5,20,69,2026-06-09,,Pending,Cash on Delivery,16503.83
2868,213,2,14,41,2025-09-04,2025-09-10,Delivered,UPI,4391.26
2869,528,1,19,34,2025-08-12,2025-08-17,Delivered,Cash on Delivery,50945.57
2870,498,5,1,7,2025-10-05,2025-10-11,Delivered,Debit Card,45288.12
2871,827,3,5,39,2025-08-31,2025-09-05,Delivered,Credit Card,36353.97
2872,49,3,10,49,2025-09-27,,Cancelled,Net Banking,57147.44
2873,629,3,14,56,2026-06-08,2026-06-09,Delivered,Cash on Delivery,35132.15
2874,269,3,6,2,2026-07-03,,Pending,Debit Card,16099.95
2875,434,3,12,63,2025-12-18,,Pending,Net Banking,48071.99
2876,914,3,1,74,2025-11-24,2025-11-27,Delivered,Credit Card,62549.71
2877,197,2,17,78,2025-10-11,2025-10-13,Delivered,Debit Card,13086.0
2878,265,2,13,49,2026-04-07,,Pending,Cash on Delivery,26007.39
2879,345,3,10,7,2026-05-14,2026-05-20,Delivered,Net Banking,13561.96
2880,623,1,12,30,2025-11-12,,Pending,Cash on Delivery,11454.1
2881,165,2,6,16,2025-08-27,2025-08-30,Delivered,Cash on Delivery,19855.92
2882,439,4,16,89,2026-06-03,2026-06-06,Delivered,Credit Card,40652.78
2883,783,1,11,79,2026-05-05,2026-05-06,Delivered,UPI,49051.35
2884,182,1,9,91,2025-10-07,,Cancelled,Debit Card,22377.31
2885,933,4,17,33,2025-10-30,2025-11-04,Delivered,UPI,5081.28
2886,7,5,18,2,2026-06-27,2026-07-02,Delivered,Cash on Delivery,15096.66
2887,493,1,16,72,2025-08-07,2025-08-14,Delivered,Credit Card,6330.63
2888,592,1,20,46,2025-09-11,2025-09-18,Delivered,Debit Card,637.72
2889,457,2,5,92,2026-04-28,2026-05-01,Delivered,Cash on Delivery,23548.39
2890,78,1,5,94,2025-12-29,2025-12-31,Delivered,Credit Card,51774.85
2891,542,3,9,30,2025-08-15,2025-08-19,Delivered,Credit Card,9727.38
2892,441,5,12,90,2025-11-24,2025-11-28,Delivered,UPI,20516.99
2893,473,2,18,45,2026-03-21,,Cancelled,Debit Card,4924.62
2894,272,5,17,23,2026-05-11,2026-05-12,Delivered,Credit Card,37898.31
2895,516,3,11,33,2026-02-17,2026-02-24,Delivered,UPI,27030.05
2896,33,3,14,33,2026-01-07,2026-01-10,Delivered,Cash on Delivery,53496.67
2897,347,1,5,26,2025-07-28,,Pending,UPI,28710.41
2898,144,4,7,20,2026-06-11,,Pending,Debit Card,6581.41
2899,789,4,18,79,2025-10-28,,Pending,Net Banking,17219.54
2900,752,4,3,58,2026-02-04,2026-02-11,Delivered,Credit Card,34968.83
2901,249,2,10,83,2025-09-20,2025-09-26,Delivered,Cash on Delivery,7110.36
2902,174,5,1,25,2025-09-04,,Pending,Net Banking,5692.49
2903,389,3,6,10,2026-04-30,,Pending,UPI,26073.58
2904,671,1,18,8,2026-05-06,,Pending,Net Banking,50209.63
2905,803,3,13,32,2026-04-02,,Pending,Debit Card,39450.65
2906,732,2,7,5,2026-06-30,2026-07-07,Delivered,Debit Card,10735.75
2907,737,3,18,65,2026-02-08,,Pending,Net Banking,4293.82
2908,916,3,8,43,2025-12-23,,Pending,UPI,30921.2
2909,37,4,4,66,2025-08-16,2025-08-23,Delivered,Cash on Delivery,46075.59
2910,486,4,17,37,2025-08-18,2025-08-19,Delivered,Debit Card,37642.72
2911,177,3,9,33,2025-10-13,2025-10-19,Delivered,Debit Card,54625.02
2912,269,2,14,7,2025-09-28,,Pending,Net Banking,48002.54
2913,901,5,12,89,2025-08-20,2025-08-25,Delivered,Credit Card,15486.57
2914,462,3,18,14,2026-04-24,2026-04-30,Delivered,Credit Card,73495.44
2915,660,5,20,16,2025-10-13,2025-10-17,Delivered,Net Banking,30073.35
2916,677,5,9,69,2025-09-05,2025-09-12,Delivered,Net Banking,36453.08
2917,594,2,14,76,2026-03-14,2026-03-21,Delivered,Net Banking,20414.54
2918,63,2,10,41,2026-01-16,2026-01-22,Delivered,Cash on Delivery,685.74
2919,108,4,9,58,2026-02-25,2026-02-28,Delivered,Credit Card,17092.09
2920,38,5,3,94,2026-06-13,,Cancelled,Cash on Delivery,19384.36
2921,728,5,9,23,2026-03-13,2026-03-15,Delivered,Credit Card,10119.35
2922,607,5,15,21,2026-03-25,2026-03-27,Delivered,UPI,14015.79
2923,155,1,4,83,2026-03-18,2026-03-22,Delivered,Cash on Delivery,15715.68
2924,943,5,6,73,2026-07-16,2026-07-18,Delivered,Net Banking,3598.75
2925,947,2,2,92,2025-08-15,2025-08-17,Delivered,Credit Card,64263.58
2926,125,2,2,15,2025-08-27,2025-08-29,Delivered,UPI,23570.61
2927,17,4,3,89,2025-08-30,2025-09-03,Delivered,Cash on Delivery,19004.4
2928,118,5,2,4,2026-06-05,2026-06-11,Delivered,Net Banking,775.58
2929,942,5,16,92,2025-11-11,2025-11-12,Delivered,UPI,7961.44
2930,838,1,10,25,2025-08-08,2025-08-15,Delivered,Debit Card,26787.23
2931,64,2,8,71,2026-07-26,2026-07-29,Delivered,UPI,15853.92
2932,604,3,17,97,2025-08-01,2025-08-05,Delivered,Cash on Delivery,58203.64
2933,802,3,18,83,2025-10-16,2025-10-19,Delivered,Cash on Delivery,67527.27
2934,888,1,19,41,2025-11-19,,Pending,UPI,23500.94
2935,4,1,7,94,2026-07-18,,Pending,Cash on Delivery,20648.76
2936,856,3,13,24,2026-07-25,2026-08-01,Delivered,Debit Card,27307.76
2937,976,3,19,49,2026-01-27,2026-01-28,Delivered,UPI,19128.12
2938,925,4,2,56,2026-06-07,2026-06-13,Delivered,Cash on Delivery,45640.02
2939,276,4,3,10,2025-09-10,2025-09-16,Delivered,Debit Card,30032.64
2940,307,2,3,91,2025-10-28,2025-11-04,Delivered,Debit Card,38927.46
2941,2,5,15,70,2025-09-06,2025-09-10,Delivered,Net Banking,4574.56
2942,276,1,20,61,2026-05-14,2026-05-19,Delivered,Debit Card,7346.6
2943,792,5,18,98,2026-04-20,2026-04-24,Delivered,Credit Card,26433.9
2944,302,5,18,19,2026-02-04,2026-02-10,Delivered,Net Banking,64002.52
2945,637,1,13,21,2026-05-13,2026-05-17,Delivered,Net Banking,16983.17
2946,240,5,18,56,2025-09-03,2025-09-08,Delivered,UPI,3584.76
2947,484,5,17,88,2026-03-13,2026-03-17,Delivered,UPI,18995.77
2948,373,4,1,48,2026-06-11,,Pending,Credit Card,38505.92
2949,372,1,15,10,2026-01-24,2026-01-28,Delivered,Net Banking,51554.47
2950,243,2,5,3,2026-05-18,,Pending,Cash on Delivery,41812.34
2951,903,5,12,59,2026-04-06,,Pending,Net Banking,6879.52
2952,573,5,6,49,2026-02-27,2026-02-28,Delivered,UPI,24278.92
2953,780,1,19,48,2026-01-04,,Pending,Cash on Delivery,46958.36
2954,370,4,11,66,2025-08-13,2025-08-14,Delivered,Cash on Delivery,30358.84
2955,468,2,10,91,2026-05-26,2026-06-01,Delivered,Cash on Delivery,4659.51
2956,304,1,13,78,2026-05-13,2026-05-14,Delivered,Net Banking,15678.9
2957,690,5,18,19,2025-09-05,2025-09-10,Delivered,Cash on Delivery,13215.8
2958,963,2,5,56,2026-07-05,2026-07-07,Delivered,Net Banking,18160.8
2959,966,4,16,43,2026-03-28,2026-03-29,Delivered,UPI,10319.43
2960,831,2,9,93,2026-05-17,2026-05-20,Delivered,UPI,40151.59
2961,844,4,18,45,2025-12-24,2025-12-27,Delivered,UPI,9412.94
2962,327,5,14,100,2026-07-05,2026-07-06,Delivered,Credit Card,35086.01
2963,130,5,12,64,2026-07-22,,Pending,UPI,1589.08
2964,961,3,2,9,2025-09-25,2025-09-27,Delivered,Cash on Delivery,9638.88
2965,282,2,2,59,2026-05-18,2026-05-25,Delivered,Debit Card,24712.44
2966,868,5,16,23,2025-12-11,2025-12-16,Delivered,Debit Card,18213.2
2967,909,5,9,1,2026-04-18,2026-04-22,Delivered,Net Banking,32176.89
2968,188,2,6,89,2026-04-30,2026-05-04,Delivered,UPI,63045.2
2969,140,3,14,10,2026-03-23,2026-03-28,Delivered,UPI,34278.84
2970,494,5,3,8,2026-05-14,,Pending,UPI,51399.44
2971,94,5,4,74,2025-08-15,2025-08-16,Delivered,Credit Card,5135.84
2972,865,1,15,14,2026-05-03,,Cancelled,Debit Card,17856.9
2973,191,3,14,11,2026-02-09,2026-02-10,Delivered,Credit Card,28872.35
2974,970,2,15,7,2025-11-04,,Pending,Credit Card,21588.69
2975,45,5,2,60,2025-09-03,2025-09-07,Delivered,Debit Card,14598.56
2976,697,3,1,1,2026-03-09,,Cancelled,UPI,23523.96
2977,899,5,17,74,2026-04-04,,Pending,Debit Card,32571.06
2978,716,2,10,30,2025-11-14,,Pending,Net Banking,12874.92
2979,535,2,15,53,2026-06-20,2026-06-25,Delivered,Cash on Delivery,40984.96
2980,353,1,5,77,2026-03-31,2026-04-04,Delivered,Cash on Delivery,44682.2
2981,857,5,3,80,2026-01-24,,Pending,Credit Card,47576.95
2982,486,1,7,40,2026-06-11,,Pending,Credit Card,26202.78
2983,924,2,3,5,2026-02-15,2026-02-16,Delivered,Debit Card,20462.72
2984,794,2,18,85,2025-12-01,2025-12-03,Delivered,UPI,1201.6
2985,480,3,10,28,2026-06-28,,Cancelled,Cash on Delivery,57969.53
2986,263,2,17,98,2025-12-15,,Pending,Debit Card,6717.18
2987,893,3,5,54,2026-07-19,2026-07-23,Delivered,Net Banking,19773.75
2988,446,5,2,96,2025-07-30,2025-08-01,Delivered,Net Banking,27737.75
2989,225,5,9,39,2026-03-28,,Pending,Credit Card,9715.09
2990,561,4,10,23,2025-09-11,2025-09-13,Delivered,Debit Card,18813.28
2991,416,1,5,70,2025-08-25,2025-08-28,Delivered,Cash on Delivery,31581.77
2992,836,3,15,36,2025-10-15,2025-10-19,Delivered,Cash on Delivery,15561.51
2993,635,2,11,46,2026-01-12,2026-01-16,Delivered,Credit Card,2687.96
2994,579,5,6,94,2025-12-06,,Pending,UPI,17146.31
2995,554,4,11,99,2025-10-21,2025-10-22,Delivered,Debit Card,6139.17
2996,749,1,1,86,2025-12-05,,Cancelled,Credit Card,15394.92
2997,103,4,3,13,2026-02-17,2026-02-22,Delivered,UPI,48252.23
2998,616,4,1,19,2025-09-29,2025-10-02,Delivered,Cash on Delivery,59942.42
2999,56,5,6,22,2026-04-27,2026-05-01,Delivered,Debit Card,20020.07
3000,942,3,8,41,2025-09-11,,Pending,UPI,32580.56
3001,699,2,6,1,2025-08-04,,Pending,Credit Card,28962.39
3002,449,1,11,73,2026-01-26,2026-01-27,Delivered,Credit Card,22200.37
3003,881,1,14,98,2026-07-20,,Pending,UPI,42979.5
3004,328,2,4,44,2025-09-29,2025-10-05,Delivered,Debit Card,10125.31
3005,990,3,19,34,2026-02-28,2026-03-05,Delivered,UPI,48497.7
3006,449,4,10,6,2026-02-17,,Cancelled,UPI,46481.47
3007,784,4,15,91,2026-04-15,2026-04-17,Delivered,Net Banking,78934.82
3008,564,3,2,46,2026-06-28,2026-07-03,Delivered,UPI,3005.94
3009,936,1,8,86,2026-06-17,,Pending,UPI,4396.17
3010,10,5,13,37,2026-01-15,,Cancelled,Credit Card,22276.42
3011,994,5,10,99,2026-02-14,2026-02-16,Delivered,UPI,55985.83
3012,4,2,9,45,2026-05-12,2026-05-13,Delivered,Cash on Delivery,24083.52
3013,47,3,17,79,2025-07-28,2025-08-04,Delivered,UPI,2197.41
3014,74,2,18,39,2026-01-26,2026-01-27,Delivered,Debit Card,16053.12
3015,902,5,20,79,2025-09-18,,Pending,Debit Card,42296.44
3016,355,2,8,48,2026-05-25,2026-05-28,Delivered,UPI,10198.95
3017,371,4,13,10,2026-01-24,2026-01-28,Delivered,Net Banking,36326.78
3018,964,5,19,2,2026-03-16,2026-03-20,Delivered,Cash on Delivery,37410.82
3019,966,4,18,8,2026-05-18,2026-05-22,Delivered,Cash on Delivery,8189.04
3020,270,4,2,100,2025-08-17,2025-08-19,Delivered,Net Banking,24265.44
3021,274,2,5,92,2026-04-30,,Pending,Credit Card,49028.91
3022,584,2,10,40,2025-10-23,2025-10-26,Delivered,UPI,20505.98
3023,3,2,13,63,2026-01-24,2026-01-31,Delivered,Debit Card,84868.57
3024,336,1,1,28,2025-09-08,2025-09-11,Delivered,UPI,28629.41
3025,506,4,7,49,2026-01-04,2026-01-06,Delivered,Credit Card,27373.03
3026,293,5,4,59,2025-09-06,2025-09-08,Delivered,UPI,30597.85
3027,643,2,6,85,2026-01-08,,Pending,Credit Card,36293.42
3028,809,1,8,40,2025-08-06,2025-08-07,Delivered,UPI,21767.87
3029,755,1,2,74,2026-02-26,2026-03-02,Delivered,Debit Card,54983.12
3030,251,5,1,82,2026-04-21,,Pending,Net Banking,11810.84
3031,936,2,14,66,2026-02-10,2026-02-11,Delivered,UPI,29447.99
3032,91,2,13,51,2025-09-08,2025-09-15,Delivered,Net Banking,26730.82
3033,950,3,1,37,2026-05-25,,Pending,Cash on Delivery,16899.99
3034,343,5,19,72,2026-03-23,,Pending,Cash on Delivery,35220.64
3035,332,5,19,24,2026-01-25,2026-01-30,Delivered,Cash on Delivery,12915.24
3036,320,2,6,51,2026-06-16,2026-06-23,Delivered,Cash on Delivery,35741.89
3037,688,2,6,2,2025-09-25,,Pending,Cash on Delivery,21217.97
3038,379,4,12,67,2025-09-15,2025-09-18,Delivered,Cash on Delivery,26223.57
3039,912,4,1,89,2026-07-09,2026-07-10,Delivered,UPI,11038.83
3040,94,5,12,21,2025-10-13,2025-10-20,Delivered,UPI,64119.1
3041,186,1,7,56,2026-04-15,2026-04-17,Delivered,Net Banking,8355.91
3042,743,1,6,9,2026-03-15,2026-03-20,Delivered,Net Banking,26424.8
3043,587,5,16,93,2026-07-03,2026-07-06,Delivered,UPI,34237.8
3044,445,2,4,99,2026-05-17,2026-05-21,Delivered,Net Banking,47220.38
3045,381,5,11,71,2026-03-12,2026-03-18,Delivered,Debit Card,1368.5
3046,583,2,15,89,2026-03-30,,Cancelled,UPI,62404.49
3047,391,3,18,67,2025-12-23,2025-12-24,Delivered,Credit Card,13806.67
3048,491,5,18,98,2025-11-01,,Pending,Credit Card,67182.99
3049,69,5,18,49,2026-01-29,2026-01-31,Delivered,Net Banking,38691.5
3050,492,1,6,66,2026-02-02,2026-02-05,Delivered,UPI,35387.26
3051,527,2,5,22,2026-05-23,2026-05-27,Delivered,UPI,34868.94
3052,56,5,6,71,2025-09-11,2025-09-14,Delivered,Credit Card,19913.84
3053,641,1,8,18,2026-02-19,2026-02-21,Delivered,Debit Card,27516.7
3054,91,2,9,36,2025-10-11,2025-10-14,Delivered,Credit Card,3321.22
3055,947,3,17,96,2026-01-31,2026-02-04,Delivered,Net Banking,27997.92
3056,617,1,7,90,2025-12-05,2025-12-07,Delivered,Credit Card,21120.21
3057,37,2,7,7,2026-06-17,2026-06-23,Delivered,Credit Card,13293.75
3058,873,3,5,17,2025-10-23,2025-10-27,Delivered,Credit Card,19287.55
3059,713,1,4,32,2025-08-11,2025-08-13,Delivered,Credit Card,27332.4
3060,516,4,3,54,2026-01-16,2026-01-17,Delivered,Debit Card,51053.63
3061,406,1,7,1,2026-07-03,2026-07-10,Delivered,Debit Card,25739.52
3062,733,4,20,30,2026-01-05,,Pending,Cash on Delivery,31480.14
3063,471,1,12,51,2026-03-01,,Pending,Net Banking,6237.86
3064,551,1,8,17,2026-06-27,,Pending,Credit Card,4224.17
3065,613,1,3,54,2025-09-06,2025-09-13,Delivered,Cash on Delivery,36004.85
3066,306,5,13,78,2026-07-11,2026-07-13,Delivered,Net Banking,4827.21
3067,224,5,4,4,2026-07-12,2026-07-19,Delivered,Debit Card,47848.84
3068,69,5,20,50,2025-07-29,2025-07-31,Delivered,UPI,21308.15
3069,821,5,7,16,2025-10-05,2025-10-06,Delivered,UPI,31438.7
3070,376,4,13,72,2026-06-02,,Pending,Cash on Delivery,21886.98
3071,472,2,2,50,2025-11-15,2025-11-19,Delivered,UPI,46028.05
3072,585,3,17,51,2026-02-24,2026-02-25,Delivered,Net Banking,13060.29
3073,294,4,9,39,2025-08-01,2025-08-05,Delivered,Cash on Delivery,7794.99
3074,202,2,10,78,2026-04-14,,Pending,Net Banking,18087.29
3075,427,4,12,2,2026-05-03,2026-05-08,Delivered,Credit Card,13636.42
3076,465,4,7,17,2026-05-01,,Pending,Credit Card,24213.46
3077,445,3,4,12,2026-02-25,2026-02-27,Delivered,Credit Card,10943.82
3078,805,3,14,86,2025-12-16,2025-12-23,Delivered,Net Banking,40399.74
3079,713,5,11,35,2026-05-27,2026-05-28,Delivered,Net Banking,13774.31
3080,652,5,2,69,2025-12-10,2025-12-15,Delivered,UPI,49346.14
3081,758,3,20,53,2026-01-23,2026-01-25,Delivered,UPI,30897.29
3082,674,2,20,74,2026-06-28,2026-07-01,Delivered,Credit Card,20691.77
3083,574,3,11,31,2026-02-06,,Pending,Cash on Delivery,27684.63
3084,998,5,6,47,2025-08-08,2025-08-11,Delivered,Credit Card,14870.32
3085,231,1,8,34,2025-08-01,,Pending,Credit Card,46698.73
3086,80,5,3,91,2025-09-30,,Pending,Cash on Delivery,21658.22
3087,416,3,1,48,2026-04-05,,Cancelled,Debit Card,29953.64
3088,885,5,15,100,2025-11-03,2025-11-09,Delivered,Debit Card,7455.15
3089,512,3,11,59,2026-04-12,2026-04-18,Delivered,Debit Card,34646.58
3090,970,4,7,47,2026-06-29,,Cancelled,Debit Card,39113.33
3091,578,5,16,35,2025-11-17,2025-11-23,Delivered,Net Banking,47059.16
3092,392,2,3,56,2025-10-10,2025-10-13,Delivered,UPI,15714.44
3093,182,1,11,37,2026-06-02,2026-06-07,Delivered,Net Banking,28103.43
3094,341,3,20,40,2026-05-21,2026-05-28,Delivered,Credit Card,22929.11
3095,779,3,13,77,2025-09-17,2025-09-24,Delivered,Net Banking,39406.38
3096,391,2,13,39,2025-10-17,,Pending,UPI,27052.98
3097,874,2,8,2,2026-07-02,2026-07-05,Delivered,Credit Card,25542.94
3098,377,1,19,16,2025-12-27,2025-12-31,Delivered,Debit Card,37460.38
3099,54,2,9,84,2025-10-07,2025-10-09,Delivered,Credit Card,44522.36
3100,964,3,14,15,2025-09-28,2025-10-01,Delivered,Credit Card,12744.76
3101,736,4,2,58,2026-06-12,2026-06-14,Delivered,Credit Card,2391.78
3102,107,1,1,4,2025-09-12,2025-09-18,Delivered,Cash on Delivery,15939.75
3103,963,2,17,46,2025-12-25,,Pending,UPI,12954.4
3104,82,5,12,94,2026-03-11,2026-03-12,Delivered,Debit Card,10811.74
3105,326,3,6,27,2025-08-10,2025-08-16,Delivered,Credit Card,14448.3
3106,444,4,17,59,2026-05-29,2026-06-05,Delivered,UPI,58983.8
3107,116,1,16,25,2025-12-23,2025-12-25,Delivered,Net Banking,83228.97
3108,421,2,11,95,2026-03-17,,Pending,Cash on Delivery,11192.53
3109,474,3,15,17,2026-04-12,2026-04-16,Delivered,Cash on Delivery,40913.86
3110,193,1,7,60,2026-05-19,2026-05-22,Delivered,UPI,24855.98
3111,948,5,12,20,2025-12-22,,Pending,UPI,26322.97
3112,26,1,12,42,2026-02-26,2026-03-04,Delivered,UPI,3272.1
3113,26,2,5,62,2025-12-10,,Pending,Credit Card,30364.44
3114,68,2,10,24,2026-06-20,2026-06-26,Delivered,UPI,22209.36
3115,436,1,1,78,2026-01-20,2026-01-25,Delivered,Credit Card,25538.72
3116,782,1,13,68,2025-11-04,,Pending,Cash on Delivery,33783.32
3117,169,5,2,26,2025-12-28,2026-01-01,Delivered,Debit Card,39115.14
3118,360,2,5,67,2026-04-11,,Pending,UPI,20091.98
3119,616,4,6,74,2026-01-26,2026-02-02,Delivered,Credit Card,68157.96
3120,353,3,5,93,2025-08-03,2025-08-08,Delivered,Credit Card,23166.16
3121,932,4,8,19,2025-12-25,2025-12-31,Delivered,Credit Card,13443.85
3122,717,5,20,25,2026-06-03,,Pending,Net Banking,40513.81
3123,179,2,1,37,2026-01-14,2026-01-18,Delivered,Debit Card,24035.16
3124,231,5,5,30,2026-04-17,2026-04-18,Delivered,Debit Card,12982.62
3125,996,5,2,61,2026-04-18,2026-04-19,Delivered,Cash on Delivery,26857.23
3126,47,1,17,24,2025-12-12,2025-12-16,Delivered,Net Banking,50075.74
3127,827,1,6,26,2025-08-21,2025-08-22,Delivered,Cash on Delivery,35301.95
3128,128,5,5,51,2026-01-12,2026-01-18,Delivered,Credit Card,26823.55
3129,915,1,18,87,2026-03-24,2026-03-26,Delivered,Cash on Delivery,35804.13
3130,683,5,14,91,2026-04-21,,Pending,Debit Card,60220.18
3131,799,3,13,62,2025-09-10,2025-09-14,Delivered,Credit Card,26251.72
3132,149,2,7,28,2025-10-30,,Cancelled,Credit Card,11179.74
3133,976,1,6,92,2026-03-08,2026-03-14,Delivered,Net Banking,15405.57
3134,300,5,9,20,2026-06-21,2026-06-27,Delivered,Credit Card,22481.64
3135,735,4,6,23,2026-07-17,2026-07-20,Delivered,UPI,27416.47
3136,387,3,6,80,2026-07-23,,Cancelled,Credit Card,16576.04
3137,381,4,2,50,2025-12-15,2025-12-21,Delivered,Credit Card,24654.96
3138,69,4,4,69,2026-04-23,2026-04-27,Delivered,Debit Card,413.82
3139,108,2,8,1,2026-05-13,2026-05-16,Delivered,Net Banking,3897.39
3140,973,3,10,99,2026-07-26,2026-07-31,Delivered,Credit Card,27308.68
3141,14,2,3,29,2026-07-02,,Pending,Cash on Delivery,24431.07
3142,677,4,2,66,2025-09-20,,Pending,Credit Card,11267.34
3143,585,3,16,85,2025-08-30,2025-08-31,Delivered,Debit Card,17641.2
3144,810,5,16,6,2025-11-28,2025-12-01,Delivered,UPI,49273.07
3145,819,1,6,81,2025-08-17,2025-08-20,Delivered,Cash on Delivery,37949.34
3146,738,3,9,10,2026-05-08,2026-05-15,Delivered,Debit Card,18551.16
3147,439,1,9,3,2025-09-09,2025-09-15,Delivered,Net Banking,30070.22
3148,739,5,13,76,2026-06-17,,Cancelled,Debit Card,43758.23
3149,462,1,18,64,2025-12-31,2026-01-02,Delivered,Cash on Delivery,12857.82
3150,823,4,1,18,2026-07-09,2026-07-11,Delivered,Credit Card,4887.66
3151,683,4,1,10,2025-11-19,2025-11-25,Delivered,UPI,5059.36
3152,140,5,3,20,2026-06-11,2026-06-13,Delivered,Credit Card,12130.9
3153,770,5,14,80,2025-09-21,2025-09-26,Delivered,Cash on Delivery,28110.73
3154,416,4,2,73,2025-12-24,,Cancelled,Credit Card,12828.02
3155,76,2,6,55,2025-08-24,2025-08-28,Delivered,UPI,30626.93
3156,818,4,20,99,2025-07-28,2025-08-01,Delivered,UPI,42904.49
3157,472,5,11,90,2026-01-29,2026-02-03,Delivered,Net Banking,30798.06
3158,487,2,18,54,2026-07-22,2026-07-29,Delivered,Net Banking,5327.62
3159,922,4,10,26,2025-07-30,2025-07-31,Delivered,Debit Card,13811.8
3160,317,5,7,4,2025-10-19,,Cancelled,Debit Card,13132.99
3161,187,1,8,16,2025-10-11,2025-10-13,Delivered,Net Banking,34536.34
3162,71,4,12,4,2025-12-15,,Pending,Cash on Delivery,61309.84
3163,279,3,10,73,2025-08-14,2025-08-21,Delivered,Cash on Delivery,59071.96
3164,8,4,2,1,2026-06-07,2026-06-12,Delivered,Cash on Delivery,8612.34
3165,314,4,10,70,2026-04-04,2026-04-08,Delivered,Cash on Delivery,2876.42
3166,305,1,19,58,2026-02-14,2026-02-17,Delivered,Cash on Delivery,44945.58
3167,836,4,7,50,2026-05-20,,Pending,UPI,17102.21
3168,264,3,11,5,2025-11-04,2025-11-06,Delivered,Debit Card,46719.04
3169,716,4,8,61,2026-07-08,2026-07-13,Delivered,Debit Card,4863.47
3170,579,4,14,79,2026-05-26,2026-05-30,Delivered,UPI,24000.53
3171,113,4,19,84,2025-09-25,2025-09-30,Delivered,Credit Card,19435.68
3172,329,4,7,7,2025-11-13,2025-11-18,Delivered,UPI,29879.87
3173,184,2,12,45,2026-06-21,2026-06-26,Delivered,Cash on Delivery,39959.63
3174,424,3,7,55,2025-10-17,2025-10-18,Delivered,Net Banking,2468.02
3175,297,5,17,80,2026-04-25,,Pending,Debit Card,47127.99
3176,627,4,13,45,2026-05-13,,Pending,Cash on Delivery,35433.4
3177,254,3,10,43,2026-04-22,,Pending,Credit Card,19040.96
3178,315,3,9,10,2025-09-08,,Pending,Net Banking,32369.84
3179,125,5,13,73,2026-03-24,,Pending,Credit Card,50418.25
3180,772,3,20,32,2026-02-21,,Pending,Debit Card,19632.75
3181,593,4,15,37,2026-06-28,2026-07-01,Delivered,Debit Card,19248.27
3182,18,5,17,98,2025-10-21,2025-10-27,Delivered,Credit Card,34305.9
3183,150,4,8,7,2026-03-08,2026-03-13,Delivered,Credit Card,33385.82
3184,620,5,16,93,2025-09-18,,Pending,Net Banking,21228.82
3185,658,3,17,75,2025-11-16,,Pending,UPI,44867.63
3186,256,5,6,14,2026-02-22,,Cancelled,Cash on Delivery,29349.15
3187,133,4,2,89,2026-06-24,2026-07-01,Delivered,UPI,6497.69
3188,491,5,11,39,2025-11-17,,Pending,Debit Card,2002.92
3189,198,3,10,81,2026-02-07,2026-02-11,Delivered,Debit Card,1583.76
3190,484,2,19,17,2025-08-21,,Pending,UPI,7249.08
3191,251,4,1,6,2025-10-20,2025-10-25,Delivered,Debit Card,15460.76
3192,391,5,3,19,2025-08-05,2025-08-07,Delivered,UPI,21584.92
3193,843,3,1,19,2025-07-30,,Pending,UPI,25129.06
3194,140,3,4,27,2025-11-21,2025-11-25,Delivered,Cash on Delivery,7309.64
3195,886,2,12,68,2026-07-16,2026-07-20,Delivered,Debit Card,16083.1
3196,597,1,11,81,2025-09-06,2025-09-10,Delivered,Net Banking,8407.58
3197,963,5,14,11,2026-05-09,,Pending,Credit Card,17187.94
3198,968,3,3,34,2026-01-08,2026-01-13,Delivered,Credit Card,1109.64
3199,266,1,11,51,2026-03-17,2026-03-18,Delivered,Credit Card,26925.62
3200,957,3,18,71,2026-06-06,2026-06-08,Delivered,Credit Card,21211.6
3201,196,2,14,21,2026-06-06,,Pending,UPI,13559.29
3202,879,2,8,25,2025-08-24,2025-08-27,Delivered,Debit Card,45208.31
3203,417,2,7,84,2026-06-08,2026-06-11,Delivered,Cash on Delivery,18341.42
3204,732,4,19,54,2025-08-02,2025-08-08,Delivered,Net Banking,17212.5
3205,852,3,1,5,2025-11-26,2025-12-02,Delivered,Credit Card,15928.56
3206,583,1,9,49,2026-06-25,,Pending,Credit Card,35531.23
3207,908,4,3,83,2025-10-23,2025-10-27,Delivered,Debit Card,48484.04
3208,66,3,15,34,2025-08-14,2025-08-15,Delivered,Credit Card,30564.71
3209,862,3,11,8,2025-09-22,2025-09-27,Delivered,UPI,67348.91
3210,168,4,6,72,2025-09-04,2025-09-07,Delivered,Cash on Delivery,36763.17
3211,347,2,6,58,2025-12-17,,Pending,Credit Card,33051.44
3212,206,5,5,67,2026-07-16,,Cancelled,Credit Card,2276.36
3213,10,5,5,3,2025-08-23,2025-08-27,Delivered,UPI,20128.88
3214,221,2,7,2,2025-12-20,2025-12-22,Delivered,Debit Card,32348.37
3215,419,1,15,57,2026-01-27,2026-02-02,Delivered,Cash on Delivery,17312.64
3216,803,1,15,47,2026-05-02,,Pending,Cash on Delivery,6150.42
3217,877,5,14,19,2025-12-15,,Pending,Net Banking,7686.02
3218,356,1,11,32,2026-05-19,,Pending,Credit Card,57401.56
3219,285,2,12,27,2026-06-05,2026-06-07,Delivered,Net Banking,23330.78
3220,570,2,9,63,2026-04-30,2026-05-01,Delivered,Debit Card,14009.25
3221,734,4,5,6,2026-02-25,2026-02-28,Delivered,UPI,69638.32
3222,970,1,19,95,2025-12-24,,Pending,UPI,52218.26
3223,466,3,6,21,2026-04-24,2026-04-26,Delivered,UPI,27515.4
3224,903,4,12,8,2025-11-16,2025-11-22,Delivered,Debit Card,41401.21
3225,677,4,18,60,2025-12-31,2026-01-01,Delivered,Cash on Delivery,50959.9
3226,329,5,9,53,2026-04-29,2026-05-06,Delivered,Credit Card,12279.51
3227,948,5,9,7,2026-05-31,2026-06-06,Delivered,Credit Card,34011.68
3228,550,4,15,20,2025-10-30,,Pending,Credit Card,17646.23
3229,348,5,17,9,2025-10-24,2025-10-27,Delivered,UPI,26228.88
3230,822,5,19,89,2026-04-12,2026-04-16,Delivered,Debit Card,50106.19
3231,730,2,9,65,2026-06-28,2026-06-30,Delivered,Cash on Delivery,3175.36
3232,256,2,7,58,2026-07-25,2026-07-26,Delivered,UPI,10196.54
3233,134,1,3,12,2026-03-22,,Cancelled,Net Banking,32154.2
3234,469,5,17,6,2026-06-26,2026-06-29,Delivered,Cash on Delivery,25996.81
3235,827,4,20,7,2025-12-02,2025-12-03,Delivered,UPI,84399.03
3236,884,2,16,38,2025-10-25,2025-11-01,Delivered,Net Banking,29705.69
3237,155,5,12,14,2025-11-24,2025-11-29,Delivered,Debit Card,13760.05
3238,712,1,12,23,2026-02-25,2026-03-03,Delivered,Cash on Delivery,61862.67
3239,105,4,6,23,2025-08-31,2025-09-04,Delivered,Debit Card,23949.55
3240,256,1,8,72,2025-09-01,2025-09-03,Delivered,Debit Card,6631.12
3241,878,2,10,20,2025-07-28,2025-08-01,Delivered,Cash on Delivery,21769.5
3242,696,5,11,88,2025-11-30,,Pending,Cash on Delivery,5095.84
3243,871,5,7,25,2025-08-02,2025-08-03,Delivered,Credit Card,17393.83
3244,208,1,10,38,2026-06-10,2026-06-17,Delivered,Debit Card,45066.68
3245,515,3,17,64,2025-09-11,2025-09-16,Delivered,UPI,10326.34
3246,278,1,15,3,2026-07-03,,Pending,Debit Card,16135.83
3247,629,1,13,99,2026-05-18,2026-05-21,Delivered,Net Banking,22281.66
3248,785,4,11,25,2025-11-11,,Pending,Cash on Delivery,51533.74
3249,264,4,20,90,2026-07-16,,Pending,Cash on Delivery,63204.7
3250,650,5,7,21,2026-02-05,,Pending,Debit Card,12688.35
3251,425,4,8,35,2026-01-06,2026-01-10,Delivered,Debit Card,28250.72
3252,814,5,6,21,2025-11-04,,Pending,Credit Card,17943.64
3253,18,3,14,11,2026-05-21,,Pending,Net Banking,6151.74
3254,86,3,5,78,2025-09-25,2025-10-01,Delivered,Net Banking,43993.24
3255,743,1,6,20,2026-02-02,2026-02-03,Delivered,Debit Card,28358.42
3256,947,3,14,28,2026-02-08,2026-02-13,Delivered,Debit Card,39360.74
3257,776,4,19,52,2026-06-10,2026-06-12,Delivered,Credit Card,9141.66
3258,662,3,14,23,2026-06-05,,Pending,Credit Card,39993.58
3259,44,3,14,49,2026-03-11,2026-03-17,Delivered,Net Banking,44183.8
3260,527,1,1,83,2026-05-28,2026-05-31,Delivered,Credit Card,43959.13
3261,210,1,4,29,2026-01-07,2026-01-14,Delivered,UPI,44983.82
3262,280,2,19,69,2026-06-24,,Pending,Credit Card,18663.78
3263,66,1,3,23,2025-09-12,,Pending,Credit Card,52799.08
3264,801,1,3,48,2025-11-28,2025-12-03,Delivered,Debit Card,30841.04
3265,552,4,5,56,2026-01-26,2026-01-31,Delivered,Cash on Delivery,15139.48
3266,306,1,1,14,2025-10-30,,Pending,Net Banking,16126.73
3267,335,3,9,72,2026-02-26,2026-03-02,Delivered,Debit Card,27821.82
3268,769,4,5,87,2025-12-04,2025-12-11,Delivered,Credit Card,22077.5
3269,584,4,17,64,2025-11-28,2025-12-03,Delivered,Credit Card,28145.32
3270,852,4,11,67,2026-05-12,2026-05-18,Delivered,Cash on Delivery,4908.15
3271,289,1,13,96,2026-05-20,2026-05-26,Delivered,Net Banking,8656.32
3272,446,1,5,28,2026-07-17,2026-07-19,Delivered,Net Banking,12562.48
3273,145,2,14,19,2026-06-27,2026-06-29,Delivered,UPI,30510.93
3274,313,3,3,6,2025-09-08,2025-09-13,Delivered,Net Banking,28240.12
3275,223,5,4,37,2025-09-18,2025-09-23,Delivered,UPI,3587.67
3276,93,4,16,79,2026-02-24,2026-03-03,Delivered,Net Banking,10638.58
3277,625,5,20,79,2026-05-22,2026-05-28,Delivered,UPI,18359.79
3278,668,5,6,66,2025-08-25,2025-08-26,Delivered,UPI,46913.27
3279,59,2,8,56,2026-07-13,2026-07-14,Delivered,UPI,40511.88
3280,64,2,1,45,2026-01-17,,Pending,Net Banking,10589.66
3281,345,1,7,70,2026-07-14,2026-07-21,Delivered,UPI,17599.06
3282,330,3,2,42,2026-02-03,,Pending,Credit Card,14367.07
3283,908,3,17,31,2025-12-01,2025-12-02,Delivered,Net Banking,21879.4
3284,706,5,6,54,2026-06-05,,Pending,Credit Card,32529.75
3285,676,4,19,99,2025-09-03,2025-09-04,Delivered,Cash on Delivery,8843.76
3286,547,4,14,21,2025-09-17,,Pending,Credit Card,6864.72
3287,879,2,8,23,2025-10-25,,Pending,Net Banking,3851.88
3288,625,2,13,87,2026-03-14,,Pending,Credit Card,8059.87
3289,835,1,16,53,2025-12-18,,Pending,Net Banking,20577.43
3290,345,4,4,81,2026-05-20,,Cancelled,Credit Card,45287.84
3291,408,3,15,14,2026-03-02,2026-03-07,Delivered,UPI,12914.34
3292,1,2,3,25,2026-02-05,2026-02-10,Delivered,Credit Card,15786.02
3293,922,5,8,92,2026-02-08,2026-02-09,Delivered,Net Banking,19704.87
3294,749,4,8,45,2025-09-03,,Pending,Net Banking,21987.56
3295,746,1,3,68,2025-12-06,2025-12-12,Delivered,Cash on Delivery,31281.78
3296,976,1,16,64,2025-12-14,2025-12-20,Delivered,Cash on Delivery,56015.58
3297,774,5,12,75,2025-11-04,2025-11-10,Delivered,Net Banking,55791.49
3298,103,5,9,32,2025-09-25,,Pending,Credit Card,6331.48
3299,479,1,20,57,2025-12-20,,Cancelled,Cash on Delivery,21354.73
3300,941,4,17,89,2026-06-23,2026-06-28,Delivered,Net Banking,34508.1
3301,874,3,18,83,2026-07-26,2026-08-01,Delivered,Debit Card,17001.0
3302,677,2,16,23,2026-04-01,2026-04-02,Delivered,Cash on Delivery,8065.67
3303,386,4,12,90,2025-08-13,,Cancelled,Net Banking,27997.31
3304,394,5,6,79,2026-05-19,,Pending,UPI,15362.2
3305,142,5,11,58,2026-04-13,2026-04-18,Delivered,Net Banking,36499.61
3306,580,3,6,44,2026-06-07,2026-06-12,Delivered,Cash on Delivery,1282.33
3307,644,2,1,98,2026-03-16,2026-03-19,Delivered,Net Banking,55542.04
3308,883,4,20,3,2026-01-22,2026-01-28,Delivered,Credit Card,25054.25
3309,784,1,20,53,2025-09-27,2025-09-30,Delivered,Cash on Delivery,73821.45
3310,588,1,20,51,2025-10-23,2025-10-28,Delivered,Net Banking,10064.72
3311,801,4,20,59,2026-05-08,2026-05-14,Delivered,Debit Card,6750.46
3312,573,3,12,88,2025-12-22,2025-12-27,Delivered,Cash on Delivery,22510.5
3313,283,5,3,66,2025-08-03,2025-08-08,Delivered,Debit Card,14216.28
3314,116,4,14,60,2025-09-24,2025-10-01,Delivered,Net Banking,28761.16
3315,967,5,11,27,2025-11-18,2025-11-23,Delivered,Net Banking,9342.25
3316,110,5,13,38,2026-05-28,,Pending,UPI,32111.3
3317,272,2,10,41,2025-11-17,2025-11-22,Delivered,Net Banking,39075.49
3318,826,1,13,2,2026-01-11,2026-01-13,Delivered,UPI,21243.42
3319,168,1,13,18,2026-05-17,,Cancelled,Cash on Delivery,22713.16
3320,410,1,10,71,2026-05-09,2026-05-10,Delivered,Net Banking,7205.08
3321,184,3,9,69,2026-06-19,,Pending,Net Banking,3077.91
3322,107,5,8,1,2025-12-17,2025-12-22,Delivered,Net Banking,21998.16
3323,195,5,2,43,2026-05-22,2026-05-28,Delivered,Net Banking,7304.94
3324,243,1,20,77,2025-11-12,2025-11-15,Delivered,Net Banking,10064.72
3325,356,3,14,31,2026-01-07,2026-01-11,Delivered,UPI,23189.57
3326,49,4,1,28,2026-05-23,2026-05-26,Delivered,Cash on Delivery,5032.36
3327,105,2,19,100,2026-01-22,2026-01-28,Delivered,UPI,39632.96
3328,934,3,12,50,2026-01-24,2026-01-29,Delivered,Net Banking,61065.0
3329,197,4,15,70,2025-09-19,2025-09-22,Delivered,Cash on Delivery,31279.77
3330,584,1,2,65,2025-08-10,,Pending,UPI,36970.9
3331,544,1,16,21,2025-12-13,2025-12-19,Delivered,UPI,17767.42
3332,116,1,7,55,2025-08-21,2025-08-27,Delivered,UPI,42216.95
3333,237,2,9,38,2026-01-14,2026-01-17,Delivered,Net Banking,7155.36
3334,610,3,2,51,2025-09-04,2025-09-10,Delivered,Cash on Delivery,41692.13
3335,573,4,13,48,2025-08-06,2025-08-07,Delivered,Credit Card,20184.57
3336,807,5,5,15,2026-01-21,2026-01-24,Delivered,Net Banking,11053.64
3337,447,2,16,18,2025-10-14,2025-10-18,Delivered,Credit Card,20608.31
3338,962,2,6,16,2025-08-19,2025-08-22,Delivered,Credit Card,29564.92
3339,955,3,10,57,2026-06-13,,Pending,Cash on Delivery,24631.12
3340,315,3,16,50,2026-02-06,2026-02-09,Delivered,Debit Card,18815.2
3341,612,1,8,77,2026-01-23,2026-01-25,Delivered,Credit Card,25123.67
3342,548,1,8,41,2025-09-12,2025-09-19,Delivered,Credit Card,17075.42
3343,295,2,11,94,2025-12-14,2025-12-15,Delivered,Net Banking,10046.84
3344,58,2,1,95,2025-12-23,2025-12-25,Delivered,UPI,5177.2
3345,953,2,3,92,2026-06-04,,Pending,Credit Card,17396.48
3346,649,3,15,64,2025-11-06,2025-11-13,Delivered,Net Banking,9969.88
3347,658,5,18,94,2026-05-16,2026-05-19,Delivered,Debit Card,27304.01
3348,730,5,11,71,2026-04-06,2026-04-08,Delivered,Debit Card,16679.31
3349,175,1,12,18,2026-01-29,2026-02-01,Delivered,Cash on Delivery,17082.24
3350,119,1,17,42,2026-02-18,2026-02-23,Delivered,Cash on Delivery,14474.72
3351,69,5,2,44,2026-04-02,,Pending,UPI,60083.16
3352,372,4,10,77,2026-05-15,2026-05-19,Delivered,Debit Card,10315.61
3353,276,2,16,30,2025-10-24,,Pending,Debit Card,60565.74
3354,791,3,5,39,2026-01-29,2026-02-03,Delivered,UPI,61371.97
3355,854,5,15,16,2026-04-11,2026-04-14,Delivered,Cash on Delivery,10006.71
3356,205,5,9,38,2026-05-03,,Pending,Credit Card,21682.58
3357,38,1,11,30,2025-08-19,2025-08-24,Delivered,Credit Card,15097.08
3358,200,1,4,68,2025-10-19,2025-10-20,Delivered,Credit Card,47115.82
3359,246,4,17,77,2025-09-02,,Cancelled,UPI,1234.01
3360,526,5,16,65,2026-02-01,2026-02-03,Delivered,UPI,27338.5
3361,362,1,6,62,2025-11-27,2025-11-29,Delivered,Debit Card,44031.85
3362,848,1,18,56,2025-11-23,2025-11-29,Delivered,Debit Card,48486.55
3363,186,3,4,57,2025-10-23,2025-10-27,Delivered,Credit Card,38512.8
3364,949,5,11,94,2026-02-17,2026-02-24,Delivered,UPI,18216.0
3365,104,3,17,73,2025-08-02,,Pending,Cash on Delivery,8943.9
3366,703,4,16,25,2026-05-24,2026-05-31,Delivered,Cash on Delivery,12370.28
3367,90,5,16,57,2025-10-07,2025-10-09,Delivered,Cash on Delivery,41047.12
3368,603,4,3,40,2026-07-07,2026-07-14,Delivered,Credit Card,7818.28
3369,602,4,20,74,2026-01-14,2026-01-18,Delivered,Debit Card,5641.36
3370,995,5,11,7,2025-11-19,2025-11-24,Delivered,UPI,34697.71
3371,707,5,2,15,2026-06-10,2026-06-15,Delivered,Debit Card,70687.92
3372,492,3,8,74,2025-08-24,2025-08-26,Delivered,Credit Card,21844.71
3373,98,5,3,70,2026-06-18,2026-06-24,Delivered,Debit Card,44867.27
3374,927,3,10,22,2025-11-21,2025-11-25,Delivered,Net Banking,14160.65
3375,796,5,17,39,2026-02-07,2026-02-14,Delivered,Cash on Delivery,26999.08
3376,597,4,12,57,2026-06-20,2026-06-23,Delivered,Debit Card,2207.41
3377,651,2,19,45,2025-11-29,,Pending,Net Banking,43117.32
3378,760,1,4,76,2026-04-27,2026-04-29,Delivered,Cash on Delivery,31466.68
3379,764,1,19,60,2026-01-21,2026-01-26,Delivered,Credit Card,17407.4
3380,307,4,17,70,2026-04-13,2026-04-18,Delivered,UPI,19275.56
3381,474,5,1,43,2025-10-05,,Pending,Debit Card,25089.64
3382,938,3,9,43,2025-12-22,,Pending,Credit Card,29881.21
3383,436,5,16,98,2025-08-15,,Pending,Cash on Delivery,47417.01
3384,536,1,4,11,2025-09-27,2025-09-29,Delivered,Credit Card,21784.4
3385,541,5,17,44,2026-03-02,,Pending,UPI,37266.52
3386,794,5,3,74,2025-10-02,2025-10-06,Delivered,UPI,22983.84
3387,282,1,11,74,2025-12-03,2025-12-10,Delivered,Net Banking,44446.77
3388,673,1,19,81,2025-11-04,,Pending,Cash on Delivery,20454.81
3389,480,5,19,7,2026-05-22,2026-05-24,Delivered,Cash on Delivery,21840.66
3390,947,3,14,75,2026-05-14,2026-05-21,Delivered,UPI,9489.42
3391,644,1,11,96,2025-12-27,2026-01-03,Delivered,Cash on Delivery,28010.54
3392,985,3,1,99,2026-04-19,,Pending,Credit Card,26427.64
3393,130,1,13,3,2026-02-17,2026-02-18,Delivered,Net Banking,14442.7
3394,247,5,19,11,2025-12-30,2026-01-06,Delivered,Credit Card,15637.08
3395,874,3,19,61,2025-09-22,2025-09-28,Delivered,Debit Card,43715.9
3396,125,1,8,93,2026-07-09,2026-07-14,Delivered,Net Banking,16168.86
3397,336,1,18,13,2026-01-18,,Pending,UPI,41633.86
3398,291,3,11,8,2025-10-07,,Pending,Credit Card,34607.87
3399,732,5,15,27,2026-02-27,2026-03-02,Delivered,Cash on Delivery,29224.19
3400,211,1,13,97,2026-02-12,2026-02-16,Delivered,Credit Card,19891.11
3401,707,5,12,66,2026-06-15,2026-06-19,Delivered,Credit Card,4566.15
3402,215,1,12,31,2025-11-20,,Pending,UPI,35779.24
3403,642,4,11,70,2025-08-13,2025-08-20,Delivered,UPI,41972.79
3404,376,3,10,58,2026-01-17,2026-01-18,Delivered,Cash on Delivery,3325.62
3405,841,2,13,31,2026-01-04,2026-01-09,Delivered,Debit Card,68222.86
3406,356,4,4,13,2026-01-09,2026-01-11,Delivered,Net Banking,14773.86
3407,44,4,5,66,2025-11-01,,Pending,Cash on Delivery,33795.03
3408,187,5,15,4,2025-09-17,,Pending,Net Banking,9152.14
3409,432,3,13,53,2025-07-30,2025-08-01,Delivered,Credit Card,55640.56
3410,534,3,3,49,2026-01-15,,Pending,UPI,30697.04
3411,837,5,14,10,2026-04-06,2026-04-07,Delivered,Cash on Delivery,28568.12
3412,982,3,11,82,2026-07-08,,Pending,Net Banking,1602.56
3413,894,1,10,53,2025-12-20,,Pending,Debit Card,11765.1
3414,987,5,4,5,2026-04-18,2026-04-23,Delivered,UPI,13329.25
3415,139,4,16,28,2025-10-15,2025-10-17,Delivered,Cash on Delivery,52216.17
3416,214,5,14,18,2025-09-20,,Pending,UPI,19425.01
3417,270,5,9,87,2026-01-28,2026-01-29,Delivered,Net Banking,35342.13
3418,236,1,19,41,2025-08-22,,Pending,Net Banking,59495.74
3419,422,3,19,6,2026-06-25,2026-06-29,Delivered,Net Banking,9531.55
3420,642,5,1,73,2026-06-16,2026-06-21,Delivered,Debit Card,15140.3
3421,962,3,20,66,2026-04-27,2026-04-30,Delivered,Debit Card,1035.46
3422,115,4,8,99,2025-10-15,2025-10-21,Delivered,Credit Card,30875.89
3423,867,1,16,16,2025-12-05,2025-12-07,Delivered,Cash on Delivery,36517.93
3424,826,1,18,72,2025-10-15,,Cancelled,Cash on Delivery,24140.38
3425,860,1,9,100,2026-05-05,2026-05-12,Delivered,Credit Card,27126.09
3426,313,1,7,76,2026-02-25,2026-03-02,Delivered,Net Banking,51432.97
3427,506,3,7,71,2026-07-19,2026-07-25,Delivered,Net Banking,832.23
3428,228,4,8,28,2025-12-29,2026-01-05,Delivered,Cash on Delivery,11290.67
3429,15,5,9,13,2026-01-27,2026-01-28,Delivered,UPI,41480.48
3430,638,4,4,45,2026-01-05,2026-01-12,Delivered,UPI,30341.92
3431,191,3,18,17,2026-04-21,2026-04-24,Delivered,Credit Card,54751.79
3432,994,2,2,34,2025-09-18,2025-09-25,Delivered,Credit Card,21929.59
3433,916,3,3,79,2025-12-13,2025-12-19,Delivered,Cash on Delivery,6892.36
3434,473,1,5,1,2026-03-18,2026-03-21,Delivered,UPI,38339.6
3435,58,3,16,89,2025-09-13,2025-09-19,Delivered,UPI,24605.95
3436,579,2,7,21,2025-10-19,2025-10-26,Delivered,Net Banking,27434.82
3437,659,5,3,8,2026-07-08,2026-07-14,Delivered,Debit Card,47407.4
3438,102,5,5,19,2026-02-17,,Pending,Cash on Delivery,35269.0
3439,29,2,19,94,2026-01-10,2026-01-14,Delivered,Cash on Delivery,38185.5
3440,262,3,19,53,2026-05-03,2026-05-05,Delivered,UPI,16259.14
3441,508,3,10,19,2026-02-07,2026-02-08,Delivered,Credit Card,55708.86
3442,177,5,14,13,2026-06-16,2026-06-23,Delivered,UPI,23793.52
3443,37,1,7,40,2026-01-27,2026-01-31,Delivered,Cash on Delivery,29576.4
3444,221,4,2,61,2026-03-19,2026-03-24,Delivered,Cash on Delivery,12915.03
3445,712,2,6,8,2025-08-16,,Pending,UPI,38015.32
3446,33,2,20,43,2025-12-31,,Pending,Cash on Delivery,13663.16
3447,915,3,14,93,2026-07-09,2026-07-14,Delivered,Credit Card,27406.75
3448,420,4,18,75,2026-04-13,2026-04-16,Delivered,Cash on Delivery,46755.81
3449,620,2,11,4,2026-04-22,2026-04-26,Delivered,Credit Card,5999.41
3450,342,2,19,2,2025-08-07,2025-08-11,Delivered,Net Banking,29011.14
3451,473,1,3,25,2026-06-01,,Pending,Cash on Delivery,14203.69
3452,176,4,6,12,2025-11-06,2025-11-11,Delivered,Net Banking,15479.1
3453,43,4,17,61,2026-02-12,,Pending,Cash on Delivery,40793.71
3454,146,3,6,16,2026-07-18,2026-07-25,Delivered,Debit Card,20061.55
3455,892,4,9,96,2026-07-25,2026-07-26,Delivered,UPI,24602.57
3456,584,1,6,71,2026-02-15,,Pending,Cash on Delivery,4963.2
3457,855,4,1,59,2025-12-26,2025-12-28,Delivered,UPI,54844.49
3458,149,2,8,98,2026-03-13,2026-03-20,Delivered,Credit Card,10398.02
3459,370,2,5,12,2026-04-16,2026-04-17,Delivered,Debit Card,7996.92
3460,186,2,7,76,2025-10-25,2025-10-26,Delivered,UPI,17926.29
3461,598,4,9,40,2025-10-03,2025-10-07,Delivered,Credit Card,35720.81
3462,385,4,20,3,2025-08-18,2025-08-20,Delivered,Debit Card,37178.14
3463,324,4,4,29,2026-04-22,,Pending,Cash on Delivery,33018.4
3464,81,5,15,78,2025-12-03,,Pending,UPI,36845.51
3465,994,3,5,35,2026-05-25,,Pending,Net Banking,41291.92
3466,554,1,12,15,2025-12-17,2025-12-19,Delivered,UPI,22736.97
3467,589,5,4,41,2026-05-24,,Cancelled,Net Banking,42543.79
3468,945,5,3,22,2025-10-26,,Pending,Cash on Delivery,1786.05
3469,776,4,10,94,2025-11-04,2025-11-09,Delivered,Debit Card,10843.02
3470,491,5,18,55,2025-07-29,,Pending,Cash on Delivery,18128.6
3471,130,1,7,60,2025-12-08,2025-12-09,Delivered,Net Banking,27365.35
3472,539,5,9,40,2026-05-29,2026-05-30,Delivered,Credit Card,9890.52
3473,449,1,18,12,2025-08-05,,Cancelled,Net Banking,61541.41
3474,34,2,16,38,2026-04-19,2026-04-24,Delivered,UPI,63365.23
3475,448,5,10,6,2026-02-15,2026-02-20,Delivered,Credit Card,52034.4
3476,403,2,20,94,2026-06-15,2026-06-22,Delivered,Debit Card,39094.98
3477,236,3,9,70,2026-03-18,2026-03-22,Delivered,Cash on Delivery,3925.75
3478,968,5,2,65,2026-05-22,2026-05-24,Delivered,Net Banking,41678.37
3479,421,1,11,36,2025-09-21,2025-09-23,Delivered,Credit Card,6637.9
3480,68,2,6,26,2026-01-27,2026-01-31,Delivered,UPI,58992.75
3481,368,2,11,1,2025-10-12,,Pending,UPI,23168.85
3482,63,2,1,3,2026-03-08,2026-03-12,Delivered,Debit Card,19882.81
3483,762,5,13,59,2026-01-05,2026-01-06,Delivered,UPI,9011.54
3484,4,5,17,67,2026-05-11,2026-05-18,Delivered,UPI,72408.58
3485,125,1,9,16,2025-08-28,2025-08-29,Delivered,Net Banking,35810.31
3486,978,2,3,50,2026-07-13,2026-07-19,Delivered,Credit Card,15884.49
3487,143,5,16,26,2025-12-01,,Pending,Net Banking,1257.14
3488,968,5,19,94,2026-03-15,2026-03-21,Delivered,UPI,36824.79
3489,398,3,1,70,2026-06-23,,Pending,Debit Card,22302.01
3490,557,4,3,71,2026-01-17,2026-01-20,Delivered,Credit Card,25025.63
3491,42,5,2,3,2026-01-09,,Pending,Net Banking,20047.12
3492,284,2,8,32,2025-11-03,2025-11-04,Delivered,Cash on Delivery,22049.75
3493,85,3,4,67,2026-05-24,,Pending,UPI,17091.85
3494,679,3,20,72,2025-07-30,2025-08-05,Delivered,Debit Card,30603.16
3495,514,3,5,98,2025-11-26,2025-12-03,Delivered,Credit Card,32375.96
3496,997,1,1,25,2025-10-09,2025-10-16,Delivered,UPI,41820.35
3497,372,3,7,42,2026-04-17,,Pending,Cash on Delivery,42474.53
3498,421,5,1,58,2026-04-07,2026-04-12,Delivered,Net Banking,18172.1
3499,257,3,10,75,2026-05-09,,Pending,Cash on Delivery,53996.83
3500,443,1,15,19,2025-11-28,2025-11-29,Delivered,Net Banking,27938.98
3501,142,2,9,83,2026-01-02,2026-01-09,Delivered,Net Banking,6900.92
3502,933,2,3,89,2026-01-17,2026-01-19,Delivered,Net Banking,17207.66
3503,458,2,20,99,2025-08-18,2025-08-19,Delivered,Cash on Delivery,42228.65
3504,145,4,2,68,2026-05-09,2026-05-10,Delivered,Debit Card,38030.36
3505,706,3,11,18,2026-01-26,2026-02-02,Delivered,Credit Card,8692.56
3506,422,2,10,21,2026-02-06,,Cancelled,Debit Card,18730.28
3507,466,5,1,2,2026-03-15,2026-03-17,Delivered,UPI,14303.5
3508,791,1,18,18,2026-07-04,2026-07-07,Delivered,Net Banking,3044.1
3509,119,3,14,9,2026-01-22,2026-01-29,Delivered,Debit Card,34515.12
3510,579,1,1,37,2026-02-06,2026-02-10,Delivered,UPI,12685.08
3511,63,3,15,78,2026-04-29,2026-04-30,Delivered,Cash on Delivery,24365.45
3512,419,2,1,7,2025-12-05,2025-12-10,Delivered,Net Banking,20195.92
3513,147,2,15,12,2025-12-07,2025-12-13,Delivered,Credit Card,5691.79
3514,926,4,5,73,2025-11-02,2025-11-08,Delivered,UPI,48134.93
3515,360,5,3,17,2025-09-26,2025-09-29,Delivered,Debit Card,37989.6
3516,12,3,16,95,2026-01-12,2026-01-19,Delivered,Credit Card,8547.1
3517,979,3,9,40,2026-06-22,2026-06-23,Delivered,Credit Card,34659.75
3518,916,3,5,57,2025-08-25,2025-08-27,Delivered,Cash on Delivery,23209.09
3519,846,2,1,14,2026-03-11,2026-03-14,Delivered,UPI,35871.11
3520,375,2,16,93,2026-04-26,2026-05-02,Delivered,Debit Card,32150.59
3521,504,4,5,34,2026-06-27,2026-07-02,Delivered,UPI,23605.18
3522,503,1,14,69,2025-08-06,2025-08-09,Delivered,Credit Card,39300.78
3523,846,4,15,86,2025-10-28,,Cancelled,Cash on Delivery,31704.89
3524,4,4,17,51,2026-06-14,,Pending,Debit Card,29232.32
3525,955,3,13,20,2026-05-26,,Pending,UPI,4748.61
3526,980,4,20,57,2026-02-16,,Pending,Net Banking,5262.37
3527,453,3,17,35,2025-11-04,,Pending,Cash on Delivery,15725.94
3528,479,2,3,85,2025-09-22,2025-09-23,Delivered,Debit Card,32507.25
3529,16,1,2,53,2026-06-20,,Cancelled,Net Banking,1877.84
3530,311,2,17,73,2025-10-05,2025-10-08,Delivered,Credit Card,34731.1
3531,241,3,11,35,2026-01-28,,Pending,UPI,53726.68
3532,315,5,14,95,2025-10-16,,Pending,Credit Card,50190.75
3533,971,4,4,20,2026-06-26,2026-07-03,Delivered,Debit Card,5474.0
3534,620,2,12,21,2025-12-30,2026-01-04,Delivered,UPI,49472.88
3535,994,3,13,85,2026-05-14,2026-05-21,Delivered,UPI,2663.81
3536,785,4,4,13,2026-06-17,2026-06-22,Delivered,Credit Card,9117.3
3537,560,2,18,11,2025-09-15,2025-09-19,Delivered,UPI,14957.66
3538,878,5,14,30,2026-01-19,2026-01-22,Delivered,Debit Card,44239.38
3539,513,5,17,23,2026-05-05,2026-05-10,Delivered,Debit Card,5527.48
3540,601,4,14,69,2025-10-15,2025-10-19,Delivered,Debit Card,16224.56
3541,887,1,1,45,2025-10-05,,Pending,UPI,25666.38
3542,187,3,3,21,2025-08-19,,Pending,Debit Card,29005.75
3543,201,2,9,11,2026-04-27,,Pending,Credit Card,26249.32
3544,884,3,1,16,2025-10-03,2025-10-04,Delivered,Net Banking,18893.42
3545,762,4,17,55,2025-10-03,2025-10-05,Delivered,Credit Card,11027.35
3546,103,2,17,50,2026-04-02,2026-04-03,Delivered,Credit Card,38657.7
3547,64,5,7,14,2025-09-22,2025-09-27,Delivered,Net Banking,25351.12
3548,619,1,2,11,2026-01-30,2026-02-02,Delivered,UPI,32037.12
3549,215,2,10,61,2025-09-05,,Pending,UPI,11413.76
3550,769,4,16,96,2025-09-06,2025-09-13,Delivered,Net Banking,19013.75
3551,425,4,2,100,2026-05-18,2026-05-24,Delivered,Credit Card,62775.48
3552,779,1,12,88,2025-08-25,2025-09-01,Delivered,Net Banking,31729.62
3553,265,4,4,75,2026-06-16,2026-06-23,Delivered,Net Banking,21901.89
3554,337,2,12,2,2026-01-23,2026-01-24,Delivered,Cash on Delivery,47477.96
3555,349,1,8,44,2026-06-14,2026-06-20,Delivered,UPI,35662.92
3556,484,4,6,72,2025-12-18,2025-12-25,Delivered,Net Banking,23394.42
3557,763,5,1,61,2026-04-05,2026-04-09,Delivered,UPI,26355.43
3558,733,1,8,60,2026-07-06,2026-07-10,Delivered,Cash on Delivery,3680.98
3559,29,5,18,89,2026-02-02,2026-02-09,Delivered,Cash on Delivery,72317.08
3560,1000,5,5,17,2026-01-08,,Pending,Net Banking,35634.49
3561,649,1,13,33,2026-03-19,2026-03-26,Delivered,Net Banking,75917.45
3562,203,1,16,44,2025-09-11,,Pending,Cash on Delivery,1954.57
3563,900,1,14,72,2026-02-03,,Pending,Credit Card,33302.93
3564,818,5,10,71,2025-09-06,2025-09-12,Delivered,Debit Card,28783.04
3565,804,5,12,60,2026-01-07,,Pending,UPI,26327.2
3566,16,3,6,84,2025-09-28,2025-10-05,Delivered,Credit Card,16609.23
3567,818,2,5,28,2025-08-18,,Pending,Credit Card,32357.26
3568,994,4,4,51,2026-05-25,2026-06-01,Delivered,Net Banking,4005.84
3569,685,3,13,71,2025-11-18,2025-11-22,Delivered,Cash on Delivery,57395.32
3570,683,3,16,3,2025-09-26,2025-09-30,Delivered,UPI,33827.11
3571,448,3,20,89,2026-03-23,2026-03-28,Delivered,Credit Card,19216.98
3572,92,4,11,8,2026-07-04,2026-07-11,Delivered,Debit Card,31016.78
3573,844,1,5,50,2026-02-22,2026-02-26,Delivered,Credit Card,41027.16
3574,203,5,12,6,2025-12-18,,Cancelled,Debit Card,44576.98
3575,915,1,6,37,2025-09-09,,Pending,Net Banking,35068.88
3576,552,3,8,74,2025-11-16,2025-11-21,Delivered,Net Banking,27368.49
3577,68,4,8,4,2025-11-08,2025-11-09,Delivered,Net Banking,4141.84
3578,829,1,3,2,2026-06-17,2026-06-19,Delivered,Credit Card,31373.75
3579,104,3,12,10,2026-02-26,2026-03-04,Delivered,Net Banking,34588.97
3580,398,2,10,52,2025-12-30,2026-01-01,Delivered,Net Banking,20507.58
3581,884,1,11,30,2026-03-08,2026-03-09,Delivered,UPI,49907.52
3582,334,3,1,16,2026-02-26,,Pending,Cash on Delivery,55950.64
3583,431,4,9,99,2025-10-25,,Cancelled,Net Banking,38271.66
3584,840,1,19,55,2025-08-08,,Pending,Debit Card,19848.28
3585,484,1,8,71,2025-12-19,2025-12-25,Delivered,Credit Card,14844.92
3586,560,3,3,58,2025-10-03,,Pending,UPI,15350.25
3587,138,4,8,76,2025-09-05,2025-09-10,Delivered,Net Banking,5383.02
3588,101,1,11,47,2026-06-16,2026-06-20,Delivered,Net Banking,35367.6
3589,473,2,6,30,2026-01-07,2026-01-08,Delivered,Debit Card,39765.78
3590,806,3,10,56,2026-03-08,,Pending,Debit Card,2623.38
3591,433,1,15,60,2025-07-30,2025-08-02,Delivered,Cash on Delivery,639.04
3592,105,5,1,59,2025-10-15,2025-10-22,Delivered,Cash on Delivery,58694.74
3593,126,4,12,50,2026-03-11,,Pending,Net Banking,61303.94
3594,657,2,8,62,2026-06-24,2026-06-25,Delivered,UPI,48809.54
3595,499,5,11,40,2026-06-05,,Cancelled,UPI,36927.32
3596,795,3,6,57,2025-10-04,2025-10-05,Delivered,Net Banking,28591.05
3597,867,4,11,91,2025-10-07,2025-10-09,Delivered,UPI,832.23
3598,166,4,19,23,2025-08-07,2025-08-14,Delivered,Net Banking,6021.82
3599,413,3,5,58,2026-07-10,2026-07-15,Delivered,UPI,51590.87
3600,460,4,14,55,2025-10-04,2025-10-05,Delivered,Cash on Delivery,63772.1
3601,700,2,7,19,2026-05-13,2026-05-14,Delivered,Debit Card,40961.32
3602,214,2,18,52,2026-01-03,2026-01-09,Delivered,Debit Card,47516.64
3603,619,4,5,28,2026-03-04,,Pending,Net Banking,15703.0
3604,856,1,16,78,2026-05-31,2026-06-06,Delivered,Debit Card,27083.42
3605,530,2,17,51,2026-02-25,2026-02-27,Delivered,UPI,7424.69
3606,711,3,11,100,2025-08-01,2025-08-03,Delivered,UPI,57307.5
3607,356,5,1,88,2025-09-02,2025-09-09,Delivered,Credit Card,19384.4
3608,486,3,7,74,2026-07-07,2026-07-08,Delivered,Net Banking,13366.51
3609,875,1,15,55,2025-11-07,,Cancelled,Debit Card,4842.28
3610,197,4,11,53,2025-10-06,2025-10-12,Delivered,Net Banking,34175.47
3611,610,3,15,64,2026-04-16,2026-04-19,Delivered,Credit Card,11949.76
3612,447,2,3,76,2025-12-28,2025-12-29,Delivered,Net Banking,14443.07
3613,266,4,5,24,2025-11-08,2025-11-15,Delivered,Credit Card,8344.48
3614,467,2,7,24,2026-02-04,2026-02-06,Delivered,Credit Card,31816.53
3615,494,4,4,14,2026-06-13,,Pending,Debit Card,32420.96
3616,667,1,16,55,2025-08-26,2025-08-30,Delivered,Cash on Delivery,31986.85
3617,169,5,2,100,2025-08-19,2025-08-24,Delivered,Debit Card,16477.7
3618,117,4,10,35,2026-01-07,,Pending,Net Banking,2763.7
3619,567,4,8,5,2026-02-24,2026-02-25,Delivered,Net Banking,27975.97
3620,9,2,7,75,2025-08-05,,Pending,Credit Card,13597.83
3621,31,5,6,96,2026-06-29,2026-07-04,Delivered,UPI,7062.88
3622,98,4,9,24,2025-08-23,2025-08-26,Delivered,UPI,5246.76
3623,63,4,14,70,2026-01-17,2026-01-18,Delivered,Cash on Delivery,4933.59
3624,905,1,1,28,2026-01-23,,Pending,Cash on Delivery,19424.78
3625,947,1,7,58,2026-07-05,,Pending,Debit Card,36861.35
3626,702,2,1,5,2026-07-06,2026-07-08,Delivered,Credit Card,896.88
3627,424,4,15,24,2026-05-17,2026-05-20,Delivered,Net Banking,21779.72
3628,230,4,4,57,2025-08-03,2025-08-06,Delivered,Cash on Delivery,64869.76
3629,248,1,18,1,2026-07-19,2026-07-24,Delivered,Cash on Delivery,62698.6
3630,775,5,11,34,2025-10-18,2025-10-21,Delivered,Net Banking,42344.27
3631,838,2,18,42,2026-06-05,2026-06-10,Delivered,Net Banking,11809.46
3632,231,4,5,60,2025-08-27,2025-09-03,Delivered,Credit Card,66578.89
3633,554,1,3,21,2025-12-29,,Pending,Cash on Delivery,52569.68
3634,228,5,12,84,2026-07-20,2026-07-27,Delivered,Cash on Delivery,20192.88
3635,61,4,5,56,2025-10-10,2025-10-14,Delivered,Debit Card,26394.42
3636,844,5,6,59,2026-01-16,,Pending,Debit Card,44576.22
3637,365,5,7,76,2026-07-06,2026-07-11,Delivered,Debit Card,43539.71
3638,24,5,15,93,2026-05-25,2026-06-01,Delivered,Cash on Delivery,57579.09
3639,309,4,1,54,2025-08-11,2025-08-14,Delivered,UPI,32573.44
3640,174,1,2,70,2026-07-06,2026-07-12,Delivered,Net Banking,8109.75
3641,983,1,6,77,2025-12-06,2025-12-08,Delivered,Debit Card,49407.14
3642,796,3,10,31,2026-04-19,2026-04-22,Delivered,Net Banking,22616.97
3643,587,3,2,75,2025-07-31,2025-08-02,Delivered,Credit Card,31809.91
3644,254,2,7,23,2025-08-08,2025-08-10,Delivered,Debit Card,4766.29
3645,69,3,2,20,2025-11-17,,Pending,Debit Card,12457.06
3646,874,2,2,15,2026-03-10,2026-03-16,Delivered,Debit Card,28094.13
3647,291,2,11,92,2025-10-12,2025-10-13,Delivered,Cash on Delivery,17318.36
3648,595,3,17,71,2025-10-16,,Pending,Credit Card,27675.18
3649,639,2,7,97,2025-10-06,,Pending,Credit Card,62642.11
3650,302,5,8,51,2026-01-03,,Pending,Cash on Delivery,19740.0
3651,136,5,1,69,2026-06-16,2026-06-21,Delivered,Credit Card,8312.26
3652,126,1,5,35,2026-01-21,,Pending,Credit Card,46851.28
3653,901,5,19,8,2025-10-06,2025-10-09,Delivered,Cash on Delivery,3885.28
3654,321,1,20,77,2025-11-02,2025-11-03,Delivered,Credit Card,33127.61
3655,249,4,16,52,2026-07-18,2026-07-22,Delivered,Debit Card,10329.82
3656,603,4,12,36,2025-11-12,2025-11-13,Delivered,Credit Card,46690.08
3657,610,4,9,83,2025-12-20,2025-12-22,Delivered,Debit Card,39902.92
3658,638,4,4,76,2026-03-08,2026-03-12,Delivered,UPI,23434.58
3659,720,4,8,13,2025-10-21,2025-10-23,Delivered,Credit Card,1899.39
3660,967,5,14,36,2026-06-23,2026-06-25,Delivered,Cash on Delivery,9564.06
3661,258,2,13,14,2025-09-08,,Pending,UPI,4414.82
3662,912,2,20,55,2026-06-27,2026-07-04,Delivered,UPI,23580.1
3663,5,5,19,76,2026-06-05,2026-06-11,Delivered,Debit Card,28871.22
3664,323,1,5,35,2026-01-14,2026-01-16,Delivered,UPI,19228.23
3665,363,1,8,43,2025-09-27,2025-09-30,Delivered,Debit Card,26507.61
3666,215,3,5,13,2026-03-02,2026-03-03,Delivered,Credit Card,48748.23
3667,683,4,2,67,2025-11-12,,Pending,Net Banking,31014.88
3668,473,3,5,34,2026-05-26,2026-05-28,Delivered,Debit Card,43035.67
3669,881,5,5,20,2026-01-15,,Cancelled,Net Banking,53574.08
3670,242,3,9,81,2026-01-11,,Pending,Net Banking,44322.04
3671,811,3,4,76,2025-10-28,2025-10-29,Delivered,Net Banking,16945.12
3672,495,4,16,6,2026-07-17,2026-07-23,Delivered,Net Banking,9213.11
3673,204,5,7,31,2026-02-27,,Pending,Net Banking,9875.22
3674,572,5,14,46,2025-07-29,2025-08-05,Delivered,UPI,18343.41
3675,170,3,11,60,2026-02-21,2026-02-27,Delivered,Cash on Delivery,30696.69
3676,282,3,2,67,2025-10-21,2025-10-26,Delivered,Net Banking,20237.44
3677,544,3,7,95,2026-03-02,2026-03-09,Delivered,Cash on Delivery,22384.04
3678,728,1,16,18,2025-08-08,2025-08-10,Delivered,Net Banking,12406.92
3679,273,2,13,62,2026-05-10,2026-05-15,Delivered,Debit Card,5821.78
3680,313,3,7,100,2025-12-28,2025-12-31,Delivered,UPI,51069.67
3681,805,2,19,51,2026-05-16,2026-05-18,Delivered,Credit Card,27196.14
3682,891,5,12,2,2026-07-23,,Pending,Credit Card,28760.97
3683,362,3,13,22,2025-11-30,,Pending,Cash on Delivery,18429.25
3684,177,3,18,53,2025-11-05,2025-11-12,Delivered,Credit Card,35363.48
3685,662,2,1,12,2025-08-19,,Pending,Credit Card,23178.68
3686,252,2,9,12,2025-09-25,2025-09-30,Delivered,Net Banking,3593.06
3687,12,4,1,78,2026-07-04,2026-07-08,Delivered,Credit Card,7008.37
3688,852,1,15,6,2025-12-09,2025-12-13,Delivered,Debit Card,50806.3
3689,941,3,11,7,2026-03-23,,Cancelled,Cash on Delivery,8859.04
3690,199,1,6,9,2026-05-05,2026-05-08,Delivered,UPI,12792.36
3691,735,1,8,79,2026-03-21,2026-03-27,Delivered,Net Banking,45961.98
3692,225,5,8,48,2026-06-09,,Pending,Net Banking,4056.14
3693,182,1,5,21,2026-02-25,2026-03-01,Delivered,UPI,3689.7
3694,973,1,19,29,2025-11-30,2025-12-01,Delivered,Cash on Delivery,42959.59
3695,989,1,1,68,2025-09-07,2025-09-11,Delivered,Debit Card,6649.73
3696,410,4,9,52,2026-04-24,2026-04-30,Delivered,UPI,11413.76
3697,486,5,14,17,2026-03-18,2026-03-20,Delivered,Debit Card,53855.93
3698,11,2,1,74,2025-10-20,2025-10-24,Delivered,Credit Card,58743.92
3699,278,2,14,12,2026-05-09,2026-05-13,Delivered,Credit Card,25750.43
3700,690,2,4,27,2026-03-18,,Cancelled,Cash on Delivery,36820.46
3701,118,5,1,83,2025-10-22,,Pending,Debit Card,27886.6
3702,290,1,3,56,2025-09-14,2025-09-16,Delivered,Cash on Delivery,63215.08
3703,358,2,9,37,2026-01-22,2026-01-28,Delivered,Cash on Delivery,48150.08
3704,183,5,15,61,2026-04-25,2026-04-29,Delivered,Debit Card,72194.62
3705,489,2,14,97,2025-09-26,2025-10-03,Delivered,Debit Card,5859.96
3706,619,3,10,24,2026-05-17,2026-05-18,Delivered,Cash on Delivery,43666.04
3707,829,1,3,61,2026-02-03,2026-02-06,Delivered,Net Banking,44928.81
3708,564,4,15,3,2025-10-04,,Cancelled,Net Banking,13258.53
3709,631,2,19,25,2026-02-22,2026-02-28,Delivered,UPI,36346.29
3710,904,3,6,37,2026-06-26,2026-06-30,Delivered,Debit Card,34762.94
3711,791,2,9,10,2025-08-29,,Pending,Credit Card,48992.74
3712,276,2,12,55,2025-09-27,,Pending,Net Banking,40916.87
3713,844,1,13,74,2026-07-09,2026-07-14,Delivered,Credit Card,14159.46
3714,368,2,10,99,2026-03-06,2026-03-12,Delivered,Cash on Delivery,23401.71
3715,863,3,5,54,2025-09-10,2025-09-11,Delivered,Cash on Delivery,1950.17
3716,178,3,7,67,2026-06-11,2026-06-17,Delivered,UPI,36798.26
3717,669,5,1,1,2025-12-24,2025-12-26,Delivered,Debit Card,34576.63
3718,641,2,11,62,2025-10-21,2025-10-24,Delivered,UPI,5526.04
3719,401,5,9,31,2025-12-09,2025-12-14,Delivered,UPI,28602.81
3720,856,4,2,75,2026-04-06,,Pending,Net Banking,28717.09
3721,80,4,9,87,2025-08-14,2025-08-17,Delivered,Cash on Delivery,48710.1
3722,755,5,4,38,2025-11-19,2025-11-24,Delivered,Debit Card,26467.19
3723,283,4,7,59,2026-05-22,2026-05-28,Delivered,UPI,14749.43
3724,556,3,15,84,2026-03-02,,Cancelled,Cash on Delivery,79537.02
3725,263,2,14,60,2026-06-09,2026-06-13,Delivered,Cash on Delivery,12672.51
3726,567,1,3,48,2026-01-09,2026-01-15,Delivered,Net Banking,41948.44
3727,382,1,17,96,2025-08-19,2025-08-20,Delivered,Credit Card,26559.17
3728,464,1,16,90,2025-09-13,2025-09-20,Delivered,UPI,19177.2
3729,796,4,17,40,2026-06-14,2026-06-20,Delivered,Net Banking,36641.19
3730,395,3,1,38,2026-01-10,,Cancelled,Cash on Delivery,23465.99
3731,771,2,14,5,2026-05-02,2026-05-03,Delivered,Credit Card,13561.14
3732,455,2,9,55,2026-01-06,2026-01-08,Delivered,UPI,16682.26
3733,406,1,16,83,2026-01-18,2026-01-20,Delivered,Cash on Delivery,19949.38
3734,483,2,4,71,2025-12-27,,Pending,Credit Card,25240.43
3735,431,3,14,61,2026-04-03,,Pending,UPI,56530.95
3736,630,5,1,99,2025-12-02,2025-12-07,Delivered,Cash on Delivery,32692.46
3737,337,5,7,65,2026-06-12,,Pending,UPI,7818.28
3738,397,2,16,97,2025-10-01,2025-10-05,Delivered,Debit Card,19128.12
3739,697,5,6,90,2026-01-19,2026-01-24,Delivered,Cash on Delivery,3495.94
3740,410,3,1,95,2026-06-27,,Pending,UPI,10477.12
3741,865,1,10,74,2025-09-29,2025-10-06,Delivered,Cash on Delivery,19213.16
3742,61,4,9,83,2026-02-26,,Pending,UPI,48612.76
3743,559,4,13,88,2026-04-03,2026-04-04,Delivered,Cash on Delivery,49475.87
3744,211,4,6,8,2025-11-21,,Pending,Credit Card,18833.55
3745,592,5,1,61,2025-12-12,2025-12-19,Delivered,Net Banking,36617.61
3746,182,5,17,79,2025-10-14,2025-10-19,Delivered,Credit Card,28229.8
3747,503,3,4,72,2026-03-12,2026-03-18,Delivered,Credit Card,34125.18
3748,792,1,8,60,2026-02-02,2026-02-08,Delivered,Net Banking,5474.0
3749,434,5,10,79,2025-11-06,2025-11-10,Delivered,Debit Card,17257.2
3750,162,5,1,27,2026-03-26,2026-03-31,Delivered,Credit Card,51560.86
3751,996,3,3,87,2026-05-13,,Pending,Debit Card,24975.75
3752,704,3,20,89,2026-03-27,2026-03-30,Delivered,Net Banking,29706.0
3753,626,5,14,58,2026-03-11,2026-03-15,Delivered,Credit Card,58673.18
3754,66,4,20,44,2025-12-19,,Pending,Credit Card,30795.04
3755,3,5,12,34,2025-08-05,,Cancelled,Credit Card,14502.96
3756,982,3,9,30,2026-01-18,2026-01-23,Delivered,Credit Card,9253.59
3757,832,1,2,90,2026-05-03,2026-05-10,Delivered,Cash on Delivery,53688.27
3758,743,1,18,15,2025-07-27,2025-08-01,Delivered,Cash on Delivery,31373.9
3759,650,1,13,83,2026-02-08,2026-02-10,Delivered,Debit Card,2389.03
3760,905,1,17,75,2026-06-25,,Pending,UPI,34008.75
3761,389,2,9,99,2026-02-24,2026-03-02,Delivered,Net Banking,5447.56
3762,96,1,11,1,2026-01-11,2026-01-15,Delivered,UPI,38182.42
3763,488,4,2,77,2025-11-21,,Cancelled,Debit Card,37305.22
3764,44,5,15,7,2026-06-08,2026-06-13,Delivered,UPI,37014.12
3765,531,5,3,59,2025-07-28,2025-07-30,Delivered,Credit Card,29102.07
3766,616,3,14,71,2026-01-05,2026-01-12,Delivered,Debit Card,39914.12
3767,863,1,17,42,2026-05-13,,Pending,UPI,27764.95
3768,469,3,5,67,2026-02-04,2026-02-09,Delivered,Net Banking,20428.7
3769,189,4,15,81,2025-12-15,2025-12-16,Delivered,Net Banking,71275.41
3770,3,5,14,76,2026-05-15,2026-05-21,Delivered,Cash on Delivery,38884.46
3771,880,4,4,22,2026-01-03,,Pending,Cash on Delivery,17636.62
3772,136,1,1,72,2026-06-20,2026-06-22,Delivered,Credit Card,65737.07
3773,640,2,4,59,2026-06-30,2026-07-07,Delivered,Cash on Delivery,8410.22
3774,200,5,9,36,2025-08-04,2025-08-07,Delivered,Cash on Delivery,46656.74
3775,646,4,6,83,2025-09-30,2025-10-05,Delivered,UPI,51343.57
3776,84,2,6,2,2025-08-13,2025-08-16,Delivered,Debit Card,29377.66
3777,167,5,12,28,2026-02-23,2026-02-24,Delivered,UPI,31013.6
3778,962,1,5,29,2025-07-30,2025-08-01,Delivered,Credit Card,16245.09
3779,565,1,9,73,2026-04-11,2026-04-18,Delivered,Credit Card,60565.56
3780,625,1,13,84,2026-04-30,,Pending,Credit Card,26903.84
3781,941,3,10,32,2026-07-20,2026-07-22,Delivered,UPI,37921.42
3782,361,3,12,29,2025-09-05,2025-09-09,Delivered,Net Banking,55085.08
3783,772,3,3,90,2026-03-03,2026-03-07,Delivered,Debit Card,58644.55
3784,696,3,1,32,2026-06-19,,Pending,Net Banking,14131.41
3785,560,5,5,16,2026-06-19,2026-06-25,Delivered,Cash on Delivery,40625.65
3786,511,4,8,67,2025-10-01,2025-10-07,Delivered,Cash on Delivery,14931.03
3787,156,4,7,17,2026-03-15,2026-03-16,Delivered,Cash on Delivery,11002.12
3788,827,5,15,78,2025-08-14,,Pending,Cash on Delivery,34641.74
3789,291,3,19,10,2025-09-29,2025-10-04,Delivered,Net Banking,16644.54
3790,837,2,16,86,2025-10-07,,Pending,UPI,10907.37
3791,975,2,9,24,2026-05-22,2026-05-26,Delivered,Credit Card,19756.27
3792,985,4,14,73,2025-08-26,2025-08-27,Delivered,Cash on Delivery,56834.88
3793,408,5,3,59,2026-07-13,,Pending,Net Banking,54138.63
3794,418,4,6,25,2025-12-18,,Pending,Net Banking,25235.16
3795,605,5,20,85,2026-05-24,,Pending,Net Banking,27341.05
3796,811,5,18,32,2026-06-12,2026-06-19,Delivered,Cash on Delivery,54087.76
3797,886,4,13,72,2025-11-20,2025-11-26,Delivered,Cash on Delivery,39430.7
3798,626,4,6,48,2026-07-04,,Pending,UPI,26161.28
3799,309,1,4,32,2026-06-08,2026-06-10,Delivered,Net Banking,36791.21
3800,971,1,9,78,2025-10-27,,Pending,Debit Card,45337.25
3801,205,5,20,68,2026-03-24,2026-03-31,Delivered,UPI,5789.27
3802,159,1,5,52,2025-08-08,2025-08-09,Delivered,Debit Card,65222.09
3803,305,4,2,84,2025-11-12,,Cancelled,Cash on Delivery,20523.1
3804,151,3,20,93,2025-11-04,2025-11-05,Delivered,Credit Card,31645.23
3805,874,1,2,37,2026-02-22,2026-02-27,Delivered,Credit Card,29522.64
3806,308,5,4,3,2026-03-06,2026-03-13,Delivered,Cash on Delivery,3789.02
3807,330,4,5,82,2026-07-16,,Pending,Credit Card,39648.46
3808,34,3,19,79,2025-08-09,2025-08-15,Delivered,Cash on Delivery,53014.28
3809,305,2,6,96,2026-03-11,,Pending,Debit Card,7737.52
3810,931,2,1,43,2025-10-22,2025-10-28,Delivered,UPI,26622.34
3811,532,1,6,30,2025-10-02,2025-10-04,Delivered,Net Banking,10299.72
3812,955,1,16,55,2026-07-11,2026-07-18,Delivered,Net Banking,11784.59
3813,966,4,9,72,2025-09-25,,Pending,Credit Card,11656.8
3814,938,1,19,100,2025-12-09,2025-12-16,Delivered,Debit Card,6752.6
3815,412,1,18,17,2025-10-09,,Pending,Cash on Delivery,44578.78
3816,675,4,12,32,2025-10-31,2025-11-01,Delivered,Net Banking,39254.12
3817,419,4,14,13,2025-10-15,,Pending,Net Banking,16511.57
3818,342,3,16,20,2025-10-02,,Pending,UPI,17250.86
3819,318,2,8,40,2025-07-29,2025-07-30,Delivered,Debit Card,22271.2
3820,231,5,3,85,2025-09-30,2025-10-06,Delivered,Debit Card,31170.39
3821,871,4,13,13,2025-10-30,2025-11-03,Delivered,Cash on Delivery,36529.48
3822,202,1,6,10,2025-12-12,2025-12-15,Delivered,Credit Card,20998.66
3823,430,2,3,97,2025-08-22,2025-08-28,Delivered,UPI,44870.77
3824,151,5,11,80,2025-08-11,2025-08-16,Delivered,UPI,24417.24
3825,605,4,7,67,2025-09-24,2025-09-26,Delivered,UPI,29205.75
3826,195,3,10,94,2026-06-06,2026-06-09,Delivered,Debit Card,41318.29
3827,867,3,15,37,2025-12-19,2025-12-20,Delivered,Cash on Delivery,35199.23
3828,442,4,1,57,2026-07-13,2026-07-18,Delivered,Credit Card,54803.9
3829,794,1,8,41,2026-04-06,,Cancelled,Cash on Delivery,32996.55
3830,424,5,11,10,2026-06-04,,Pending,UPI,57083.37
3831,806,5,16,81,2025-12-02,2025-12-08,Delivered,Debit Card,39756.27
3832,92,2,16,89,2025-12-07,2025-12-13,Delivered,Net Banking,50952.8
3833,608,2,12,11,2026-06-23,2026-06-27,Delivered,Debit Card,57045.66
3834,38,5,20,10,2025-08-19,2025-08-22,Delivered,UPI,12355.84
3835,353,1,12,70,2025-09-09,2025-09-15,Delivered,Debit Card,4186.93
3836,917,5,15,34,2026-03-24,2026-03-31,Delivered,Cash on Delivery,79126.76
3837,686,4,12,32,2026-07-05,2026-07-06,Delivered,UPI,16147.72
3838,663,1,16,61,2026-05-06,2026-05-09,Delivered,Net Banking,23875.32
3839,252,1,1,92,2025-10-22,2025-10-25,Delivered,Net Banking,26007.11
3840,283,5,1,98,2025-12-05,2025-12-12,Delivered,Credit Card,42710.86
3841,183,5,3,70,2025-11-14,2025-11-16,Delivered,Cash on Delivery,6445.96
3842,404,1,6,99,2025-12-01,,Pending,Credit Card,12519.3
3843,527,3,12,70,2026-06-01,2026-06-07,Delivered,UPI,41506.27
3844,676,4,15,69,2026-05-01,2026-05-03,Delivered,Debit Card,10407.08
3845,162,3,20,90,2026-04-18,2026-04-22,Delivered,Cash on Delivery,37655.08
3846,727,2,20,27,2026-07-10,,Pending,Debit Card,12143.57
3847,739,5,14,17,2025-08-08,2025-08-10,Delivered,Cash on Delivery,8926.5
3848,308,1,9,3,2025-10-22,2025-10-27,Delivered,Cash on Delivery,33002.18
3849,500,5,2,65,2026-06-24,2026-06-29,Delivered,Cash on Delivery,31159.41
3850,993,1,2,77,2025-12-31,2026-01-06,Delivered,Net Banking,14679.0
3851,717,3,20,12,2026-03-09,2026-03-15,Delivered,Credit Card,1969.99
3852,81,4,3,26,2026-02-07,2026-02-09,Delivered,Cash on Delivery,46213.8
3853,103,3,4,43,2026-06-07,2026-06-12,Delivered,Net Banking,743.06
3854,49,2,11,21,2026-02-27,,Pending,Credit Card,38185.87
3855,674,1,4,15,2026-06-06,2026-06-10,Delivered,Debit Card,1195.89
3856,466,5,6,19,2026-03-01,2026-03-03,Delivered,Cash on Delivery,69871.99
3857,695,3,1,61,2025-11-14,2025-11-17,Delivered,Debit Card,6255.65
3858,304,1,16,93,2026-04-22,2026-04-29,Delivered,Net Banking,61978.89
3859,696,1,5,82,2026-05-27,,Pending,Cash on Delivery,27269.73
3860,769,5,3,38,2025-10-15,2025-10-16,Delivered,Net Banking,33530.65
3861,348,4,8,74,2026-03-26,2026-04-02,Delivered,Cash on Delivery,16026.85
3862,418,5,5,53,2025-10-10,2025-10-13,Delivered,Cash on Delivery,47117.8
3863,945,2,1,47,2026-05-16,2026-05-17,Delivered,Cash on Delivery,21495.74
3864,76,4,18,39,2026-05-24,2026-05-27,Delivered,Net Banking,10216.88
3865,929,5,15,1,2025-10-30,2025-11-03,Delivered,Cash on Delivery,39668.02
3866,50,4,11,7,2025-10-09,2025-10-10,Delivered,Cash on Delivery,49154.85
3867,245,5,14,2,2026-07-01,2026-07-03,Delivered,UPI,9896.76
3868,663,5,14,35,2025-09-27,,Pending,Net Banking,48656.49
3869,602,5,4,2,2025-11-18,,Pending,UPI,9444.62
3870,607,2,4,22,2026-06-22,2026-06-28,Delivered,UPI,27767.07
3871,147,3,12,18,2025-10-30,2025-11-02,Delivered,Credit Card,49371.05
3872,706,3,7,99,2025-12-27,,Pending,Net Banking,5294.83
3873,479,5,20,47,2026-07-18,2026-07-19,Delivered,Credit Card,66380.83
3874,993,5,13,6,2025-09-28,2025-10-04,Delivered,Cash on Delivery,16022.32
3875,45,4,5,60,2026-03-13,2026-03-20,Delivered,Debit Card,12156.4
3876,678,5,11,33,2026-01-08,,Pending,Credit Card,9662.66
3877,45,3,11,37,2025-09-16,2025-09-21,Delivered,Debit Card,26929.88
3878,948,5,11,29,2025-07-29,2025-07-30,Delivered,UPI,30452.38
3879,646,4,18,16,2026-06-07,2026-06-12,Delivered,Debit Card,31313.88
3880,645,3,12,68,2026-02-20,2026-02-27,Delivered,Debit Card,5269.21
3881,408,5,13,21,2025-08-06,,Pending,Debit Card,14946.22
3882,153,3,4,64,2025-12-08,2025-12-09,Delivered,Cash on Delivery,5554.37
3883,390,4,1,31,2026-03-03,,Cancelled,UPI,16223.22
3884,831,1,14,18,2026-05-12,2026-05-16,Delivered,Cash on Delivery,40014.58
3885,11,2,10,58,2026-05-10,,Pending,Cash on Delivery,42053.0
3886,924,1,13,3,2026-02-21,2026-02-24,Delivered,Debit Card,17920.32
3887,517,1,12,4,2026-04-03,2026-04-05,Delivered,UPI,28039.14
3888,452,4,8,87,2025-10-24,2025-10-25,Delivered,Cash on Delivery,62152.01
3889,829,5,4,41,2025-09-12,2025-09-15,Delivered,Cash on Delivery,11955.09
3890,586,3,2,48,2025-09-14,2025-09-17,Delivered,UPI,13907.04
3891,215,5,8,76,2026-06-14,2026-06-18,Delivered,Debit Card,11795.69
3892,58,2,13,34,2026-05-29,2026-06-01,Delivered,UPI,32465.82
3893,697,4,11,89,2025-11-08,,Pending,Net Banking,25161.19
3894,56,1,11,93,2026-05-15,2026-05-20,Delivered,Net Banking,61474.95
3895,653,3,19,69,2025-11-08,2025-11-14,Delivered,Cash on Delivery,48156.44
3896,595,5,7,55,2025-08-31,2025-09-01,Delivered,Credit Card,31857.92
3897,200,5,11,92,2025-09-27,2025-09-30,Delivered,Cash on Delivery,77939.93
3898,406,1,18,1,2026-07-03,2026-07-07,Delivered,Credit Card,8493.4
3899,994,4,8,96,2026-03-09,2026-03-16,Delivered,UPI,39971.92
3900,556,1,9,32,2025-08-18,,Pending,Net Banking,20008.2
3901,191,4,6,4,2026-01-15,2026-01-19,Delivered,Credit Card,30462.59
3902,223,4,7,19,2026-05-25,2026-05-30,Delivered,Credit Card,16990.44
3903,806,4,5,27,2025-12-03,2025-12-10,Delivered,Debit Card,19552.48
3904,266,2,2,24,2026-05-14,,Pending,Debit Card,17418.59
3905,246,4,6,51,2026-03-16,,Pending,Cash on Delivery,37811.42
3906,633,4,19,84,2025-12-26,2025-12-28,Delivered,Cash on Delivery,36718.03
3907,941,2,8,80,2025-11-25,,Pending,Credit Card,8922.48
3908,739,2,18,44,2026-07-14,2026-07-15,Delivered,Credit Card,8886.3
3909,703,1,6,3,2026-07-01,2026-07-04,Delivered,UPI,43351.62
3910,434,2,20,25,2026-03-21,2026-03-28,Delivered,Net Banking,49493.6
3911,286,4,10,18,2026-03-17,2026-03-20,Delivered,UPI,42057.04
3912,620,1,19,68,2026-03-22,2026-03-27,Delivered,Cash on Delivery,33854.7
3913,340,3,11,11,2025-09-17,2025-09-20,Delivered,Credit Card,15723.2
3914,919,4,13,8,2025-08-17,,Pending,Debit Card,49026.4
3915,447,2,19,89,2025-09-10,2025-09-11,Delivered,Net Banking,13887.17
3916,983,4,8,16,2025-09-20,2025-09-26,Delivered,Debit Card,11158.4
3917,252,4,7,87,2025-10-29,2025-11-05,Delivered,Credit Card,4384.8
3918,936,2,5,64,2026-02-04,2026-02-08,Delivered,Credit Card,22809.16
3919,962,5,3,54,2025-12-29,,Pending,UPI,10815.48
3920,978,4,13,52,2025-10-11,,Pending,UPI,23403.41
3921,948,1,15,1,2025-08-25,2025-08-28,Delivered,Credit Card,22937.15
3922,388,5,2,43,2026-01-29,2026-01-31,Delivered,Net Banking,15350.25
3923,816,1,10,18,2026-01-21,2026-01-22,Delivered,Cash on Delivery,21428.31
3924,811,3,10,94,2025-11-23,2025-11-27,Delivered,UPI,36041.62
3925,692,3,14,61,2026-03-12,,Pending,Net Banking,21170.93
3926,172,5,14,59,2025-12-18,2025-12-21,Delivered,UPI,40730.38
3927,863,2,14,21,2025-11-11,2025-11-12,Delivered,Cash on Delivery,35255.49
3928,196,4,17,85,2025-09-27,,Cancelled,Debit Card,34123.78
3929,969,4,14,94,2025-08-21,2025-08-26,Delivered,Debit Card,31860.52
3930,323,1,20,63,2026-07-14,2026-07-16,Delivered,Net Banking,78376.63
3931,948,4,7,76,2025-08-01,2025-08-06,Delivered,Net Banking,21762.36
3932,859,1,18,91,2025-12-23,2025-12-28,Delivered,Debit Card,5355.2
3933,614,5,17,55,2025-10-05,2025-10-11,Delivered,Debit Card,3832.68
3934,834,5,11,2,2026-03-15,,Pending,Credit Card,11902.0
3935,147,3,14,100,2026-05-23,,Pending,Credit Card,34410.71
3936,131,3,5,96,2026-06-28,2026-07-03,Delivered,Cash on Delivery,13918.74
3937,104,5,5,13,2025-11-08,2025-11-13,Delivered,Net Banking,39046.51
3938,825,1,3,85,2026-04-01,,Pending,Debit Card,11875.03
3939,631,2,10,72,2025-09-01,,Pending,Debit Card,57023.1
3940,17,4,1,90,2026-03-03,2026-03-09,Delivered,Cash on Delivery,64875.71
3941,760,5,6,18,2025-10-13,,Pending,Net Banking,27745.53
3942,721,2,10,64,2026-07-12,2026-07-19,Delivered,Debit Card,44601.12
3943,408,1,15,96,2026-01-17,2026-01-21,Delivered,Net Banking,3281.58
3944,793,2,17,68,2025-12-06,2025-12-08,Delivered,Cash on Delivery,26735.74
3945,539,5,18,84,2026-03-25,2026-03-28,Delivered,Debit Card,47133.42
3946,70,1,13,67,2026-06-01,2026-06-07,Delivered,Credit Card,26985.62
3947,715,3,9,74,2025-09-02,2025-09-06,Delivered,Cash on Delivery,1856.46
3948,766,3,19,77,2026-03-11,2026-03-18,Delivered,Cash on Delivery,19740.0
3949,26,5,11,66,2025-09-16,2025-09-20,Delivered,Debit Card,22371.86
3950,581,5,13,25,2025-10-05,,Pending,Credit Card,4710.47
3951,995,4,1,80,2025-12-27,,Pending,Credit Card,22440.67
3952,207,1,13,16,2026-01-16,2026-01-21,Delivered,Net Banking,2659.47
3953,902,2,5,54,2025-08-25,2025-08-29,Delivered,UPI,24813.84
3954,102,4,14,42,2026-04-26,2026-04-29,Delivered,Net Banking,42358.59
3955,417,4,9,43,2025-10-23,2025-10-28,Delivered,Debit Card,41018.44
3956,336,3,12,64,2025-09-03,2025-09-05,Delivered,Cash on Delivery,1747.97
3957,442,5,9,1,2026-01-30,2026-02-03,Delivered,Cash on Delivery,45947.95
3958,346,2,17,54,2025-12-18,,Pending,Debit Card,13433.6
3959,700,3,2,46,2025-10-25,2025-10-29,Delivered,Debit Card,22661.55
3960,333,3,4,20,2026-05-03,2026-05-06,Delivered,Debit Card,40275.4
3961,71,1,17,76,2025-12-29,2026-01-01,Delivered,Credit Card,34729.68
3962,821,4,7,26,2025-09-14,2025-09-19,Delivered,UPI,19407.91
3963,525,1,8,41,2026-01-07,,Pending,UPI,13047.36
3964,464,5,1,32,2026-06-24,2026-06-25,Delivered,Debit Card,26840.53
3965,830,5,9,20,2025-11-10,,Pending,Cash on Delivery,17806.46
3966,63,3,6,6,2026-01-26,,Pending,UPI,29472.29
3967,554,5,20,95,2025-11-27,2025-11-28,Delivered,Debit Card,5246.76
3968,765,1,3,28,2025-09-23,2025-09-28,Delivered,Net Banking,922.81
3969,789,4,14,82,2026-04-12,2026-04-17,Delivered,Net Banking,25105.66
3970,497,3,19,63,2026-06-23,2026-06-26,Delivered,Credit Card,12513.8
3971,569,5,9,15,2026-02-09,2026-02-13,Delivered,Debit Card,41126.49
3972,540,4,1,39,2026-03-28,2026-03-29,Delivered,Credit Card,9139.42
3973,363,5,13,97,2026-07-18,2026-07-21,Delivered,UPI,29877.92
3974,587,5,11,64,2025-12-28,2025-12-30,Delivered,Debit Card,13196.97
3975,694,5,1,44,2025-11-01,2025-11-07,Delivered,UPI,4252.73
3976,144,3,14,1,2025-12-22,2025-12-27,Delivered,Debit Card,14902.29
3977,151,3,2,30,2025-09-04,,Cancelled,Net Banking,1535.22
3978,615,1,5,43,2026-07-10,2026-07-15,Delivered,Cash on Delivery,24858.22
3979,196,5,10,20,2026-07-13,2026-07-14,Delivered,Cash on Delivery,28454.42
3980,681,4,15,61,2025-09-20,2025-09-24,Delivered,Debit Card,19808.6
3981,625,5,12,15,2026-04-25,2026-04-26,Delivered,Cash on Delivery,53254.49
3982,756,2,9,88,2025-08-05,2025-08-07,Delivered,UPI,38097.13
3983,513,5,17,97,2026-07-07,2026-07-14,Delivered,Debit Card,5405.87
3984,806,3,17,51,2026-03-25,2026-04-01,Delivered,UPI,4945.04
3985,585,2,14,21,2026-01-08,2026-01-15,Delivered,Credit Card,23651.99
3986,995,5,14,4,2025-09-11,2025-09-14,Delivered,Cash on Delivery,48525.49
3987,734,4,20,97,2026-01-17,2026-01-21,Delivered,Cash on Delivery,24403.75
3988,300,2,17,27,2026-06-06,2026-06-10,Delivered,UPI,41988.0
3989,394,2,13,24,2026-05-20,,Pending,UPI,1582.87
3990,381,1,3,68,2025-10-23,,Pending,Cash on Delivery,37036.58
3991,554,4,17,20,2025-08-06,2025-08-08,Delivered,Debit Card,24633.4
3992,842,5,11,73,2025-07-28,2025-08-02,Delivered,Net Banking,27776.62
3993,857,2,1,54,2026-03-05,,Pending,Credit Card,8011.1
3994,472,4,5,29,2026-03-14,2026-03-15,Delivered,Net Banking,13023.0
3995,515,2,19,4,2025-09-26,,Cancelled,Credit Card,34161.61
3996,483,4,19,8,2026-04-09,2026-04-16,Delivered,Debit Card,50209.04
3997,844,4,9,92,2026-05-11,2026-05-17,Delivered,UPI,20687.79
3998,688,4,18,36,2026-07-03,,Pending,Net Banking,1346.76
3999,331,4,9,10,2026-02-19,2026-02-23,Delivered,Cash on Delivery,18164.01
4000,322,5,11,26,2026-07-12,2026-07-13,Delivered,Net Banking,18478.64
4001,640,5,2,58,2025-11-08,2025-11-12,Delivered,UPI,22882.08
4002,362,1,19,9,2025-11-26,2025-12-01,Delivered,Net Banking,49506.21
4003,595,4,10,48,2026-07-01,2026-07-06,Delivered,Credit Card,11120.73
4004,415,5,18,27,2025-09-18,2025-09-23,Delivered,Cash on Delivery,5999.41
4005,421,1,7,68,2025-11-09,2025-11-11,Delivered,Cash on Delivery,31556.76
4006,409,1,3,20,2025-08-19,2025-08-23,Delivered,Credit Card,25923.1
4007,118,1,20,4,2025-10-09,2025-10-12,Delivered,Net Banking,12584.2
4008,900,5,18,13,2025-09-29,2025-10-04,Delivered,Net Banking,28449.7
4009,660,1,13,84,2026-04-26,,Pending,Net Banking,46016.89
4010,786,1,5,4,2025-09-06,2025-09-10,Delivered,Cash on Delivery,1551.16
4011,398,1,20,5,2025-08-20,,Pending,Cash on Delivery,8084.02
4012,601,5,5,29,2025-12-11,2025-12-13,Delivered,Net Banking,11617.61
4013,148,2,13,71,2026-04-21,2026-04-23,Delivered,Debit Card,22486.16
4014,928,4,17,85,2025-10-24,,Pending,Debit Card,24858.83
4015,623,1,15,6,2026-06-26,2026-06-29,Delivered,Cash on Delivery,13209.63
4016,503,5,11,59,2025-12-02,2025-12-06,Delivered,Credit Card,14190.26
4017,998,1,7,44,2025-12-11,2025-12-15,Delivered,Cash on Delivery,5262.37
4018,453,2,8,95,2025-07-30,2025-08-01,Delivered,UPI,36839.7
4019,331,3,11,44,2025-11-27,2025-12-03,Delivered,Cash on Delivery,9849.24
4020,693,5,2,46,2025-09-01,2025-09-02,Delivered,Cash on Delivery,9867.18
4021,633,2,20,87,2025-11-09,,Pending,Net Banking,25441.54
4022,281,5,9,34,2025-10-16,2025-10-19,Delivered,Net Banking,2647.22
4023,215,4,4,10,2026-05-02,2026-05-05,Delivered,UPI,6378.16
4024,668,3,4,97,2026-05-22,2026-05-24,Delivered,UPI,10284.76
4025,204,1,13,69,2025-09-19,,Cancelled,Debit Card,27109.5
4026,643,1,13,100,2025-09-03,2025-09-04,Delivered,Net Banking,23798.83
4027,655,1,15,58,2026-03-09,2026-03-14,Delivered,Credit Card,25230.91
4028,238,4,10,100,2026-04-01,2026-04-04,Delivered,Net Banking,15431.98
4029,299,5,9,53,2025-09-05,,Cancelled,Debit Card,29321.14
4030,26,4,8,99,2025-11-20,2025-11-27,Delivered,Debit Card,14172.3
4031,834,5,1,9,2025-10-27,2025-10-29,Delivered,Debit Card,9393.56
4032,492,2,7,98,2026-04-11,2026-04-17,Delivered,UPI,25034.44
4033,364,2,19,64,2026-06-18,2026-06-24,Delivered,Net Banking,6776.73
4034,932,5,5,85,2025-08-15,2025-08-16,Delivered,Cash on Delivery,41682.74
4035,985,1,18,100,2026-02-12,2026-02-18,Delivered,Credit Card,16817.4
4036,579,3,3,43,2026-06-22,2026-06-28,Delivered,Credit Card,65358.65
4037,842,4,8,30,2026-01-14,2026-01-15,Delivered,Debit Card,7884.97
4038,71,5,18,45,2026-01-31,2026-02-03,Delivered,Credit Card,9531.57
4039,598,2,14,50,2026-07-18,2026-07-22,Delivered,Debit Card,37236.38
4040,299,2,13,61,2026-03-13,2026-03-17,Delivered,UPI,28804.15
4041,354,1,19,46,2026-01-22,2026-01-28,Delivered,Cash on Delivery,2129.84
4042,275,1,20,15,2026-03-31,2026-04-04,Delivered,Debit Card,17461.65
4043,14,1,6,22,2025-09-19,2025-09-25,Delivered,Cash on Delivery,24015.85
4044,579,1,18,10,2025-11-05,2025-11-08,Delivered,Credit Card,21246.05
4045,807,1,10,36,2026-01-24,2026-01-28,Delivered,Net Banking,56750.72
4046,262,4,18,27,2026-03-19,2026-03-26,Delivered,Debit Card,32006.17
4047,27,2,5,76,2025-09-14,,Pending,Net Banking,18089.79
4048,415,2,10,86,2025-12-19,2025-12-21,Delivered,UPI,6178.47
4049,832,3,5,55,2026-04-21,,Cancelled,UPI,24278.66
4050,589,1,19,50,2026-05-10,2026-05-12,Delivered,Net Banking,55227.71
4051,913,1,7,54,2025-11-01,2025-11-05,Delivered,Net Banking,27145.82
4052,765,1,13,54,2026-06-25,2026-06-26,Delivered,Credit Card,24420.16
4053,321,1,13,31,2025-09-15,2025-09-22,Delivered,Credit Card,3485.5
4054,813,3,5,18,2025-09-24,2025-09-26,Delivered,Net Banking,20381.79
4055,603,4,18,6,2025-09-01,2025-09-03,Delivered,Cash on Delivery,15933.43
4056,568,1,8,54,2026-02-06,2026-02-11,Delivered,UPI,6048.52
4057,486,3,15,79,2026-02-23,2026-02-25,Delivered,Debit Card,27141.31
4058,834,5,13,16,2025-10-26,2025-10-27,Delivered,Credit Card,25191.64
4059,217,1,8,100,2026-04-28,,Pending,Cash on Delivery,58584.14
4060,312,2,13,47,2026-06-09,2026-06-12,Delivered,Cash on Delivery,21454.88
4061,834,4,2,15,2025-11-02,2025-11-04,Delivered,Credit Card,32390.98
4062,389,3,7,9,2026-03-28,2026-04-04,Delivered,Cash on Delivery,13147.8
4063,916,2,20,82,2026-06-01,2026-06-06,Delivered,Credit Card,5608.4
4064,498,3,15,49,2026-04-15,,Pending,UPI,29478.46
4065,306,5,20,6,2025-11-28,2025-12-05,Delivered,Debit Card,37204.61
4066,3,3,6,96,2026-04-25,,Pending,UPI,42098.13
4067,747,3,7,35,2026-07-23,,Pending,Net Banking,7384.84
4068,409,2,16,19,2026-02-21,2026-02-26,Delivered,Net Banking,18001.07
4069,1,2,10,61,2026-05-30,,Pending,UPI,47573.99
4070,259,1,12,36,2025-09-07,2025-09-13,Delivered,Debit Card,69822.97
4071,704,2,16,38,2026-03-13,2026-03-15,Delivered,Debit Card,394.52
4072,96,4,4,34,2025-10-05,2025-10-10,Delivered,Net Banking,28896.36
4073,530,2,15,76,2026-05-08,,Pending,UPI,11897.49
4074,138,3,1,38,2026-07-22,2026-07-25,Delivered,Credit Card,16772.2
4075,452,5,16,84,2025-07-29,2025-07-30,Delivered,Credit Card,1305.47
4076,54,1,17,48,2025-11-21,2025-11-22,Delivered,Net Banking,20688.48
4077,492,1,8,11,2026-05-22,2026-05-27,Delivered,Debit Card,19033.99
4078,95,5,3,33,2026-02-22,2026-02-26,Delivered,Cash on Delivery,24780.87
4079,175,1,4,2,2026-01-30,2026-02-04,Delivered,Net Banking,32879.65
4080,468,5,4,6,2026-02-03,2026-02-07,Delivered,Debit Card,40933.62
4081,434,1,10,17,2025-08-12,2025-08-16,Delivered,Cash on Delivery,10097.96
4082,658,2,18,84,2026-01-10,,Pending,Cash on Delivery,24139.56
4083,842,1,19,85,2026-02-03,2026-02-10,Delivered,Debit Card,26819.36
4084,965,1,9,23,2026-03-30,2026-04-01,Delivered,Cash on Delivery,30053.86
4085,35,5,2,24,2025-12-22,2025-12-24,Delivered,Cash on Delivery,20558.47
4086,896,1,11,83,2026-06-14,2026-06-17,Delivered,Debit Card,13907.04
4087,938,1,5,22,2026-03-07,2026-03-08,Delivered,Debit Card,50211.24
4088,808,1,5,4,2025-10-12,2025-10-16,Delivered,UPI,49597.12
4089,323,5,3,33,2025-10-16,2025-10-21,Delivered,Credit Card,29771.96
4090,20,2,4,52,2026-07-04,2026-07-06,Delivered,Net Banking,63604.26
4091,145,3,5,18,2025-10-26,,Pending,UPI,5163.17
4092,33,5,11,30,2026-05-17,,Pending,Credit Card,41282.88
4093,189,1,6,7,2025-10-01,2025-10-03,Delivered,UPI,18077.6
4094,984,1,20,97,2026-03-12,2026-03-13,Delivered,Credit Card,42560.06
4095,263,1,18,40,2026-03-12,2026-03-17,Delivered,Credit Card,42058.79
4096,234,1,6,47,2026-02-28,2026-03-04,Delivered,Credit Card,30863.08
4097,163,4,8,94,2026-01-09,2026-01-12,Delivered,Debit Card,18609.5
4098,342,4,5,28,2025-12-11,2025-12-16,Delivered,Debit Card,46391.43
4099,792,1,10,79,2025-09-02,2025-09-09,Delivered,Credit Card,22216.84
4100,271,3,19,66,2025-12-13,2025-12-15,Delivered,Credit Card,23383.52
4101,764,3,2,94,2026-06-30,,Pending,Credit Card,21143.44
4102,448,2,15,82,2026-03-23,2026-03-29,Delivered,Debit Card,38409.83
4103,678,2,19,71,2025-08-18,2025-08-21,Delivered,Net Banking,27581.84
4104,484,1,8,46,2025-09-29,2025-10-06,Delivered,Debit Card,20378.96
4105,705,4,6,50,2025-12-06,,Cancelled,Debit Card,23279.04
4106,834,3,11,73,2026-01-24,,Pending,Cash on Delivery,3324.24
4107,783,5,13,21,2026-05-01,2026-05-03,Delivered,UPI,17062.57
4108,635,4,14,54,2026-02-22,2026-02-25,Delivered,Debit Card,34841.66
4109,225,3,8,52,2026-04-11,,Pending,Credit Card,13590.71
4110,296,3,15,100,2025-11-16,,Cancelled,Cash on Delivery,36509.92
4111,445,5,11,86,2026-01-11,2026-01-13,Delivered,Net Banking,38526.86
4112,716,5,14,17,2025-11-10,,Pending,Net Banking,16044.55
4113,910,2,11,96,2025-08-18,2025-08-21,Delivered,Cash on Delivery,12646.55
4114,506,4,19,20,2026-07-05,2026-07-08,Delivered,UPI,22671.32
4115,161,2,15,83,2026-02-13,2026-02-17,Delivered,Net Banking,16074.11
4116,954,3,8,42,2025-12-03,2025-12-09,Delivered,Cash on Delivery,25770.59
4117,562,5,11,65,2026-03-31,2026-04-02,Delivered,UPI,45018.41
4118,423,3,4,51,2026-02-07,2026-02-09,Delivered,Net Banking,21113.08
4119,482,5,19,82,2026-05-28,2026-06-02,Delivered,UPI,37674.64
4120,426,5,4,46,2026-05-27,,Pending,UPI,25074.96
4121,104,4,13,66,2025-12-13,2025-12-19,Delivered,UPI,38026.43
4122,30,4,8,3,2026-05-08,2026-05-10,Delivered,Credit Card,28511.58
4123,389,1,2,61,2026-02-16,2026-02-23,Delivered,UPI,7167.09
4124,281,5,18,79,2026-02-17,2026-02-21,Delivered,UPI,25561.32
4125,570,2,5,50,2025-10-09,2025-10-14,Delivered,UPI,26153.52
4126,135,5,4,37,2026-06-14,2026-06-16,Delivered,Debit Card,38928.44
4127,802,3,15,51,2026-05-09,2026-05-15,Delivered,Credit Card,53266.58
4128,767,3,19,82,2026-02-22,2026-03-01,Delivered,Debit Card,43207.8
4129,769,2,13,27,2025-10-01,,Pending,Net Banking,1753.76
4130,112,5,15,18,2026-05-23,2026-05-28,Delivered,Debit Card,52035.19
4131,12,3,7,51,2025-11-28,,Pending,Net Banking,15315.0
4132,867,4,3,86,2026-04-24,2026-04-30,Delivered,Cash on Delivery,42612.9
4133,736,4,10,73,2026-01-12,2026-01-17,Delivered,Cash on Delivery,35913.1
4134,689,2,1,53,2026-04-28,2026-05-03,Delivered,Credit Card,58281.23
4135,337,4,8,77,2026-05-31,2026-06-01,Delivered,UPI,54853.4
4136,174,4,12,99,2026-01-28,2026-01-29,Delivered,Credit Card,21380.78
4137,582,1,20,35,2025-09-17,2025-09-18,Delivered,Credit Card,14425.42
4138,232,2,8,35,2025-12-31,,Cancelled,Cash on Delivery,27081.87
4139,940,3,14,62,2026-05-29,2026-05-31,Delivered,Net Banking,11023.47
4140,814,5,4,37,2025-10-01,2025-10-06,Delivered,Debit Card,2216.16
4141,91,4,2,10,2025-08-02,,Pending,Net Banking,48862.62
4142,222,5,2,10,2026-05-10,,Cancelled,UPI,42643.83
4143,107,5,13,2,2026-02-09,,Cancelled,Net Banking,12450.25
4144,679,3,3,99,2025-11-07,2025-11-14,Delivered,Credit Card,3625.63
4145,916,4,2,20,2025-12-28,2026-01-04,Delivered,Cash on Delivery,25495.29
4146,949,1,4,52,2026-01-30,,Pending,UPI,25321.03
4147,898,2,20,78,2025-09-13,2025-09-16,Delivered,UPI,65058.26
4148,978,3,7,34,2026-04-08,2026-04-14,Delivered,Debit Card,25224.33
4149,567,2,9,20,2026-03-10,,Cancelled,Debit Card,19328.07
4150,203,5,3,55,2026-05-25,2026-05-29,Delivered,UPI,32555.64
4151,498,4,19,13,2025-09-30,2025-10-05,Delivered,UPI,18572.88
4152,82,1,11,62,2025-12-14,2025-12-20,Delivered,Cash on Delivery,48751.71
4153,119,1,7,18,2025-11-22,,Pending,Net Banking,17622.24
4154,699,3,10,3,2026-07-20,,Cancelled,Cash on Delivery,25375.5
4155,686,5,1,21,2025-10-19,,Cancelled,Net Banking,71815.98
4156,823,5,3,38,2026-06-26,2026-06-28,Delivered,Cash on Delivery,13213.54
4157,872,1,10,41,2026-05-25,2026-05-29,Delivered,Net Banking,28023.18
4158,219,3,14,61,2026-03-31,,Pending,Cash on Delivery,11186.66
4159,390,2,10,55,2026-07-01,2026-07-02,Delivered,Net Banking,32781.44
4160,808,4,3,5,2025-11-27,,Pending,Debit Card,6436.28
4161,630,1,4,85,2026-05-09,,Cancelled,Net Banking,27785.24
4162,294,3,6,32,2025-12-18,2025-12-19,Delivered,Debit Card,2545.79
4163,899,3,2,10,2025-08-27,2025-08-28,Delivered,Credit Card,28497.16
4164,340,2,2,53,2026-05-28,2026-06-01,Delivered,Cash on Delivery,55766.51
4165,69,3,14,71,2026-03-11,2026-03-14,Delivered,Credit Card,31397.11
4166,331,3,6,97,2025-12-26,2026-01-01,Delivered,UPI,45373.56
4167,3,1,5,82,2025-09-30,2025-10-04,Delivered,Cash on Delivery,13073.68
4168,598,5,18,77,2026-02-27,2026-03-02,Delivered,Net Banking,4710.47
4169,937,5,12,55,2025-09-26,2025-09-29,Delivered,Net Banking,24320.79
4170,973,1,20,29,2025-10-02,,Cancelled,Debit Card,25091.0
4171,109,4,19,81,2025-10-06,2025-10-09,Delivered,Cash on Delivery,40520.41
4172,357,5,13,27,2026-06-29,2026-07-06,Delivered,Debit Card,43854.74
4173,908,1,5,24,2025-12-10,2025-12-16,Delivered,Cash on Delivery,31181.0
4174,160,3,13,52,2025-07-30,2025-08-05,Delivered,Cash on Delivery,13355.62
4175,376,4,1,34,2026-05-16,2026-05-17,Delivered,UPI,22343.06
4176,680,3,2,11,2025-09-06,2025-09-12,Delivered,UPI,14602.52
4177,859,4,8,1,2026-02-19,,Cancelled,Net Banking,12849.75
4178,664,5,14,24,2025-10-06,2025-10-13,Delivered,Cash on Delivery,27329.2
4179,797,4,4,1,2025-12-10,2025-12-16,Delivered,Cash on Delivery,2772.24
4180,555,1,20,8,2026-05-06,2026-05-13,Delivered,Cash on Delivery,32440.31
4181,139,2,18,19,2026-06-01,2026-06-05,Delivered,Credit Card,18471.19
4182,514,2,4,16,2026-04-10,2026-04-17,Delivered,Credit Card,55509.89
4183,235,5,5,71,2026-07-24,2026-07-26,Delivered,Credit Card,38761.71
4184,291,2,1,69,2026-03-30,2026-04-02,Delivered,Net Banking,5366.52
4185,198,1,12,78,2025-12-31,2026-01-03,Delivered,UPI,37372.68
4186,280,3,3,5,2025-09-30,2025-10-05,Delivered,Cash on Delivery,58063.98
4187,620,1,4,30,2026-05-16,2026-05-23,Delivered,UPI,65663.16
4188,959,3,8,45,2026-07-04,2026-07-11,Delivered,Credit Card,48712.35
4189,327,5,15,19,2025-11-20,2025-11-26,Delivered,Net Banking,23690.8
4190,135,3,1,56,2026-01-16,2026-01-22,Delivered,Cash on Delivery,4930.41
4191,570,5,2,77,2025-10-01,,Pending,Credit Card,40369.03
4192,30,1,5,70,2026-02-26,2026-02-27,Delivered,Debit Card,23644.9
4193,105,3,20,37,2026-01-02,,Pending,Credit Card,21244.95
4194,309,2,3,79,2025-10-08,2025-10-15,Delivered,Net Banking,37315.64
4195,780,5,4,84,2026-03-12,2026-03-16,Delivered,Cash on Delivery,49034.01
4196,820,2,15,37,2026-05-18,2026-05-24,Delivered,Net Banking,2966.31
4197,38,5,6,11,2025-11-01,2025-11-07,Delivered,Net Banking,19128.12
4198,229,4,1,50,2026-07-04,2026-07-07,Delivered,Net Banking,40380.47
4199,658,4,1,87,2025-10-05,,Cancelled,Net Banking,2851.38
4200,600,5,4,86,2026-04-03,2026-04-05,Delivered,Cash on Delivery,25617.21
4201,257,1,8,93,2025-07-31,2025-08-05,Delivered,Debit Card,72281.23
4202,834,4,11,71,2025-08-31,2025-09-03,Delivered,Debit Card,37881.05
4203,607,5,19,40,2026-06-22,2026-06-23,Delivered,Debit Card,24351.71
4204,192,5,19,95,2025-09-30,2025-10-04,Delivered,Cash on Delivery,13783.37
4205,581,5,2,89,2026-05-30,2026-06-01,Delivered,Net Banking,448.44
4206,821,1,18,55,2025-09-28,2025-09-29,Delivered,Cash on Delivery,45664.93
4207,340,3,14,59,2025-10-30,2025-11-03,Delivered,Debit Card,41711.6
4208,455,4,2,11,2026-07-20,2026-07-22,Delivered,Cash on Delivery,29500.37
4209,96,3,8,54,2025-11-10,2025-11-11,Delivered,Net Banking,27542.15
4210,921,1,18,8,2025-08-29,2025-08-31,Delivered,Net Banking,10012.56
4211,288,5,7,62,2025-11-15,2025-11-20,Delivered,Credit Card,19895.1
4212,656,4,20,51,2026-03-05,2026-03-08,Delivered,Cash on Delivery,2146.91
4213,881,1,6,42,2026-03-06,,Pending,Net Banking,33087.57
4214,289,2,6,31,2025-10-02,2025-10-05,Delivered,Credit Card,2686.28
4215,309,3,17,1,2026-03-14,,Pending,UPI,13126.32
4216,466,3,5,40,2025-07-31,2025-08-03,Delivered,Credit Card,15450.24
4217,965,3,13,77,2026-05-29,2026-06-03,Delivered,Debit Card,10469.52
4218,470,4,10,75,2025-08-01,,Pending,Credit Card,33163.68
4219,855,1,16,73,2026-03-19,,Pending,Credit Card,5803.14
4220,285,2,6,48,2026-04-25,2026-04-27,Delivered,Credit Card,28264.9
4221,673,5,5,80,2026-04-07,,Pending,Debit Card,7598.02
4222,368,3,6,29,2026-01-05,,Pending,Net Banking,1661.76
4223,944,3,5,68,2025-12-27,2025-12-28,Delivered,UPI,33929.43
4224,934,5,5,78,2025-10-01,2025-10-03,Delivered,Net Banking,25927.13
4225,93,2,15,21,2026-06-14,2026-06-17,Delivered,Net Banking,8605.34
4226,143,4,5,4,2026-04-22,2026-04-26,Delivered,Net Banking,53756.79
4227,950,5,6,16,2026-01-15,2026-01-17,Delivered,Credit Card,15058.24
4228,922,1,13,49,2025-08-11,2025-08-15,Delivered,Cash on Delivery,20086.33
4229,227,2,5,46,2025-09-17,,Pending,UPI,50446.6
4230,860,3,8,76,2026-01-02,2026-01-03,Delivered,Net Banking,9776.25
4231,799,4,12,1,2025-12-28,2025-12-29,Delivered,UPI,4366.24
4232,688,2,19,7,2025-07-27,2025-07-29,Delivered,Credit Card,47037.92
4233,383,1,20,29,2025-11-05,2025-11-09,Delivered,Net Banking,28975.88
4234,64,5,1,8,2026-07-18,2026-07-20,Delivered,Debit Card,14678.56
4235,441,3,4,49,2026-06-14,2026-06-21,Delivered,Cash on Delivery,28451.02
4236,733,3,9,90,2026-07-08,2026-07-13,Delivered,Debit Card,36524.39
4237,994,5,20,40,2025-12-07,2025-12-11,Delivered,Net Banking,49527.05
4238,832,3,5,30,2026-06-13,2026-06-20,Delivered,Credit Card,14976.9
4239,140,4,8,11,2026-06-17,,Cancelled,Cash on Delivery,17059.86
4240,939,4,18,99,2025-08-16,2025-08-19,Delivered,Debit Card,31938.77
4241,452,1,10,32,2026-03-09,2026-03-16,Delivered,Net Banking,9726.94
4242,303,1,12,26,2025-12-14,2025-12-20,Delivered,UPI,10191.68
4243,687,4,15,64,2026-01-10,2026-01-14,Delivered,Debit Card,12742.86
4244,60,4,12,23,2025-10-10,2025-10-16,Delivered,UPI,16226.91
4245,129,3,1,74,2025-10-06,2025-10-07,Delivered,Cash on Delivery,36104.8
4246,561,5,2,53,2025-08-21,2025-08-28,Delivered,UPI,3407.08
4247,160,4,5,32,2026-01-28,2026-01-29,Delivered,Cash on Delivery,47938.77
4248,642,1,18,88,2026-06-16,,Pending,Cash on Delivery,31244.47
4249,645,2,16,81,2025-11-14,2025-11-17,Delivered,Credit Card,3205.12
4250,155,3,7,88,2026-04-04,2026-04-09,Delivered,Net Banking,6458.12
4251,160,5,3,18,2025-08-11,2025-08-17,Delivered,Debit Card,11109.57
4252,663,1,17,48,2025-08-03,2025-08-07,Delivered,UPI,49211.58
4253,293,1,5,78,2026-05-01,2026-05-02,Delivered,UPI,10561.86
4254,962,2,8,59,2025-10-24,,Pending,Net Banking,25978.57
4255,771,2,18,73,2026-03-22,,Pending,Credit Card,4356.46
4256,720,3,3,27,2025-08-25,2025-08-29,Delivered,Net Banking,68370.05
4257,675,2,17,49,2025-08-15,2025-08-17,Delivered,Cash on Delivery,20878.11
4258,774,5,18,92,2026-05-09,2026-05-13,Delivered,Credit Card,36830.28
4259,821,3,16,53,2026-05-18,2026-05-19,Delivered,Credit Card,8765.23
4260,942,3,17,18,2025-08-28,2025-08-29,Delivered,UPI,21630.96
4261,835,4,13,46,2026-03-07,2026-03-11,Delivered,Debit Card,43143.37
4262,189,2,14,57,2025-10-20,,Pending,Debit Card,46436.61
4263,66,3,5,63,2025-10-30,2025-11-02,Delivered,Debit Card,5011.17
4264,226,3,8,63,2025-12-17,,Cancelled,Cash on Delivery,20406.33
4265,322,3,13,79,2026-05-19,2026-05-23,Delivered,Net Banking,26799.32
4266,452,2,17,38,2025-10-12,2025-10-14,Delivered,Debit Card,20867.62
4267,834,1,19,37,2026-02-21,2026-02-28,Delivered,UPI,37849.02
4268,315,4,14,81,2026-03-24,2026-03-25,Delivered,Net Banking,16251.78
4269,133,3,19,54,2025-10-03,2025-10-08,Delivered,UPI,43941.35
4270,147,4,2,54,2025-09-17,,Pending,Cash on Delivery,8757.52
4271,729,3,16,23,2025-09-27,2025-09-29,Delivered,UPI,18647.01
4272,629,3,15,75,2025-11-19,,Pending,Debit Card,32504.26
4273,888,3,5,10,2026-06-16,2026-06-17,Delivered,Cash on Delivery,49058.22
4274,890,2,12,1,2026-01-23,2026-01-30,Delivered,Debit Card,12187.54
4275,915,1,16,60,2025-09-01,2025-09-08,Delivered,Debit Card,46756.36
4276,933,2,12,64,2025-08-29,2025-09-02,Delivered,Debit Card,16694.72
4277,120,4,17,38,2026-03-13,2026-03-14,Delivered,UPI,12924.0
4278,209,1,8,84,2025-10-21,2025-10-23,Delivered,Debit Card,44605.04
4279,464,2,18,88,2025-12-22,,Pending,Credit Card,41802.04
4280,198,1,15,83,2026-06-22,2026-06-24,Delivered,Net Banking,42004.46
4281,716,4,9,41,2025-07-29,2025-08-02,Delivered,Cash on Delivery,22459.04
4282,785,2,15,2,2026-04-22,2026-04-26,Delivered,Credit Card,12549.66
4283,870,1,17,55,2025-08-14,2025-08-15,Delivered,Credit Card,25269.67
4284,905,1,5,4,2026-01-06,,Pending,Net Banking,5537.36
4285,300,3,17,35,2025-08-04,2025-08-11,Delivered,Net Banking,27054.48
4286,209,4,7,97,2026-07-23,2026-07-30,Delivered,Net Banking,26963.09
4287,391,5,1,66,2026-02-17,2026-02-23,Delivered,Net Banking,47668.1
4288,416,2,16,93,2025-09-20,2025-09-21,Delivered,Cash on Delivery,18142.86
4289,9,3,11,82,2026-01-22,2026-01-27,Delivered,Cash on Delivery,24985.42
4290,898,4,20,18,2026-01-31,2026-02-03,Delivered,Debit Card,21537.24
4291,582,2,2,15,2026-04-08,,Pending,Debit Card,5538.63
4292,637,5,12,98,2025-08-10,,Pending,Credit Card,6388.92
4293,384,1,2,84,2025-11-28,,Cancelled,UPI,12277.9
4294,111,3,11,38,2025-12-29,2026-01-02,Delivered,Net Banking,5157.28
4295,733,2,2,70,2025-11-13,,Pending,Net Banking,14736.93
4296,752,1,17,74,2025-12-29,2026-01-04,Delivered,Debit Card,19514.57
4297,262,2,3,8,2025-09-08,2025-09-11,Delivered,UPI,42117.18
4298,357,3,13,50,2026-07-20,,Pending,UPI,19981.89
4299,704,1,7,43,2026-04-19,2026-04-25,Delivered,Debit Card,36665.28
4300,528,3,7,62,2026-05-13,2026-05-16,Delivered,Net Banking,22312.13
4301,52,1,7,6,2026-01-05,2026-01-06,Delivered,Cash on Delivery,41243.28
4302,529,4,11,49,2026-06-14,2026-06-15,Delivered,Cash on Delivery,2686.28
4303,563,1,9,5,2026-06-18,2026-06-23,Delivered,Credit Card,19974.05
4304,910,5,15,85,2025-08-17,2025-08-22,Delivered,Net Banking,23804.28
4305,662,1,7,62,2026-01-27,2026-01-31,Delivered,UPI,41353.54
4306,375,5,17,50,2026-01-12,2026-01-19,Delivered,Cash on Delivery,35909.63
4307,116,4,3,73,2026-06-29,2026-07-06,Delivered,Cash on Delivery,17393.48
4308,365,2,19,95,2025-09-15,2025-09-17,Delivered,Credit Card,24964.33
4309,424,3,3,61,2025-12-25,,Pending,UPI,2663.81
4310,341,3,18,27,2025-11-13,2025-11-16,Delivered,Net Banking,9523.04
4311,69,2,19,45,2025-10-19,2025-10-23,Delivered,Net Banking,9385.35
4312,379,2,8,47,2026-04-28,,Cancelled,Net Banking,33987.36
4313,672,2,19,99,2026-02-16,,Pending,Debit Card,29361.82
4314,164,4,13,52,2026-04-29,2026-04-30,Delivered,Cash on Delivery,15493.98
4315,344,5,18,6,2026-07-26,2026-07-29,Delivered,Debit Card,18555.33
4316,952,2,14,55,2025-12-11,2025-12-16,Delivered,UPI,6538.76
4317,835,3,7,1,2025-07-31,2025-08-05,Delivered,Credit Card,44526.04
4318,162,4,15,23,2025-08-01,2025-08-05,Delivered,Net Banking,20323.5
4319,574,3,8,33,2026-03-06,2026-03-12,Delivered,UPI,43420.3
4320,169,3,11,17,2025-11-30,,Pending,Debit Card,23569.84
4321,437,4,4,31,2025-10-23,2025-10-28,Delivered,Credit Card,7015.85
4322,964,4,1,69,2026-01-22,,Pending,Credit Card,7202.82
4323,908,2,1,82,2025-10-02,2025-10-09,Delivered,Net Banking,43907.17
4324,886,4,6,62,2025-10-12,,Pending,Cash on Delivery,20008.2
4325,942,5,4,16,2025-11-09,,Pending,Debit Card,25458.26
4326,144,5,11,17,2026-01-07,2026-01-11,Delivered,Cash on Delivery,18316.75
4327,204,4,1,100,2025-08-31,2025-09-01,Delivered,UPI,33040.6
4328,150,3,3,7,2026-01-15,,Pending,Credit Card,20648.76
4329,199,1,10,87,2026-06-12,2026-06-14,Delivered,Debit Card,25878.67
4330,757,1,16,89,2026-01-08,2026-01-12,Delivered,Net Banking,24518.56
4331,855,4,14,16,2026-04-08,2026-04-13,Delivered,UPI,12651.33
4332,386,4,12,91,2025-09-21,2025-09-24,Delivered,Cash on Delivery,21901.26
4333,789,5,15,53,2026-06-24,2026-06-29,Delivered,Cash on Delivery,21042.32
4334,537,1,8,25,2025-10-21,2025-10-24,Delivered,UPI,14778.7
4335,630,3,12,20,2026-04-14,2026-04-21,Delivered,Credit Card,8931.4
4336,691,4,13,88,2025-09-08,2025-09-10,Delivered,Net Banking,33989.16
4337,206,5,6,17,2025-10-14,,Pending,UPI,10291.74
4338,779,1,9,32,2026-06-28,,Cancelled,Cash on Delivery,6305.55
4339,22,2,12,89,2026-07-06,2026-07-12,Delivered,Cash on Delivery,22027.52
4340,52,5,4,43,2025-10-11,2025-10-17,Delivered,UPI,30512.58
4341,85,1,11,5,2026-05-28,2026-05-29,Delivered,UPI,25952.24
4342,407,1,5,54,2026-01-02,2026-01-07,Delivered,Credit Card,3433.24
4343,411,3,12,72,2025-09-09,2025-09-11,Delivered,Cash on Delivery,21429.16
4344,932,2,11,77,2025-07-31,2025-08-05,Delivered,Credit Card,23502.19
4345,327,3,10,65,2026-04-02,2026-04-04,Delivered,Cash on Delivery,22381.92
4346,916,5,3,77,2026-07-25,2026-07-28,Delivered,Cash on Delivery,26096.44
4347,484,4,19,12,2026-05-30,,Pending,Credit Card,40043.43
4348,994,4,17,53,2026-03-23,,Cancelled,Debit Card,28448.51
4349,696,1,8,20,2025-11-04,2025-11-06,Delivered,Cash on Delivery,13563.98
4350,710,2,5,85,2025-11-13,2025-11-16,Delivered,Net Banking,43981.26
4351,146,5,10,51,2026-04-29,2026-05-02,Delivered,Credit Card,48701.61
4352,738,1,16,86,2025-09-01,2025-09-02,Delivered,UPI,42522.8
4353,706,1,5,3,2026-01-12,2026-01-18,Delivered,UPI,31083.42
4354,312,1,13,3,2025-11-20,2025-11-25,Delivered,Net Banking,30792.71
4355,785,4,11,36,2025-09-18,2025-09-20,Delivered,UPI,60951.62
4356,411,2,7,94,2026-07-26,2026-08-01,Delivered,Credit Card,19049.79
4357,328,4,14,84,2025-10-12,,Pending,Net Banking,38641.16
4358,730,1,7,2,2026-04-30,2026-05-01,Delivered,UPI,28343.07
4359,604,5,2,68,2025-09-03,,Pending,Credit Card,25526.82
4360,68,1,18,57,2025-12-25,2025-12-31,Delivered,Debit Card,35435.55
4361,875,2,18,6,2025-12-09,2025-12-15,Delivered,Debit Card,21180.14
4362,716,2,9,9,2025-11-11,2025-11-16,Delivered,Net Banking,20112.88
4363,700,3,2,80,2026-07-11,2026-07-12,Delivered,Credit Card,15146.94
4364,649,4,15,54,2026-06-09,2026-06-11,Delivered,Cash on Delivery,70060.1
4365,175,1,18,83,2025-11-15,2025-11-22,Delivered,Credit Card,21702.81
4366,141,5,14,67,2025-09-10,2025-09-17,Delivered,Debit Card,26722.99
4367,799,4,15,90,2026-07-17,,Cancelled,UPI,30307.2
4368,893,1,12,92,2026-05-13,2026-05-20,Delivered,UPI,41387.62
4369,358,2,18,28,2025-10-11,2025-10-17,Delivered,UPI,9532.58
4370,883,5,20,56,2026-01-21,2026-01-23,Delivered,Cash on Delivery,53983.75
4371,634,1,17,38,2025-10-04,,Cancelled,Net Banking,20595.92
4372,599,4,4,96,2026-01-23,2026-01-29,Delivered,Net Banking,3408.81
4373,239,1,16,53,2026-01-25,2026-01-28,Delivered,UPI,16604.28
4374,416,1,16,55,2026-04-08,2026-04-15,Delivered,Net Banking,8658.66
4375,508,2,16,51,2026-07-09,,Pending,Net Banking,15914.56
4376,556,4,7,53,2025-12-24,,Pending,Net Banking,7724.86
4377,539,4,12,4,2026-02-15,2026-02-21,Delivered,Credit Card,24601.68
4378,471,4,13,23,2025-12-14,2025-12-16,Delivered,Cash on Delivery,22156.18
4379,446,5,15,66,2026-01-28,,Pending,UPI,5228.25
4380,584,4,7,58,2026-01-06,2026-01-07,Delivered,Debit Card,36696.71
4381,174,5,6,71,2026-07-09,,Pending,Net Banking,28360.06
4382,991,5,20,1,2026-07-18,2026-07-23,Delivered,Credit Card,26197.21
4383,828,3,11,73,2026-05-15,2026-05-17,Delivered,Debit Card,60727.75
4384,638,3,16,62,2025-08-08,2025-08-12,Delivered,Net Banking,32991.09
4385,857,2,16,49,2026-01-06,2026-01-11,Delivered,Net Banking,46882.79
4386,379,3,18,4,2026-06-25,2026-06-26,Delivered,UPI,34460.72
4387,792,4,15,14,2026-04-21,,Pending,Debit Card,22535.28
4388,495,2,18,75,2025-10-15,2025-10-16,Delivered,Net Banking,45470.48
4389,981,5,12,51,2026-05-29,2026-05-30,Delivered,Net Banking,66123.04
4390,452,5,3,83,2025-11-01,2025-11-04,Delivered,Cash on Delivery,7483.02
4391,41,1,2,84,2026-03-18,2026-03-19,Delivered,Net Banking,21693.81
4392,189,2,9,35,2025-11-17,2025-11-23,Delivered,Net Banking,3318.23
4393,971,4,15,72,2025-10-04,,Pending,Debit Card,8585.2
4394,655,1,15,7,2026-03-26,2026-04-01,Delivered,Credit Card,3703.55
4395,604,2,7,3,2025-08-13,2025-08-19,Delivered,Debit Card,27511.92
4396,649,1,1,9,2026-06-09,2026-06-13,Delivered,Cash on Delivery,36835.06
4397,282,1,6,74,2025-11-11,,Pending,Cash on Delivery,47068.93
4398,678,2,20,45,2026-07-03,2026-07-05,Delivered,Credit Card,7923.6
4399,872,1,7,53,2026-01-09,2026-01-16,Delivered,Net Banking,6971.0
4400,17,1,13,22,2026-06-06,,Pending,Cash on Delivery,12320.39
4401,655,3,7,3,2025-08-22,,Pending,Credit Card,13777.24
4402,927,3,13,84,2026-01-26,2026-01-28,Delivered,Net Banking,2215.8
4403,463,3,12,31,2025-12-01,2025-12-08,Delivered,UPI,10414.55
4404,715,1,11,64,2026-06-25,,Pending,Debit Card,26507.12
4405,313,3,13,85,2025-12-06,,Cancelled,Cash on Delivery,56326.48
4406,695,5,16,33,2025-09-03,2025-09-07,Delivered,Cash on Delivery,38211.44
4407,808,3,7,47,2026-02-10,2026-02-13,Delivered,Credit Card,12475.72
4408,261,4,11,93,2026-02-25,2026-03-01,Delivered,Net Banking,22948.5
4409,999,3,18,85,2026-01-14,,Pending,Net Banking,34107.4
4410,204,5,9,65,2025-08-03,2025-08-06,Delivered,Credit Card,12951.24
4411,678,2,12,84,2025-08-29,2025-09-02,Delivered,Cash on Delivery,74842.63
4412,853,3,16,28,2026-06-16,2026-06-20,Delivered,Net Banking,33310.23
4413,321,4,8,20,2026-06-20,2026-06-26,Delivered,Cash on Delivery,40735.32
4414,374,5,17,61,2026-02-04,2026-02-09,Delivered,Debit Card,29981.19
4415,250,4,6,99,2026-03-24,,Pending,Net Banking,8883.73
4416,575,3,7,85,2026-03-23,,Pending,Debit Card,12777.84
4417,250,5,14,77,2026-03-03,2026-03-10,Delivered,UPI,30055.58
4418,365,3,1,98,2025-10-08,2025-10-11,Delivered,UPI,30393.45
4419,370,4,2,77,2025-10-01,2025-10-04,Delivered,Cash on Delivery,36607.01
4420,170,2,1,7,2025-11-20,2025-11-23,Delivered,Net Banking,39824.93
4421,777,4,7,73,2026-04-23,2026-04-27,Delivered,Credit Card,44137.74
4422,937,5,16,19,2025-10-05,,Pending,Debit Card,26174.46
4423,277,1,12,86,2025-08-11,2025-08-17,Delivered,Credit Card,20342.1
4424,576,5,1,9,2026-07-04,2026-07-07,Delivered,Debit Card,34730.97
4425,113,1,12,5,2025-09-30,2025-10-06,Delivered,Debit Card,12096.48
4426,352,1,1,85,2025-11-15,2025-11-20,Delivered,Debit Card,15928.56
4427,215,2,11,30,2026-03-01,,Pending,Cash on Delivery,26029.69
4428,611,2,9,99,2025-10-20,2025-10-26,Delivered,Credit Card,46464.66
4429,769,3,16,80,2026-01-15,,Pending,Credit Card,38217.32
4430,81,3,4,15,2025-11-23,2025-11-29,Delivered,Net Banking,1752.96
4431,30,4,9,22,2025-11-07,2025-11-09,Delivered,Debit Card,16674.16
4432,153,4,18,56,2026-05-22,,Pending,Credit Card,8145.84
4433,826,3,12,15,2025-11-07,2025-11-12,Delivered,Cash on Delivery,16960.29
4434,229,3,17,25,2025-08-26,2025-09-01,Delivered,Debit Card,32277.1
4435,300,4,11,11,2026-05-21,2026-05-28,Delivered,UPI,7408.52
4436,818,3,20,81,2026-02-04,2026-02-06,Delivered,UPI,3984.19
4437,81,3,16,86,2025-09-30,,Pending,Debit Card,45637.77
4438,849,2,12,41,2025-10-20,,Pending,Cash on Delivery,17841.98
4439,716,2,2,98,2025-11-08,2025-11-12,Delivered,Net Banking,13088.95
4440,866,4,4,54,2025-12-08,2025-12-10,Delivered,Debit Card,11360.52
4441,395,3,4,18,2026-01-09,,Pending,Cash on Delivery,29552.08
4442,384,2,14,93,2026-05-26,2026-06-02,Delivered,Cash on Delivery,70160.09
4443,264,1,4,23,2025-12-04,,Pending,Net Banking,69701.85
4444,264,4,17,16,2026-06-01,2026-06-08,Delivered,Cash on Delivery,27500.03
4445,164,4,1,76,2025-10-11,2025-10-12,Delivered,Net Banking,48611.76
4446,240,2,3,78,2026-02-06,,Pending,UPI,4335.7
4447,810,4,8,80,2026-06-11,2026-06-12,Delivered,Cash on Delivery,20940.61
4448,964,3,2,40,2025-12-24,2025-12-30,Delivered,Net Banking,35168.22
4449,842,2,19,70,2026-03-06,2026-03-13,Delivered,Cash on Delivery,55928.35
4450,452,2,8,87,2025-11-03,,Pending,Credit Card,16200.04
4451,288,5,8,100,2026-01-17,2026-01-22,Delivered,UPI,36718.24
4452,316,1,17,45,2026-03-05,,Pending,Debit Card,13054.05
4453,666,2,5,8,2026-05-18,2026-05-23,Delivered,Cash on Delivery,77377.98
4454,305,2,12,6,2025-07-31,,Pending,Net Banking,13323.5
4455,180,4,8,14,2025-09-29,2025-10-01,Delivered,Debit Card,37543.4
4456,786,5,12,57,2025-12-13,2025-12-15,Delivered,Net Banking,15133.32
4457,66,1,4,92,2026-07-01,2026-07-06,Delivered,Debit Card,45221.29
4458,644,5,9,25,2025-11-17,,Pending,Credit Card,39139.15
4459,663,3,10,32,2026-05-23,2026-05-28,Delivered,Credit Card,22948.75
4460,938,2,3,5,2026-02-20,2026-02-27,Delivered,Net Banking,26486.61
4461,496,3,16,16,2025-12-17,2025-12-18,Delivered,UPI,11784.25
4462,418,4,5,88,2026-05-12,2026-05-18,Delivered,Net Banking,5143.35
4463,130,4,13,44,2025-10-22,,Pending,Credit Card,51290.12
4464,878,2,6,66,2025-12-20,2025-12-24,Delivered,Net Banking,4963.98
4465,86,5,2,94,2026-06-19,2026-06-21,Delivered,Credit Card,19012.84
4466,161,5,4,76,2026-05-18,2026-05-22,Delivered,UPI,58688.2
4467,806,4,11,57,2025-09-18,2025-09-22,Delivered,Cash on Delivery,54666.68
4468,117,4,1,46,2026-01-05,2026-01-10,Delivered,Cash on Delivery,36855.91
4469,2,5,15,83,2026-03-01,2026-03-08,Delivered,Net Banking,6331.48
4470,861,1,3,48,2026-03-04,,Pending,Debit Card,49931.69
4471,281,1,11,7,2025-08-12,2025-08-14,Delivered,Credit Card,615.43
4472,795,2,13,96,2025-11-13,,Pending,Net Banking,55210.49
4473,507,3,18,79,2026-04-20,2026-04-22,Delivered,Debit Card,10516.23
4474,902,4,2,22,2026-01-24,2026-01-29,Delivered,Cash on Delivery,8948.08
4475,780,1,13,7,2025-10-02,2025-10-09,Delivered,Debit Card,28862.99
4476,9,3,20,100,2025-10-11,2025-10-13,Delivered,Cash on Delivery,10098.34
4477,702,1,15,87,2026-02-12,2026-02-18,Delivered,Net Banking,33073.26
4478,729,5,5,31,2026-01-11,,Pending,Net Banking,26514.87
4479,99,5,2,10,2026-05-08,,Pending,Credit Card,14131.41
4480,458,3,6,10,2026-04-27,2026-05-04,Delivered,UPI,40482.37
4481,250,5,8,36,2025-11-07,2025-11-08,Delivered,Debit Card,37912.9
4482,164,5,5,1,2025-08-20,2025-08-25,Delivered,Credit Card,2729.68
4483,371,2,8,23,2026-04-06,2026-04-11,Delivered,UPI,28624.56
4484,903,4,13,67,2025-07-31,2025-08-07,Delivered,Credit Card,39112.75
4485,426,1,1,31,2025-07-28,2025-08-03,Delivered,Cash on Delivery,53459.19
4486,252,5,13,77,2026-03-15,2026-03-21,Delivered,Net Banking,21549.24
4487,724,2,10,83,2025-12-05,2025-12-09,Delivered,UPI,25448.26
4488,44,1,1,46,2025-10-23,2025-10-26,Delivered,UPI,3070.44
4489,990,2,16,2,2026-02-06,2026-02-10,Delivered,Debit Card,50990.11
4490,575,5,12,4,2026-07-01,,Pending,Net Banking,7818.28
4491,329,5,4,24,2025-12-04,2025-12-05,Delivered,Debit Card,56086.29
4492,83,5,4,100,2026-03-27,2026-03-28,Delivered,Debit Card,27831.46
4493,818,4,10,47,2026-07-05,2026-07-08,Delivered,Net Banking,16233.15
4494,484,4,5,79,2025-11-25,2025-11-28,Delivered,UPI,30761.31
4495,615,2,6,59,2026-01-30,2026-01-31,Delivered,Cash on Delivery,7048.74
4496,457,5,4,89,2026-05-11,,Pending,Net Banking,17192.88
4497,426,4,5,55,2025-11-08,2025-11-11,Delivered,UPI,31676.54
4498,138,4,13,98,2025-10-02,,Pending,Net Banking,42904.91
4499,225,4,1,48,2025-08-31,2025-09-02,Delivered,UPI,60464.32
4500,201,1,18,68,2025-12-25,2025-12-28,Delivered,Credit Card,43901.43
4501,747,3,5,28,2026-05-04,2026-05-10,Delivered,Cash on Delivery,45508.72
4502,985,4,3,39,2025-11-12,2025-11-16,Delivered,Credit Card,15883.15
4503,507,3,14,27,2025-10-26,2025-10-27,Delivered,UPI,20587.24
4504,74,3,15,54,2025-11-28,,Pending,Credit Card,19671.44
4505,642,2,4,48,2026-05-26,2026-05-31,Delivered,UPI,6681.56
4506,616,4,13,69,2026-03-13,2026-03-15,Delivered,Debit Card,6722.06
4507,491,5,1,33,2026-03-18,2026-03-22,Delivered,Net Banking,45134.67
4508,397,1,19,66,2025-08-02,,Pending,Credit Card,39774.64
4509,387,2,18,72,2026-06-16,,Pending,UPI,24991.44
4510,29,5,9,70,2026-06-01,2026-06-07,Delivered,Credit Card,49561.67
4511,412,3,8,89,2025-08-08,,Pending,Net Banking,19734.36
4512,999,5,6,96,2026-03-09,,Cancelled,UPI,23194.29
4513,678,4,6,62,2026-05-26,,Pending,Debit Card,22060.53
4514,613,1,8,36,2025-10-20,2025-10-23,Delivered,Cash on Delivery,30304.78
4515,761,4,5,75,2026-01-28,2026-02-02,Delivered,Credit Card,58889.41
4516,132,5,17,21,2026-02-19,2026-02-20,Delivered,Credit Card,413.82
4517,21,5,3,69,2025-08-26,2025-09-01,Delivered,Cash on Delivery,9552.12
4518,668,5,2,62,2025-11-05,2025-11-09,Delivered,Net Banking,7314.24
4519,747,4,17,84,2026-04-13,2026-04-18,Delivered,Debit Card,17853.68
4520,596,3,20,58,2026-01-08,2026-01-09,Delivered,Credit Card,23249.25
4521,953,3,5,14,2025-08-15,2025-08-16,Delivered,Net Banking,459.14
4522,875,3,14,43,2025-11-22,,Cancelled,Net Banking,55049.6
4523,756,1,4,71,2026-02-01,2026-02-07,Delivered,UPI,5260.39
4524,444,3,3,64,2026-06-20,2026-06-27,Delivered,Cash on Delivery,63530.62
4525,883,2,8,13,2026-04-04,,Cancelled,UPI,22257.86
4526,173,3,20,60,2026-03-30,,Cancelled,Debit Card,66969.75
4527,460,4,6,96,2026-01-02,,Pending,UPI,19982.94
4528,429,4,20,40,2026-05-09,2026-05-11,Delivered,Net Banking,22050.37
4529,520,5,3,12,2025-09-01,2025-09-03,Delivered,Net Banking,20947.05
4530,664,2,19,75,2025-11-18,2025-11-23,Delivered,UPI,44495.29
4531,117,4,7,83,2025-10-21,,Pending,UPI,26745.81
4532,437,2,16,45,2026-01-19,2026-01-25,Delivered,UPI,37609.97
4533,399,2,8,89,2026-02-08,2026-02-09,Delivered,UPI,27472.85
4534,482,1,20,68,2026-07-14,2026-07-19,Delivered,UPI,56330.13
4535,318,2,20,8,2026-02-14,2026-02-20,Delivered,Net Banking,39612.75
4536,366,5,10,48,2025-11-05,2025-11-08,Delivered,Credit Card,25409.58
4537,350,5,14,31,2025-11-11,2025-11-16,Delivered,UPI,10726.68
4538,157,2,16,36,2025-10-17,,Cancelled,Net Banking,23922.45
4539,648,3,5,19,2026-01-20,,Pending,UPI,49293.62
4540,449,2,9,9,2025-08-15,,Pending,Debit Card,35252.28
4541,572,3,3,81,2025-12-27,2026-01-03,Delivered,Cash on Delivery,16174.95
4542,889,1,14,23,2026-05-05,,Pending,Credit Card,5663.24
4543,724,1,7,52,2025-12-19,,Pending,Net Banking,25697.31
4544,405,3,8,74,2025-08-27,2025-08-30,Delivered,UPI,62177.94
4545,845,3,7,93,2026-02-22,,Pending,Debit Card,41685.52
4546,240,1,4,41,2026-05-15,2026-05-22,Delivered,Net Banking,55991.3
4547,249,5,1,99,2026-01-18,,Pending,Cash on Delivery,9554.85
4548,534,1,11,100,2026-06-19,,Cancelled,Net Banking,16593.1
4549,439,5,10,47,2026-04-06,,Pending,Net Banking,27275.46
4550,476,1,5,81,2026-06-24,2026-06-30,Delivered,Net Banking,26230.45
4551,768,1,20,78,2025-12-10,,Pending,Cash on Delivery,4648.6
4552,496,1,7,43,2026-07-03,2026-07-10,Delivered,Cash on Delivery,75748.21
4553,411,2,17,9,2026-01-04,2026-01-06,Delivered,Net Banking,19751.39
4554,482,2,7,55,2025-11-03,2025-11-07,Delivered,UPI,22268.04
4555,491,2,8,91,2026-07-10,2026-07-11,Delivered,Debit Card,21450.66
4556,136,3,6,83,2026-01-03,2026-01-10,Delivered,UPI,789.04
4557,705,2,20,68,2026-06-21,,Pending,UPI,4637.79
4558,422,3,8,24,2026-01-24,2026-01-28,Delivered,Debit Card,31878.49
4559,924,1,1,13,2025-09-16,,Pending,Debit Card,9861.4
4560,298,3,9,22,2026-04-16,2026-04-21,Delivered,Credit Card,8776.82
4561,686,3,1,21,2026-07-02,2026-07-04,Delivered,UPI,25309.99
4562,715,1,20,40,2025-12-24,2025-12-27,Delivered,UPI,39757.31
4563,685,4,17,55,2026-05-16,2026-05-19,Delivered,Debit Card,29187.43
4564,9,4,20,74,2025-10-25,2025-10-28,Delivered,Debit Card,32942.64
4565,198,2,20,70,2025-12-30,2025-12-31,Delivered,Cash on Delivery,6428.91
4566,40,2,11,40,2026-02-26,,Pending,Debit Card,40424.44
4567,859,1,11,12,2026-07-21,2026-07-26,Delivered,Net Banking,15883.14
4568,932,1,6,50,2026-06-06,,Pending,UPI,14699.1
4569,659,3,7,41,2026-07-12,2026-07-17,Delivered,Credit Card,24789.28
4570,768,1,19,76,2026-05-26,,Cancelled,Credit Card,5175.69
4571,248,5,16,49,2025-08-22,2025-08-26,Delivered,Cash on Delivery,14337.5
4572,615,2,6,100,2025-12-16,2025-12-19,Delivered,Credit Card,13440.24
4573,551,1,13,12,2026-04-08,2026-04-09,Delivered,Net Banking,19717.3
4574,802,5,7,78,2025-11-19,2025-11-26,Delivered,Credit Card,32544.66
4575,803,2,10,17,2026-07-04,2026-07-10,Delivered,Debit Card,47255.0
4576,3,2,13,55,2026-04-22,2026-04-27,Delivered,Debit Card,39436.14
4577,420,5,7,26,2025-08-29,,Pending,Net Banking,35216.78
4578,620,3,8,31,2026-02-13,2026-02-17,Delivered,UPI,18395.92
4579,962,3,17,49,2025-12-18,2025-12-23,Delivered,UPI,14212.36
4580,520,3,14,100,2026-06-09,,Pending,Credit Card,16301.29
4581,292,5,8,94,2026-02-12,2026-02-16,Delivered,Credit Card,29009.84
4582,568,2,11,44,2026-05-12,2026-05-15,Delivered,Debit Card,5797.16
4583,841,2,1,74,2026-03-20,,Pending,Net Banking,17081.4
4584,649,5,17,80,2026-03-05,,Cancelled,Debit Card,34905.47
4585,901,2,16,81,2025-08-09,,Pending,Net Banking,31599.36
4586,438,3,20,55,2026-07-26,2026-07-28,Delivered,Net Banking,24455.93
4587,99,4,16,52,2025-08-19,2025-08-22,Delivered,UPI,14687.68
4588,822,5,18,67,2025-09-22,2025-09-23,Delivered,Net Banking,9117.3
4589,349,2,9,18,2026-01-18,2026-01-22,Delivered,Debit Card,30780.58
4590,292,5,20,83,2026-01-27,2026-01-31,Delivered,Cash on Delivery,24044.67
4591,441,3,15,76,2026-07-21,2026-07-26,Delivered,Cash on Delivery,12664.51
4592,17,1,14,90,2026-04-23,2026-04-29,Delivered,Cash on Delivery,9487.93
4593,599,5,2,11,2025-09-29,,Pending,Cash on Delivery,19167.47
4594,930,2,3,11,2026-03-08,2026-03-15,Delivered,Net Banking,34377.6
4595,267,3,15,14,2026-06-19,2026-06-23,Delivered,Cash on Delivery,4103.77
4596,443,5,11,1,2025-09-07,2025-09-08,Delivered,Net Banking,26243.55
4597,433,3,1,88,2025-07-31,2025-08-04,Delivered,Debit Card,58178.54
4598,577,3,6,27,2026-05-24,2026-05-26,Delivered,Net Banking,16030.69
4599,909,3,14,74,2026-02-12,2026-02-13,Delivered,Debit Card,34116.15
4600,778,4,1,83,2025-11-23,2025-11-27,Delivered,Net Banking,28274.03
4601,810,2,8,63,2025-12-03,2025-12-04,Delivered,Debit Card,49577.2
4602,923,5,6,72,2025-08-11,2025-08-15,Delivered,Net Banking,32504.53
4603,172,2,11,58,2026-04-23,2026-04-24,Delivered,Debit Card,15858.61
4604,58,4,8,69,2026-01-19,2026-01-25,Delivered,Cash on Delivery,38986.86
4605,763,3,6,97,2026-04-05,2026-04-12,Delivered,Net Banking,12513.67
4606,809,2,3,81,2026-06-18,2026-06-25,Delivered,Net Banking,6818.7
4607,663,4,10,74,2026-06-17,2026-06-23,Delivered,Net Banking,24742.8
4608,890,5,2,86,2026-03-02,2026-03-05,Delivered,Debit Card,36939.01
4609,227,1,1,93,2025-12-23,,Pending,UPI,26068.19
4610,871,5,5,57,2025-08-03,2025-08-07,Delivered,Debit Card,26677.6
4611,87,3,20,84,2025-11-16,2025-11-23,Delivered,Net Banking,69292.24
4612,881,4,12,19,2025-10-26,,Pending,Cash on Delivery,36583.1
4613,359,1,17,49,2025-12-15,,Pending,Credit Card,37377.6
4614,397,4,11,54,2026-01-02,2026-01-04,Delivered,Credit Card,16042.87
4615,260,5,10,88,2026-05-15,2026-05-21,Delivered,Debit Card,20451.25
4616,413,2,17,100,2026-07-04,2026-07-10,Delivered,Credit Card,46336.93
4617,108,2,18,10,2026-01-09,2026-01-11,Delivered,Credit Card,15400.6
4618,380,1,15,87,2025-08-08,2025-08-12,Delivered,Cash on Delivery,5405.87
4619,904,3,8,16,2025-12-05,,Pending,Debit Card,10669.77
4620,888,2,12,60,2026-07-11,2026-07-15,Delivered,Cash on Delivery,45585.81
4621,912,4,5,50,2025-08-10,2025-08-14,Delivered,Net Banking,11845.4
4622,321,5,2,66,2025-10-23,2025-10-28,Delivered,Cash on Delivery,39896.15
4623,834,3,16,34,2026-04-27,,Pending,Net Banking,32029.53
4624,280,5,10,84,2025-10-31,2025-11-03,Delivered,Debit Card,1845.62
4625,142,4,19,46,2026-01-15,,Pending,Cash on Delivery,7318.05
4626,807,2,9,4,2025-11-07,,Cancelled,Cash on Delivery,39906.19
4627,399,1,15,54,2026-07-17,2026-07-20,Delivered,Debit Card,20597.02
4628,894,4,5,3,2026-01-07,,Cancelled,Cash on Delivery,6428.91
4629,479,3,12,11,2026-03-13,2026-03-17,Delivered,Credit Card,20310.22
4630,306,2,3,10,2026-02-09,2026-02-13,Delivered,Credit Card,23743.36
4631,61,1,20,76,2025-10-30,2025-10-31,Delivered,Net Banking,12443.14
4632,872,3,9,95,2025-10-17,2025-10-21,Delivered,Cash on Delivery,30639.06
4633,366,3,17,20,2025-08-06,2025-08-09,Delivered,Debit Card,28527.64
4634,251,3,17,43,2025-12-27,2025-12-31,Delivered,Credit Card,4365.68
4635,351,2,6,26,2026-01-30,,Pending,Cash on Delivery,24256.83
4636,441,1,2,81,2026-04-03,2026-04-09,Delivered,UPI,16290.13
4637,267,5,15,4,2026-01-13,,Pending,UPI,42542.2
4638,72,5,2,95,2026-04-11,2026-04-14,Delivered,Debit Card,64104.62
4639,845,5,14,10,2025-10-16,2025-10-22,Delivered,Net Banking,31245.92
4640,582,1,19,95,2025-08-04,2025-08-07,Delivered,UPI,68742.71
4641,561,5,4,88,2026-06-09,,Pending,Credit Card,13396.14
4642,767,3,15,36,2025-12-31,2026-01-01,Delivered,Debit Card,10522.07
4643,482,5,15,55,2026-01-25,,Pending,Cash on Delivery,9727.38
4644,524,4,16,86,2026-04-25,2026-05-01,Delivered,Net Banking,27386.89
4645,422,4,13,86,2026-05-30,2026-06-06,Delivered,Net Banking,18558.03
4646,907,3,5,91,2026-07-06,2026-07-12,Delivered,Credit Card,54557.82
4647,378,5,13,44,2026-07-13,,Cancelled,Debit Card,25245.74
4648,18,2,17,83,2025-09-11,2025-09-14,Delivered,Credit Card,40635.52
4649,709,2,8,1,2026-02-24,2026-03-01,Delivered,Cash on Delivery,10469.52
4650,433,4,10,3,2026-07-24,2026-07-31,Delivered,Credit Card,4412.04
4651,639,1,18,55,2025-09-17,2025-09-19,Delivered,Debit Card,15958.94
4652,57,5,12,9,2025-10-06,2025-10-07,Delivered,Cash on Delivery,27453.33
4653,386,2,2,40,2026-05-08,2026-05-12,Delivered,Credit Card,34942.46
4654,566,5,19,12,2025-10-06,2025-10-12,Delivered,Debit Card,26984.35
4655,172,2,9,59,2026-01-06,2026-01-09,Delivered,UPI,28507.64
4656,193,1,11,78,2026-01-02,2026-01-03,Delivered,Credit Card,12171.57
4657,939,3,8,65,2026-07-06,2026-07-08,Delivered,UPI,42360.14
4658,551,4,14,53,2026-06-25,2026-07-02,Delivered,Cash on Delivery,6423.64
4659,310,3,4,27,2026-01-27,2026-01-29,Delivered,UPI,16195.52
4660,518,3,7,2,2026-07-15,2026-07-20,Delivered,Credit Card,13788.23
4661,274,1,14,99,2026-03-07,2026-03-14,Delivered,Debit Card,24672.29
4662,216,3,20,68,2026-04-02,,Pending,Credit Card,24722.92
4663,711,3,4,63,2025-11-13,2025-11-16,Delivered,Net Banking,5537.36
4664,827,5,20,8,2026-05-24,,Pending,Debit Card,1437.25
4665,723,5,3,22,2025-08-27,,Cancelled,Cash on Delivery,19781.84
4666,339,1,12,67,2026-03-22,,Pending,Cash on Delivery,13718.4
4667,472,5,12,98,2025-08-02,2025-08-04,Delivered,Credit Card,3631.96
4668,966,5,4,76,2026-05-22,2026-05-27,Delivered,UPI,20250.5
4669,561,5,2,94,2026-02-10,2026-02-12,Delivered,UPI,21154.24
4670,839,5,9,50,2026-01-18,2026-01-20,Delivered,Credit Card,31054.89
4671,320,5,6,14,2026-02-09,2026-02-12,Delivered,Cash on Delivery,11914.37
4672,763,5,8,98,2026-04-04,,Pending,UPI,21652.48
4673,178,2,3,66,2026-02-08,2026-02-12,Delivered,Debit Card,4432.32
4674,93,2,3,38,2026-01-10,2026-01-11,Delivered,Credit Card,23612.88
4675,86,1,11,83,2025-12-01,2025-12-03,Delivered,UPI,26891.56
4676,329,3,8,5,2025-10-19,2025-10-26,Delivered,Debit Card,2774.98
4677,11,1,15,57,2026-02-07,2026-02-13,Delivered,UPI,27206.81
4678,632,3,14,47,2026-05-18,2026-05-21,Delivered,Debit Card,21177.52
4679,468,4,14,95,2025-12-01,,Pending,Credit Card,16772.2
4680,768,3,10,42,2026-04-15,,Cancelled,UPI,38473.8
4681,802,5,18,95,2026-03-16,,Cancelled,Net Banking,28860.42
4682,101,5,5,53,2026-06-05,,Pending,Debit Card,6088.79
4683,350,1,5,8,2026-06-12,2026-06-18,Delivered,Net Banking,39821.41
4684,940,4,4,3,2025-08-14,2025-08-15,Delivered,Cash on Delivery,15715.68
4685,707,5,20,12,2025-12-24,2025-12-31,Delivered,Credit Card,11254.8
4686,164,1,9,18,2026-01-25,,Pending,Cash on Delivery,47140.68
4687,549,2,5,54,2026-05-14,,Pending,Credit Card,22061.73
4688,704,3,3,82,2025-10-14,,Pending,Cash on Delivery,5162.19
4689,175,2,13,80,2026-03-06,2026-03-10,Delivered,UPI,15536.35
4690,542,1,7,81,2026-01-04,2026-01-09,Delivered,UPI,38318.09
4691,12,3,12,73,2025-10-14,2025-10-20,Delivered,Cash on Delivery,35848.09
4692,133,2,5,71,2025-11-22,2025-11-23,Delivered,Credit Card,45726.77
4693,150,4,1,6,2026-04-16,,Cancelled,Debit Card,24406.48
4694,573,3,11,79,2026-06-07,2026-06-09,Delivered,Credit Card,8649.26
4695,570,1,15,16,2025-09-30,2025-10-03,Delivered,Debit Card,20480.09
4696,343,3,6,92,2026-04-23,,Pending,Net Banking,25143.14
4697,906,5,1,91,2026-02-12,,Pending,Cash on Delivery,39815.71
4698,17,2,13,6,2026-04-22,2026-04-23,Delivered,Credit Card,15300.56
4699,269,3,1,54,2026-03-23,,Pending,Cash on Delivery,45377.56
4700,270,3,15,52,2026-06-29,2026-07-04,Delivered,UPI,23239.44
4701,736,5,19,3,2026-06-21,2026-06-22,Delivered,Net Banking,57402.69
4702,518,3,11,56,2026-02-07,2026-02-13,Delivered,Credit Card,46629.1
4703,37,3,4,50,2026-05-16,2026-05-23,Delivered,Cash on Delivery,40298.36
4704,825,5,5,29,2026-01-30,2026-02-03,Delivered,Net Banking,12235.78
4705,949,3,17,57,2025-12-29,2026-01-02,Delivered,Cash on Delivery,15936.76
4706,714,1,20,80,2025-08-05,,Pending,Credit Card,19136.05
4707,399,5,2,54,2026-05-11,2026-05-13,Delivered,UPI,21638.35
4708,906,2,3,13,2026-06-19,,Pending,Net Banking,13040.83
4709,392,3,1,36,2025-11-26,2025-12-01,Delivered,Cash on Delivery,41524.05
4710,925,2,3,97,2026-06-02,2026-06-03,Delivered,Net Banking,16740.64
4711,18,3,7,43,2026-03-31,2026-04-06,Delivered,Net Banking,20866.84
4712,601,5,11,94,2025-11-29,2025-12-01,Delivered,Debit Card,32200.55
4713,316,3,3,76,2026-06-21,2026-06-22,Delivered,Cash on Delivery,16166.33
4714,829,2,19,94,2025-08-04,2025-08-07,Delivered,Debit Card,69861.5
4715,452,1,5,72,2026-06-19,2026-06-22,Delivered,Cash on Delivery,23156.38
4716,486,3,7,82,2026-04-13,2026-04-18,Delivered,Credit Card,2898.58
4717,130,3,13,64,2026-03-31,2026-04-05,Delivered,Net Banking,13807.84
4718,778,5,17,52,2025-11-21,,Pending,Cash on Delivery,6389.52
4719,855,5,11,49,2026-03-05,2026-03-07,Delivered,Credit Card,16395.18
4720,377,5,18,85,2025-09-18,2025-09-20,Delivered,Credit Card,24067.52
4721,735,1,18,1,2025-09-18,,Pending,Net Banking,9356.79
4722,224,4,5,32,2026-06-13,2026-06-14,Delivered,Net Banking,8765.66
4723,527,4,11,55,2025-09-10,2025-09-13,Delivered,Cash on Delivery,14750.07
4724,929,5,14,82,2026-04-22,2026-04-23,Delivered,Cash on Delivery,30071.84
4725,286,3,11,71,2026-01-19,2026-01-22,Delivered,Net Banking,16228.39
4726,334,2,19,61,2025-08-18,2025-08-19,Delivered,Debit Card,4486.83
4727,652,3,7,11,2025-11-05,,Pending,Debit Card,3691.24
4728,701,5,11,77,2026-04-04,2026-04-09,Delivered,Cash on Delivery,23123.79
4729,282,1,18,91,2026-06-24,2026-06-27,Delivered,UPI,20116.12
4730,723,4,10,68,2026-03-01,2026-03-03,Delivered,Cash on Delivery,15609.54
4731,331,5,4,96,2026-01-07,2026-01-14,Delivered,Net Banking,37132.59
4732,505,5,14,33,2026-05-20,2026-05-23,Delivered,Cash on Delivery,22003.45
4733,365,4,11,10,2026-04-24,,Pending,Debit Card,7079.62
4734,909,5,4,79,2026-05-20,2026-05-25,Delivered,Cash on Delivery,40895.84
4735,244,3,1,7,2025-08-26,2025-08-28,Delivered,Net Banking,11818.68
4736,838,4,6,8,2026-02-23,,Pending,Credit Card,33971.01
4737,858,3,2,11,2026-06-27,,Pending,Net Banking,50379.94
4738,487,2,5,23,2025-12-29,,Pending,Credit Card,20849.03
4739,537,2,9,98,2026-04-18,2026-04-24,Delivered,Debit Card,25988.71
4740,791,5,20,22,2026-05-03,2026-05-07,Delivered,UPI,43244.68
4741,582,1,17,99,2026-01-14,2026-01-20,Delivered,UPI,39508.74
4742,824,2,17,5,2025-08-07,2025-08-14,Delivered,Credit Card,8519.36
4743,932,3,10,71,2026-01-01,2026-01-08,Delivered,Credit Card,24511.49
4744,450,5,8,48,2025-12-25,,Pending,Cash on Delivery,37282.61
4745,410,3,16,14,2025-10-14,,Pending,Debit Card,15159.09
4746,280,2,14,3,2025-10-07,2025-10-12,Delivered,Cash on Delivery,12230.46
4747,42,4,20,56,2026-06-17,2026-06-20,Delivered,Credit Card,21876.01
4748,508,2,5,7,2025-08-19,2025-08-25,Delivered,Cash on Delivery,5402.36
4749,948,5,10,80,2026-05-19,2026-05-20,Delivered,Credit Card,28135.07
4750,728,2,17,45,2025-08-23,2025-08-29,Delivered,Net Banking,32370.36
4751,374,3,2,22,2025-12-30,,Cancelled,Debit Card,20709.06
4752,740,4,7,72,2026-05-19,2026-05-20,Delivered,Cash on Delivery,45885.43
4753,349,4,11,71,2025-09-28,2025-09-30,Delivered,Credit Card,37844.34
4754,427,3,9,28,2026-03-08,,Pending,Cash on Delivery,66274.89
4755,490,1,17,35,2026-07-23,2026-07-27,Delivered,Cash on Delivery,5238.56
4756,575,4,20,100,2026-04-15,,Pending,Debit Card,12225.96
4757,85,5,19,90,2026-07-10,2026-07-11,Delivered,Net Banking,49235.77
4758,67,2,15,62,2026-07-03,2026-07-04,Delivered,Net Banking,7647.96
4759,694,5,9,39,2025-08-01,2025-08-04,Delivered,Credit Card,38147.5
4760,348,5,7,87,2026-01-27,2026-01-30,Delivered,Net Banking,29813.56
4761,183,5,17,98,2025-10-09,2025-10-11,Delivered,Debit Card,13086.0
4762,679,4,19,61,2026-06-06,2026-06-10,Delivered,Debit Card,14844.22
4763,389,4,11,75,2026-03-09,,Pending,UPI,5863.71
4764,371,2,11,39,2026-03-09,2026-03-12,Delivered,Debit Card,21517.65
4765,228,1,14,69,2025-10-03,2025-10-07,Delivered,Debit Card,11435.36
4766,881,1,14,73,2026-05-20,2026-05-22,Delivered,Net Banking,25610.78
4767,273,2,20,7,2026-06-17,2026-06-23,Delivered,Debit Card,1813.96
4768,886,4,4,45,2026-02-09,2026-02-14,Delivered,Cash on Delivery,2389.03
4769,128,3,2,85,2026-06-17,2026-06-18,Delivered,Debit Card,51072.81
4770,474,5,15,30,2026-03-23,,Pending,Debit Card,19621.42
4771,247,4,3,85,2025-08-27,2025-09-01,Delivered,Credit Card,25242.65
4772,178,3,12,47,2026-04-14,2026-04-19,Delivered,Cash on Delivery,16826.64
4773,261,4,4,29,2026-03-04,2026-03-10,Delivered,Debit Card,16868.07
4774,98,3,13,69,2026-06-09,2026-06-15,Delivered,Cash on Delivery,23530.2
4775,220,2,20,86,2026-02-20,2026-02-22,Delivered,Net Banking,14942.54
4776,376,5,12,45,2026-07-23,2026-07-30,Delivered,Debit Card,35997.75
4777,498,3,20,39,2025-09-27,,Pending,Net Banking,47659.24
4778,101,5,14,52,2026-02-02,2026-02-09,Delivered,Debit Card,33032.37
4779,644,2,4,100,2025-09-11,2025-09-13,Delivered,Credit Card,37705.51
4780,760,4,10,57,2026-03-02,2026-03-03,Delivered,UPI,4182.94
4781,258,4,13,76,2025-09-24,,Cancelled,UPI,10216.88
4782,261,2,16,86,2026-01-05,2026-01-11,Delivered,Debit Card,1634.69
4783,128,3,18,45,2026-04-25,2026-04-30,Delivered,UPI,22402.1
4784,531,3,7,64,2025-11-29,,Pending,Cash on Delivery,69820.52
4785,38,4,4,60,2026-07-05,2026-07-10,Delivered,UPI,6255.96
4786,20,1,3,59,2026-05-21,2026-05-27,Delivered,UPI,5327.62
4787,777,4,4,57,2025-10-14,2025-10-18,Delivered,Net Banking,81998.7
4788,810,4,9,74,2026-05-23,2026-05-28,Delivered,Net Banking,44635.42
4789,183,4,17,41,2026-06-04,2026-06-05,Delivered,Credit Card,26564.52
4790,113,2,12,75,2025-10-25,,Pending,Net Banking,53472.86
4791,790,2,19,55,2026-01-23,2026-01-29,Delivered,Debit Card,26306.92
4792,203,3,14,63,2025-08-31,,Cancelled,Debit Card,18068.58
4793,721,1,17,77,2026-01-20,2026-01-24,Delivered,Cash on Delivery,56560.82
4794,132,1,5,69,2026-05-09,2026-05-12,Delivered,Credit Card,56586.47
4795,237,5,12,14,2026-07-17,,Pending,UPI,18303.54
4796,77,3,9,25,2026-07-20,2026-07-24,Delivered,Credit Card,24525.55
4797,505,2,10,79,2025-07-29,2025-08-02,Delivered,Debit Card,25626.64
4798,492,1,19,53,2026-02-19,2026-02-26,Delivered,Debit Card,49325.3
4799,533,1,1,26,2026-01-07,2026-01-14,Delivered,UPI,56556.6
4800,937,3,15,87,2026-06-11,2026-06-18,Delivered,Cash on Delivery,5756.04
4801,864,4,12,72,2026-06-14,,Pending,UPI,26888.12
4802,526,4,6,44,2025-11-23,2025-11-29,Delivered,Credit Card,32044.94
4803,919,1,16,76,2026-03-21,,Pending,Credit Card,17425.84
4804,908,5,17,98,2025-11-05,2025-11-09,Delivered,UPI,46213.81
4805,91,2,5,87,2025-10-01,2025-10-03,Delivered,UPI,28878.77
4806,271,4,6,42,2025-12-31,,Pending,UPI,24017.75
4807,946,5,4,75,2026-03-12,2026-03-18,Delivered,Net Banking,35663.88
4808,826,3,5,43,2025-11-17,,Pending,Cash on Delivery,6116.52
4809,777,3,11,58,2025-09-26,,Cancelled,Cash on Delivery,41709.6
4810,937,3,12,90,2025-08-07,2025-08-10,Delivered,Debit Card,45919.36
4811,294,5,3,15,2025-10-15,2025-10-22,Delivered,Debit Card,36566.57
4812,88,2,7,49,2026-05-01,,Pending,Net Banking,39191.37
4813,990,2,1,88,2026-04-23,2026-04-24,Delivered,Net Banking,18230.54
4814,846,4,18,13,2026-03-13,2026-03-15,Delivered,Cash on Delivery,7881.27
4815,526,3,10,100,2026-02-19,2026-02-26,Delivered,Cash on Delivery,29516.93
4816,962,2,3,34,2026-04-19,2026-04-21,Delivered,UPI,52843.2
4817,969,2,3,34,2026-04-11,2026-04-13,Delivered,Credit Card,15431.88
4818,332,1,9,8,2025-10-26,,Pending,Credit Card,18851.0
4819,454,1,6,70,2026-07-05,2026-07-09,Delivered,Credit Card,394.52
4820,2,4,17,62,2025-08-29,,Pending,Debit Card,31227.73
4821,480,4,16,6,2026-04-14,2026-04-15,Delivered,Cash on Delivery,27800.71
4822,446,4,4,70,2026-05-22,2026-05-26,Delivered,Credit Card,62001.75
4823,759,4,20,48,2025-10-27,2025-10-31,Delivered,UPI,3704.26
4824,652,4,14,24,2025-11-30,,Cancelled,Credit Card,34828.68
4825,43,4,10,70,2025-11-21,2025-11-26,Delivered,Net Banking,25725.96
4826,51,5,10,14,2026-04-19,2026-04-26,Delivered,Credit Card,20764.57
4827,46,3,8,86,2026-04-01,2026-04-08,Delivered,Debit Card,24380.06
4828,815,3,13,33,2026-03-17,2026-03-21,Delivered,UPI,14191.3
4829,603,2,20,11,2026-04-21,2026-04-24,Delivered,Net Banking,36050.02
4830,699,3,1,50,2025-08-03,,Pending,Net Banking,6683.76
4831,34,1,19,93,2025-09-08,2025-09-12,Delivered,Credit Card,38783.87
4832,306,1,5,44,2025-11-13,,Pending,Net Banking,7177.84
4833,462,3,2,16,2025-12-13,2025-12-19,Delivered,Net Banking,362.6
4834,588,2,4,25,2026-05-24,2026-05-29,Delivered,Net Banking,20855.48
4835,401,1,15,2,2026-03-03,2026-03-05,Delivered,Debit Card,16649.41
4836,945,4,8,9,2026-03-21,2026-03-27,Delivered,Credit Card,62233.05
4837,800,2,11,22,2026-01-05,2026-01-06,Delivered,Credit Card,34686.51
4838,116,1,14,74,2026-01-17,2026-01-24,Delivered,Net Banking,10498.69
4839,725,5,17,59,2025-08-06,2025-08-09,Delivered,UPI,28469.64
4840,145,5,20,30,2025-12-21,2025-12-24,Delivered,Credit Card,30156.59
4841,775,5,17,39,2026-03-16,2026-03-23,Delivered,UPI,24527.55
4842,5,3,14,47,2025-10-04,2025-10-11,Delivered,UPI,7158.17
4843,492,4,10,44,2025-08-20,,Pending,Net Banking,16157.21
4844,223,1,12,16,2026-03-23,2026-03-25,Delivered,Debit Card,21404.16
4845,49,2,3,20,2025-12-06,,Pending,Credit Card,2321.79
4846,89,5,19,43,2026-06-10,2026-06-16,Delivered,Cash on Delivery,33754.34
4847,580,3,19,2,2026-02-21,,Pending,Net Banking,20084.55
4848,465,1,4,64,2026-01-13,,Pending,Cash on Delivery,7350.37
4849,717,5,1,25,2025-10-08,2025-10-12,Delivered,Cash on Delivery,18800.13
4850,930,3,2,74,2025-07-27,2025-07-29,Delivered,Cash on Delivery,12342.93
4851,5,3,11,12,2025-12-16,,Cancelled,Net Banking,14127.12
4852,829,5,8,98,2025-11-04,2025-11-09,Delivered,Debit Card,52192.11
4853,214,1,8,58,2026-03-19,2026-03-22,Delivered,Net Banking,37799.18
4854,465,4,13,59,2026-02-18,2026-02-24,Delivered,UPI,22767.16
4855,10,5,13,36,2025-09-28,2025-10-01,Delivered,Cash on Delivery,51154.84
4856,693,2,8,11,2025-11-09,2025-11-13,Delivered,UPI,40254.5
4857,234,4,8,23,2025-10-25,2025-11-01,Delivered,Cash on Delivery,40468.76
4858,342,3,16,34,2026-03-02,,Cancelled,UPI,9044.93
4859,799,1,1,39,2026-07-16,2026-07-21,Delivered,Net Banking,2963.76
4860,311,1,15,93,2026-02-11,,Pending,Net Banking,23695.47
4861,95,3,12,50,2026-05-11,2026-05-14,Delivered,Credit Card,31265.18
4862,496,5,2,59,2026-05-24,2026-05-31,Delivered,Debit Card,14102.08
4863,838,4,19,92,2025-11-11,,Pending,Cash on Delivery,25158.36
4864,852,5,4,14,2026-04-08,2026-04-12,Delivered,Cash on Delivery,16664.64
4865,402,3,10,58,2026-05-28,2026-06-03,Delivered,Cash on Delivery,25164.51
4866,350,4,15,20,2025-10-30,2025-11-06,Delivered,Credit Card,11514.79
4867,171,5,13,88,2026-06-07,2026-06-10,Delivered,Debit Card,40572.92
4868,275,5,1,98,2025-08-17,2025-08-18,Delivered,Net Banking,44382.43
4869,265,4,13,68,2026-04-23,,Pending,UPI,15378.52
4870,864,5,14,49,2025-09-21,2025-09-27,Delivered,Credit Card,44390.6
4871,945,4,14,9,2026-05-27,2026-05-29,Delivered,Net Banking,61379.96
4872,488,4,2,80,2026-06-30,,Pending,Cash on Delivery,23636.11
4873,912,1,15,57,2026-04-22,2026-04-26,Delivered,Credit Card,37733.95
4874,584,4,19,53,2026-04-16,2026-04-18,Delivered,Cash on Delivery,16035.76
4875,604,4,6,96,2026-06-11,,Pending,UPI,17403.2
4876,687,2,3,8,2026-05-10,,Pending,Debit Card,12619.42
4877,127,2,5,71,2025-08-25,2025-08-27,Delivered,UPI,5362.94
4878,417,3,18,84,2026-01-23,,Pending,Credit Card,58362.78
4879,168,2,8,25,2026-05-04,2026-05-11,Delivered,UPI,38971.76
4880,807,3,5,28,2026-02-21,2026-02-23,Delivered,Debit Card,6008.79
4881,389,1,1,52,2025-09-08,,Pending,Cash on Delivery,43472.72
4882,580,4,9,91,2026-01-03,2026-01-04,Delivered,Net Banking,27039.69
4883,353,4,5,25,2026-01-26,2026-01-31,Delivered,Debit Card,46547.75
4884,798,5,5,77,2026-02-06,2026-02-08,Delivered,Debit Card,15096.66
4885,249,1,16,92,2026-06-26,,Pending,Cash on Delivery,37329.89
4886,883,5,9,33,2026-07-22,2026-07-29,Delivered,Debit Card,28876.85
4887,295,3,18,62,2025-07-29,,Pending,Credit Card,22242.21
4888,110,5,4,75,2025-12-24,2025-12-31,Delivered,UPI,12913.32
4889,263,2,6,47,2026-03-30,2026-04-02,Delivered,Net Banking,41068.66
4890,822,4,1,42,2025-12-20,2025-12-24,Delivered,Debit Card,2556.16
4891,994,4,5,47,2026-04-01,2026-04-02,Delivered,Net Banking,47325.18
4892,881,5,14,71,2025-11-09,2025-11-13,Delivered,Cash on Delivery,9435.24
4893,29,2,6,6,2026-04-10,2026-04-15,Delivered,Credit Card,14133.34
4894,126,1,8,10,2025-10-21,,Pending,UPI,26132.94
4895,637,2,11,72,2026-04-16,2026-04-20,Delivered,Net Banking,49622.24
4896,795,4,19,85,2025-09-09,2025-09-16,Delivered,Net Banking,1594.54
4897,538,5,16,21,2025-12-07,,Pending,Cash on Delivery,26901.64
4898,208,3,3,33,2026-07-04,,Pending,Net Banking,11230.12
4899,371,4,14,23,2026-04-03,2026-04-04,Delivered,Net Banking,39621.91
4900,402,2,10,39,2026-02-16,2026-02-17,Delivered,Credit Card,27314.67
4901,779,4,6,70,2026-03-09,2026-03-10,Delivered,UPI,24199.84
4902,20,5,11,11,2026-06-27,2026-06-29,Delivered,Cash on Delivery,29709.44
4903,320,2,11,88,2026-05-16,2026-05-17,Delivered,Credit Card,34502.0
4904,749,3,1,11,2026-05-17,2026-05-21,Delivered,Debit Card,57566.35
4905,376,4,9,9,2026-07-12,2026-07-17,Delivered,Net Banking,24198.51
4906,141,3,3,8,2026-07-19,,Pending,Cash on Delivery,5396.23
4907,426,1,5,60,2025-08-16,2025-08-22,Delivered,UPI,38661.0
4908,365,4,6,52,2025-09-04,2025-09-09,Delivered,Debit Card,29806.38
4909,283,4,6,7,2025-12-21,2025-12-27,Delivered,UPI,59585.78
4910,493,5,18,99,2026-04-05,2026-04-11,Delivered,Credit Card,69991.18
4911,207,5,1,74,2026-06-22,,Cancelled,Cash on Delivery,19250.13
4912,146,5,8,89,2025-11-02,2025-11-06,Delivered,UPI,37295.7
4913,437,3,2,12,2026-07-04,,Pending,Cash on Delivery,49961.72
4914,609,1,5,30,2026-05-22,2026-05-26,Delivered,Debit Card,5920.03
4915,760,5,18,44,2026-03-09,2026-03-10,Delivered,Cash on Delivery,32262.82
4916,8,5,4,47,2026-07-19,2026-07-20,Delivered,Cash on Delivery,38505.76
4917,509,5,20,62,2026-05-03,2026-05-04,Delivered,Credit Card,52425.52
4918,359,5,3,74,2026-04-08,2026-04-09,Delivered,Credit Card,7248.5
4919,563,2,12,17,2025-09-20,2025-09-26,Delivered,Net Banking,30659.53
4920,461,2,1,35,2026-07-12,2026-07-19,Delivered,Cash on Delivery,2894.88
4921,600,3,11,65,2026-06-22,2026-06-23,Delivered,Net Banking,14800.77
4922,988,1,12,42,2026-04-07,,Pending,Cash on Delivery,25920.07
4923,863,3,7,78,2026-02-10,2026-02-11,Delivered,Net Banking,13528.79
4924,169,3,1,60,2025-09-01,2025-09-05,Delivered,UPI,36438.42
4925,811,4,10,24,2025-12-01,2025-12-08,Delivered,Credit Card,5953.73
4926,597,5,14,21,2025-07-27,2025-07-30,Delivered,UPI,28994.11
4927,530,3,18,31,2025-10-12,2025-10-14,Delivered,Net Banking,19544.82
4928,976,4,16,94,2026-07-26,2026-08-02,Delivered,Cash on Delivery,9485.01
4929,492,3,6,97,2026-01-17,2026-01-19,Delivered,Credit Card,23643.61
4930,645,5,11,39,2026-05-23,2026-05-27,Delivered,Cash on Delivery,7746.01
4931,169,3,20,49,2025-08-14,2025-08-15,Delivered,Cash on Delivery,19741.41
4932,771,1,10,29,2025-09-09,,Pending,Credit Card,10718.37
4933,629,2,19,7,2026-01-27,,Pending,Debit Card,26028.85
4934,951,2,18,83,2025-08-17,2025-08-20,Delivered,Debit Card,15351.33
4935,483,1,19,54,2026-07-25,,Cancelled,UPI,54938.94
4936,582,3,10,2,2026-03-16,2026-03-20,Delivered,Cash on Delivery,60627.57
4937,234,4,16,54,2025-09-25,2025-09-27,Delivered,Cash on Delivery,39858.7
4938,712,2,5,17,2026-01-03,2026-01-08,Delivered,UPI,70325.06
4939,227,1,14,77,2026-03-28,2026-04-02,Delivered,Debit Card,7210.06
4940,946,4,2,13,2025-11-19,2025-11-21,Delivered,Credit Card,14196.73
4941,112,2,4,97,2025-08-12,2025-08-19,Delivered,Cash on Delivery,35408.65
4942,319,3,3,34,2026-01-16,2026-01-23,Delivered,Cash on Delivery,4778.06
4943,586,3,1,2,2026-07-03,2026-07-08,Delivered,Credit Card,11738.06
4944,941,5,20,29,2025-08-14,2025-08-17,Delivered,Net Banking,49602.65
4945,755,2,9,58,2025-10-14,,Pending,Credit Card,35368.65
4946,590,3,18,82,2025-08-08,2025-08-15,Delivered,Net Banking,5493.57
4947,428,1,14,89,2026-02-11,2026-02-15,Delivered,Debit Card,37905.0
4948,256,2,20,3,2026-03-28,,Pending,Cash on Delivery,17117.85
4949,788,2,6,95,2026-02-21,2026-02-27,Delivered,Cash on Delivery,13299.28
4950,333,5,1,6,2025-08-08,2025-08-10,Delivered,Net Banking,27280.68
4951,17,1,19,5,2026-02-13,2026-02-19,Delivered,Cash on Delivery,32890.5
4952,308,3,15,53,2026-04-01,2026-04-08,Delivered,Debit Card,3874.31
4953,150,3,15,65,2026-07-10,2026-07-17,Delivered,Debit Card,35205.94
4954,267,2,2,92,2026-06-28,,Pending,Credit Card,22776.16
4955,128,1,13,80,2026-06-25,2026-06-27,Delivered,Cash on Delivery,43654.2
4956,454,2,12,35,2025-08-21,,Pending,Net Banking,11186.49
4957,202,5,10,30,2026-01-19,2026-01-23,Delivered,UPI,30322.46
4958,284,5,11,28,2025-09-26,2025-10-02,Delivered,Credit Card,23048.04
4959,811,2,12,23,2025-12-30,2026-01-04,Delivered,Debit Card,27250.79
4960,468,5,7,32,2025-09-23,,Pending,UPI,8587.64
4961,914,2,8,32,2026-02-17,2026-02-21,Delivered,Debit Card,21053.24
4962,349,2,8,81,2025-09-29,,Pending,UPI,16636.93
4963,186,2,8,55,2026-03-17,2026-03-24,Delivered,Credit Card,17565.04
4964,301,5,16,33,2026-01-04,2026-01-09,Delivered,Debit Card,10587.63
4965,196,3,15,21,2026-02-25,2026-02-27,Delivered,UPI,1661.56
4966,332,2,3,52,2025-10-02,2025-10-04,Delivered,Debit Card,734.08
4967,99,3,1,63,2026-04-05,2026-04-08,Delivered,Debit Card,21675.87
4968,548,3,16,7,2026-06-29,,Pending,UPI,6563.16
4969,280,3,5,20,2026-05-22,,Pending,Debit Card,51817.38
4970,403,2,10,10,2025-11-18,2025-11-23,Delivered,Debit Card,5810.45
4971,833,5,12,12,2026-06-15,2026-06-17,Delivered,UPI,37520.8
4972,964,1,16,99,2025-11-20,2025-11-25,Delivered,Credit Card,24743.19
4973,843,2,12,3,2026-06-19,2026-06-25,Delivered,Debit Card,41786.87
4974,626,5,9,98,2026-02-16,,Cancelled,Cash on Delivery,39431.1
4975,113,3,11,89,2025-11-30,2025-12-07,Delivered,Debit Card,10326.74
4976,509,2,4,51,2026-05-15,2026-05-17,Delivered,Net Banking,9510.93
4977,647,4,5,36,2025-08-07,2025-08-08,Delivered,UPI,13430.3
4978,763,1,14,18,2026-04-09,,Pending,Net Banking,6626.81
4979,673,2,12,92,2026-06-22,2026-06-25,Delivered,UPI,1249.33
4980,895,3,1,59,2025-08-03,2025-08-04,Delivered,UPI,9726.94
4981,297,4,5,8,2026-01-20,2026-01-25,Delivered,Net Banking,16371.0
4982,829,4,12,86,2025-09-22,2025-09-27,Delivered,Cash on Delivery,11235.0
4983,899,4,3,40,2026-02-12,2026-02-14,Delivered,UPI,24236.04
4984,935,1,17,6,2026-02-09,2026-02-14,Delivered,UPI,3298.92
4985,46,4,3,37,2026-04-09,,Pending,UPI,4351.35
4986,870,4,2,94,2026-03-09,2026-03-11,Delivered,Net Banking,47273.48
4987,538,2,17,72,2025-12-05,2025-12-10,Delivered,UPI,50970.75
4988,288,5,13,85,2026-03-03,2026-03-05,Delivered,Net Banking,4480.08
4989,117,3,14,66,2025-10-06,2025-10-11,Delivered,UPI,55082.23
4990,541,1,12,54,2026-04-02,,Pending,Debit Card,10745.12
4991,643,4,2,85,2026-04-04,2026-04-07,Delivered,Net Banking,50811.83
4992,550,1,6,49,2026-01-24,2026-01-29,Delivered,UPI,45991.22
4993,491,1,5,92,2026-03-29,2026-04-05,Delivered,Net Banking,20820.93
4994,115,4,10,58,2025-11-11,2025-11-13,Delivered,Credit Card,60497.82
4995,361,2,14,37,2025-08-30,2025-09-04,Delivered,UPI,19802.61
4996,983,5,18,29,2025-08-25,2025-08-29,Delivered,Cash on Delivery,37271.66
4997,976,5,17,98,2026-01-05,2026-01-11,Delivered,Debit Card,1461.6
4998,106,5,9,45,2026-02-21,,Cancelled,Net Banking,29104.99
4999,210,3,14,60,2025-07-27,,Pending,Cash on Delivery,28796.24
5000,493,4,9,73,2026-01-07,2026-01-11,Delivered,Net Banking,40646.12
5001,528,5,14,58,2026-07-25,2026-08-01,Delivered,Debit Card,40528.32
5002,782,3,16,13,2026-03-14,2026-03-17,Delivered,Cash on Delivery,26456.96
5003,47,4,12,86,2026-04-19,2026-04-22,Delivered,Credit Card,27449.4
5004,311,4,8,97,2025-09-08,2025-09-09,Delivered,Credit Card,4860.06
5005,603,3,5,3,2026-05-02,2026-05-04,Delivered,Net Banking,47387.82
5006,855,2,12,55,2026-03-16,2026-03-23,Delivered,Credit Card,35368.05
5007,790,2,16,91,2026-07-05,2026-07-12,Delivered,UPI,33065.87
5008,694,5,7,13,2026-07-09,2026-07-15,Delivered,Cash on Delivery,31408.26
5009,111,1,19,21,2025-12-23,,Pending,Debit Card,18051.33
5010,290,1,18,62,2026-06-25,2026-06-26,Delivered,Credit Card,46458.18
5011,269,3,2,18,2025-09-07,,Cancelled,Debit Card,19167.68
5012,329,3,1,85,2025-10-01,2025-10-04,Delivered,Net Banking,15052.68
5013,33,5,17,96,2026-06-02,2026-06-08,Delivered,Net Banking,2963.76
5014,941,4,18,27,2026-01-26,2026-01-30,Delivered,Cash on Delivery,18738.27
5015,243,4,17,66,2025-12-31,2026-01-03,Delivered,UPI,11561.58
5016,402,3,7,2,2025-12-26,2026-01-02,Delivered,Credit Card,23435.13
5017,539,1,8,99,2025-09-16,2025-09-17,Delivered,Net Banking,20772.14
5018,82,3,10,29,2025-08-02,2025-08-07,Delivered,Net Banking,743.06
5019,960,3,8,3,2026-02-28,2026-03-06,Delivered,UPI,66061.09
5020,449,4,19,73,2025-08-08,,Cancelled,Debit Card,15163.25
5021,278,5,14,97,2026-02-17,2026-02-22,Delivered,Cash on Delivery,60125.61
5022,710,4,7,46,2025-09-16,2025-09-21,Delivered,Credit Card,37055.34
5023,149,4,11,20,2026-06-18,2026-06-21,Delivered,UPI,29815.54
5024,5,2,6,17,2025-08-02,2025-08-04,Delivered,Debit Card,69922.88
5025,40,1,12,49,2025-10-28,2025-11-01,Delivered,Credit Card,20704.68
5026,369,1,3,85,2026-03-26,2026-03-31,Delivered,Debit Card,30795.6
5027,105,5,17,81,2025-09-11,2025-09-18,Delivered,UPI,46816.89
5028,345,5,3,53,2026-01-20,2026-01-21,Delivered,UPI,15332.25
5029,871,5,6,28,2025-08-18,2025-08-22,Delivered,Net Banking,18187.78
5030,301,5,9,63,2026-03-30,2026-03-31,Delivered,Net Banking,7697.76
5031,391,4,7,54,2026-05-17,2026-05-19,Delivered,Cash on Delivery,42733.52
5032,627,3,11,71,2026-06-04,,Pending,Debit Card,27073.82
5033,311,3,5,2,2025-10-03,2025-10-10,Delivered,Net Banking,63504.8
5034,153,2,9,69,2026-07-20,2026-07-24,Delivered,UPI,16868.44
5035,251,3,15,31,2026-01-06,2026-01-09,Delivered,UPI,43649.28
5036,232,1,3,15,2025-10-10,,Pending,Credit Card,51910.11
5037,390,3,13,81,2026-04-14,2026-04-15,Delivered,UPI,20266.08
5038,619,4,8,86,2026-07-12,2026-07-13,Delivered,UPI,20008.2
5039,26,1,9,59,2026-07-04,,Pending,Net Banking,52085.21
5040,582,5,4,14,2025-11-06,,Pending,Credit Card,36208.94
5041,752,5,11,49,2025-11-12,,Cancelled,Credit Card,26626.2
5042,910,5,10,93,2025-11-08,2025-11-13,Delivered,Credit Card,30282.9
5043,297,3,3,6,2025-10-19,2025-10-20,Delivered,UPI,32147.24
5044,203,5,3,67,2025-11-30,2025-12-07,Delivered,UPI,22983.04
5045,320,2,1,44,2026-06-03,,Pending,Credit Card,12443.79
5046,323,1,4,57,2026-03-15,,Pending,Debit Card,15575.43
5047,320,1,15,5,2025-12-22,2025-12-26,Delivered,Net Banking,45719.76
5048,763,4,9,7,2026-03-28,,Pending,Cash on Delivery,50227.38
5049,103,4,10,85,2026-04-05,,Pending,Net Banking,3349.11
5050,218,3,3,3,2025-10-06,2025-10-09,Delivered,Cash on Delivery,31658.69
5051,279,2,11,61,2026-04-02,2026-04-09,Delivered,Cash on Delivery,80099.91
5052,336,4,16,77,2025-11-02,2025-11-03,Delivered,Debit Card,32097.88
5053,28,4,8,28,2025-12-03,,Pending,Debit Card,36775.82
5054,265,4,20,81,2026-02-14,2026-02-19,Delivered,UPI,45318.61
5055,619,2,8,32,2026-04-17,2026-04-23,Delivered,Cash on Delivery,30744.7
5056,766,4,20,37,2026-06-10,2026-06-17,Delivered,Debit Card,29456.73
5057,73,4,1,50,2026-07-01,2026-07-03,Delivered,Cash on Delivery,4328.16
5058,360,1,8,9,2026-01-31,2026-02-05,Delivered,Debit Card,30699.34
5059,501,1,13,31,2026-07-11,2026-07-18,Delivered,UPI,49872.73
5060,28,3,18,78,2025-07-29,2025-08-01,Delivered,Cash on Delivery,31907.35
5061,806,1,4,22,2025-08-27,2025-08-31,Delivered,Cash on Delivery,55062.02
5062,954,3,10,3,2025-10-04,2025-10-08,Delivered,Net Banking,41510.29
5063,410,4,15,77,2025-07-31,2025-08-05,Delivered,Net Banking,44796.34
5064,836,5,17,76,2026-05-08,2026-05-11,Delivered,UPI,13478.58
5065,479,1,1,84,2026-05-12,2026-05-19,Delivered,UPI,3324.24
5066,55,4,15,60,2025-11-18,2025-11-19,Delivered,Cash on Delivery,3452.95
5067,973,3,8,84,2026-06-06,2026-06-11,Delivered,Net Banking,62833.02
5068,203,1,7,5,2026-04-10,2026-04-11,Delivered,UPI,59452.01
5069,453,1,4,74,2026-07-23,2026-07-27,Delivered,UPI,40575.73
5070,285,3,20,4,2026-04-08,2026-04-09,Delivered,Debit Card,35961.61
5071,301,4,3,46,2025-09-20,2025-09-25,Delivered,Cash on Delivery,10655.16
5072,287,5,8,30,2025-11-19,2025-11-25,Delivered,Debit Card,773.93
5073,680,3,19,94,2025-09-28,2025-10-04,Delivered,Debit Card,16738.95
5074,963,4,6,30,2026-04-08,2026-04-09,Delivered,UPI,17316.14
5075,839,1,7,94,2026-07-02,2026-07-04,Delivered,UPI,1950.17
5076,319,5,20,89,2025-12-19,,Pending,Credit Card,24738.81
5077,394,1,13,45,2025-10-18,2025-10-22,Delivered,Net Banking,29507.55
5078,490,2,15,31,2026-01-01,2026-01-05,Delivered,Net Banking,54742.31
5079,890,3,10,98,2026-03-15,2026-03-17,Delivered,Net Banking,23419.7
5080,508,5,5,26,2025-08-03,,Pending,Debit Card,23148.96
5081,867,2,17,49,2026-03-11,,Pending,Net Banking,42022.49
5082,158,5,16,85,2025-08-30,,Pending,Cash on Delivery,3679.54
5083,680,3,3,34,2026-07-26,2026-07-28,Delivered,Net Banking,10286.7
5084,206,4,4,98,2026-07-21,2026-07-26,Delivered,Cash on Delivery,63942.15
5085,960,5,2,56,2025-09-25,2025-09-28,Delivered,UPI,18667.21
5086,490,1,8,41,2025-10-21,2025-10-23,Delivered,UPI,34923.29
5087,398,5,5,44,2026-01-21,2026-01-27,Delivered,Net Banking,3270.12
5088,628,4,7,48,2025-12-15,,Pending,Debit Card,23959.14
5089,411,4,7,76,2025-10-31,2025-11-05,Delivered,UPI,45316.0
5090,105,3,10,85,2025-07-30,,Cancelled,Debit Card,30272.19
5091,498,3,1,30,2025-10-05,2025-10-07,Delivered,Credit Card,76301.45
5092,487,4,4,93,2026-02-26,2026-03-02,Delivered,Net Banking,52196.19
5093,989,1,5,47,2026-07-15,2026-07-20,Delivered,Debit Card,47854.31
5094,25,1,20,23,2025-11-07,2025-11-08,Delivered,UPI,5175.69
5095,683,1,3,15,2026-03-05,2026-03-11,Delivered,UPI,17223.52
5096,838,5,11,55,2026-01-18,2026-01-19,Delivered,Cash on Delivery,19934.46
5097,198,5,18,34,2025-12-31,,Pending,Net Banking,18328.22
5098,84,1,5,12,2026-06-11,,Pending,UPI,10868.36
5099,689,2,18,66,2026-06-09,2026-06-16,Delivered,Net Banking,18747.49
5100,875,5,10,86,2026-07-21,,Cancelled,Net Banking,34838.15
5101,53,2,18,52,2026-04-26,2026-04-28,Delivered,UPI,47344.35
5102,63,4,9,86,2025-08-18,2025-08-19,Delivered,Cash on Delivery,14415.33
5103,972,3,8,81,2025-11-01,,Cancelled,Debit Card,41448.05
5104,743,1,14,9,2026-03-20,2026-03-22,Delivered,Net Banking,12215.51
5105,561,1,5,18,2025-12-20,2025-12-22,Delivered,Net Banking,29364.21
5106,745,1,13,37,2026-04-05,2026-04-09,Delivered,Credit Card,29308.89
5107,849,1,1,20,2026-05-18,2026-05-21,Delivered,Cash on Delivery,6959.37
5108,623,5,8,55,2026-01-17,2026-01-20,Delivered,Net Banking,55090.68
5109,68,2,14,60,2025-07-27,2025-07-28,Delivered,Credit Card,33825.39
5110,231,2,19,86,2025-09-16,2025-09-21,Delivered,Credit Card,64450.94
5111,352,4,5,69,2026-07-18,2026-07-24,Delivered,Cash on Delivery,10326.74
5112,934,2,4,23,2026-05-15,2026-05-20,Delivered,Cash on Delivery,26876.33
5113,598,5,9,78,2025-11-18,,Pending,Debit Card,17818.0
5114,866,4,6,24,2025-10-29,2025-11-03,Delivered,Debit Card,17381.1
5115,265,2,10,88,2025-12-19,2025-12-26,Delivered,Cash on Delivery,34672.4
5116,786,1,18,56,2025-11-27,2025-12-04,Delivered,UPI,6048.52
5117,317,1,8,29,2025-09-16,2025-09-19,Delivered,Net Banking,23029.41
5118,725,4,17,4,2026-06-19,2026-06-23,Delivered,UPI,20117.6
5119,862,1,11,41,2026-05-20,2026-05-25,Delivered,Cash on Delivery,17242.63
5120,716,5,6,100,2026-07-08,2026-07-12,Delivered,UPI,54876.57
5121,176,1,12,74,2026-04-20,2026-04-22,Delivered,Debit Card,32719.72
5122,978,4,13,31,2025-11-23,2025-11-24,Delivered,Credit Card,24378.77
5123,908,2,13,51,2025-08-12,2025-08-14,Delivered,Credit Card,52191.94
5124,332,1,17,39,2025-12-10,2025-12-17,Delivered,Credit Card,13086.0
5125,638,5,11,45,2025-12-11,2025-12-16,Delivered,Cash on Delivery,8839.02
5126,480,5,8,93,2025-10-21,2025-10-28,Delivered,Credit Card,3851.88
5127,617,3,12,63,2026-04-24,,Pending,Debit Card,26682.82
5128,70,3,19,83,2026-05-19,,Pending,Cash on Delivery,16321.74
5129,276,2,3,10,2026-01-08,2026-01-14,Delivered,Cash on Delivery,20911.36
5130,987,4,15,2,2025-11-03,2025-11-08,Delivered,Credit Card,24257.61
5131,985,4,12,51,2026-02-06,,Cancelled,Cash on Delivery,10726.68
5132,107,3,4,21,2026-05-15,2026-05-20,Delivered,Credit Card,43063.42
5133,211,5,7,4,2025-08-26,,Pending,UPI,26762.84
5134,371,2,13,32,2026-04-24,2026-04-29,Delivered,Net Banking,8632.06
5135,988,5,6,81,2026-02-18,2026-02-24,Delivered,Credit Card,14730.33
5136,524,2,15,29,2026-06-08,,Cancelled,UPI,40011.84
5137,41,2,16,88,2026-01-13,2026-01-18,Delivered,UPI,20129.44
5138,176,3,15,30,2026-05-29,2026-06-01,Delivered,Net Banking,4349.12
5139,358,1,5,24,2025-12-16,2025-12-18,Delivered,UPI,1828.56
5140,632,5,15,3,2026-05-25,2026-05-27,Delivered,Cash on Delivery,9117.07
5141,260,4,3,56,2025-11-12,2025-11-14,Delivered,Net Banking,17164.17
5142,715,4,14,98,2026-04-16,,Pending,Debit Card,39725.64
5143,68,3,6,80,2025-08-02,2025-08-05,Delivered,Debit Card,63398.23
5144,94,1,1,3,2025-10-29,,Cancelled,UPI,38452.6
5145,526,3,4,80,2026-07-01,2026-07-06,Delivered,Credit Card,4555.83
5146,132,1,14,23,2025-12-29,2025-12-30,Delivered,Credit Card,15144.7
5147,429,3,1,58,2026-06-13,2026-06-15,Delivered,UPI,34026.93
5148,158,3,17,30,2026-04-25,2026-04-27,Delivered,Credit Card,5294.38
5149,899,3,9,26,2025-11-09,,Cancelled,Credit Card,40460.24
5150,589,2,4,56,2026-06-18,,Pending,Net Banking,48753.65
5151,31,4,20,15,2026-07-02,,Pending,Credit Card,45192.56
5152,127,5,14,55,2026-07-11,2026-07-18,Delivered,Cash on Delivery,42339.27
5153,745,1,10,2,2026-02-10,2026-02-17,Delivered,Debit Card,18293.84
5154,383,4,9,33,2026-02-24,2026-02-25,Delivered,UPI,28307.35
5155,447,1,13,34,2025-09-22,2025-09-23,Delivered,Net Banking,10970.7
5156,295,1,10,95,2025-09-11,2025-09-12,Delivered,Debit Card,43592.54
5157,747,5,4,63,2025-12-10,2025-12-12,Delivered,Cash on Delivery,50698.59
5158,851,3,6,67,2026-07-01,2026-07-03,Delivered,UPI,22248.84
5159,122,5,12,1,2026-05-01,2026-05-02,Delivered,Cash on Delivery,21954.12
5160,631,2,19,91,2026-03-05,2026-03-11,Delivered,UPI,14891.94
5161,338,2,6,91,2026-01-18,2026-01-20,Delivered,Credit Card,4864.66
5162,137,5,18,7,2026-02-05,2026-02-12,Delivered,Credit Card,10245.54
5163,467,3,15,82,2025-10-31,2025-11-03,Delivered,UPI,1569.06
5164,978,2,10,64,2026-02-13,,Cancelled,Debit Card,25029.39
5165,765,1,7,77,2025-12-17,2025-12-24,Delivered,UPI,26217.69
5166,119,3,11,100,2025-11-11,2025-11-14,Delivered,Net Banking,42441.61
5167,703,5,14,24,2026-07-26,2026-08-01,Delivered,Net Banking,8519.36
5168,552,4,6,52,2026-04-29,2026-04-30,Delivered,Debit Card,22685.71
5169,545,1,19,3,2025-12-29,,Cancelled,Debit Card,9727.38
5170,931,5,12,69,2026-01-02,,Pending,UPI,10542.94
5171,724,4,19,61,2025-09-24,2025-09-29,Delivered,UPI,3495.94
5172,819,3,10,17,2025-10-11,2025-10-13,Delivered,Debit Card,5256.86
5173,983,2,10,85,2025-09-14,2025-09-19,Delivered,UPI,13870.47
5174,334,4,12,73,2025-10-24,2025-10-27,Delivered,Cash on Delivery,21978.82
5175,614,4,20,12,2026-01-09,2026-01-11,Delivered,Net Banking,24043.86
5176,817,3,18,29,2025-08-10,2025-08-13,Delivered,Cash on Delivery,19399.84
5177,422,3,5,57,2025-12-22,,Pending,UPI,51975.23
5178,90,3,13,1,2025-12-30,2026-01-06,Delivered,Net Banking,9684.56
5179,585,1,15,5,2026-06-05,,Pending,Debit Card,30636.95
5180,676,2,6,24,2026-01-23,2026-01-25,Delivered,Cash on Delivery,32907.06
5181,727,1,17,77,2026-03-18,,Pending,UPI,12896.28
5182,938,1,17,26,2026-05-24,2026-05-28,Delivered,Credit Card,6788.81
5183,688,5,17,82,2026-03-26,2026-03-31,Delivered,Net Banking,18667.34
5184,739,3,8,1,2026-02-17,2026-02-21,Delivered,Cash on Delivery,7408.52
5185,925,5,4,95,2026-01-01,2026-01-03,Delivered,Net Banking,13176.69
5186,774,5,16,74,2025-11-14,,Pending,Credit Card,18232.49
5187,478,3,4,82,2026-03-11,,Pending,Cash on Delivery,6388.92
5188,958,4,2,29,2025-08-24,2025-08-30,Delivered,Net Banking,54516.61
5189,904,2,17,87,2025-09-15,2025-09-22,Delivered,Net Banking,75519.98
5190,375,1,18,79,2025-12-18,2025-12-23,Delivered,Net Banking,46152.17
5191,792,4,9,100,2026-03-09,2026-03-14,Delivered,Cash on Delivery,33371.3
5192,714,1,8,7,2025-11-24,2025-11-29,Delivered,UPI,26604.31
5193,482,5,8,64,2026-03-04,2026-03-09,Delivered,Net Banking,34789.22
5194,871,3,10,36,2026-06-09,2026-06-15,Delivered,Debit Card,7331.49
5195,284,2,4,6,2026-01-31,2026-02-05,Delivered,Cash on Delivery,26498.04
5196,139,3,13,82,2026-07-15,,Pending,Debit Card,12672.51
5197,670,3,8,39,2026-06-24,,Pending,Net Banking,41327.42
5198,112,3,13,4,2026-07-06,,Pending,Credit Card,21921.88
5199,350,2,19,84,2026-04-11,,Pending,Net Banking,32920.35
5200,529,5,11,81,2026-07-13,2026-07-20,Delivered,UPI,19918.82
5201,474,4,20,91,2025-10-02,,Pending,Debit Card,83831.61
5202,519,4,11,58,2025-09-17,2025-09-19,Delivered,Debit Card,18327.1
5203,427,3,18,10,2026-05-13,2026-05-18,Delivered,Credit Card,9516.22
5204,314,2,2,63,2025-08-15,,Pending,UPI,27051.46
5205,454,4,4,88,2025-11-03,,Pending,Cash on Delivery,25368.15
5206,97,1,7,41,2025-10-07,2025-10-13,Delivered,Cash on Delivery,31481.89
5207,521,2,18,28,2026-03-18,2026-03-20,Delivered,Credit Card,26989.63
5208,203,2,17,42,2026-02-15,2026-02-17,Delivered,Cash on Delivery,18358.48
5209,596,3,19,78,2025-12-24,2025-12-29,Delivered,UPI,53941.24
5210,746,4,6,29,2025-10-06,2025-10-08,Delivered,Debit Card,11019.9
5211,201,3,6,59,2025-09-29,2025-10-05,Delivered,UPI,2687.96
5212,292,1,20,58,2026-01-02,2026-01-07,Delivered,Credit Card,39286.6
5213,144,1,5,32,2026-03-02,2026-03-06,Delivered,Debit Card,4854.65
5214,435,5,20,43,2026-03-24,,Pending,Credit Card,13172.99
5215,728,4,12,41,2025-09-15,2025-09-21,Delivered,UPI,45684.73
5216,936,4,5,5,2025-07-31,2025-08-01,Delivered,Debit Card,5682.3
5217,76,3,7,54,2025-12-23,,Cancelled,Debit Card,6226.51
5218,578,1,9,61,2026-01-04,,Pending,Credit Card,16217.61
5219,111,5,18,73,2025-12-28,2026-01-03,Delivered,UPI,19530.64
5220,980,1,5,62,2025-08-24,2025-08-31,Delivered,Cash on Delivery,15430.05
5221,333,2,1,57,2026-01-19,2026-01-20,Delivered,Credit Card,51697.7
5222,891,1,5,70,2026-07-23,2026-07-29,Delivered,Debit Card,19247.72
5223,396,3,10,37,2026-03-05,2026-03-11,Delivered,Credit Card,51236.36
5224,688,3,1,33,2026-03-10,2026-03-13,Delivered,Net Banking,52040.91
5225,341,2,2,17,2026-01-01,,Cancelled,Debit Card,16231.81
5226,439,5,1,64,2025-10-03,2025-10-10,Delivered,Net Banking,39991.99
5227,822,4,10,28,2025-10-08,2025-10-10,Delivered,Cash on Delivery,16632.16
5228,879,3,7,74,2026-07-08,2026-07-09,Delivered,Cash on Delivery,22158.08
5229,37,2,1,67,2025-12-07,2025-12-13,Delivered,Cash on Delivery,8900.37
5230,580,2,13,93,2025-12-20,2025-12-27,Delivered,Cash on Delivery,21509.14
5231,912,2,19,3,2026-03-21,2026-03-27,Delivered,Credit Card,3909.14
5232,64,1,19,57,2026-03-13,2026-03-16,Delivered,Cash on Delivery,2794.78
5233,107,4,15,99,2026-07-14,2026-07-18,Delivered,UPI,46157.5
5234,940,1,3,44,2026-07-07,2026-07-09,Delivered,UPI,35022.53
5235,213,1,19,27,2026-03-17,2026-03-22,Delivered,Cash on Delivery,54506.15
5236,447,1,20,61,2026-04-08,,Pending,Cash on Delivery,33617.3
5237,187,2,3,71,2026-06-10,2026-06-16,Delivered,Credit Card,22397.58
5238,603,4,3,95,2025-09-24,2025-09-29,Delivered,Net Banking,14814.66
5239,151,2,4,1,2026-03-12,,Pending,UPI,45742.46
5240,492,1,3,21,2026-07-17,2026-07-21,Delivered,UPI,18027.31
5241,920,5,18,17,2026-05-09,,Pending,Credit Card,52116.4
5242,669,4,15,57,2026-03-18,2026-03-20,Delivered,UPI,32236.07
5243,324,5,10,80,2026-05-30,2026-06-03,Delivered,Net Banking,24867.42
5244,911,2,15,22,2026-05-08,,Pending,UPI,26269.61
5245,410,5,7,20,2026-02-24,2026-03-02,Delivered,UPI,51820.94
5246,984,5,3,22,2025-10-31,2025-11-05,Delivered,UPI,4904.07
5247,924,3,10,34,2025-10-18,2025-10-22,Delivered,Net Banking,23829.04
5248,594,4,11,18,2025-11-28,2025-12-01,Delivered,Cash on Delivery,24812.9
5249,14,1,19,54,2026-05-14,,Pending,Cash on Delivery,39446.6
5250,908,3,9,57,2026-02-26,2026-03-04,Delivered,Debit Card,32154.1
5251,182,4,12,60,2026-05-08,2026-05-13,Delivered,Debit Card,19058.95
5252,481,3,16,71,2026-01-28,,Pending,UPI,17528.55
5253,453,4,1,90,2026-06-27,2026-06-30,Delivered,Debit Card,29430.73
5254,491,1,15,59,2025-12-29,,Pending,Cash on Delivery,55154.4
5255,89,4,5,79,2026-02-27,2026-03-04,Delivered,Credit Card,5668.64
5256,559,5,10,20,2026-02-11,2026-02-12,Delivered,Credit Card,11851.1
5257,525,4,5,52,2026-01-23,2026-01-24,Delivered,Debit Card,2440.12
5258,123,4,15,4,2026-04-28,2026-04-30,Delivered,UPI,23960.49
5259,661,4,17,55,2026-02-04,2026-02-08,Delivered,Net Banking,31864.94
5260,528,4,1,26,2026-01-18,2026-01-25,Delivered,Cash on Delivery,35790.06
5261,313,1,16,74,2026-03-21,,Pending,Credit Card,12268.18
5262,478,2,19,68,2025-10-07,2025-10-08,Delivered,Debit Card,8670.52
5263,137,3,18,88,2025-12-18,2025-12-21,Delivered,UPI,51357.38
5264,859,1,13,3,2026-07-17,2026-07-22,Delivered,Net Banking,12474.12
5265,570,1,9,72,2026-05-26,2026-05-30,Delivered,UPI,688.71
5266,483,4,1,89,2026-01-11,2026-01-17,Delivered,Cash on Delivery,30086.65
5267,894,4,4,47,2025-07-31,2025-08-04,Delivered,UPI,60419.96
5268,742,1,2,61,2025-11-20,,Pending,Debit Card,18611.95
5269,232,5,8,55,2025-09-12,,Cancelled,Debit Card,7227.77
5270,750,2,15,77,2025-10-30,2025-11-05,Delivered,Debit Card,52766.15
5271,423,1,3,86,2025-11-02,2025-11-03,Delivered,UPI,14176.75
5272,949,1,19,1,2026-02-15,2026-02-19,Delivered,UPI,47017.98
5273,509,2,18,95,2025-10-02,2025-10-08,Delivered,UPI,14126.67
5274,382,5,2,20,2025-08-14,2025-08-17,Delivered,Cash on Delivery,41338.15
5275,168,1,8,91,2026-02-15,2026-02-17,Delivered,UPI,46409.47
5276,13,4,6,80,2026-06-28,,Pending,Debit Card,39146.68
5277,927,4,20,78,2026-06-05,2026-06-11,Delivered,Debit Card,62562.35
5278,656,4,8,77,2025-11-01,2025-11-06,Delivered,Debit Card,10221.24
5279,261,5,6,45,2026-07-09,2026-07-15,Delivered,Debit Card,6383.08
5280,686,3,6,8,2026-03-20,2026-03-24,Delivered,UPI,26776.16
5281,358,3,7,57,2026-06-07,2026-06-14,Delivered,UPI,37583.94
5282,923,5,7,31,2025-10-30,2025-11-06,Delivered,Credit Card,14069.93
5283,890,4,15,55,2025-09-02,,Pending,Net Banking,15486.57
5284,790,4,20,58,2025-12-01,2025-12-02,Delivered,UPI,30787.52
5285,858,1,17,41,2025-10-12,2025-10-19,Delivered,Cash on Delivery,83039.99
5286,309,5,20,85,2026-03-18,2026-03-21,Delivered,Debit Card,28538.53
5287,631,3,13,67,2026-02-17,2026-02-20,Delivered,Net Banking,45936.16
5288,627,3,2,66,2026-05-12,2026-05-19,Delivered,Net Banking,18811.84
5289,411,3,6,37,2025-10-08,2025-10-14,Delivered,Cash on Delivery,28498.85
5290,262,5,9,43,2026-05-19,2026-05-24,Delivered,Net Banking,54841.74
5291,448,2,7,24,2026-03-16,2026-03-23,Delivered,Debit Card,5294.38
5292,149,1,15,95,2025-08-28,2025-08-29,Delivered,UPI,41652.72
5293,709,1,2,90,2025-09-25,2025-10-02,Delivered,Net Banking,5234.76
5294,257,5,14,87,2025-09-13,2025-09-18,Delivered,Net Banking,29072.8
5295,685,1,11,77,2025-12-30,2026-01-01,Delivered,Credit Card,26057.35
5296,366,2,19,53,2025-07-30,2025-08-05,Delivered,UPI,530.97
5297,839,3,15,93,2025-08-07,2025-08-13,Delivered,Net Banking,43810.56
5298,9,4,2,20,2025-07-28,2025-08-04,Delivered,Debit Card,57995.23
5299,159,4,12,79,2026-07-10,,Cancelled,Credit Card,5196.66
5300,9,2,11,43,2025-08-21,2025-08-28,Delivered,Net Banking,40443.1
5301,530,5,16,71,2025-11-16,,Pending,Credit Card,43020.7
5302,992,4,3,98,2025-11-19,,Pending,Debit Card,10736.52
5303,624,1,18,36,2025-08-15,2025-08-19,Delivered,Debit Card,20624.45
5304,179,1,19,32,2026-04-06,,Pending,Cash on Delivery,7730.38
5305,739,2,18,33,2026-04-08,2026-04-15,Delivered,UPI,47596.51
5306,269,3,14,11,2026-04-24,2026-04-28,Delivered,Net Banking,36684.54
5307,49,5,9,45,2026-01-24,,Pending,Credit Card,8400.53
5308,434,5,15,55,2026-07-23,2026-07-28,Delivered,Net Banking,19528.78
5309,466,3,19,70,2025-12-28,2026-01-01,Delivered,Debit Card,28200.29
5310,286,3,11,66,2025-09-22,2025-09-26,Delivered,UPI,43822.67
5311,242,2,9,1,2026-06-18,2026-06-23,Delivered,Net Banking,43496.8
5312,709,1,7,54,2026-03-23,,Cancelled,Debit Card,18438.28
5313,986,3,20,56,2026-05-04,2026-05-08,Delivered,UPI,743.06
5314,716,5,19,27,2026-05-13,2026-05-15,Delivered,Net Banking,4937.37
5315,28,5,4,20,2025-08-22,,Pending,Debit Card,37092.15
5316,807,3,10,62,2026-05-30,2026-06-03,Delivered,Cash on Delivery,3822.47
5317,122,4,3,47,2025-11-22,2025-11-29,Delivered,Credit Card,32721.05
5318,723,1,5,90,2026-05-10,,Pending,Cash on Delivery,17568.92
5319,29,1,14,43,2026-04-06,2026-04-11,Delivered,Debit Card,31137.6
5320,992,2,8,14,2026-04-09,2026-04-11,Delivered,Cash on Delivery,15936.76
5321,651,4,10,31,2025-10-23,2025-10-25,Delivered,Credit Card,68368.62
5322,828,2,16,9,2026-06-23,2026-06-29,Delivered,Debit Card,21380.13
5323,306,1,15,46,2025-08-09,2025-08-16,Delivered,UPI,23718.93
5324,134,4,3,27,2026-06-30,2026-07-01,Delivered,Net Banking,21466.0
5325,868,5,6,72,2025-11-14,,Pending,UPI,46682.66
5326,928,3,13,54,2026-05-06,2026-05-12,Delivered,Debit Card,10895.12
5327,638,2,17,43,2026-07-25,2026-07-29,Delivered,Debit Card,44022.02
5328,444,1,11,91,2026-03-03,,Pending,Net Banking,13660.42
5329,953,5,1,22,2025-08-23,2025-08-28,Delivered,Credit Card,51050.76
5330,347,5,5,10,2025-10-19,,Pending,Net Banking,56075.74
5331,391,5,14,75,2025-11-20,2025-11-23,Delivered,Debit Card,11130.56
5332,400,3,19,92,2025-09-10,2025-09-17,Delivered,Credit Card,25507.65
5333,550,5,17,21,2025-08-02,,Cancelled,Debit Card,57495.14
5334,460,1,2,43,2025-10-14,2025-10-16,Delivered,Credit Card,12773.5
5335,860,4,6,79,2026-02-12,2026-02-19,Delivered,UPI,7981.19
5336,812,2,6,27,2026-06-07,2026-06-08,Delivered,Cash on Delivery,25707.38
5337,968,2,13,67,2026-03-07,2026-03-10,Delivered,Cash on Delivery,31417.84
5338,952,5,16,70,2026-02-04,2026-02-08,Delivered,Debit Card,45436.31
5339,191,4,16,19,2025-11-28,2025-12-04,Delivered,UPI,27608.8
5340,740,4,8,20,2025-09-24,2025-09-28,Delivered,Net Banking,8630.16
5341,232,1,9,57,2026-07-11,,Cancelled,Cash on Delivery,14194.6
5342,187,3,18,30,2026-03-30,,Pending,Debit Card,5294.44
5343,833,2,12,62,2026-06-19,2026-06-23,Delivered,Credit Card,14114.9
5344,977,1,5,58,2026-02-23,2026-03-01,Delivered,UPI,32577.74
5345,261,5,11,28,2026-01-25,2026-01-28,Delivered,Cash on Delivery,54299.67
5346,224,2,2,17,2025-09-16,,Pending,Credit Card,27164.17
5347,175,4,18,45,2025-08-08,,Pending,UPI,15519.0
5348,320,2,6,33,2026-03-13,2026-03-19,Delivered,Debit Card,50968.84
5349,351,5,11,38,2026-03-22,,Pending,Net Banking,23653.89
5350,744,4,8,75,2026-02-21,,Pending,UPI,11164.1
5351,301,5,4,14,2026-01-11,2026-01-16,Delivered,UPI,41589.31
5352,369,3,19,54,2026-04-03,2026-04-10,Delivered,Cash on Delivery,11523.48
5353,891,3,15,30,2025-12-01,2025-12-08,Delivered,Cash on Delivery,31397.55
5354,624,3,1,39,2026-06-15,,Cancelled,Net Banking,38990.45
5355,688,2,9,96,2026-04-13,2026-04-17,Delivered,Credit Card,27822.9
5356,192,2,6,80,2025-12-23,,Pending,Debit Card,38180.15
5357,558,4,20,43,2025-11-19,2025-11-23,Delivered,UPI,3712.92
5358,11,3,14,21,2025-09-27,2025-10-02,Delivered,Debit Card,9816.05
5359,597,2,19,87,2026-05-11,,Pending,Cash on Delivery,21800.69
5360,282,5,2,63,2026-05-28,2026-06-03,Delivered,Net Banking,15872.1
5361,331,1,7,8,2026-04-12,2026-04-18,Delivered,Credit Card,4392.23
5362,881,1,8,74,2026-07-26,2026-08-01,Delivered,Credit Card,1371.48
5363,739,4,17,64,2026-04-23,2026-04-30,Delivered,Credit Card,8144.71
5364,558,5,8,32,2025-09-17,2025-09-22,Delivered,UPI,12708.29
5365,329,1,18,100,2025-11-19,,Cancelled,Net Banking,21955.56
5366,690,2,1,15,2026-07-14,2026-07-16,Delivered,Cash on Delivery,32213.21
5367,287,2,7,42,2025-07-31,2025-08-01,Delivered,Cash on Delivery,12465.76
5368,503,1,6,66,2025-12-01,,Pending,Debit Card,17934.94
5369,949,5,13,47,2026-03-25,2026-03-31,Delivered,Debit Card,26443.67
5370,474,3,19,86,2026-04-28,,Pending,Cash on Delivery,10068.84
5371,349,3,19,44,2026-04-05,2026-04-08,Delivered,UPI,29435.67
5372,913,2,11,42,2025-09-23,,Pending,Cash on Delivery,13186.18
5373,138,1,19,91,2025-08-17,2025-08-21,Delivered,Debit Card,22459.04
5374,527,5,12,37,2026-02-13,,Pending,Credit Card,14150.97
5375,640,3,12,21,2025-10-05,2025-10-07,Delivered,Credit Card,22916.34
5376,829,5,2,59,2025-10-25,,Pending,Net Banking,15943.58
5377,168,1,3,51,2025-12-04,2025-12-05,Delivered,Net Banking,38679.87
5378,645,4,6,12,2026-06-14,2026-06-17,Delivered,Debit Card,6255.96
5379,728,2,10,41,2025-10-25,2025-11-01,Delivered,UPI,12662.64
5380,809,5,5,61,2025-08-08,2025-08-15,Delivered,Debit Card,25572.38
5381,475,5,7,4,2026-03-05,2026-03-12,Delivered,Credit Card,11196.92
5382,308,3,2,25,2026-07-24,,Pending,Credit Card,59653.99
5383,177,3,3,22,2026-01-31,2026-02-03,Delivered,UPI,37495.53
5384,755,4,6,75,2026-01-08,2026-01-15,Delivered,Credit Card,43526.77
5385,297,1,1,74,2026-01-09,2026-01-11,Delivered,Net Banking,20798.77
5386,923,2,2,47,2026-03-20,2026-03-26,Delivered,Debit Card,33431.02
5387,490,1,19,41,2026-06-02,2026-06-03,Delivered,Debit Card,29500.02
5388,948,1,16,78,2025-09-04,,Pending,Credit Card,52034.48
5389,820,1,8,20,2026-03-25,2026-03-29,Delivered,UPI,43805.1
5390,567,1,20,12,2025-11-05,,Cancelled,Credit Card,10232.36
5391,820,2,10,95,2026-02-28,,Cancelled,Debit Card,31081.18
5392,821,2,17,91,2026-07-13,2026-07-14,Delivered,Credit Card,46954.53
5393,616,4,20,56,2026-03-24,2026-03-28,Delivered,Net Banking,13376.56
5394,426,2,3,24,2025-12-29,2026-01-01,Delivered,UPI,47165.54
5395,787,5,4,20,2025-09-13,2025-09-15,Delivered,UPI,42770.08
5396,905,1,7,65,2026-07-17,2026-07-19,Delivered,UPI,26697.5
5397,297,5,19,40,2026-07-26,2026-07-28,Delivered,Net Banking,6440.49
5398,974,5,20,7,2026-03-04,2026-03-10,Delivered,UPI,25321.12
5399,593,3,13,87,2026-06-13,2026-06-20,Delivered,Credit Card,4439.29
5400,193,5,4,74,2026-05-24,2026-05-29,Delivered,UPI,17441.92
5401,526,3,5,9,2026-02-23,2026-02-25,Delivered,Cash on Delivery,38720.4
5402,988,2,18,94,2026-07-19,,Pending,UPI,8706.86
5403,453,4,5,30,2026-06-09,,Pending,Cash on Delivery,11427.71
5404,56,1,10,92,2025-08-09,,Pending,Cash on Delivery,57176.52
5405,88,5,1,84,2026-04-05,2026-04-10,Delivered,UPI,6420.92
5406,634,4,4,65,2026-06-24,,Pending,Debit Card,36447.17
5407,37,2,11,4,2025-12-17,2025-12-23,Delivered,Credit Card,23993.83
5408,24,3,8,35,2025-12-30,,Cancelled,Net Banking,685.74
5409,377,1,14,4,2026-02-19,,Cancelled,Debit Card,377.4
5410,916,3,17,61,2025-09-16,,Pending,UPI,9622.52
5411,847,2,16,59,2026-07-03,2026-07-09,Delivered,Debit Card,3925.75
5412,725,4,15,20,2025-07-28,2025-08-04,Delivered,Credit Card,19231.71
5413,121,4,13,4,2025-08-29,,Pending,Net Banking,459.14
5414,746,1,3,12,2026-01-27,2026-02-03,Delivered,Debit Card,40626.57
5415,790,5,15,4,2026-04-08,,Cancelled,Net Banking,18577.24
5416,389,4,7,8,2025-12-15,2025-12-22,Delivered,UPI,35505.37
5417,14,5,12,77,2025-10-30,2025-11-03,Delivered,Cash on Delivery,6540.24
5418,407,2,20,32,2026-03-27,,Pending,Credit Card,18800.11
5419,224,3,15,8,2026-07-25,2026-07-26,Delivered,Net Banking,63421.67
5420,839,1,1,4,2025-07-28,2025-08-04,Delivered,Debit Card,20688.48
5421,672,2,2,72,2026-01-17,2026-01-19,Delivered,Credit Card,45869.44
5422,306,4,7,4,2026-03-23,,Pending,Debit Card,4748.61
5423,911,5,18,100,2026-01-01,2026-01-04,Delivered,Net Banking,49195.44
5424,566,2,7,80,2026-01-01,,Pending,Credit Card,32904.05
5425,480,5,11,77,2025-09-04,2025-09-11,Delivered,Cash on Delivery,14149.26
5426,191,3,5,68,2026-07-25,,Pending,Net Banking,25873.73
5427,859,3,5,88,2026-02-16,2026-02-19,Delivered,Debit Card,57027.76
5428,324,5,4,28,2026-01-10,2026-01-11,Delivered,Cash on Delivery,39835.74
5429,801,5,1,28,2026-03-06,,Pending,Credit Card,23237.91
5430,797,2,8,55,2025-12-03,2025-12-08,Delivered,Net Banking,2952.71
5431,728,2,16,26,2026-01-29,2026-02-03,Delivered,Credit Card,13811.68
5432,976,2,8,69,2025-09-24,2025-09-27,Delivered,Cash on Delivery,18087.24
5433,262,4,15,47,2026-05-17,2026-05-21,Delivered,Debit Card,19360.84
5434,530,3,14,95,2026-05-19,2026-05-25,Delivered,UPI,11193.36
5435,403,2,8,63,2026-04-06,,Pending,UPI,5435.04
5436,410,2,8,14,2026-07-17,2026-07-20,Delivered,Net Banking,34939.88
5437,453,3,16,52,2026-05-07,2026-05-10,Delivered,Net Banking,25160.1
5438,310,3,1,66,2026-04-02,2026-04-08,Delivered,Debit Card,24270.12
5439,819,1,3,48,2026-05-22,2026-05-27,Delivered,Debit Card,8284.55
5440,729,1,7,90,2025-11-16,2025-11-17,Delivered,Cash on Delivery,35060.31
5441,552,1,13,16,2026-06-21,2026-06-25,Delivered,Credit Card,4105.5
5442,899,2,13,10,2026-06-20,2026-06-25,Delivered,Cash on Delivery,39955.76
5443,767,3,1,43,2025-07-29,2025-08-04,Delivered,Cash on Delivery,43385.6
5444,995,5,12,34,2025-11-24,2025-11-28,Delivered,Credit Card,43303.2
5445,389,2,17,97,2025-10-31,2025-11-07,Delivered,Cash on Delivery,22540.64
5446,463,2,3,35,2026-05-31,,Pending,Debit Card,50495.24
5447,899,3,9,81,2026-07-26,2026-07-29,Delivered,Net Banking,19880.82
5448,363,1,14,55,2025-11-23,2025-11-25,Delivered,UPI,21994.9
5449,95,2,20,53,2026-02-02,2026-02-04,Delivered,Cash on Delivery,17067.53
5450,795,4,5,29,2025-11-04,,Cancelled,Net Banking,22133.76
5451,483,4,9,88,2025-09-11,2025-09-12,Delivered,Credit Card,17077.51
5452,400,1,17,30,2026-04-29,2026-05-05,Delivered,Net Banking,19660.66
5453,333,5,15,3,2025-09-28,,Cancelled,Credit Card,3272.1
5454,265,1,1,100,2025-11-27,2025-12-02,Delivered,Cash on Delivery,27807.63
5455,700,2,12,5,2025-10-22,2025-10-23,Delivered,Cash on Delivery,19905.35
5456,823,1,9,97,2025-08-24,,Pending,Credit Card,53293.55
5457,282,2,17,81,2026-04-08,2026-04-11,Delivered,Cash on Delivery,61427.56
5458,833,2,15,5,2025-10-10,2025-10-14,Delivered,Cash on Delivery,28659.88
5459,951,3,19,43,2026-01-30,2026-02-04,Delivered,UPI,58292.45
5460,313,3,6,77,2026-04-09,,Cancelled,Debit Card,36270.93
5461,628,2,13,55,2026-03-24,2026-03-27,Delivered,UPI,8373.64
5462,760,4,16,90,2025-11-26,2025-11-29,Delivered,Credit Card,20680.22
5463,487,1,11,22,2026-06-22,2026-06-23,Delivered,Cash on Delivery,1791.98
5464,991,2,3,83,2025-12-31,,Cancelled,Debit Card,8634.16
5465,314,3,15,75,2025-09-02,2025-09-05,Delivered,Net Banking,9392.17
5466,189,4,8,41,2025-07-31,2025-08-07,Delivered,Credit Card,55309.56
5467,565,5,8,21,2025-08-16,2025-08-22,Delivered,Net Banking,13046.0
5468,499,1,3,88,2026-02-04,,Cancelled,UPI,42787.28
5469,93,2,15,2,2026-02-02,2026-02-03,Delivered,Net Banking,11110.65
5470,291,2,11,58,2026-02-04,2026-02-05,Delivered,UPI,36534.36
5471,877,5,9,100,2025-10-11,,Pending,Debit Card,35423.96
5472,573,3,10,12,2026-04-02,2026-04-09,Delivered,Credit Card,64097.52
5473,641,2,8,41,2025-09-30,2025-10-07,Delivered,Net Banking,21918.04
5474,207,4,7,62,2025-08-24,2025-08-29,Delivered,Debit Card,44868.46
5475,881,1,13,85,2026-02-04,2026-02-09,Delivered,Credit Card,32212.95
5476,50,4,5,54,2025-12-09,,Pending,Debit Card,31115.03
5477,653,1,15,92,2025-08-20,2025-08-27,Delivered,Debit Card,4112.88
5478,531,1,18,17,2025-10-22,,Pending,Net Banking,44066.62
5479,887,5,15,5,2026-01-05,2026-01-10,Delivered,Debit Card,17437.27
5480,75,1,1,63,2025-08-29,2025-08-30,Delivered,Cash on Delivery,15735.87
5481,123,3,3,39,2026-05-17,,Pending,Debit Card,41723.47
5482,391,5,3,14,2026-03-07,,Cancelled,Credit Card,10588.76
5483,62,2,19,59,2026-05-18,2026-05-21,Delivered,Debit Card,6026.85
5484,895,5,16,28,2026-04-10,,Cancelled,Net Banking,54162.06
5485,879,4,11,91,2025-10-04,2025-10-08,Delivered,Debit Card,6866.48
5486,573,5,16,59,2025-08-13,2025-08-17,Delivered,Net Banking,55341.61
5487,909,2,4,81,2025-09-21,2025-09-23,Delivered,Debit Card,16953.58
5488,954,5,4,21,2026-04-22,2026-04-28,Delivered,UPI,63157.5
5489,564,5,6,97,2025-12-03,2025-12-07,Delivered,Net Banking,6088.2
5490,62,1,20,53,2026-06-15,2026-06-19,Delivered,Credit Card,34858.33
5491,555,2,14,47,2026-03-25,,Pending,Net Banking,33124.37
5492,221,4,19,83,2026-05-12,,Cancelled,UPI,4629.95
5493,420,5,10,52,2026-06-16,,Pending,Credit Card,13907.04
5494,999,1,4,99,2026-03-10,2026-03-17,Delivered,Credit Card,11655.84
5495,700,5,16,2,2026-03-16,,Pending,UPI,17891.77
5496,458,1,2,32,2026-05-03,2026-05-10,Delivered,Net Banking,26327.17
5497,647,4,17,97,2025-08-23,2025-08-29,Delivered,Net Banking,14121.15
5498,231,1,6,5,2026-03-13,2026-03-20,Delivered,Net Banking,5196.66
5499,988,5,17,31,2025-10-12,2025-10-15,Delivered,Credit Card,5143.35
5500,689,4,14,63,2026-02-12,2026-02-17,Delivered,Cash on Delivery,25794.6
5501,957,4,6,79,2026-01-31,2026-02-01,Delivered,Debit Card,34476.16
5502,690,2,9,44,2025-10-10,2025-10-14,Delivered,Cash on Delivery,37331.51
5503,483,5,13,47,2025-10-16,2025-10-17,Delivered,Net Banking,38275.68
5504,165,3,17,14,2026-01-21,2026-01-26,Delivered,Cash on Delivery,45462.38
5505,489,1,19,45,2025-08-11,2025-08-18,Delivered,Credit Card,11487.0
5506,315,1,11,98,2025-10-08,2025-10-10,Delivered,Credit Card,29027.72
5507,448,1,6,51,2025-11-19,2025-11-21,Delivered,Credit Card,10093.48
5508,129,3,13,85,2026-05-07,,Cancelled,Debit Card,62795.16
5509,176,5,12,57,2025-10-06,2025-10-07,Delivered,UPI,2565.82
5510,473,4,9,100,2026-06-06,,Pending,Credit Card,8722.2
5511,344,2,3,56,2025-11-18,2025-11-20,Delivered,Debit Card,37737.17
5512,477,2,13,96,2026-06-22,2026-06-23,Delivered,Debit Card,38476.7
5513,726,5,18,26,2025-11-24,2025-11-30,Delivered,Net Banking,5192.77
5514,26,2,2,93,2025-11-10,,Pending,Cash on Delivery,16033.29
5515,741,2,14,77,2026-06-20,,Pending,Credit Card,22363.41
5516,505,2,14,30,2026-01-17,2026-01-20,Delivered,Credit Card,19968.62
5517,546,5,12,90,2025-11-15,2025-11-22,Delivered,Credit Card,2904.18
5518,477,2,5,29,2026-02-25,2026-02-27,Delivered,Debit Card,30131.1
5519,769,2,19,27,2026-03-20,2026-03-22,Delivered,Cash on Delivery,6751.19
5520,845,3,2,1,2025-07-27,2025-08-01,Delivered,Credit Card,13276.74
5521,671,1,7,33,2026-05-25,,Pending,Credit Card,16053.12
5522,761,2,15,2,2025-11-09,2025-11-11,Delivered,Credit Card,29038.64
5523,700,5,4,81,2026-02-03,2026-02-10,Delivered,Credit Card,18848.66
5524,547,1,9,47,2026-01-10,2026-01-17,Delivered,Credit Card,28534.28
5525,369,3,16,71,2025-08-05,2025-08-06,Delivered,Cash on Delivery,38728.89
5526,225,3,15,13,2026-01-15,2026-01-22,Delivered,UPI,7682.68
5527,489,1,14,74,2026-05-14,2026-05-19,Delivered,Cash on Delivery,46661.05
5528,303,2,12,91,2026-02-19,2026-02-22,Delivered,UPI,32734.67
5529,377,2,16,86,2026-01-04,2026-01-11,Delivered,Cash on Delivery,23042.1
5530,636,2,6,56,2026-06-28,2026-07-01,Delivered,Credit Card,3976.5
5531,645,4,15,26,2025-09-14,2025-09-19,Delivered,Net Banking,22112.02
5532,543,2,12,79,2026-05-23,2026-05-29,Delivered,Net Banking,33171.81
5533,570,1,7,82,2025-10-22,,Pending,Credit Card,13049.67
5534,618,4,15,79,2025-11-26,,Pending,Net Banking,5784.98
5535,884,3,7,87,2025-08-21,2025-08-27,Delivered,UPI,63560.67
5536,244,5,6,13,2026-07-20,2026-07-23,Delivered,Cash on Delivery,18490.01
5537,988,1,12,47,2026-07-05,,Pending,Credit Card,43285.43
5538,340,5,1,51,2025-07-28,2025-08-03,Delivered,Cash on Delivery,40531.74
5539,654,3,2,52,2026-04-21,2026-04-23,Delivered,Cash on Delivery,35532.99
5540,428,5,16,12,2026-06-17,,Pending,Net Banking,62104.32
5541,695,5,18,55,2026-01-25,2026-01-30,Delivered,Debit Card,29480.91
5542,742,1,20,12,2026-01-03,,Pending,Credit Card,21311.93
5543,541,4,11,24,2025-11-28,2025-12-05,Delivered,Cash on Delivery,22638.06
5544,173,4,5,14,2025-08-25,2025-08-30,Delivered,Credit Card,7036.62
5545,930,4,15,38,2026-05-24,2026-05-30,Delivered,Credit Card,32181.17
5546,611,3,20,33,2026-05-17,2026-05-22,Delivered,UPI,15970.59
5547,206,3,18,73,2026-03-20,2026-03-27,Delivered,Cash on Delivery,2898.58
5548,371,2,14,100,2025-08-23,2025-08-26,Delivered,UPI,19274.41
5549,482,1,2,66,2026-05-28,2026-05-29,Delivered,Credit Card,3901.17
5550,757,4,3,3,2026-01-26,2026-02-01,Delivered,Credit Card,22810.08
5551,390,3,13,29,2026-03-28,2026-03-30,Delivered,Cash on Delivery,4767.24
5552,673,2,15,27,2025-08-09,2025-08-16,Delivered,Credit Card,4521.77
5553,970,4,7,37,2026-07-18,,Pending,Debit Card,5402.36
5554,578,4,7,77,2026-04-20,,Cancelled,Cash on Delivery,22541.07
5555,6,1,4,75,2026-02-28,2026-03-05,Delivered,Debit Card,47574.54
5556,562,1,17,56,2026-06-23,2026-06-29,Delivered,Cash on Delivery,33573.13
5557,213,4,5,53,2026-05-26,2026-06-02,Delivered,Net Banking,19918.89
5558,908,4,19,81,2025-12-12,2025-12-18,Delivered,Net Banking,42580.46
5559,366,1,20,47,2025-08-30,2025-09-02,Delivered,Cash on Delivery,28503.94
5560,442,2,2,79,2026-01-30,2026-02-04,Delivered,Cash on Delivery,53562.14
5561,100,3,14,38,2026-04-22,,Pending,Net Banking,43863.04
5562,111,2,1,37,2025-10-27,2025-10-31,Delivered,Debit Card,26968.98
5563,429,3,14,74,2026-04-08,,Pending,Cash on Delivery,23900.8
5564,812,2,7,89,2025-09-29,,Cancelled,Net Banking,48371.12
5565,452,3,18,8,2026-06-27,2026-07-04,Delivered,Credit Card,32008.2
5566,514,4,19,4,2026-02-21,2026-02-25,Delivered,Debit Card,23985.54
5567,941,3,3,71,2026-03-14,2026-03-19,Delivered,Cash on Delivery,14669.24
5568,454,5,3,76,2025-12-08,2025-12-15,Delivered,Net Banking,29063.3
5569,243,3,15,36,2025-08-26,2025-08-29,Delivered,UPI,30534.93
5570,621,5,13,66,2025-11-08,2025-11-10,Delivered,UPI,11453.26
5571,405,2,6,96,2025-12-10,2025-12-12,Delivered,UPI,15780.55
5572,524,4,19,83,2025-12-22,2025-12-28,Delivered,Debit Card,48677.71
5573,403,3,20,82,2025-10-09,2025-10-11,Delivered,Credit Card,63338.46
5574,367,2,9,68,2025-11-03,2025-11-06,Delivered,UPI,52717.56
5575,192,2,4,88,2025-08-10,2025-08-11,Delivered,Net Banking,24120.11
5576,463,2,3,1,2026-03-18,2026-03-19,Delivered,Debit Card,16107.59
5577,889,4,10,54,2026-06-08,2026-06-12,Delivered,UPI,49100.9
5578,927,2,10,76,2025-08-24,,Pending,Cash on Delivery,8405.64
5579,413,5,9,57,2026-02-28,2026-03-04,Delivered,UPI,20620.04
5580,673,1,3,55,2026-05-31,2026-06-02,Delivered,Debit Card,25735.44
5581,46,4,8,94,2025-12-11,2025-12-17,Delivered,Debit Card,19588.03
5582,360,1,18,53,2026-02-09,2026-02-15,Delivered,Net Banking,33746.04
5583,925,3,2,6,2025-07-27,,Pending,UPI,28444.59
5584,322,3,17,78,2025-12-07,2025-12-09,Delivered,Credit Card,2687.96
5585,866,4,18,54,2025-12-08,2025-12-14,Delivered,UPI,26119.22
5586,103,1,8,66,2026-02-23,2026-03-01,Delivered,UPI,24410.45
5587,172,4,19,44,2026-05-11,,Pending,Credit Card,1954.57
5588,809,1,17,2,2025-08-26,2025-08-27,Delivered,Credit Card,45897.31
5589,877,1,10,46,2026-05-06,,Pending,Net Banking,62643.53
5590,95,1,12,72,2026-05-09,2026-05-15,Delivered,Net Banking,60842.18
5591,303,1,20,73,2026-06-05,,Pending,Credit Card,35186.46
5592,936,3,13,81,2025-09-02,,Pending,UPI,25624.15
5593,899,5,12,44,2025-11-28,2025-11-29,Delivered,Credit Card,19152.84
5594,854,5,19,53,2026-07-09,2026-07-10,Delivered,Cash on Delivery,27950.99
5595,815,1,16,10,2026-06-16,2026-06-21,Delivered,Debit Card,9186.66
5596,625,2,5,77,2026-01-18,,Pending,Net Banking,23341.76
5597,929,1,12,3,2025-11-05,2025-11-11,Delivered,Net Banking,31954.49
5598,433,2,3,20,2025-11-09,,Cancelled,Credit Card,7058.42
5599,833,3,5,10,2026-05-01,,Pending,Net Banking,31109.76
5600,362,3,6,18,2026-06-02,2026-06-09,Delivered,UPI,30817.72
5601,682,1,2,28,2026-03-24,2026-03-30,Delivered,Cash on Delivery,830.88
5602,508,2,12,67,2025-12-26,2025-12-30,Delivered,Cash on Delivery,9927.96
5603,262,1,18,1,2026-04-12,2026-04-13,Delivered,Credit Card,43719.67
5604,927,2,14,95,2025-12-16,2025-12-17,Delivered,UPI,17548.93
5605,398,4,19,48,2025-10-31,,Pending,Debit Card,18773.62
5606,503,4,3,22,2026-03-17,2026-03-22,Delivered,UPI,21372.86
5607,852,2,3,70,2026-04-11,2026-04-12,Delivered,Credit Card,32668.37
5608,896,2,20,78,2025-09-10,,Pending,UPI,25807.14
5609,187,5,11,46,2026-07-20,2026-07-26,Delivered,Cash on Delivery,15287.52
5610,595,2,5,8,2025-12-28,2025-12-30,Delivered,UPI,28556.88
5611,810,5,10,85,2025-08-14,2025-08-18,Delivered,Net Banking,45265.65
5612,718,5,20,14,2026-04-04,,Pending,Cash on Delivery,34627.3
5613,649,5,4,74,2026-02-03,,Pending,UPI,48443.18
5614,991,1,10,46,2026-06-10,2026-06-12,Delivered,UPI,32571.79
5615,145,1,2,28,2026-01-26,,Pending,Net Banking,22304.59
5616,126,5,13,36,2025-07-28,,Pending,UPI,45346.19
5617,260,4,9,96,2025-08-15,,Pending,UPI,43047.64
5618,898,4,18,90,2025-11-14,2025-11-19,Delivered,UPI,7916.76
5619,263,3,2,100,2025-07-31,2025-08-02,Delivered,Cash on Delivery,14019.64
5620,578,1,11,34,2026-03-12,2026-03-15,Delivered,Cash on Delivery,27521.28
5621,12,3,19,88,2025-10-30,,Pending,Net Banking,7489.1
5622,36,3,14,17,2026-07-08,2026-07-12,Delivered,Debit Card,40535.8
5623,408,5,14,77,2026-06-13,2026-06-19,Delivered,Net Banking,48755.09
5624,937,3,12,74,2026-06-03,2026-06-07,Delivered,Credit Card,34276.08
5625,623,5,9,11,2025-07-31,2025-08-06,Delivered,UPI,6226.51
5626,298,4,20,46,2026-05-01,2026-05-08,Delivered,Cash on Delivery,2799.12
5627,184,5,11,25,2025-11-24,2025-11-30,Delivered,Debit Card,47915.46
5628,466,5,13,97,2025-11-27,2025-11-28,Delivered,Debit Card,51356.18
5629,200,3,2,13,2026-07-08,2026-07-15,Delivered,Cash on Delivery,32897.07
5630,143,3,17,81,2025-11-25,2025-11-29,Delivered,Cash on Delivery,11197.02
5631,912,2,17,41,2025-09-10,2025-09-11,Delivered,Cash on Delivery,45915.9
5632,133,1,20,58,2026-02-21,,Cancelled,UPI,11108.42
5633,777,5,13,50,2025-11-11,2025-11-17,Delivered,Cash on Delivery,47687.35
5634,446,5,1,99,2025-08-03,2025-08-08,Delivered,Credit Card,13593.32
5635,277,4,13,71,2026-05-18,2026-05-24,Delivered,Cash on Delivery,25720.29
5636,667,2,2,16,2025-10-31,2025-11-04,Delivered,Cash on Delivery,30898.82
5637,764,1,16,88,2026-03-18,2026-03-20,Delivered,Debit Card,29530.75
5638,842,2,16,17,2026-07-20,2026-07-26,Delivered,Debit Card,12921.49
5639,152,3,9,23,2026-05-29,,Cancelled,Credit Card,4945.26
5640,350,5,13,5,2026-04-29,2026-05-02,Delivered,Net Banking,33189.71
5641,317,4,20,50,2026-02-24,,Pending,Credit Card,7248.5
5642,111,1,12,8,2025-09-23,2025-09-25,Delivered,Debit Card,23579.84
5643,930,2,8,43,2025-10-04,2025-10-05,Delivered,UPI,10907.37
5644,528,1,9,48,2025-08-27,,Pending,Debit Card,11387.3
5645,628,2,20,30,2026-06-04,2026-06-06,Delivered,Credit Card,23178.63
5646,130,5,4,1,2026-02-21,2026-02-23,Delivered,Debit Card,45699.8
5647,939,3,9,96,2025-08-05,2025-08-06,Delivered,UPI,6553.92
5648,288,4,1,69,2026-04-17,,Pending,Net Banking,48910.85
5649,228,2,9,89,2025-10-16,,Pending,Cash on Delivery,20218.06
5650,897,2,16,76,2026-03-12,,Pending,Debit Card,28183.64
5651,47,4,5,13,2025-12-22,,Pending,Net Banking,15241.51
5652,151,5,8,12,2025-12-26,2025-12-31,Delivered,Net Banking,38735.01
5653,83,5,17,14,2026-05-21,2026-05-22,Delivered,Cash on Delivery,1852.13
5654,155,3,10,21,2025-09-27,,Cancelled,Cash on Delivery,7871.31
5655,532,2,20,97,2026-05-20,,Pending,Debit Card,30574.85
5656,371,3,17,61,2026-07-26,2026-07-29,Delivered,Credit Card,17503.22
5657,428,5,7,99,2026-05-09,2026-05-14,Delivered,Net Banking,22457.11
5658,148,4,7,96,2026-05-07,,Pending,Credit Card,20177.76
5659,323,3,10,38,2025-08-11,2025-08-13,Delivered,Credit Card,23878.48
5660,335,5,4,9,2025-10-27,,Pending,Net Banking,24906.04
5661,776,2,6,71,2026-02-11,2026-02-12,Delivered,Debit Card,30559.85
5662,345,2,12,30,2025-12-18,2025-12-23,Delivered,Net Banking,32495.16
5663,986,4,16,21,2026-07-17,2026-07-20,Delivered,Cash on Delivery,67686.75
5664,485,1,14,49,2026-06-10,,Pending,Net Banking,21671.29
5665,132,3,18,70,2026-02-23,,Cancelled,Debit Card,23372.27
5666,724,2,17,58,2026-02-27,2026-03-05,Delivered,UPI,29568.79
5667,641,2,16,41,2025-12-29,2026-01-04,Delivered,Cash on Delivery,25015.83
5668,569,2,12,78,2026-04-18,2026-04-21,Delivered,Cash on Delivery,20808.51
5669,132,3,4,85,2025-11-12,2025-11-16,Delivered,UPI,10235.9
5670,264,1,9,29,2026-03-28,2026-04-04,Delivered,UPI,32836.84
5671,825,3,13,11,2026-04-22,2026-04-25,Delivered,Credit Card,34433.67
5672,606,3,20,49,2026-05-11,,Pending,Cash on Delivery,10811.74
5673,320,5,9,27,2025-08-04,2025-08-09,Delivered,Cash on Delivery,51265.47
5674,100,2,4,88,2026-04-09,,Pending,Credit Card,35242.75
5675,839,4,8,36,2026-01-15,,Pending,Credit Card,20024.25
5676,638,1,14,79,2026-02-19,2026-02-20,Delivered,UPI,2129.84
5677,765,3,7,82,2026-02-21,2026-02-24,Delivered,Net Banking,18610.38
5678,615,3,16,47,2025-07-31,2025-08-05,Delivered,Net Banking,19022.98
5679,735,5,14,81,2025-09-23,2025-09-28,Delivered,Net Banking,6501.12
5680,95,2,16,66,2025-12-26,2026-01-01,Delivered,UPI,25558.14
5681,376,3,19,76,2025-11-28,2025-12-03,Delivered,Credit Card,8887.01
5682,468,3,14,29,2025-09-26,2025-09-30,Delivered,Net Banking,11780.51
5683,889,2,2,27,2026-03-20,2026-03-22,Delivered,Credit Card,10194.99
5684,235,4,20,42,2026-04-24,2026-04-25,Delivered,UPI,14220.72
5685,297,5,15,27,2025-12-05,2025-12-08,Delivered,Credit Card,40340.61
5686,817,4,13,72,2025-08-31,2025-09-04,Delivered,Cash on Delivery,24848.06
5687,262,4,1,59,2026-07-12,2026-07-16,Delivered,Cash on Delivery,60908.25
5688,881,4,12,52,2025-12-22,2025-12-28,Delivered,Cash on Delivery,23642.88
5689,986,5,5,21,2025-11-13,,Pending,Credit Card,26092.74
5690,124,1,6,88,2026-04-21,2026-04-23,Delivered,Net Banking,19454.5
5691,849,2,7,65,2026-01-12,2026-01-17,Delivered,Cash on Delivery,15067.47
5692,569,3,9,98,2026-04-28,2026-05-02,Delivered,Credit Card,33556.28
5693,614,3,7,26,2026-03-17,,Pending,Debit Card,2590.97
5694,660,1,19,56,2025-10-15,2025-10-21,Delivered,Cash on Delivery,21804.1
5695,411,5,13,5,2026-06-28,,Pending,Debit Card,26717.1
5696,238,3,4,24,2025-10-14,2025-10-20,Delivered,Credit Card,42540.52
5697,349,1,17,94,2026-05-03,2026-05-08,Delivered,UPI,42257.16
5698,990,4,17,85,2025-10-26,2025-11-02,Delivered,Debit Card,23833.04
5699,101,4,5,34,2025-12-07,2025-12-08,Delivered,Credit Card,8494.86
5700,479,1,18,88,2026-05-02,2026-05-09,Delivered,Debit Card,34239.95
5701,573,1,8,49,2026-01-05,2026-01-10,Delivered,UPI,14431.92
5702,706,3,14,94,2025-09-16,2025-09-19,Delivered,Net Banking,23331.74
5703,826,2,12,74,2025-10-12,,Pending,UPI,40182.12
5704,638,1,8,64,2025-08-17,2025-08-19,Delivered,Credit Card,44450.42
5705,782,4,14,25,2026-07-24,,Pending,Debit Card,1108.08
5706,591,4,16,23,2025-10-08,2025-10-12,Delivered,Net Banking,18704.08
5707,505,3,16,63,2026-03-18,2026-03-20,Delivered,Net Banking,9650.19
5708,436,3,3,27,2026-01-24,,Pending,UPI,10893.9
5709,498,2,9,77,2025-11-20,2025-11-23,Delivered,Net Banking,53304.13
5710,25,2,18,84,2025-11-06,2025-11-09,Delivered,Cash on Delivery,45845.7
5711,806,5,16,17,2026-06-22,2026-06-27,Delivered,UPI,25366.5
5712,696,1,16,52,2025-08-04,2025-08-11,Delivered,UPI,49563.61
5713,97,3,3,11,2026-02-07,2026-02-08,Delivered,Debit Card,24041.89
5714,539,2,1,40,2026-07-14,2026-07-20,Delivered,Cash on Delivery,20998.7
5715,996,1,9,64,2026-02-08,2026-02-15,Delivered,Debit Card,17877.45
5716,600,5,20,2,2026-07-11,2026-07-18,Delivered,Cash on Delivery,36545.38
5717,100,3,13,100,2025-08-16,,Pending,Cash on Delivery,7331.49
5718,721,5,20,3,2026-05-18,2026-05-24,Delivered,Net Banking,41466.26
5719,979,4,3,44,2026-05-21,,Cancelled,Credit Card,958.17
5720,544,4,1,49,2026-06-18,2026-06-23,Delivered,Cash on Delivery,8629.26
5721,683,5,8,50,2026-01-10,2026-01-11,Delivered,Cash on Delivery,27633.6
5722,122,4,2,24,2026-02-01,,Pending,Credit Card,25729.29
5723,443,3,10,29,2025-08-12,2025-08-13,Delivered,Net Banking,2375.64
5724,818,3,13,73,2026-02-08,2026-02-10,Delivered,Debit Card,3625.74
5725,636,3,16,14,2026-05-02,2026-05-09,Delivered,Debit Card,24824.42
5726,937,4,15,80,2026-03-19,2026-03-26,Delivered,Cash on Delivery,38686.52
5727,8,5,4,15,2026-02-28,2026-03-03,Delivered,UPI,23468.19
5728,854,2,15,87,2026-01-30,2026-02-05,Delivered,Cash on Delivery,16653.73
5729,5,5,19,55,2025-08-12,2025-08-16,Delivered,Net Banking,24641.23
5730,705,1,18,83,2026-03-15,2026-03-19,Delivered,UPI,5572.95
5731,951,2,17,44,2025-09-30,2025-10-04,Delivered,Debit Card,4212.47
5732,513,5,13,62,2025-08-11,,Pending,Debit Card,47574.35
5733,850,4,7,90,2026-04-16,,Pending,Debit Card,48303.16
5734,279,2,16,7,2026-04-30,2026-05-02,Delivered,Cash on Delivery,44684.92
5735,406,3,16,85,2025-09-10,2025-09-17,Delivered,Net Banking,16601.3
5736,404,4,9,95,2026-03-16,2026-03-20,Delivered,Cash on Delivery,34262.86
5737,634,1,9,75,2026-04-24,2026-04-28,Delivered,Debit Card,35060.66
5738,363,3,8,36,2026-03-22,,Pending,Debit Card,5835.24
5739,664,1,2,92,2025-08-31,2025-09-03,Delivered,Debit Card,12583.81
5740,248,1,15,64,2026-02-22,2026-02-28,Delivered,Net Banking,41869.66
5741,743,5,9,87,2026-06-17,,Pending,Net Banking,54393.42
5742,408,3,11,30,2026-05-03,2026-05-06,Delivered,UPI,46830.46
5743,243,1,15,45,2026-06-11,2026-06-18,Delivered,Cash on Delivery,4536.39
5744,538,2,1,48,2026-04-22,2026-04-24,Delivered,Net Banking,21554.61
5745,381,5,13,75,2026-03-28,2026-04-03,Delivered,UPI,13279.26
5746,254,5,14,77,2026-07-05,2026-07-11,Delivered,UPI,6085.12
5747,714,4,9,100,2025-11-13,2025-11-15,Delivered,Credit Card,3944.46
5748,57,4,9,12,2026-06-28,2026-07-04,Delivered,Credit Card,3090.94
5749,181,2,9,4,2025-10-21,2025-10-22,Delivered,Cash on Delivery,28774.6
5750,370,4,17,30,2025-08-26,,Pending,Net Banking,41566.59
5751,443,4,7,26,2025-08-31,,Pending,Cash on Delivery,96506.0
5752,288,4,14,35,2025-10-12,2025-10-19,Delivered,Cash on Delivery,7826.52
5753,764,2,2,32,2026-04-17,2026-04-24,Delivered,Cash on Delivery,14300.32
5754,202,3,19,80,2026-06-24,2026-06-25,Delivered,Net Banking,7061.44
5755,151,5,2,91,2026-07-15,,Cancelled,Debit Card,15108.94
5756,838,1,3,7,2025-09-21,,Pending,Credit Card,22788.62
5757,644,5,16,56,2026-06-06,2026-06-13,Delivered,UPI,16215.64
5758,699,5,20,42,2025-12-25,2025-12-28,Delivered,Debit Card,36989.67
5759,607,2,15,61,2025-12-21,2025-12-25,Delivered,Net Banking,16476.15
5760,202,3,8,3,2025-09-03,2025-09-06,Delivered,Credit Card,15703.0
5761,911,3,11,58,2025-09-02,,Pending,Debit Card,15531.73
5762,723,3,16,68,2025-12-04,2025-12-11,Delivered,UPI,7697.76
5763,969,2,12,86,2026-02-20,,Pending,Cash on Delivery,10890.48
5764,33,4,6,98,2025-11-11,2025-11-17,Delivered,Net Banking,23109.92
5765,482,1,11,56,2026-02-26,,Pending,Cash on Delivery,16053.12
5766,88,2,18,88,2025-12-05,,Pending,Net Banking,5850.51
5767,187,2,8,93,2026-03-01,2026-03-02,Delivered,Net Banking,36400.57
5768,113,3,5,25,2025-08-14,2025-08-17,Delivered,Net Banking,21567.32
5769,661,1,19,67,2025-12-07,,Cancelled,Credit Card,30935.37
5770,932,4,8,64,2025-09-28,2025-10-03,Delivered,UPI,36743.73
5771,343,4,17,100,2026-06-02,,Cancelled,Net Banking,24340.3
5772,68,4,2,81,2025-12-29,,Pending,Debit Card,17186.28
5773,122,1,1,55,2025-10-28,2025-11-01,Delivered,Cash on Delivery,15858.56
5774,541,3,7,98,2025-10-07,2025-10-13,Delivered,Cash on Delivery,39473.33
5775,544,1,9,66,2026-04-08,,Cancelled,Credit Card,32932.31
5776,261,4,17,99,2025-09-11,2025-09-13,Delivered,Debit Card,16901.01
5777,676,3,10,89,2025-09-08,2025-09-15,Delivered,Debit Card,19734.36
5778,636,5,5,62,2026-03-14,2026-03-15,Delivered,UPI,24463.05
5779,194,5,4,58,2026-04-07,2026-04-14,Delivered,Credit Card,14097.91
5780,811,4,13,33,2025-12-30,2025-12-31,Delivered,Cash on Delivery,16418.4
5781,763,3,17,42,2025-08-08,2025-08-13,Delivered,Debit Card,8913.33
5782,274,3,2,71,2025-11-18,2025-11-23,Delivered,Net Banking,12406.92
5783,221,1,1,26,2026-01-19,,Cancelled,Cash on Delivery,23340.96
5784,642,3,12,56,2026-06-02,2026-06-08,Delivered,Credit Card,10909.08
5785,434,1,20,80,2026-04-18,,Pending,Debit Card,27471.67
5786,163,5,7,84,2026-04-14,2026-04-16,Delivered,Net Banking,10940.07
5787,675,1,20,52,2025-09-26,2025-09-28,Delivered,Net Banking,23920.64
5788,843,3,6,32,2025-09-21,2025-09-25,Delivered,Debit Card,4828.68
5789,993,5,1,32,2025-08-03,2025-08-08,Delivered,UPI,51168.89
5790,823,1,12,36,2025-11-25,,Pending,Credit Card,16576.04
5791,700,1,15,27,2025-10-22,,Pending,UPI,51787.65
5792,150,3,20,46,2026-03-17,2026-03-22,Delivered,UPI,9003.94
5793,23,5,10,17,2026-07-13,2026-07-19,Delivered,Credit Card,16474.03
5794,717,4,2,98,2026-01-25,,Cancelled,Net Banking,31661.8
5795,130,1,2,39,2026-04-16,2026-04-17,Delivered,Net Banking,47192.96
5796,244,4,2,45,2025-07-29,2025-08-01,Delivered,Credit Card,3226.72
5797,938,4,17,46,2026-01-27,2026-02-03,Delivered,Net Banking,52991.96
5798,458,2,7,76,2026-01-28,,Pending,Debit Card,36120.86
5799,851,5,11,82,2025-11-09,2025-11-11,Delivered,UPI,51524.05
5800,384,2,3,69,2025-12-15,2025-12-17,Delivered,Net Banking,11393.56
5801,892,2,5,56,2026-04-29,,Pending,Net Banking,24093.82
5802,364,3,4,65,2025-11-12,2025-11-19,Delivered,Debit Card,10423.65
5803,663,5,15,88,2025-11-19,2025-11-24,Delivered,UPI,29596.8
5804,345,5,11,76,2026-01-29,2026-01-30,Delivered,UPI,76582.68
5805,589,5,14,94,2026-05-05,2026-05-12,Delivered,Debit Card,30106.95
5806,866,4,10,34,2026-04-24,2026-04-28,Delivered,UPI,31288.52
5807,692,3,11,2,2026-05-29,,Pending,Net Banking,44188.92
5808,568,3,10,75,2025-08-18,2025-08-24,Delivered,UPI,36147.8
5809,523,4,19,18,2026-06-27,2026-06-30,Delivered,Debit Card,2610.94
5810,43,4,8,43,2026-02-18,2026-02-25,Delivered,Net Banking,29492.66
5811,953,5,12,45,2026-04-16,,Pending,Credit Card,1495.61
5812,378,1,11,66,2026-07-08,2026-07-15,Delivered,Net Banking,7167.09
5813,775,3,5,85,2026-04-16,2026-04-20,Delivered,Debit Card,22106.15
5814,458,3,15,81,2026-05-23,2026-05-27,Delivered,Debit Card,5663.24
5815,589,1,6,48,2025-09-18,2025-09-24,Delivered,Credit Card,11665.48
5816,223,5,17,58,2026-07-18,2026-07-21,Delivered,Credit Card,34392.62
5817,495,4,20,61,2026-04-01,2026-04-02,Delivered,UPI,33650.86
5818,728,5,10,43,2026-07-09,,Pending,Debit Card,4924.62
5819,561,4,10,73,2025-10-11,2025-10-15,Delivered,Debit Card,14856.52
5820,945,5,4,56,2025-08-27,2025-08-29,Delivered,Debit Card,15518.56
5821,808,1,14,85,2026-01-15,,Pending,Credit Card,7677.39
5822,338,2,12,76,2026-05-14,2026-05-15,Delivered,Cash on Delivery,21566.77
5823,442,1,15,34,2025-08-20,2025-08-27,Delivered,Cash on Delivery,20537.67
5824,309,2,4,20,2025-11-16,,Pending,Cash on Delivery,24753.72
5825,152,1,16,51,2025-12-25,2026-01-01,Delivered,Debit Card,4432.32
5826,837,3,12,15,2026-05-12,2026-05-14,Delivered,UPI,20271.56
5827,509,3,2,8,2025-08-24,2025-08-27,Delivered,Net Banking,8767.59
5828,247,3,10,46,2026-06-11,2026-06-14,Delivered,Cash on Delivery,29248.55
5829,821,2,6,16,2026-03-23,2026-03-28,Delivered,Credit Card,68167.38
5830,382,4,16,90,2026-03-06,,Cancelled,Cash on Delivery,15747.33
5831,522,5,2,72,2025-12-05,,Pending,Debit Card,46810.41
5832,777,5,1,39,2026-05-06,,Cancelled,UPI,69708.53
5833,31,1,17,54,2025-10-29,,Pending,Debit Card,28549.11
5834,206,4,3,61,2026-03-07,2026-03-10,Delivered,Net Banking,37095.95
5835,329,4,6,12,2025-11-09,2025-11-14,Delivered,Net Banking,29581.27
5836,238,5,8,51,2026-01-06,2026-01-07,Delivered,Credit Card,26181.89
5837,892,5,3,86,2026-07-02,2026-07-03,Delivered,Net Banking,40953.66
5838,979,1,17,65,2026-05-30,2026-06-05,Delivered,UPI,21769.22
5839,35,5,12,48,2026-01-31,,Pending,Credit Card,73571.03
5840,612,2,3,12,2026-06-04,2026-06-11,Delivered,Credit Card,8829.64
5841,45,5,6,52,2025-12-24,2025-12-25,Delivered,Credit Card,6178.47
5842,703,4,8,91,2026-01-01,2026-01-06,Delivered,Credit Card,22978.28
5843,512,2,19,6,2025-09-16,2025-09-17,Delivered,Net Banking,12957.8
5844,574,1,15,67,2026-06-30,2026-07-06,Delivered,Net Banking,21777.82
5845,546,4,20,28,2026-01-01,2026-01-04,Delivered,Net Banking,35466.9
5846,102,2,14,99,2025-10-04,2025-10-08,Delivered,Debit Card,39492.57
5847,902,3,5,95,2025-10-31,2025-11-02,Delivered,Net Banking,23914.68
5848,717,4,3,24,2025-11-30,2025-12-06,Delivered,Cash on Delivery,38606.94
5849,300,4,16,36,2026-04-26,2026-05-03,Delivered,Debit Card,17877.45
5850,282,2,1,33,2026-05-17,2026-05-22,Delivered,Credit Card,57686.2
5851,780,4,16,77,2026-03-07,,Pending,Credit Card,8703.7
5852,453,5,20,84,2025-12-19,2025-12-20,Delivered,Cash on Delivery,48395.26
5853,455,3,10,35,2026-07-20,2026-07-22,Delivered,Cash on Delivery,29450.77
5854,540,4,15,85,2025-07-28,2025-07-31,Delivered,Net Banking,36987.01
5855,223,1,19,79,2025-12-15,2025-12-17,Delivered,Debit Card,1894.51
5856,339,2,14,52,2025-10-25,2025-10-27,Delivered,Net Banking,29689.66
5857,286,5,1,20,2025-08-01,2025-08-08,Delivered,UPI,459.14
5858,868,3,18,73,2025-09-18,,Pending,Net Banking,4336.25
5859,398,5,13,54,2026-05-13,2026-05-20,Delivered,UPI,39587.65
5860,982,2,4,85,2025-12-23,,Cancelled,Credit Card,58296.49
5861,591,2,5,32,2025-08-24,2025-08-30,Delivered,Debit Card,26931.12
5862,393,2,18,63,2026-05-10,2026-05-11,Delivered,Cash on Delivery,21598.24
5863,213,3,8,63,2026-02-19,2026-02-26,Delivered,UPI,13662.47
5864,397,3,3,27,2025-11-20,2025-11-24,Delivered,Net Banking,22232.74
5865,987,3,11,64,2025-08-02,2025-08-03,Delivered,Debit Card,5104.56
5866,336,4,19,50,2025-09-15,2025-09-18,Delivered,Cash on Delivery,42673.79
5867,668,1,12,59,2025-12-19,2025-12-24,Delivered,UPI,38142.04
5868,908,2,12,44,2026-01-31,2026-02-06,Delivered,Cash on Delivery,15246.93
5869,653,3,16,84,2026-06-07,2026-06-13,Delivered,Net Banking,17910.8
5870,271,2,7,54,2026-02-27,,Pending,Cash on Delivery,25485.01
5871,38,3,12,53,2026-07-14,2026-07-18,Delivered,Credit Card,5667.0
5872,904,3,9,33,2026-01-17,2026-01-18,Delivered,Credit Card,16705.25
5873,90,1,17,56,2025-07-29,2025-08-02,Delivered,Debit Card,21421.46
5874,141,5,2,32,2025-10-18,2025-10-24,Delivered,UPI,31789.99
5875,586,1,17,45,2026-07-14,2026-07-20,Delivered,Debit Card,16180.02
5876,419,3,12,81,2025-12-24,2025-12-26,Delivered,Net Banking,5519.31
5877,328,2,2,70,2026-02-12,2026-02-15,Delivered,Credit Card,31891.34
5878,853,4,6,91,2025-12-29,2026-01-05,Delivered,Cash on Delivery,34734.14
5879,421,5,7,24,2025-08-14,,Pending,UPI,47680.46
5880,799,1,9,17,2025-12-02,2025-12-07,Delivered,UPI,49103.96
5881,412,5,2,96,2026-07-22,,Pending,UPI,19968.56
5882,755,2,16,6,2026-06-07,2026-06-09,Delivered,Net Banking,61254.16
5883,84,3,17,35,2025-08-16,2025-08-23,Delivered,Net Banking,1110.08
5884,852,3,14,47,2025-12-26,2025-12-27,Delivered,Credit Card,21688.22
5885,485,5,1,91,2025-10-26,2025-10-31,Delivered,Cash on Delivery,9875.22
5886,98,2,4,38,2025-08-12,2025-08-17,Delivered,UPI,16721.2
5887,320,3,1,81,2025-12-27,2026-01-02,Delivered,UPI,5608.4
5888,227,2,2,55,2025-12-27,2026-01-01,Delivered,Credit Card,23138.44
5889,112,3,13,71,2025-10-27,2025-10-30,Delivered,Credit Card,54012.11
5890,843,2,15,15,2026-01-11,2026-01-15,Delivered,Credit Card,16593.97
5891,45,4,10,32,2026-06-14,2026-06-16,Delivered,Debit Card,8779.72
5892,255,3,3,23,2025-07-30,2025-08-03,Delivered,Cash on Delivery,64255.61
5893,877,1,2,23,2025-12-18,2025-12-22,Delivered,Cash on Delivery,40475.52
5894,992,2,12,44,2025-08-13,2025-08-17,Delivered,Debit Card,10492.1
5895,465,4,11,43,2025-09-15,2025-09-19,Delivered,Credit Card,57252.98
5896,916,4,2,87,2026-05-06,2026-05-12,Delivered,UPI,6839.83
5897,148,1,15,93,2026-02-18,2026-02-19,Delivered,Debit Card,63886.73
5898,926,5,14,71,2026-07-06,2026-07-10,Delivered,UPI,29055.44
5899,327,2,15,10,2026-04-01,,Pending,UPI,2123.88
5900,715,4,17,12,2025-08-30,,Pending,Net Banking,17305.88
5901,208,2,6,31,2026-04-04,2026-04-11,Delivered,Net Banking,17355.3
5902,823,1,8,98,2026-03-29,2026-03-31,Delivered,Debit Card,14410.81
5903,280,3,17,37,2026-01-09,2026-01-15,Delivered,UPI,44338.32
5904,892,4,14,43,2025-11-07,2025-11-08,Delivered,Net Banking,9464.49
5905,304,5,7,19,2026-06-17,,Pending,Credit Card,43585.05
5906,33,3,5,35,2025-07-30,2025-08-05,Delivered,Cash on Delivery,71246.98
5907,768,3,17,43,2026-03-26,2026-04-01,Delivered,UPI,7662.66
5908,588,1,1,19,2026-02-23,2026-02-26,Delivered,UPI,24701.34
5909,331,3,10,70,2026-03-12,2026-03-19,Delivered,UPI,36687.56
5910,52,3,20,29,2025-09-11,2025-09-15,Delivered,Credit Card,8100.02
5911,230,1,14,26,2025-07-31,,Pending,Debit Card,29140.38
5912,494,1,12,90,2026-06-25,2026-06-29,Delivered,UPI,54298.59
5913,592,3,18,37,2025-10-19,2025-10-26,Delivered,Credit Card,47903.74
5914,462,1,15,5,2026-03-11,2026-03-13,Delivered,Cash on Delivery,20495.87
5915,11,2,9,57,2025-08-13,2025-08-20,Delivered,Debit Card,18452.29
5916,721,2,20,22,2026-03-14,2026-03-20,Delivered,Credit Card,46579.38
5917,943,5,19,96,2025-09-10,2025-09-14,Delivered,Debit Card,15927.35
5918,390,4,17,14,2025-09-29,2025-10-04,Delivered,Debit Card,48504.36
5919,38,2,12,78,2025-08-18,2025-08-24,Delivered,Net Banking,46030.43
5920,245,3,1,98,2026-06-04,2026-06-05,Delivered,Debit Card,15178.08
5921,914,5,19,11,2026-05-10,,Pending,Net Banking,18588.47
5922,194,5,8,92,2025-10-27,2025-10-31,Delivered,Credit Card,1108.08
5923,911,5,13,37,2026-04-01,2026-04-02,Delivered,Net Banking,47918.49
5924,731,3,9,93,2025-08-07,2025-08-11,Delivered,Debit Card,23343.35
5925,951,3,12,20,2025-09-20,,Cancelled,Net Banking,12495.72
5926,208,4,12,60,2025-12-15,2025-12-19,Delivered,Debit Card,17041.33
5927,7,1,19,34,2025-09-17,2025-09-24,Delivered,Cash on Delivery,58214.83
5928,551,2,11,55,2025-08-05,2025-08-11,Delivered,Cash on Delivery,31654.77
5929,114,4,19,85,2026-03-20,,Pending,UPI,11839.42
5930,779,1,5,81,2025-11-05,2025-11-12,Delivered,UPI,13002.03
5931,575,1,14,66,2025-12-05,,Pending,UPI,36150.58
5932,28,5,20,29,2025-09-26,2025-09-27,Delivered,UPI,10956.9
5933,604,1,9,74,2026-04-20,2026-04-25,Delivered,Cash on Delivery,28258.58
5934,51,4,2,26,2025-10-12,,Cancelled,Cash on Delivery,3372.55
5935,683,5,6,68,2026-05-21,2026-05-28,Delivered,Cash on Delivery,30859.89
5936,477,1,16,64,2026-01-21,,Pending,Debit Card,20557.84
5937,688,5,19,60,2026-05-16,2026-05-20,Delivered,Credit Card,28749.72
5938,903,5,4,14,2025-12-18,2025-12-22,Delivered,Cash on Delivery,39822.67
5939,314,4,14,4,2026-03-04,,Cancelled,Credit Card,31941.84
5940,651,5,11,77,2026-01-24,2026-01-30,Delivered,UPI,34480.59
5941,608,1,6,20,2026-04-23,2026-04-30,Delivered,Credit Card,68661.73
5942,378,5,13,31,2026-03-16,,Pending,Cash on Delivery,2117.96
5943,817,5,10,94,2025-12-16,2025-12-22,Delivered,Credit Card,52814.74
5944,361,4,2,7,2025-10-24,2025-10-25,Delivered,Cash on Delivery,49423.79
5945,765,4,9,93,2026-06-25,2026-07-01,Delivered,Credit Card,73835.79
5946,372,1,18,16,2025-09-08,2025-09-14,Delivered,Cash on Delivery,3575.56
5947,745,4,16,34,2026-03-07,2026-03-10,Delivered,Cash on Delivery,35648.06
5948,622,5,8,48,2026-04-05,,Pending,Net Banking,21830.37
5949,683,5,11,84,2026-06-12,2026-06-14,Delivered,Credit Card,35111.69
5950,382,1,13,78,2025-10-07,2025-10-11,Delivered,Credit Card,34491.21
5951,360,5,5,99,2025-12-26,2025-12-27,Delivered,Credit Card,39778.16
5952,64,1,13,33,2025-08-12,2025-08-17,Delivered,Credit Card,7903.86
5953,391,4,16,15,2025-08-15,2025-08-20,Delivered,Net Banking,14116.84
5954,590,1,7,27,2026-03-26,2026-04-01,Delivered,Credit Card,28912.4
5955,643,4,3,32,2026-05-01,,Pending,Net Banking,17318.05
5956,222,2,2,42,2026-02-19,2026-02-24,Delivered,Net Banking,7361.96
5957,817,3,16,48,2026-01-10,2026-01-13,Delivered,Credit Card,38351.92
5958,434,3,6,7,2025-08-12,2025-08-18,Delivered,Net Banking,51766.29
5959,980,1,16,33,2025-09-16,2025-09-17,Delivered,Credit Card,17941.22
5960,572,5,6,52,2026-06-27,2026-07-03,Delivered,Credit Card,23303.64
5961,298,2,12,16,2026-01-22,2026-01-27,Delivered,Credit Card,9427.95
5962,141,4,19,29,2025-12-09,2025-12-15,Delivered,Net Banking,49674.21
5963,442,5,11,2,2026-07-18,,Pending,Debit Card,34561.4
5964,703,1,15,48,2026-06-08,,Pending,Debit Card,44736.73
5965,334,4,16,89,2026-02-03,2026-02-09,Delivered,Net Banking,10011.69
5966,81,3,15,39,2026-07-24,2026-07-26,Delivered,Credit Card,71393.28
5967,310,1,11,27,2025-11-18,2025-11-23,Delivered,UPI,17908.35
5968,707,5,11,64,2026-04-09,2026-04-16,Delivered,Credit Card,33107.77
5969,922,5,15,21,2025-11-28,2025-12-01,Delivered,UPI,34042.86
5970,751,3,7,49,2025-11-04,2025-11-11,Delivered,Cash on Delivery,16217.61
5971,660,3,12,54,2026-06-07,2026-06-12,Delivered,Credit Card,54225.51
5972,205,4,19,13,2025-11-10,2025-11-14,Delivered,UPI,41527.96
5973,826,4,17,69,2026-03-28,2026-03-29,Delivered,Net Banking,36940.25
5974,778,5,9,30,2026-03-13,,Pending,Debit Card,76502.54
5975,273,1,4,8,2025-09-18,,Pending,UPI,7842.16
5976,308,5,5,63,2025-08-13,,Pending,Cash on Delivery,26833.69
5977,267,5,20,25,2025-11-27,2025-12-04,Delivered,Credit Card,26039.55
5978,118,1,1,14,2025-11-15,,Pending,Net Banking,36538.76
5979,559,1,20,54,2026-05-13,2026-05-18,Delivered,Credit Card,15937.46
5980,983,5,5,98,2026-02-28,,Pending,Credit Card,53112.16
5981,379,5,15,42,2026-03-18,2026-03-21,Delivered,UPI,9437.86
5982,104,2,3,42,2025-11-13,2025-11-14,Delivered,Debit Card,54851.31
5983,470,4,12,51,2026-04-22,2026-04-23,Delivered,Debit Card,29431.53
5984,862,3,6,50,2025-11-14,2025-11-21,Delivered,Debit Card,19880.16
5985,291,1,14,21,2026-07-21,2026-07-23,Delivered,Credit Card,48758.05
5986,350,2,9,50,2025-12-01,2025-12-07,Delivered,Credit Card,33947.43
5987,680,1,8,73,2025-10-22,2025-10-26,Delivered,Cash on Delivery,38343.36
5988,253,1,10,30,2026-02-11,2026-02-15,Delivered,Net Banking,16496.21
5989,949,1,11,34,2025-08-31,2025-09-01,Delivered,Cash on Delivery,23010.2
5990,52,1,8,74,2025-09-13,2025-09-14,Delivered,Cash on Delivery,25735.44
5991,592,2,12,14,2026-02-28,2026-03-03,Delivered,UPI,22218.39
5992,266,2,3,95,2025-08-02,2025-08-04,Delivered,Debit Card,31273.41
5993,649,4,4,63,2026-03-28,2026-03-29,Delivered,Net Banking,32540.04
5994,43,1,20,44,2026-03-01,2026-03-07,Delivered,Net Banking,3596.2
5995,750,2,11,35,2025-09-11,2025-09-13,Delivered,Cash on Delivery,6245.48
5996,402,2,12,94,2026-05-01,,Pending,Net Banking,35694.82
5997,349,3,20,9,2026-02-24,2026-02-28,Delivered,Net Banking,36853.95
5998,120,3,15,83,2026-03-15,2026-03-21,Delivered,Cash on Delivery,6595.04
5999,562,2,6,73,2025-12-25,2025-12-28,Delivered,Debit Card,20809.4
6000,607,1,6,22,2025-12-09,2025-12-14,Delivered,UPI,20116.59
6001,667,3,10,21,2026-03-28,2026-04-02,Delivered,Net Banking,4904.07
6002,116,1,10,15,2025-12-10,2025-12-17,Delivered,Credit Card,19477.0
6003,836,5,17,47,2026-02-17,2026-02-21,Delivered,Net Banking,6008.79
6004,195,4,19,16,2025-10-17,2025-10-19,Delivered,Debit Card,11056.15
6005,158,1,1,16,2025-11-14,,Pending,UPI,922.81
6006,462,5,10,6,2026-07-06,2026-07-11,Delivered,Debit Card,32147.78
6007,719,5,10,56,2026-06-17,2026-06-22,Delivered,Net Banking,44149.54
6008,401,1,13,47,2026-06-20,2026-06-25,Delivered,Net Banking,23365.95
6009,151,5,15,24,2025-11-13,,Pending,UPI,3024.26
6010,254,3,13,59,2026-05-18,,Pending,Net Banking,3298.92
6011,975,5,4,54,2025-12-02,2025-12-05,Delivered,UPI,5863.71
6012,931,1,11,25,2025-12-28,,Pending,Net Banking,32865.08
6013,671,5,1,13,2025-12-31,2026-01-01,Delivered,Debit Card,25709.35
6014,904,5,5,28,2025-09-25,2025-09-29,Delivered,Credit Card,21220.26
6015,909,1,8,38,2026-06-28,2026-07-01,Delivered,Credit Card,21084.28
6016,152,4,9,51,2025-09-30,2025-10-04,Delivered,UPI,40137.3
6017,645,3,8,100,2026-03-15,2026-03-17,Delivered,Credit Card,7817.22
6018,960,4,9,21,2026-05-31,2026-06-04,Delivered,UPI,18542.03
6019,834,2,15,61,2026-04-19,2026-04-22,Delivered,Net Banking,3048.69
6020,941,5,7,84,2025-12-18,,Cancelled,Net Banking,30892.53
6021,506,3,14,91,2025-09-23,2025-09-27,Delivered,UPI,1954.57
6022,995,4,18,90,2025-09-12,,Pending,Cash on Delivery,6571.94
6023,884,3,5,10,2026-02-03,2026-02-09,Delivered,Credit Card,61503.05
6024,813,2,10,89,2026-03-23,2026-03-25,Delivered,UPI,37762.87
6025,904,5,12,10,2026-02-04,2026-02-10,Delivered,Cash on Delivery,50398.43
6026,990,2,5,37,2025-08-16,,Pending,Debit Card,9382.32
6027,284,4,6,56,2025-11-26,2025-11-27,Delivered,Net Banking,45213.6
6028,607,4,7,76,2026-04-24,2026-05-01,Delivered,Credit Card,6630.32
6029,595,5,18,41,2026-01-01,2026-01-03,Delivered,UPI,43646.02
6030,825,5,18,22,2025-12-21,,Pending,Net Banking,47828.13
6031,196,2,13,83,2025-07-31,2025-08-06,Delivered,Cash on Delivery,67119.14
6032,563,1,14,67,2025-10-26,2025-11-01,Delivered,Debit Card,24702.68
6033,185,4,8,46,2026-06-07,,Pending,Credit Card,40680.43
6034,81,2,17,79,2026-01-01,2026-01-06,Delivered,UPI,37765.46
6035,841,5,3,93,2025-09-04,2025-09-09,Delivered,Credit Card,37563.17
6036,691,3,3,84,2026-06-06,2026-06-08,Delivered,Cash on Delivery,41829.24
6037,738,1,2,45,2026-01-06,2026-01-10,Delivered,Cash on Delivery,11521.65
6038,491,3,12,1,2026-06-18,2026-06-23,Delivered,Net Banking,26077.23
6039,290,2,19,79,2025-09-19,2025-09-23,Delivered,Debit Card,18872.98
6040,468,2,13,65,2025-11-24,2025-11-28,Delivered,UPI,15202.98
6041,244,5,18,2,2026-02-22,,Pending,Debit Card,10346.0
6042,75,5,20,100,2026-01-07,,Pending,Debit Card,23016.6
6043,758,3,12,36,2025-08-07,2025-08-09,Delivered,Net Banking,14192.69
6044,341,2,11,13,2026-01-16,2026-01-23,Delivered,UPI,12759.05
6045,761,1,11,79,2025-07-31,2025-08-03,Delivered,Net Banking,46439.08
6046,424,1,7,85,2025-11-19,2025-11-20,Delivered,UPI,8386.1
6047,611,2,14,64,2026-01-17,2026-01-18,Delivered,Cash on Delivery,36936.21
6048,235,1,13,97,2026-06-27,2026-07-02,Delivered,Debit Card,43556.55
6049,752,4,1,33,2026-04-01,2026-04-03,Delivered,Credit Card,10259.09
6050,145,4,8,34,2025-09-24,2025-10-01,Delivered,Net Banking,12177.58
6051,806,2,15,6,2026-05-17,,Cancelled,Credit Card,30815.56
6052,222,4,18,15,2026-01-06,2026-01-07,Delivered,UPI,71641.44
6053,909,2,17,80,2026-07-12,2026-07-17,Delivered,Debit Card,1108.08
6054,968,3,10,87,2026-07-19,2026-07-25,Delivered,Credit Card,36865.86
6055,978,4,4,10,2025-12-31,,Pending,Debit Card,16862.82
6056,971,4,19,55,2025-08-02,2025-08-09,Delivered,Credit Card,21257.95
6057,73,2,3,40,2025-09-15,2025-09-17,Delivered,UPI,30678.57
6058,920,2,1,69,2025-10-11,2025-10-13,Delivered,UPI,5350.76
6059,837,5,14,94,2025-12-11,,Pending,Debit Card,5519.31
6060,690,1,1,4,2026-06-02,2026-06-07,Delivered,Net Banking,50310.41
6061,821,5,1,32,2025-08-20,2025-08-23,Delivered,Debit Card,3807.7
6062,733,2,3,87,2025-12-16,2025-12-17,Delivered,UPI,23562.48
6063,513,1,5,39,2026-02-07,2026-02-10,Delivered,Net Banking,33074.4
6064,90,4,15,6,2025-12-15,2025-12-18,Delivered,UPI,5368.82
6065,435,2,18,61,2025-08-06,2025-08-12,Delivered,Credit Card,31599.62
6066,778,4,3,37,2025-08-23,2025-08-28,Delivered,UPI,35551.63
6067,215,3,5,3,2025-12-19,2025-12-25,Delivered,Cash on Delivery,17836.38
6068,262,2,7,93,2025-10-12,2025-10-15,Delivered,UPI,22459.04
6069,45,1,14,47,2026-04-17,2026-04-18,Delivered,Debit Card,35866.56
6070,864,3,13,1,2025-07-28,2025-08-03,Delivered,UPI,4565.94
6071,205,4,4,31,2025-08-22,2025-08-25,Delivered,Net Banking,12777.84
6072,311,2,5,7,2026-01-14,2026-01-21,Delivered,Credit Card,17940.89
6073,696,4,8,77,2025-10-24,,Cancelled,Cash on Delivery,15565.39
6074,134,1,3,63,2026-04-16,2026-04-23,Delivered,Net Banking,44496.75
6075,820,5,20,98,2026-05-04,2026-05-09,Delivered,Cash on Delivery,26634.79
6076,733,4,18,59,2026-03-30,2026-04-03,Delivered,Debit Card,51559.88
6077,886,1,3,28,2025-08-31,2025-09-04,Delivered,Credit Card,1701.11
6078,809,5,7,78,2026-01-07,2026-01-12,Delivered,Credit Card,2742.96
6079,630,1,15,83,2026-02-05,2026-02-07,Delivered,Debit Card,9149.24
6080,519,1,16,29,2026-06-06,2026-06-09,Delivered,Net Banking,38908.65
6081,259,5,11,44,2025-09-01,2025-09-05,Delivered,UPI,28723.93
6082,661,5,15,93,2025-11-26,2025-11-27,Delivered,Net Banking,5782.91
6083,921,5,1,64,2026-01-07,,Cancelled,Cash on Delivery,39602.28
6084,798,1,10,94,2025-08-16,2025-08-18,Delivered,Debit Card,44692.03
6085,898,2,16,41,2025-12-08,2025-12-13,Delivered,Net Banking,20530.19
6086,109,4,18,82,2026-02-16,2026-02-22,Delivered,Credit Card,2763.7
6087,34,5,12,36,2026-01-13,,Pending,Credit Card,56727.23
6088,786,5,8,75,2026-03-06,2026-03-07,Delivered,Debit Card,48723.32
6089,258,4,1,53,2025-08-20,2025-08-23,Delivered,Cash on Delivery,20761.14
6090,9,1,5,7,2025-12-19,2025-12-25,Delivered,Debit Card,7615.4
6091,202,1,15,72,2025-09-15,2025-09-17,Delivered,Debit Card,29588.01
6092,368,3,12,93,2025-10-04,2025-10-06,Delivered,Debit Card,41827.5
6093,290,5,2,58,2025-11-03,,Pending,Net Banking,26103.28
6094,694,5,14,59,2025-11-21,2025-11-26,Delivered,Net Banking,673.46
6095,996,2,19,22,2025-08-25,2025-08-31,Delivered,UPI,11764.23
6096,781,2,2,95,2025-10-16,2025-10-23,Delivered,UPI,13749.16
6097,948,5,9,3,2025-10-30,,Pending,Debit Card,17597.52
6098,507,3,3,16,2026-03-13,,Pending,Cash on Delivery,25616.22
6099,109,1,15,47,2025-11-30,2025-12-05,Delivered,Debit Card,8628.93
6100,98,5,1,89,2025-11-23,,Cancelled,Cash on Delivery,25574.67
6101,419,3,16,11,2026-01-14,2026-01-17,Delivered,Credit Card,3856.56
6102,983,3,14,17,2026-03-04,,Pending,Cash on Delivery,3696.32
6103,61,1,9,73,2025-11-07,2025-11-11,Delivered,UPI,52821.8
6104,825,1,1,16,2025-08-17,2025-08-21,Delivered,Credit Card,40281.67
6105,249,3,6,42,2026-04-28,2026-04-29,Delivered,Debit Card,5865.84
6106,230,4,1,60,2025-12-19,2025-12-22,Delivered,Cash on Delivery,2307.76
6107,792,4,17,73,2025-11-06,,Cancelled,Debit Card,10611.08
6108,616,1,2,97,2026-05-07,2026-05-14,Delivered,Debit Card,12474.27
6109,818,4,8,66,2026-05-12,,Cancelled,Cash on Delivery,41266.58
6110,640,5,20,95,2025-12-15,2025-12-20,Delivered,Credit Card,36379.43
6111,268,1,13,74,2025-10-18,2025-10-22,Delivered,Debit Card,15028.19
6112,876,2,17,16,2025-09-02,2025-09-08,Delivered,UPI,55355.81
6113,96,3,17,55,2026-04-17,,Pending,Credit Card,47942.06
6114,140,3,8,11,2026-06-07,,Pending,Cash on Delivery,5459.23
6115,836,2,12,13,2025-11-28,2025-11-29,Delivered,Cash on Delivery,66178.46
6116,377,4,20,11,2026-04-22,,Pending,UPI,2421.14
6117,23,4,8,35,2026-07-26,2026-08-02,Delivered,Debit Card,24030.3
6118,203,4,5,46,2026-07-18,,Pending,Debit Card,22362.89
6119,30,1,11,27,2026-01-24,2026-01-27,Delivered,Credit Card,29060.85
6120,211,3,4,10,2026-03-10,,Pending,UPI,28427.27
6121,653,2,3,15,2025-08-17,2025-08-18,Delivered,UPI,13459.3
6122,389,4,1,63,2025-11-28,2025-12-04,Delivered,Net Banking,958.17
6123,209,2,2,5,2026-05-03,2026-05-05,Delivered,UPI,8875.04
6124,692,4,10,34,2026-01-21,2026-01-28,Delivered,Cash on Delivery,31344.49
6125,670,2,8,96,2025-09-12,,Pending,Net Banking,2129.84
6126,272,1,5,41,2026-03-06,,Pending,UPI,40858.03
6127,853,3,14,14,2026-07-24,,Cancelled,Net Banking,27877.49
6128,585,4,20,40,2026-05-08,2026-05-10,Delivered,UPI,31685.76
6129,547,3,9,43,2025-08-27,2025-08-31,Delivered,Net Banking,14648.93
6130,995,5,5,52,2026-05-17,2026-05-23,Delivered,Debit Card,52044.2
6131,62,5,18,14,2026-04-02,2026-04-07,Delivered,Debit Card,36569.58
6132,991,2,2,24,2026-07-24,,Pending,Credit Card,46992.81
6133,356,3,18,48,2026-02-15,2026-02-22,Delivered,Net Banking,22691.1
6134,58,3,7,86,2026-03-31,2026-04-06,Delivered,Credit Card,8612.63
6135,521,4,17,4,2026-03-07,2026-03-14,Delivered,Debit Card,27097.66
6136,47,5,16,92,2026-02-18,2026-02-19,Delivered,Cash on Delivery,22639.65
6137,828,3,7,47,2025-12-28,2026-01-04,Delivered,Credit Card,15703.0
6138,367,4,6,36,2026-01-11,2026-01-15,Delivered,Cash on Delivery,45440.15
6139,495,3,9,37,2026-05-11,,Pending,Net Banking,2545.79
6140,400,4,9,76,2026-07-25,2026-07-28,Delivered,Debit Card,56514.6
6141,827,5,2,7,2025-11-20,2025-11-24,Delivered,Net Banking,2184.09
6142,895,4,17,18,2026-06-21,2026-06-26,Delivered,Credit Card,31245.99
6143,984,2,15,47,2026-05-02,,Pending,Cash on Delivery,20549.57
6144,474,5,19,30,2025-12-31,,Pending,Debit Card,17168.86
6145,925,1,10,84,2026-03-09,,Pending,Net Banking,40183.14
6146,104,3,5,16,2025-10-18,2025-10-25,Delivered,UPI,36300.49
6147,480,2,6,47,2026-01-09,2026-01-12,Delivered,Net Banking,13055.48
6148,446,1,2,12,2025-12-02,,Pending,Net Banking,7279.56
6149,854,3,20,29,2025-12-24,2025-12-30,Delivered,Cash on Delivery,47558.1
6150,32,3,15,73,2026-07-05,2026-07-07,Delivered,UPI,23419.28
6151,724,4,16,38,2025-09-12,2025-09-18,Delivered,UPI,44309.24
6152,223,2,5,48,2026-02-27,2026-03-06,Delivered,Net Banking,12168.58
6153,305,5,8,87,2025-10-26,2025-10-31,Delivered,Debit Card,13362.34
6154,971,3,9,20,2025-10-10,2025-10-15,Delivered,Credit Card,28257.82
6155,703,4,8,55,2026-07-04,2026-07-11,Delivered,Net Banking,17350.54
6156,933,3,9,73,2025-11-29,2025-12-02,Delivered,Debit Card,29145.61
6157,620,4,12,92,2026-04-30,2026-05-07,Delivered,Net Banking,26544.75
6158,897,1,4,23,2026-03-19,2026-03-21,Delivered,Cash on Delivery,32977.8
6159,727,2,10,88,2026-02-04,2026-02-10,Delivered,Cash on Delivery,19322.68
6160,747,2,4,68,2025-11-06,2025-11-13,Delivered,Debit Card,25322.52
6161,924,4,1,21,2026-03-27,2026-03-29,Delivered,Credit Card,57579.39
6162,488,3,13,14,2026-04-13,2026-04-20,Delivered,UPI,33839.79
6163,785,3,9,6,2026-03-01,2026-03-05,Delivered,Debit Card,47579.83
6164,102,5,3,21,2026-01-21,2026-01-23,Delivered,UPI,20511.92
6165,980,2,4,3,2025-12-27,2025-12-29,Delivered,Net Banking,36259.84
6166,736,3,20,21,2026-02-24,2026-03-03,Delivered,Debit Card,37370.11
6167,602,5,12,22,2025-07-29,,Pending,Credit Card,24249.19
6168,453,2,14,63,2025-12-19,2025-12-22,Delivered,Credit Card,40725.12
6169,640,2,7,41,2026-04-19,2026-04-21,Delivered,Cash on Delivery,28850.69
6170,199,5,5,92,2026-01-25,2026-01-27,Delivered,Cash on Delivery,19862.51
6171,789,1,19,24,2025-08-15,2025-08-18,Delivered,UPI,13409.68
6172,13,2,5,49,2026-05-22,2026-05-26,Delivered,UPI,63712.56
6173,264,5,7,81,2025-10-07,2025-10-13,Delivered,Cash on Delivery,28314.48
6174,980,3,19,86,2025-10-29,,Pending,Credit Card,19253.54
6175,896,4,16,9,2026-05-12,2026-05-15,Delivered,Credit Card,33231.55
6176,115,5,1,46,2026-04-22,2026-04-27,Delivered,Net Banking,20126.44
6177,200,5,3,72,2026-01-28,2026-01-29,Delivered,Debit Card,34358.17
6178,53,4,16,80,2026-06-21,2026-06-23,Delivered,Cash on Delivery,12651.33
6179,871,5,8,14,2026-01-27,,Cancelled,Cash on Delivery,48310.35
6180,198,3,9,11,2026-06-03,2026-06-08,Delivered,UPI,36854.51
6181,916,3,6,88,2026-05-06,2026-05-12,Delivered,Net Banking,11413.76
6182,655,1,1,68,2025-08-30,2025-09-04,Delivered,UPI,39693.22
6183,623,5,2,61,2026-02-22,2026-02-23,Delivered,Cash on Delivery,19574.51
6184,88,3,6,97,2025-11-07,2025-11-12,Delivered,Debit Card,13092.84
6185,185,3,8,77,2025-10-29,,Cancelled,Net Banking,49212.28
6186,424,3,2,17,2026-06-24,2026-06-25,Delivered,Net Banking,58575.4
6187,929,1,20,67,2025-07-29,2025-08-01,Delivered,Cash on Delivery,5372.56
6188,370,2,15,80,2026-06-04,2026-06-06,Delivered,UPI,72260.4
6189,839,4,18,68,2026-04-02,2026-04-09,Delivered,UPI,28798.09
6190,908,4,20,37,2025-09-03,,Pending,Debit Card,18550.51
6191,13,1,6,94,2026-03-02,2026-03-04,Delivered,UPI,31132.83
6192,455,3,17,81,2025-10-07,2025-10-11,Delivered,Net Banking,45868.76
6193,718,3,16,42,2025-09-28,2025-10-03,Delivered,UPI,30595.95
6194,602,3,11,74,2025-08-05,,Pending,Debit Card,29290.78
6195,45,4,10,80,2026-03-18,,Pending,Credit Card,19002.88
6196,923,4,8,51,2025-12-13,2025-12-16,Delivered,Credit Card,25594.62
6197,457,1,6,65,2026-01-10,2026-01-13,Delivered,Net Banking,27566.48
6198,934,2,4,37,2026-02-01,,Pending,UPI,38165.19
6199,316,3,8,84,2025-10-28,2025-11-04,Delivered,UPI,1913.16
6200,699,4,9,52,2025-10-19,2025-10-23,Delivered,Debit Card,49399.61
6201,679,5,7,38,2025-10-08,2025-10-10,Delivered,Debit Card,27150.34
6202,110,4,14,92,2026-06-22,,Pending,Cash on Delivery,22356.6
6203,263,5,2,57,2026-06-09,2026-06-15,Delivered,Cash on Delivery,27837.48
6204,578,3,17,95,2025-09-20,,Pending,Net Banking,5067.92
6205,323,1,15,35,2026-04-21,2026-04-28,Delivered,UPI,44446.12
6206,405,3,14,59,2026-04-27,2026-05-01,Delivered,UPI,21188.64
6207,517,4,15,80,2026-03-18,2026-03-23,Delivered,Net Banking,34585.96
6208,626,1,11,28,2026-04-24,2026-04-25,Delivered,Credit Card,2567.92
6209,286,1,19,28,2026-01-29,,Pending,Cash on Delivery,25286.96
6210,759,5,9,46,2025-10-17,2025-10-22,Delivered,Credit Card,5175.69
6211,949,4,9,32,2026-05-28,,Cancelled,Net Banking,19594.91
6212,15,4,9,57,2026-04-18,2026-04-19,Delivered,Net Banking,10503.55
6213,206,4,13,45,2025-09-16,2025-09-21,Delivered,Debit Card,37413.47
6214,404,5,19,23,2025-10-16,,Cancelled,Credit Card,6412.45
6215,776,2,2,100,2026-03-03,,Pending,Credit Card,7520.21
6216,481,1,7,44,2026-06-26,,Pending,Credit Card,25030.61
6217,373,1,13,62,2025-12-31,,Cancelled,Credit Card,21628.77
6218,874,3,8,1,2025-11-16,2025-11-23,Delivered,Cash on Delivery,11381.3
6219,676,1,17,74,2025-11-04,2025-11-09,Delivered,Debit Card,45413.59
6220,240,4,5,91,2025-08-11,2025-08-14,Delivered,Cash on Delivery,39813.76
6221,21,1,1,75,2025-10-07,2025-10-13,Delivered,Debit Card,1535.22
6222,939,5,16,69,2026-06-29,2026-07-05,Delivered,UPI,41427.21
6223,715,1,7,4,2026-03-01,2026-03-04,Delivered,Credit Card,17246.18
6224,842,5,13,44,2026-07-19,2026-07-21,Delivered,Net Banking,49885.63
6225,331,3,14,94,2025-09-16,,Pending,Net Banking,36946.72
6226,912,4,20,57,2025-11-29,,Pending,UPI,62993.82
6227,755,4,16,6,2025-10-28,2025-10-29,Delivered,Debit Card,26027.28
6228,962,2,13,13,2026-05-19,,Pending,Credit Card,5285.86
6229,893,3,15,5,2025-09-28,,Cancelled,Net Banking,29699.7
6230,82,3,16,40,2026-06-08,,Pending,Credit Card,18760.83
6231,397,4,18,57,2025-12-27,2026-01-02,Delivered,Credit Card,16562.13
6232,516,3,15,56,2026-07-25,2026-07-26,Delivered,Cash on Delivery,45179.71
6233,725,3,16,39,2026-06-04,,Pending,Debit Card,45357.1
6234,996,5,12,65,2026-07-09,2026-07-10,Delivered,Credit Card,2207.41
6235,298,3,18,93,2026-01-21,2026-01-22,Delivered,Credit Card,20116.12
6236,501,1,17,47,2025-12-20,,Pending,Debit Card,23577.95
6237,112,4,20,65,2026-03-23,2026-03-25,Delivered,Credit Card,40578.13
6238,726,2,9,88,2026-06-25,2026-06-26,Delivered,Credit Card,24231.58
6239,210,5,8,74,2026-03-14,,Pending,Credit Card,70806.26
6240,126,1,11,73,2026-04-06,,Pending,Cash on Delivery,29122.38
6241,716,2,4,28,2025-10-07,,Pending,UPI,64825.12
6242,297,3,9,66,2025-11-04,2025-11-11,Delivered,Cash on Delivery,30173.06
6243,465,3,16,10,2025-09-29,2025-10-06,Delivered,UPI,45752.26
6244,752,1,15,84,2026-01-13,2026-01-17,Delivered,Debit Card,38407.89
6245,324,5,14,71,2026-01-26,2026-01-28,Delivered,UPI,25824.92
6246,914,3,4,52,2026-07-18,2026-07-24,Delivered,Debit Card,14462.19
6247,451,4,13,63,2025-10-26,,Pending,Cash on Delivery,26117.01
6248,955,4,12,61,2026-03-25,2026-03-29,Delivered,Debit Card,30862.86
6249,493,1,13,6,2026-07-24,2026-07-26,Delivered,Net Banking,47398.22
6250,688,3,11,83,2026-04-28,2026-05-02,Delivered,Debit Card,28539.46
6251,902,1,11,24,2025-09-26,2025-09-29,Delivered,Debit Card,1087.82
6252,587,2,20,69,2025-10-21,2025-10-26,Delivered,Net Banking,60186.98
6253,572,4,17,63,2026-05-02,,Cancelled,Debit Card,46508.39
6254,307,1,9,19,2026-02-19,2026-02-23,Delivered,Net Banking,7263.42
6255,371,2,2,54,2026-06-28,,Pending,Net Banking,31267.19
6256,847,2,18,60,2025-12-05,,Pending,Net Banking,24372.66
6257,443,4,9,5,2026-04-06,2026-04-13,Delivered,Credit Card,15005.62
6258,313,2,14,56,2025-09-19,2025-09-20,Delivered,Credit Card,25479.72
6259,820,1,3,33,2025-08-14,2025-08-16,Delivered,Net Banking,1658.11
6260,714,2,7,73,2025-09-18,,Pending,Credit Card,5072.49
6261,841,5,1,11,2025-10-27,2025-10-28,Delivered,Debit Card,14925.4
6262,685,5,1,52,2026-04-19,2026-04-24,Delivered,Debit Card,41299.09
6263,352,3,17,64,2025-10-05,2025-10-07,Delivered,Debit Card,40859.76
6264,158,3,19,51,2025-08-04,2025-08-05,Delivered,Credit Card,28833.0
6265,422,3,20,59,2026-03-07,,Pending,Cash on Delivery,12728.32
6266,725,5,17,28,2025-09-01,2025-09-05,Delivered,Net Banking,32885.04
6267,205,2,17,59,2025-11-01,2025-11-02,Delivered,Debit Card,32086.76
6268,358,4,13,55,2026-04-20,,Pending,Credit Card,29051.16
6269,673,3,7,70,2025-07-27,2025-08-01,Delivered,Net Banking,11902.0
6270,448,2,9,9,2025-08-21,2025-08-26,Delivered,Debit Card,3660.18
6271,968,5,13,6,2026-01-07,2026-01-12,Delivered,Net Banking,11622.89
6272,114,5,14,17,2026-03-23,2026-03-27,Delivered,Debit Card,15901.92
6273,650,5,16,54,2025-10-08,2025-10-10,Delivered,Credit Card,15644.73
6274,403,3,18,37,2025-10-23,2025-10-28,Delivered,UPI,54290.36
6275,497,5,19,59,2026-05-18,2026-05-22,Delivered,Net Banking,15129.47
6276,908,1,2,12,2026-06-02,,Pending,Credit Card,20441.75
6277,671,5,16,10,2025-10-03,2025-10-04,Delivered,Debit Card,36777.69
6278,877,4,5,2,2026-02-12,2026-02-18,Delivered,Credit Card,38158.49
6279,104,3,5,16,2025-11-12,,Pending,UPI,14773.86
6280,586,4,2,82,2025-11-17,2025-11-20,Delivered,Credit Card,29711.81
6281,847,2,10,93,2025-09-18,2025-09-24,Delivered,Credit Card,1346.76
6282,37,2,4,51,2025-10-17,2025-10-21,Delivered,Credit Card,17312.64
6283,617,2,7,87,2025-11-19,2025-11-24,Delivered,Debit Card,48820.82
6284,194,5,5,50,2026-02-04,2026-02-06,Delivered,UPI,1746.27
6285,978,4,9,2,2026-04-09,2026-04-15,Delivered,Debit Card,24115.2
6286,321,1,20,97,2025-08-23,2025-08-26,Delivered,Debit Card,8311.82
6287,916,5,6,8,2026-03-18,2026-03-21,Delivered,Debit Card,32317.86
6288,195,1,12,7,2026-03-13,2026-03-16,Delivered,Net Banking,58353.68
6289,218,5,8,24,2026-02-15,2026-02-22,Delivered,Net Banking,19360.84
6290,623,1,15,4,2025-09-23,2025-09-26,Delivered,Debit Card,1788.84
6291,951,1,7,12,2026-07-07,2026-07-12,Delivered,Cash on Delivery,15817.43
6292,496,3,4,86,2026-03-20,2026-03-22,Delivered,Credit Card,20102.28
6293,962,4,5,97,2025-07-30,,Pending,Credit Card,17382.23
6294,502,4,14,46,2026-06-02,2026-06-06,Delivered,UPI,4933.59
6295,449,3,5,57,2026-04-14,2026-04-16,Delivered,Debit Card,13813.59
6296,318,2,18,14,2026-01-30,2026-01-31,Delivered,Cash on Delivery,51574.38
6297,417,2,14,14,2025-12-02,2025-12-08,Delivered,Net Banking,9890.08
6298,223,5,19,96,2026-06-10,,Pending,Debit Card,33578.19
6299,184,1,15,91,2025-11-28,2025-11-30,Delivered,Debit Card,51709.1
6300,61,2,4,27,2026-06-26,,Pending,Credit Card,10151.09
6301,584,5,2,56,2025-08-28,2025-09-02,Delivered,Net Banking,21462.81
6302,660,4,11,65,2025-12-01,2025-12-04,Delivered,Cash on Delivery,12259.28
6303,194,5,7,91,2026-06-19,,Pending,UPI,26625.69
6304,852,1,5,78,2025-11-08,,Pending,Credit Card,25354.59
6305,461,4,4,89,2026-04-20,2026-04-22,Delivered,Debit Card,18563.42
6306,614,3,8,73,2025-12-06,2025-12-09,Delivered,Cash on Delivery,15832.01
6307,684,1,3,37,2025-09-14,,Pending,UPI,19072.38
6308,432,4,6,23,2026-07-10,2026-07-16,Delivered,Debit Card,41232.1
6309,613,3,3,6,2025-12-25,2025-12-28,Delivered,Credit Card,26777.75
6310,404,3,9,28,2025-08-18,2025-08-21,Delivered,Credit Card,21505.7
6311,844,4,6,96,2026-07-17,,Pending,Net Banking,52158.55
6312,96,1,9,19,2026-07-21,2026-07-28,Delivered,UPI,7682.18
6313,475,4,5,22,2026-01-14,,Pending,Cash on Delivery,44375.13
6314,736,5,17,31,2025-11-29,2025-12-03,Delivered,UPI,20522.51
6315,868,3,17,58,2026-01-12,,Pending,Cash on Delivery,39372.2
6316,109,2,2,78,2026-03-04,,Pending,Net Banking,10228.66
6317,769,5,12,28,2026-04-20,2026-04-21,Delivered,UPI,46634.86
6318,922,2,2,86,2026-03-20,2026-03-26,Delivered,Debit Card,9117.3
6319,527,4,14,83,2026-03-25,,Cancelled,Debit Card,21049.48
6320,291,4,13,48,2025-08-22,2025-08-23,Delivered,Credit Card,35018.84
6321,567,3,10,60,2025-10-13,2025-10-15,Delivered,Debit Card,2947.92
6322,823,3,14,82,2026-02-26,2026-02-28,Delivered,Cash on Delivery,7201.2
6323,363,1,14,68,2025-10-20,2025-10-27,Delivered,Debit Card,15260.05
6324,304,4,14,95,2025-09-13,2025-09-14,Delivered,Debit Card,32650.01
6325,507,1,7,41,2025-08-07,,Cancelled,Net Banking,32386.1
6326,376,4,4,94,2025-07-28,,Pending,Cash on Delivery,22722.72
6327,583,3,13,46,2026-05-01,2026-05-06,Delivered,Net Banking,4165.59
6328,419,2,11,53,2026-06-15,2026-06-22,Delivered,Credit Card,22896.32
6329,459,4,11,20,2025-12-26,2026-01-02,Delivered,Debit Card,22071.71
6330,529,5,9,82,2026-05-29,2026-05-30,Delivered,Credit Card,34615.65
6331,189,3,5,42,2025-11-14,2025-11-17,Delivered,Debit Card,19857.14
6332,492,2,19,82,2025-10-30,2025-11-05,Delivered,Cash on Delivery,38067.25
6333,657,1,5,30,2025-10-17,2025-10-21,Delivered,Debit Card,39481.51
6334,72,3,10,19,2026-04-14,,Pending,Credit Card,39871.66
6335,59,1,6,80,2025-09-25,,Pending,Net Banking,7889.57
6336,80,5,8,63,2025-10-06,2025-10-11,Delivered,Credit Card,17959.68
6337,125,3,1,80,2026-05-23,,Pending,Credit Card,44171.9
6338,319,3,7,78,2026-05-17,2026-05-22,Delivered,UPI,41388.59
6339,90,5,10,73,2026-01-10,2026-01-12,Delivered,Debit Card,37992.69
6340,27,5,15,56,2026-03-26,2026-04-01,Delivered,Debit Card,6563.16
6341,203,4,20,7,2026-05-04,,Pending,Net Banking,3868.76
6342,957,3,7,85,2026-05-25,,Cancelled,Cash on Delivery,23114.01
6343,413,4,15,88,2025-09-23,2025-09-24,Delivered,Net Banking,21227.18
6344,160,4,10,39,2026-07-16,2026-07-20,Delivered,Net Banking,2403.2
6345,317,1,18,29,2025-09-14,2025-09-20,Delivered,Net Banking,44604.42
6346,649,2,10,27,2026-02-03,2026-02-08,Delivered,Debit Card,16369.21
6347,928,2,1,68,2026-01-17,2026-01-22,Delivered,Debit Card,22355.31
6348,807,2,14,22,2026-01-24,2026-01-31,Delivered,Cash on Delivery,24580.02
6349,390,2,19,97,2026-01-24,,Pending,Credit Card,38718.09
6350,336,4,15,95,2025-10-19,,Pending,Credit Card,60570.04
6351,648,4,10,92,2025-10-14,,Pending,Net Banking,10062.21
6352,840,3,20,92,2026-07-26,2026-07-27,Delivered,Cash on Delivery,24078.07
6353,182,3,7,100,2025-08-25,2025-08-27,Delivered,Debit Card,20247.6
6354,897,3,14,54,2026-01-03,2026-01-04,Delivered,UPI,1589.43
6355,960,1,10,77,2026-07-06,2026-07-10,Delivered,Net Banking,23972.66
6356,50,5,13,66,2026-05-04,2026-05-09,Delivered,Cash on Delivery,20059.77
6357,776,5,17,90,2026-02-08,2026-02-12,Delivered,Credit Card,19294.47
6358,279,3,9,78,2026-04-24,,Pending,UPI,34670.99
6359,773,5,8,88,2025-08-09,,Pending,Debit Card,6971.0
6360,86,4,17,55,2025-12-28,2025-12-31,Delivered,UPI,35458.78
6361,236,5,10,35,2025-12-30,2026-01-04,Delivered,Credit Card,77834.2
6362,713,1,8,13,2026-07-22,2026-07-27,Delivered,UPI,15597.84
6363,405,4,19,95,2025-11-20,2025-11-24,Delivered,Net Banking,21288.78
6364,70,2,5,83,2026-05-06,,Pending,Cash on Delivery,17421.51
6365,989,2,16,78,2026-01-28,,Cancelled,Net Banking,42212.51
6366,565,2,1,12,2025-08-06,,Pending,Credit Card,11002.12
6367,953,5,1,10,2026-07-21,2026-07-22,Delivered,Debit Card,46892.32
6368,185,5,1,1,2026-06-03,2026-06-05,Delivered,UPI,37085.5
6369,373,2,5,28,2026-01-15,2026-01-17,Delivered,Cash on Delivery,4895.01
6370,653,1,7,87,2025-07-28,2025-08-04,Delivered,Net Banking,20257.35
6371,567,2,6,11,2025-10-15,2025-10-16,Delivered,Credit Card,16044.18
6372,126,4,18,77,2026-02-28,,Pending,Credit Card,18590.35
6373,36,1,4,24,2025-12-14,2025-12-19,Delivered,Credit Card,10423.4
6374,101,5,15,63,2025-08-16,2025-08-20,Delivered,UPI,46340.04
6375,8,1,1,89,2025-10-27,2025-11-01,Delivered,Cash on Delivery,19004.76
6376,386,2,11,28,2025-12-20,,Pending,Debit Card,26877.14
6377,871,5,10,68,2026-06-01,2026-06-03,Delivered,Cash on Delivery,26271.8
6378,117,4,12,10,2025-08-09,2025-08-15,Delivered,Debit Card,70902.01
6379,446,1,20,15,2025-12-04,2025-12-10,Delivered,Net Banking,39631.85
6380,464,2,1,18,2026-03-22,2026-03-27,Delivered,UPI,3479.94
6381,865,5,9,7,2025-11-25,2025-11-27,Delivered,UPI,43599.73
6382,882,5,18,94,2025-09-30,2025-10-06,Delivered,UPI,47876.13
6383,184,1,7,22,2026-03-26,2026-04-01,Delivered,UPI,55449.91
6384,384,1,20,91,2026-02-07,2026-02-10,Delivered,Net Banking,49861.49
6385,240,2,5,88,2026-06-01,2026-06-04,Delivered,Cash on Delivery,4212.47
6386,394,1,6,47,2025-11-22,2025-11-29,Delivered,Credit Card,15858.48
6387,91,5,8,15,2025-09-17,2025-09-21,Delivered,Debit Card,62588.31
6388,743,2,10,22,2026-03-28,2026-04-03,Delivered,Credit Card,14097.78
6389,912,1,13,64,2025-11-15,2025-11-16,Delivered,Cash on Delivery,25722.56
6390,457,4,17,15,2025-08-28,2025-09-01,Delivered,Net Banking,35856.66
6391,422,1,5,77,2026-05-05,2026-05-08,Delivered,Debit Card,48142.84
6392,194,2,17,51,2026-06-12,,Pending,Cash on Delivery,6675.82
6393,454,1,8,100,2025-08-10,2025-08-12,Delivered,Net Banking,12139.46
6394,588,3,10,11,2026-04-01,2026-04-08,Delivered,Credit Card,26512.72
6395,657,1,1,37,2026-01-26,,Pending,Debit Card,20562.82
6396,811,1,7,10,2026-05-30,2026-06-02,Delivered,UPI,26862.48
6397,681,3,11,4,2026-04-27,2026-05-04,Delivered,UPI,25738.56
6398,541,3,9,65,2025-11-19,2025-11-24,Delivered,Cash on Delivery,15454.61
6399,952,4,16,58,2026-05-05,2026-05-12,Delivered,Net Banking,8195.35
6400,257,1,14,58,2025-08-16,2025-08-17,Delivered,Net Banking,2892.25
6401,671,3,8,4,2025-09-16,2025-09-20,Delivered,Debit Card,4073.06
6402,851,2,2,44,2026-07-10,,Pending,Debit Card,17035.58
6403,336,4,1,11,2026-02-04,2026-02-06,Delivered,Credit Card,44154.47
6404,466,2,20,57,2025-11-08,2025-11-14,Delivered,Net Banking,22035.9
6405,192,5,19,4,2025-08-03,2025-08-09,Delivered,Credit Card,12576.8
6406,134,2,1,47,2026-04-15,2026-04-22,Delivered,UPI,22785.0
6407,847,4,7,33,2026-04-04,2026-04-06,Delivered,Net Banking,4636.41
6408,32,1,3,80,2026-06-29,2026-07-02,Delivered,Credit Card,4598.28
6409,311,4,2,52,2026-01-11,2026-01-12,Delivered,Debit Card,14889.6
6410,877,1,16,10,2026-01-26,2026-01-30,Delivered,Cash on Delivery,27746.08
6411,279,4,18,46,2026-05-26,,Pending,Net Banking,24107.4
6412,447,1,17,72,2026-05-17,2026-05-19,Delivered,Credit Card,32842.64
6413,916,5,9,8,2025-12-16,2025-12-22,Delivered,UPI,36909.18
6414,316,5,10,70,2026-02-08,2026-02-10,Delivered,Net Banking,66753.44
6415,124,1,19,8,2025-09-29,,Pending,Debit Card,26126.25
6416,841,4,11,90,2026-01-09,2026-01-16,Delivered,Cash on Delivery,23663.57
6417,450,2,14,10,2026-01-19,2026-01-22,Delivered,Debit Card,33221.43
6418,579,1,13,95,2026-01-06,2026-01-10,Delivered,Net Banking,32242.4
6419,157,1,4,58,2025-09-18,2025-09-21,Delivered,Cash on Delivery,41966.43
6420,891,2,15,98,2025-12-18,,Pending,Credit Card,34332.25
6421,682,3,7,72,2026-03-05,2026-03-11,Delivered,Credit Card,47045.14
6422,313,4,15,65,2026-07-21,,Pending,Cash on Delivery,6636.46
6423,673,2,5,42,2025-07-27,,Pending,UPI,23490.03
6424,633,2,12,82,2026-06-18,2026-06-24,Delivered,Net Banking,49175.68
6425,275,2,17,73,2026-07-21,2026-07-28,Delivered,Debit Card,18743.58
6426,726,2,17,64,2026-01-09,2026-01-13,Delivered,Net Banking,1408.38
6427,623,4,7,28,2026-06-14,2026-06-17,Delivered,UPI,8966.03
6428,168,5,9,4,2025-09-27,,Pending,Credit Card,27906.77
6429,590,5,17,52,2025-08-01,2025-08-03,Delivered,Net Banking,7451.43
6430,316,2,13,37,2026-06-19,2026-06-22,Delivered,Cash on Delivery,36156.13
6431,255,4,19,72,2025-08-11,2025-08-17,Delivered,Debit Card,1522.05
6432,135,5,8,78,2025-10-30,2025-11-05,Delivered,Cash on Delivery,10261.7
6433,678,4,15,52,2026-04-27,2026-04-29,Delivered,Credit Card,31763.74
6434,342,1,8,31,2025-12-31,,Pending,Cash on Delivery,59189.15
6435,646,4,6,8,2025-10-09,,Pending,Cash on Delivery,25359.93
6436,200,1,8,35,2026-06-04,,Pending,Debit Card,54266.29
6437,708,2,5,12,2026-02-09,2026-02-15,Delivered,Debit Card,28993.67
6438,904,4,11,23,2026-04-10,,Cancelled,Credit Card,19173.11
6439,411,2,6,68,2025-12-12,2025-12-14,Delivered,Credit Card,17881.65
6440,374,3,15,5,2026-03-30,2026-04-02,Delivered,Debit Card,61707.78
6441,819,3,4,95,2026-06-20,,Pending,Credit Card,28892.97
6442,278,4,10,19,2026-05-31,2026-06-01,Delivered,Debit Card,50114.64
6443,272,3,19,34,2026-06-06,2026-06-11,Delivered,Cash on Delivery,8524.54
6444,657,1,10,22,2025-12-30,,Pending,Net Banking,23655.65
6445,545,3,10,23,2026-07-04,,Pending,Cash on Delivery,3143.73
6446,244,1,17,15,2026-05-31,,Pending,Credit Card,20460.51
6447,640,4,4,16,2025-11-05,,Cancelled,Debit Card,6599.89
6448,771,4,16,83,2026-01-02,2026-01-05,Delivered,Debit Card,53075.63
6449,183,4,19,77,2026-05-06,,Pending,Credit Card,20524.66
6450,260,5,15,94,2025-08-23,2025-08-25,Delivered,Net Banking,55765.15
6451,541,5,16,48,2025-11-13,,Pending,UPI,14693.78
6452,369,1,8,1,2026-03-06,2026-03-09,Delivered,Debit Card,37872.32
6453,378,4,3,68,2026-01-16,2026-01-19,Delivered,Net Banking,40816.09
6454,182,5,8,7,2025-11-07,2025-11-11,Delivered,Credit Card,28722.5
6455,267,1,11,95,2025-11-26,2025-11-27,Delivered,Net Banking,760.84
6456,94,2,5,33,2026-03-15,2026-03-18,Delivered,Cash on Delivery,47199.97
6457,548,1,13,22,2026-01-31,2026-02-06,Delivered,UPI,35694.96
6458,944,4,9,81,2026-04-03,2026-04-07,Delivered,Net Banking,40349.61
6459,399,5,4,93,2026-03-11,2026-03-18,Delivered,Cash on Delivery,31845.55
6460,249,2,15,40,2025-10-16,2025-10-23,Delivered,UPI,11003.72
6461,532,1,16,77,2025-09-05,,Cancelled,Cash on Delivery,3647.94
6462,347,3,1,55,2026-02-15,2026-02-22,Delivered,Cash on Delivery,13486.72
6463,86,2,12,75,2026-07-21,2026-07-22,Delivered,Debit Card,5678.29
6464,3,1,5,94,2025-10-19,,Cancelled,Cash on Delivery,6431.49
6465,46,2,1,33,2026-03-11,,Pending,Cash on Delivery,18630.48
6466,170,5,18,80,2026-04-24,2026-05-01,Delivered,Credit Card,30282.82
6467,655,1,5,15,2026-05-22,,Pending,Net Banking,39568.96
6468,401,5,3,34,2026-03-05,2026-03-10,Delivered,Debit Card,43003.45
6469,145,5,12,5,2026-04-16,,Pending,Cash on Delivery,33722.97
6470,782,4,13,80,2026-01-31,2026-02-06,Delivered,Net Banking,28574.52
6471,897,1,9,21,2026-05-13,2026-05-14,Delivered,Debit Card,40552.23
6472,87,1,9,35,2026-03-07,2026-03-11,Delivered,Cash on Delivery,15365.36
6473,229,5,16,22,2026-06-17,2026-06-24,Delivered,Cash on Delivery,29809.41
6474,70,3,12,75,2026-02-22,2026-02-27,Delivered,Net Banking,27735.54
6475,726,4,20,35,2026-04-27,2026-04-30,Delivered,Cash on Delivery,35272.67
6476,219,5,16,90,2025-11-11,,Pending,Credit Card,11230.12
6477,608,4,8,4,2026-06-19,2026-06-23,Delivered,Net Banking,39801.3
6478,481,2,20,83,2026-03-16,2026-03-23,Delivered,Cash on Delivery,29353.08
6479,455,1,14,3,2026-05-29,2026-06-04,Delivered,UPI,15318.97
6480,378,5,19,28,2025-08-26,2025-09-01,Delivered,UPI,57411.0
6481,325,2,1,99,2025-11-04,2025-11-11,Delivered,Net Banking,14502.96
6482,58,4,8,44,2026-03-16,,Cancelled,UPI,41784.3
6483,896,4,5,68,2026-07-16,2026-07-21,Delivered,Net Banking,62130.76
6484,648,5,13,55,2026-04-27,2026-05-04,Delivered,Cash on Delivery,7496.8
6485,217,1,12,40,2026-02-08,2026-02-12,Delivered,Cash on Delivery,16364.14
6486,335,5,3,22,2026-01-08,2026-01-09,Delivered,Debit Card,39175.5
6487,133,3,13,22,2025-08-09,2025-08-13,Delivered,Debit Card,12194.76
6488,937,2,4,68,2026-03-12,2026-03-19,Delivered,Debit Card,53443.15
6489,354,5,19,38,2026-05-10,2026-05-13,Delivered,Credit Card,1548.5
6490,330,3,13,48,2026-03-24,2026-03-26,Delivered,Credit Card,10047.33
6491,482,3,15,98,2026-07-07,2026-07-12,Delivered,UPI,12913.47
6492,843,3,15,93,2025-11-26,,Pending,Debit Card,9233.35
6493,470,3,8,63,2026-06-08,,Pending,Net Banking,32263.9
6494,832,2,12,94,2025-11-25,,Pending,Debit Card,29852.48
6495,78,5,6,22,2025-08-01,,Pending,Debit Card,53458.03
6496,430,1,15,76,2026-06-28,,Pending,UPI,28169.43
6497,676,2,16,42,2025-11-13,,Pending,Cash on Delivery,8433.35
6498,604,4,6,80,2026-03-15,2026-03-21,Delivered,Debit Card,15497.09
6499,899,4,6,27,2026-04-25,,Pending,Cash on Delivery,41047.13
6500,261,1,19,73,2026-06-02,2026-06-04,Delivered,Credit Card,45615.76
6501,681,1,17,44,2026-04-10,2026-04-14,Delivered,UPI,34839.52
6502,574,1,9,98,2025-10-15,2025-10-20,Delivered,Credit Card,28588.04
6503,290,4,5,54,2025-09-20,2025-09-23,Delivered,Debit Card,19649.09
6504,227,5,18,44,2026-06-11,2026-06-13,Delivered,Cash on Delivery,23774.37
6505,385,4,8,43,2026-01-04,2026-01-07,Delivered,UPI,31101.54
6506,320,1,5,93,2026-05-24,2026-05-26,Delivered,Debit Card,22696.91
6507,61,2,17,46,2026-06-30,2026-07-04,Delivered,Credit Card,21241.97
6508,270,4,14,10,2026-01-12,2026-01-17,Delivered,Net Banking,11014.54
6509,508,4,7,58,2025-11-19,2025-11-21,Delivered,Debit Card,13916.12
6510,618,1,7,85,2025-10-19,2025-10-24,Delivered,Debit Card,7539.95
6511,105,4,20,9,2025-09-14,2025-09-21,Delivered,UPI,48879.51
6512,252,2,7,95,2025-09-16,,Pending,UPI,23699.1
6513,517,3,12,38,2026-05-12,2026-05-17,Delivered,Credit Card,55720.67
6514,430,1,14,7,2025-10-21,2025-10-27,Delivered,Net Banking,3495.94
6515,941,5,7,12,2026-03-13,2026-03-18,Delivered,UPI,44389.56
6516,749,1,6,88,2025-11-03,,Pending,Net Banking,26577.3
6517,247,4,14,63,2026-07-08,2026-07-14,Delivered,Cash on Delivery,6070.1
6518,963,4,15,60,2025-12-21,2025-12-28,Delivered,Debit Card,23733.09
6519,784,3,15,49,2025-09-04,2025-09-07,Delivered,Debit Card,27575.74
6520,633,1,2,27,2025-09-15,2025-09-20,Delivered,Net Banking,12432.03
6521,339,1,9,26,2025-09-04,2025-09-10,Delivered,UPI,55658.33
6522,924,5,2,18,2025-09-25,2025-09-27,Delivered,Debit Card,64937.45
6523,381,5,7,31,2026-05-02,,Pending,Net Banking,12177.58
6524,750,1,5,25,2026-02-24,2026-02-26,Delivered,Credit Card,15218.66
6525,374,5,3,40,2026-03-11,,Cancelled,Debit Card,10162.56
6526,345,3,1,60,2026-04-26,2026-04-30,Delivered,UPI,6502.24
6527,443,3,5,55,2026-07-24,2026-07-28,Delivered,UPI,37820.33
6528,328,3,4,96,2026-07-03,,Pending,Net Banking,1578.08
6529,489,3,14,21,2026-02-19,2026-02-23,Delivered,Net Banking,17618.26
6530,251,5,9,85,2026-06-04,2026-06-10,Delivered,Cash on Delivery,17200.26
6531,256,4,2,23,2026-04-05,2026-04-06,Delivered,Net Banking,8587.64
6532,336,1,16,22,2025-08-24,2025-08-30,Delivered,Credit Card,18422.72
6533,235,4,12,65,2026-04-09,2026-04-13,Delivered,UPI,21425.33
6534,165,5,12,70,2026-06-28,2026-07-01,Delivered,Net Banking,8587.32
6535,618,5,3,76,2026-07-15,2026-07-22,Delivered,Debit Card,35988.46
6536,851,4,20,46,2025-09-05,,Cancelled,Debit Card,22558.89
6537,640,5,19,9,2025-12-01,2025-12-07,Delivered,Debit Card,2218.76
6538,322,3,13,85,2026-03-23,,Cancelled,Cash on Delivery,24216.09
6539,258,1,11,19,2025-11-15,2025-11-20,Delivered,UPI,63718.73
6540,265,2,3,48,2026-03-02,2026-03-09,Delivered,Net Banking,22816.81
6541,385,4,16,69,2026-07-24,2026-07-27,Delivered,UPI,14875.1
6542,807,4,3,65,2025-12-05,2025-12-12,Delivered,Net Banking,66639.08
6543,704,3,12,98,2025-10-23,2025-10-29,Delivered,Cash on Delivery,1780.12
6544,463,2,2,96,2025-11-01,,Pending,Cash on Delivery,5059.36
6545,502,1,5,98,2025-08-02,2025-08-05,Delivered,Credit Card,47183.59
6546,930,3,17,90,2025-07-28,2025-08-04,Delivered,UPI,41906.95
6547,473,4,16,92,2026-04-24,2026-04-30,Delivered,Credit Card,12913.32
6548,277,4,14,6,2025-08-24,2025-08-25,Delivered,UPI,42908.31
6549,227,5,10,2,2025-10-05,2025-10-10,Delivered,Credit Card,22209.98
6550,822,3,3,50,2026-04-19,,Pending,Cash on Delivery,13467.53
6551,332,2,6,63,2026-01-17,2026-01-23,Delivered,Net Banking,35778.26
6552,729,4,7,17,2026-01-12,,Pending,Cash on Delivery,35329.58
6553,704,3,17,44,2026-05-10,,Pending,UPI,58678.33
6554,434,1,13,67,2026-04-24,,Pending,Debit Card,45741.38
6555,368,4,15,15,2026-07-18,2026-07-21,Delivered,Cash on Delivery,43521.29
6556,83,3,14,54,2026-07-02,2026-07-07,Delivered,UPI,56448.1
6557,580,2,8,54,2025-09-28,,Pending,Cash on Delivery,34068.94
6558,257,3,14,82,2025-09-18,2025-09-23,Delivered,Debit Card,21013.39
6559,123,1,14,15,2026-07-15,,Pending,Credit Card,19661.76
6560,213,2,19,43,2025-10-09,2025-10-11,Delivered,Credit Card,16066.21
6561,268,4,12,10,2026-06-09,2026-06-12,Delivered,Net Banking,17186.28
6562,414,4,3,76,2026-03-13,2026-03-15,Delivered,Net Banking,48114.76
6563,462,4,10,72,2026-02-18,,Pending,Net Banking,33645.88
6564,498,5,18,39,2026-04-26,2026-05-01,Delivered,Net Banking,15052.13
6565,419,1,7,11,2026-07-17,2026-07-19,Delivered,Debit Card,30785.5
6566,166,2,16,81,2025-11-22,2025-11-28,Delivered,Cash on Delivery,7040.33
6567,585,5,6,24,2026-07-26,,Pending,UPI,32249.39
6568,433,2,9,18,2026-02-05,2026-02-06,Delivered,Cash on Delivery,6731.46
6569,289,1,13,76,2025-11-20,,Pending,UPI,7620.07
6570,500,5,13,27,2025-10-02,,Cancelled,UPI,2057.51
6571,585,1,17,55,2026-06-13,2026-06-19,Delivered,Net Banking,37183.59
6572,372,1,12,29,2026-07-07,,Pending,Cash on Delivery,5633.41
6573,808,2,5,23,2026-07-22,2026-07-26,Delivered,Debit Card,68457.54
6574,428,4,16,27,2026-03-31,2026-04-03,Delivered,Cash on Delivery,15143.16
6575,383,5,13,80,2025-09-27,2025-09-29,Delivered,Net Banking,39956.75
6576,317,1,3,1,2025-12-06,,Pending,UPI,27293.73
6577,223,2,6,61,2025-12-28,2025-12-30,Delivered,Debit Card,19451.88
6578,786,4,17,23,2026-04-30,2026-05-03,Delivered,Credit Card,23481.23
6579,767,3,11,17,2026-01-22,2026-01-24,Delivered,Cash on Delivery,2092.52
6580,83,2,4,72,2026-05-12,2026-05-19,Delivered,UPI,11229.52
6581,989,4,8,70,2026-02-07,2026-02-14,Delivered,Net Banking,25273.71
6582,338,2,17,86,2026-04-23,,Cancelled,UPI,8793.73
6583,576,1,11,26,2026-02-02,,Pending,UPI,30868.67
6584,97,4,6,65,2025-08-20,,Pending,Cash on Delivery,10507.68
6585,815,2,20,4,2026-06-21,,Pending,Cash on Delivery,23704.87
6586,435,5,13,51,2026-02-11,2026-02-17,Delivered,Debit Card,40653.0
6587,492,2,6,65,2026-05-23,2026-05-25,Delivered,Cash on Delivery,39091.41
6588,975,1,11,75,2026-02-06,2026-02-09,Delivered,Credit Card,43757.8
6589,206,5,16,79,2026-02-16,2026-02-18,Delivered,Debit Card,8015.37
6590,32,2,8,63,2025-09-19,2025-09-22,Delivered,UPI,46388.27
6591,676,3,7,20,2026-07-15,2026-07-21,Delivered,Credit Card,34776.25
6592,866,1,15,89,2025-09-15,2025-09-19,Delivered,Net Banking,46011.72
6593,647,2,11,7,2025-10-14,,Pending,UPI,6529.22
6594,379,4,13,65,2026-01-17,2026-01-18,Delivered,UPI,26351.89
6595,129,5,13,43,2026-02-16,2026-02-23,Delivered,Debit Card,19855.92
6596,815,2,18,78,2026-04-02,2026-04-05,Delivered,Net Banking,6026.85
6597,980,1,17,31,2026-02-24,2026-02-26,Delivered,UPI,22500.71
6598,336,4,4,36,2026-04-05,2026-04-09,Delivered,Cash on Delivery,17285.22
6599,275,1,19,12,2026-01-30,2026-02-05,Delivered,Cash on Delivery,14932.44
6600,878,2,12,57,2025-08-18,2025-08-21,Delivered,Net Banking,15074.07
6601,924,4,6,18,2025-12-02,2025-12-09,Delivered,UPI,22205.82
6602,860,5,19,84,2026-04-08,2026-04-11,Delivered,UPI,23064.7
6603,911,3,5,73,2026-02-24,2026-03-03,Delivered,Net Banking,62307.84
6604,798,3,10,25,2026-06-21,2026-06-27,Delivered,Debit Card,52115.26
6605,470,1,16,53,2025-11-16,,Pending,Credit Card,15816.66
6606,941,3,18,69,2025-08-22,,Pending,Debit Card,33366.93
6607,17,1,2,91,2025-12-24,,Pending,Debit Card,26799.32
6608,609,5,12,93,2026-02-14,2026-02-18,Delivered,Credit Card,19905.08
6609,146,3,7,73,2025-08-15,2025-08-21,Delivered,Net Banking,2691.51
6610,775,1,7,50,2025-12-23,,Pending,Net Banking,59599.84
6611,799,1,10,12,2026-04-23,2026-04-27,Delivered,Cash on Delivery,2207.41
6612,393,2,4,72,2025-08-25,,Pending,Cash on Delivery,41437.92
6613,36,2,17,64,2026-05-07,2026-05-11,Delivered,UPI,22275.94
6614,685,2,5,4,2025-10-12,,Pending,Credit Card,25624.56
6615,564,2,18,13,2026-04-24,,Pending,UPI,14372.24
6616,777,4,19,80,2026-05-03,2026-05-10,Delivered,Cash on Delivery,34995.48
6617,226,2,15,21,2025-11-03,,Pending,Cash on Delivery,23500.86
6618,229,4,10,100,2026-03-07,2026-03-09,Delivered,Debit Card,57009.27
6619,431,5,16,1,2026-04-02,2026-04-03,Delivered,UPI,59800.08
6620,356,4,13,85,2025-12-17,,Pending,Debit Card,45947.57
6621,860,1,7,76,2025-12-29,2026-01-02,Delivered,Debit Card,14891.94
6622,267,1,13,58,2025-11-22,2025-11-24,Delivered,Cash on Delivery,27182.22
6623,258,3,20,1,2026-01-24,2026-01-30,Delivered,Debit Card,5787.24
6624,436,2,18,84,2026-05-13,2026-05-19,Delivered,UPI,40832.83
6625,774,4,12,67,2026-03-07,,Cancelled,Net Banking,53107.54
6626,128,2,2,21,2026-03-16,2026-03-17,Delivered,Net Banking,43146.13
6627,821,4,6,55,2026-02-20,,Pending,Credit Card,68265.84
6628,324,1,9,64,2026-06-29,,Pending,UPI,12897.87
6629,578,1,11,67,2025-11-09,2025-11-10,Delivered,Debit Card,15376.96
6630,396,1,4,41,2025-12-26,2025-12-30,Delivered,UPI,53537.41
6631,27,4,3,75,2025-08-05,2025-08-06,Delivered,Credit Card,44541.99
6632,532,2,17,41,2026-05-15,2026-05-19,Delivered,Debit Card,34329.03
6633,746,5,16,37,2026-04-16,2026-04-20,Delivered,Credit Card,40023.69
6634,840,5,19,82,2025-11-30,,Cancelled,Net Banking,19208.46
6635,283,3,4,27,2026-02-12,2026-02-17,Delivered,Net Banking,14575.84
6636,388,1,16,9,2026-01-09,2026-01-11,Delivered,Credit Card,82190.29
6637,983,5,1,45,2026-04-19,2026-04-25,Delivered,Debit Card,58362.52
6638,671,1,6,46,2026-01-15,2026-01-16,Delivered,Net Banking,47673.28
6639,672,5,2,26,2026-03-26,,Pending,Debit Card,10458.0
6640,881,5,1,74,2025-11-08,2025-11-14,Delivered,Debit Card,13084.61
6641,65,5,6,41,2026-03-04,2026-03-09,Delivered,Net Banking,11096.16
6642,38,2,8,98,2026-05-23,,Pending,Net Banking,4153.02
6643,556,4,15,87,2026-06-01,2026-06-05,Delivered,Cash on Delivery,36502.64
6644,38,5,13,22,2025-12-24,,Pending,Net Banking,16003.41
6645,961,3,11,10,2025-10-09,,Pending,UPI,12084.99
6646,664,5,7,73,2026-07-05,2026-07-09,Delivered,Credit Card,28537.62
6647,547,2,15,37,2026-04-16,2026-04-22,Delivered,UPI,37068.54
6648,541,2,4,66,2026-02-22,2026-02-24,Delivered,Net Banking,24249.63
6649,681,4,7,82,2025-10-28,2025-11-03,Delivered,UPI,16129.96
6650,185,2,13,97,2025-07-28,2025-08-02,Delivered,UPI,32072.96
6651,484,5,4,45,2026-06-24,,Pending,UPI,47783.18
6652,565,1,11,16,2026-03-25,2026-04-01,Delivered,UPI,39106.13
6653,833,4,16,66,2026-06-25,2026-06-28,Delivered,Cash on Delivery,41793.98
6654,416,5,15,64,2026-07-18,2026-07-20,Delivered,Net Banking,37026.62
6655,622,1,5,98,2026-01-15,2026-01-17,Delivered,Credit Card,530.97
6656,544,3,15,41,2025-09-24,,Pending,UPI,26211.52
6657,367,2,17,80,2025-10-13,,Pending,Credit Card,3961.8
6658,696,4,1,27,2025-12-27,2025-12-31,Delivered,Cash on Delivery,44841.32
6659,543,2,16,15,2026-06-04,2026-06-10,Delivered,Debit Card,17230.92
6660,778,4,20,61,2025-09-11,2025-09-13,Delivered,Debit Card,35254.24
6661,350,3,15,9,2025-08-15,2025-08-19,Delivered,Net Banking,18854.78
6662,862,3,14,62,2026-06-17,,Pending,UPI,10176.84
6663,712,2,10,41,2026-02-22,2026-02-25,Delivered,Debit Card,24355.16
6664,455,5,10,39,2025-08-19,2025-08-26,Delivered,Net Banking,38056.35
6665,150,5,11,18,2026-03-06,2026-03-12,Delivered,Net Banking,8996.04
6666,991,3,2,91,2026-07-03,2026-07-08,Delivered,UPI,7789.96
6667,781,4,4,15,2025-09-19,2025-09-23,Delivered,Credit Card,30809.43
6668,807,1,8,70,2026-01-05,,Pending,Debit Card,36481.22
6669,471,1,14,37,2025-08-28,2025-09-01,Delivered,Debit Card,17239.37
6670,62,5,14,97,2025-12-23,,Pending,UPI,29940.18
6671,994,2,20,70,2025-12-29,2026-01-04,Delivered,UPI,62908.14
6672,881,1,19,29,2025-09-16,2025-09-19,Delivered,Credit Card,31451.41
6673,778,1,16,41,2025-07-29,2025-08-02,Delivered,Credit Card,21578.08
6674,944,4,10,96,2025-09-03,2025-09-06,Delivered,Credit Card,32977.38
6675,705,5,8,27,2026-01-05,,Pending,Credit Card,76951.6
6676,251,3,10,80,2025-11-29,,Cancelled,Credit Card,8596.16
6677,286,3,11,58,2025-12-12,2025-12-13,Delivered,Debit Card,16668.48
6678,740,2,16,68,2026-07-11,,Pending,Cash on Delivery,46866.68
6679,197,2,18,70,2025-11-27,2025-12-03,Delivered,Credit Card,32485.92
6680,985,4,9,87,2026-05-07,2026-05-09,Delivered,UPI,5776.18
6681,387,4,4,86,2026-01-17,2026-01-23,Delivered,Credit Card,52102.97
6682,733,3,17,81,2026-04-18,2026-04-22,Delivered,Cash on Delivery,2460.67
6683,428,2,6,28,2026-02-08,2026-02-09,Delivered,Net Banking,46107.56
6684,353,2,9,61,2025-12-31,2026-01-04,Delivered,Cash on Delivery,14620.27
6685,540,2,4,74,2025-11-11,,Cancelled,UPI,3303.95
6686,816,3,20,20,2025-12-02,2025-12-07,Delivered,UPI,77018.41
6687,791,1,6,90,2026-02-05,2026-02-10,Delivered,Cash on Delivery,27886.97
6688,190,1,12,31,2026-04-11,2026-04-14,Delivered,Net Banking,3935.43
6689,370,5,9,44,2026-07-21,2026-07-22,Delivered,Net Banking,52987.72
6690,169,2,11,69,2026-02-15,,Pending,UPI,43258.95
6691,268,3,1,7,2025-12-28,,Pending,Cash on Delivery,23997.64
6692,231,2,1,26,2025-11-29,,Pending,Net Banking,2492.64
6693,155,3,14,61,2025-12-01,2025-12-07,Delivered,Net Banking,6814.16
6694,10,5,10,58,2026-05-14,2026-05-21,Delivered,Cash on Delivery,26507.47
6695,369,5,15,13,2026-05-17,2026-05-24,Delivered,Net Banking,8837.84
6696,731,2,14,84,2025-12-13,2025-12-15,Delivered,Debit Card,48491.26
6697,62,4,17,54,2026-07-07,2026-07-12,Delivered,Net Banking,35055.84
6698,322,2,13,38,2026-02-03,,Cancelled,Debit Card,5456.42
6699,449,5,13,7,2025-12-10,2025-12-15,Delivered,Credit Card,26005.61
6700,216,5,1,74,2025-09-03,2025-09-06,Delivered,Cash on Delivery,38000.67
6701,182,3,17,77,2025-10-01,,Pending,Cash on Delivery,42713.73
6702,479,2,7,51,2025-11-02,2025-11-06,Delivered,Credit Card,14210.88
6703,17,4,18,38,2026-01-25,2026-01-26,Delivered,Credit Card,73618.07
6704,763,2,13,20,2026-01-10,2026-01-11,Delivered,Credit Card,26220.73
6705,718,3,13,40,2025-11-10,2025-11-15,Delivered,Cash on Delivery,40938.17
6706,289,2,19,11,2025-07-29,2025-08-02,Delivered,Debit Card,14012.78
6707,874,1,8,88,2025-07-29,2025-07-30,Delivered,UPI,23683.53
6708,398,4,14,31,2025-08-16,,Pending,Credit Card,27236.31
6709,770,3,5,68,2025-12-24,2025-12-31,Delivered,Debit Card,18577.24
6710,75,3,10,97,2026-02-15,2026-02-21,Delivered,Cash on Delivery,42282.09
6711,631,3,13,20,2026-01-16,2026-01-21,Delivered,UPI,20209.33
6712,783,5,4,82,2025-12-05,2025-12-08,Delivered,Cash on Delivery,4003.68
6713,82,4,2,49,2026-02-14,2026-02-21,Delivered,UPI,206.91
6714,758,1,2,24,2026-05-28,,Pending,Debit Card,37953.4
6715,429,3,19,3,2026-06-06,2026-06-10,Delivered,Net Banking,22327.35
6716,676,5,11,26,2026-01-04,2026-01-10,Delivered,UPI,38070.61
6717,931,3,13,18,2026-06-05,,Pending,UPI,18338.94
6718,988,5,1,54,2026-02-18,2026-02-22,Delivered,Net Banking,37147.62
6719,295,2,11,61,2026-06-24,,Pending,Credit Card,30114.18
6720,931,2,3,56,2025-09-16,2025-09-23,Delivered,Debit Card,22551.26
6721,157,3,7,100,2025-11-17,2025-11-19,Delivered,Debit Card,28445.81
6722,761,1,9,2,2026-04-18,2026-04-25,Delivered,UPI,50975.88
6723,704,3,15,97,2025-08-18,2025-08-23,Delivered,UPI,11348.34
6724,173,1,8,85,2025-12-12,2025-12-15,Delivered,Cash on Delivery,5663.24
6725,445,2,15,13,2025-08-23,2025-08-26,Delivered,Credit Card,18087.24
6726,673,1,7,100,2026-01-04,2026-01-11,Delivered,Debit Card,12978.01
6727,467,1,19,98,2025-12-22,2025-12-25,Delivered,Credit Card,29612.55
6728,577,5,18,89,2025-12-11,2025-12-18,Delivered,Credit Card,16662.63
6729,161,5,1,24,2025-11-03,2025-11-09,Delivered,UPI,70888.03
6730,366,3,6,7,2025-11-30,2025-12-07,Delivered,Credit Card,14766.12
6731,114,2,15,51,2025-09-06,2025-09-07,Delivered,Cash on Delivery,9448.2
6732,622,3,14,22,2025-09-24,2025-09-25,Delivered,UPI,26788.63
6733,489,5,8,92,2025-10-03,2025-10-09,Delivered,UPI,23339.97
6734,238,2,20,38,2026-07-08,2026-07-10,Delivered,Debit Card,4293.82
6735,47,2,6,63,2025-11-03,2025-11-07,Delivered,Credit Card,25171.24
6736,575,3,8,65,2026-06-26,,Cancelled,UPI,46336.77
6737,777,3,8,62,2025-11-21,2025-11-24,Delivered,Credit Card,7817.22
6738,611,5,19,76,2025-11-04,2025-11-11,Delivered,Debit Card,49065.97
6739,756,5,17,3,2025-08-22,2025-08-23,Delivered,Cash on Delivery,47678.86
6740,656,2,9,13,2026-05-21,2026-05-25,Delivered,Credit Card,17014.76
6741,605,3,2,66,2026-02-10,2026-02-11,Delivered,UPI,34740.72
6742,773,1,9,86,2026-03-12,2026-03-16,Delivered,Debit Card,29461.57
6743,599,2,1,41,2026-03-21,2026-03-23,Delivered,Cash on Delivery,18199.18
6744,500,4,6,14,2026-01-26,2026-01-27,Delivered,Debit Card,26010.83
6745,296,5,9,61,2026-07-24,2026-07-26,Delivered,UPI,5633.33
6746,709,1,3,61,2025-11-18,2025-11-21,Delivered,UPI,19065.16
6747,206,5,9,46,2025-07-28,2025-08-03,Delivered,Debit Card,4320.3
6748,938,2,17,51,2025-09-20,2025-09-24,Delivered,Cash on Delivery,51134.77
6749,301,1,9,77,2026-06-03,2026-06-07,Delivered,Cash on Delivery,4634.41
6750,139,3,8,51,2026-06-21,2026-06-22,Delivered,Cash on Delivery,7255.84
6751,270,5,4,19,2026-06-15,2026-06-16,Delivered,UPI,5098.64
6752,198,2,14,67,2025-10-13,2025-10-18,Delivered,Debit Card,9334.45
6753,861,3,5,69,2025-10-13,2025-10-18,Delivered,UPI,24316.62
6754,314,1,7,75,2026-02-17,2026-02-20,Delivered,Cash on Delivery,12340.86
6755,19,3,5,51,2025-12-31,2026-01-06,Delivered,Cash on Delivery,51311.57
6756,998,4,15,48,2026-07-16,2026-07-20,Delivered,Net Banking,49650.28
6757,297,1,18,7,2026-02-19,2026-02-25,Delivered,Cash on Delivery,21745.48
6758,202,3,13,61,2026-01-08,2026-01-12,Delivered,Credit Card,33761.58
6759,268,4,18,9,2025-08-02,2025-08-04,Delivered,Cash on Delivery,10329.48
6760,908,2,9,21,2026-02-11,2026-02-16,Delivered,Net Banking,37128.28
6761,226,3,1,27,2026-05-24,,Cancelled,Credit Card,24845.31
6762,614,4,12,18,2025-10-25,2025-11-01,Delivered,UPI,8733.48
6763,535,5,18,45,2026-06-16,2026-06-21,Delivered,Cash on Delivery,19284.97
6764,901,1,8,38,2025-11-27,2025-11-28,Delivered,UPI,6328.21
6765,261,3,20,78,2026-06-10,2026-06-16,Delivered,Cash on Delivery,50381.85
6766,337,4,9,94,2026-01-25,2026-01-31,Delivered,Cash on Delivery,26637.29
6767,38,1,9,98,2026-06-28,2026-07-03,Delivered,Net Banking,30440.02
6768,428,3,15,69,2025-08-12,2025-08-15,Delivered,Cash on Delivery,11122.48
6769,881,2,11,74,2026-05-06,2026-05-10,Delivered,Net Banking,43291.77
6770,395,2,4,100,2025-08-20,,Pending,Debit Card,36232.75
6771,22,5,11,61,2026-01-18,2026-01-22,Delivered,Net Banking,13055.7
6772,99,1,2,67,2025-08-03,,Pending,Debit Card,47177.47
6773,830,4,4,91,2025-10-30,2025-11-02,Delivered,Net Banking,47374.26
6774,655,2,9,28,2026-01-01,2026-01-08,Delivered,UPI,16022.31
6775,920,4,17,85,2025-10-10,,Pending,Cash on Delivery,27502.65
6776,822,5,3,87,2025-08-13,2025-08-18,Delivered,UPI,9546.24
6777,397,4,11,65,2026-07-04,2026-07-06,Delivered,Credit Card,23936.9
6778,316,3,3,16,2026-03-25,2026-03-30,Delivered,Cash on Delivery,32451.83
6779,570,1,14,58,2025-11-19,,Pending,Credit Card,7425.12
6780,395,1,11,62,2026-06-06,2026-06-11,Delivered,Net Banking,5485.68
6781,993,2,5,99,2026-07-25,2026-07-26,Delivered,Cash on Delivery,22143.51
6782,777,5,18,80,2025-11-07,2025-11-12,Delivered,Debit Card,56536.48
6783,934,5,6,34,2025-09-24,2025-09-30,Delivered,UPI,10358.76
6784,640,1,13,4,2026-07-17,2026-07-20,Delivered,Debit Card,25941.61
6785,694,2,18,100,2025-10-17,2025-10-20,Delivered,Cash on Delivery,13443.03
6786,731,2,8,8,2026-02-11,2026-02-14,Delivered,Cash on Delivery,20528.32
6787,921,3,14,27,2026-04-02,2026-04-05,Delivered,Net Banking,51462.61
6788,414,4,16,3,2026-01-02,2026-01-03,Delivered,Net Banking,36791.27
6789,855,1,9,33,2025-08-19,2025-08-26,Delivered,Debit Card,13038.84
6790,768,3,10,1,2025-10-02,2025-10-08,Delivered,UPI,31600.3
6791,804,2,15,48,2025-08-13,2025-08-15,Delivered,UPI,36774.42
6792,53,1,14,40,2026-06-01,,Cancelled,Cash on Delivery,26058.99
6793,788,5,20,63,2026-04-22,2026-04-26,Delivered,Credit Card,35351.83
6794,181,3,18,65,2025-12-03,2025-12-06,Delivered,Credit Card,23750.68
6795,465,4,7,96,2026-05-07,2026-05-12,Delivered,Net Banking,51712.74
6796,843,3,20,20,2025-08-14,,Pending,UPI,51367.39
6797,817,4,20,62,2026-02-21,2026-02-28,Delivered,Cash on Delivery,22387.53
6798,647,5,11,36,2026-03-21,2026-03-24,Delivered,Cash on Delivery,39309.06
6799,857,2,18,90,2026-05-08,,Cancelled,Cash on Delivery,26506.88
6800,932,3,3,8,2026-02-19,,Pending,Credit Card,13718.4
6801,998,5,19,96,2025-10-21,2025-10-24,Delivered,UPI,12610.6
6802,816,4,14,89,2025-08-07,,Pending,UPI,7757.44
6803,572,1,11,25,2026-03-20,2026-03-21,Delivered,Cash on Delivery,64312.05
6804,297,2,8,90,2026-05-24,2026-05-25,Delivered,Debit Card,29976.59
6805,387,1,2,6,2026-06-30,2026-07-02,Delivered,Cash on Delivery,6817.62
6806,699,4,13,64,2025-11-11,2025-11-13,Delivered,UPI,15079.9
6807,449,5,4,20,2026-05-12,,Pending,Cash on Delivery,74549.29
6808,106,1,15,56,2025-08-22,2025-08-25,Delivered,Cash on Delivery,20703.37
6809,895,4,10,23,2025-10-17,,Cancelled,Credit Card,24466.7
6810,584,5,20,4,2025-11-08,2025-11-10,Delivered,Net Banking,26266.39
6811,645,4,4,63,2026-04-12,,Pending,Cash on Delivery,20344.7
6812,408,4,5,22,2026-03-08,,Pending,UPI,6451.33
6813,148,4,12,40,2025-07-31,2025-08-01,Delivered,Credit Card,36051.57
6814,589,3,3,41,2026-03-10,2026-03-14,Delivered,Cash on Delivery,4963.2
6815,130,4,11,54,2026-05-22,2026-05-25,Delivered,Cash on Delivery,72184.23
6816,913,1,17,21,2026-01-11,,Cancelled,Credit Card,63830.8
6817,447,3,20,3,2026-03-31,2026-04-01,Delivered,Debit Card,20530.79
6818,34,2,6,51,2025-08-21,,Pending,Debit Card,5417.66
6819,31,2,20,61,2026-06-11,2026-06-18,Delivered,Credit Card,5951.0
6820,812,4,2,92,2026-03-19,2026-03-23,Delivered,Cash on Delivery,5895.84
6821,994,2,11,37,2026-01-27,2026-01-30,Delivered,Credit Card,54592.06
6822,285,1,6,81,2026-03-15,,Cancelled,Cash on Delivery,42565.18
6823,579,2,9,29,2026-01-31,2026-02-06,Delivered,Net Banking,47242.33
6824,764,1,14,10,2026-06-29,2026-07-05,Delivered,Debit Card,14891.94
6825,568,5,3,31,2026-06-20,,Cancelled,UPI,38432.57
6826,977,2,11,58,2026-07-19,2026-07-20,Delivered,Cash on Delivery,42014.46
6827,795,5,15,72,2026-06-10,,Pending,Cash on Delivery,39929.19
6828,304,2,12,43,2026-07-09,,Pending,Cash on Delivery,21674.37
6829,113,3,11,16,2026-03-07,2026-03-08,Delivered,Debit Card,26487.33
6830,510,2,1,47,2026-07-02,,Cancelled,Net Banking,22857.08
6831,969,4,12,5,2026-02-01,2026-02-06,Delivered,Debit Card,45180.59
6832,297,3,3,17,2025-09-17,,Pending,Net Banking,13454.61
6833,597,3,18,76,2026-06-18,2026-06-20,Delivered,Net Banking,6708.74
6834,407,2,20,20,2025-11-09,,Pending,Debit Card,31255.32
6835,442,3,1,5,2025-12-04,2025-12-06,Delivered,Debit Card,24925.1
6836,65,5,12,12,2025-09-24,2025-10-01,Delivered,Cash on Delivery,5011.17
6837,712,2,12,10,2026-02-27,,Pending,Cash on Delivery,7185.2
6838,899,1,17,33,2025-11-08,2025-11-10,Delivered,Credit Card,14543.16
6839,466,3,7,35,2025-09-07,,Pending,Debit Card,46250.41
6840,543,4,1,86,2025-10-16,2025-10-20,Delivered,Credit Card,16488.81
6841,115,4,7,35,2025-12-14,2025-12-15,Delivered,Debit Card,4419.51
6842,700,4,13,10,2025-12-25,2025-12-31,Delivered,Debit Card,26916.68
6843,255,3,5,19,2026-03-20,2026-03-26,Delivered,Cash on Delivery,30034.25
6844,41,1,17,13,2025-11-08,,Cancelled,UPI,61461.08
6845,277,4,17,89,2026-02-16,2026-02-21,Delivered,UPI,45184.17
6846,631,5,18,69,2025-08-01,2025-08-08,Delivered,Net Banking,14039.02
6847,901,3,9,32,2025-11-20,2025-11-27,Delivered,Net Banking,40270.94
6848,683,5,4,18,2025-11-27,,Pending,UPI,23429.74
6849,500,5,20,32,2026-07-17,2026-07-18,Delivered,UPI,36810.68
6850,332,5,17,70,2025-08-12,,Pending,UPI,54948.79
6851,338,1,17,6,2026-01-23,2026-01-26,Delivered,Credit Card,26855.22
6852,222,3,10,92,2025-10-14,,Pending,UPI,8955.75
6853,567,3,4,89,2025-12-11,2025-12-12,Delivered,Cash on Delivery,50055.56
6854,972,5,8,44,2026-05-15,,Cancelled,Cash on Delivery,9850.58
6855,830,1,19,76,2026-05-22,2026-05-24,Delivered,Credit Card,5095.84
6856,71,3,4,53,2025-12-20,2025-12-25,Delivered,Cash on Delivery,8767.59
6857,23,4,5,82,2026-05-14,2026-05-17,Delivered,Cash on Delivery,33164.61
6858,850,1,14,100,2026-04-21,2026-04-26,Delivered,Credit Card,55285.68
6859,723,4,12,73,2026-02-03,2026-02-05,Delivered,Credit Card,41906.62
6860,53,5,15,35,2025-11-20,2025-11-27,Delivered,Debit Card,26406.45
6861,599,4,11,77,2026-02-09,2026-02-11,Delivered,UPI,17189.88
6862,883,1,19,20,2025-08-01,2025-08-03,Delivered,Debit Card,15472.96
6863,763,3,14,48,2026-03-06,2026-03-12,Delivered,Cash on Delivery,25132.17
6864,733,4,4,98,2025-11-29,2025-12-02,Delivered,Net Banking,12915.9
6865,647,5,4,28,2026-02-05,2026-02-10,Delivered,Debit Card,80979.58
6866,870,5,2,39,2026-04-01,2026-04-06,Delivered,Cash on Delivery,26714.82
6867,298,5,4,51,2026-04-01,2026-04-02,Delivered,Cash on Delivery,27788.93
6868,148,2,19,42,2025-10-21,2025-10-23,Delivered,Credit Card,10542.55
6869,24,5,16,19,2026-03-06,,Cancelled,Cash on Delivery,25438.5
6870,395,4,9,13,2025-11-01,,Pending,UPI,9094.32
6871,915,3,7,86,2026-04-15,,Pending,Debit Card,29766.32
6872,502,5,9,42,2025-08-03,2025-08-04,Delivered,UPI,47289.02
6873,705,3,11,65,2026-07-06,2026-07-08,Delivered,UPI,7042.67
6874,531,3,8,48,2025-12-04,2025-12-11,Delivered,Credit Card,7384.84
6875,692,5,16,66,2026-03-10,2026-03-15,Delivered,Net Banking,63761.0
6876,128,4,19,23,2026-06-13,2026-06-18,Delivered,Debit Card,3846.99
6877,391,5,20,26,2026-03-27,2026-04-02,Delivered,Cash on Delivery,44919.36
6878,830,2,5,59,2026-05-18,2026-05-20,Delivered,Credit Card,64531.32
6879,425,4,18,31,2026-02-25,2026-02-27,Delivered,Debit Card,31235.85
6880,237,5,9,16,2025-08-13,2025-08-18,Delivered,Debit Card,22600.64
6881,989,5,11,82,2025-09-19,,Cancelled,UPI,8316.08
6882,165,4,5,66,2026-04-08,2026-04-15,Delivered,Cash on Delivery,32608.53
6883,83,3,1,54,2026-01-10,2026-01-13,Delivered,UPI,22996.17
6884,137,3,13,85,2025-07-27,,Pending,Debit Card,51894.72
6885,466,3,8,100,2025-09-30,2025-10-02,Delivered,UPI,2621.23
6886,902,1,10,90,2026-05-01,2026-05-02,Delivered,Credit Card,11270.03
6887,191,5,8,95,2026-03-23,2026-03-30,Delivered,Cash on Delivery,67949.67
6888,859,1,14,60,2025-11-01,,Pending,Cash on Delivery,63840.75
6889,433,2,16,96,2025-11-08,2025-11-12,Delivered,UPI,50765.67
6890,730,3,4,11,2025-09-22,2025-09-23,Delivered,UPI,7346.6
6891,565,4,8,66,2026-04-05,2026-04-11,Delivered,Net Banking,7730.38
6892,178,5,13,3,2026-06-30,,Pending,Cash on Delivery,9570.5
6893,481,2,16,80,2026-06-06,,Pending,Credit Card,43681.4
6894,888,5,10,19,2026-06-24,2026-06-26,Delivered,Credit Card,10393.32
6895,964,3,20,17,2025-08-13,2025-08-15,Delivered,Cash on Delivery,53072.57
6896,489,3,15,99,2026-06-03,2026-06-07,Delivered,Debit Card,15489.22
6897,457,5,11,7,2025-10-25,2025-10-26,Delivered,Net Banking,27994.03
6898,899,5,12,24,2025-08-30,2025-09-02,Delivered,Debit Card,28262.23
6899,443,5,2,30,2025-12-11,2025-12-13,Delivered,Credit Card,3846.99
6900,597,4,13,92,2026-07-15,,Pending,Net Banking,10464.87
6901,853,1,17,39,2026-02-18,2026-02-25,Delivered,Debit Card,36857.39
6902,474,5,11,89,2026-03-17,2026-03-22,Delivered,Credit Card,12053.7
6903,378,4,17,77,2026-05-19,2026-05-26,Delivered,UPI,14024.27
6904,902,2,13,74,2025-09-19,2025-09-25,Delivered,Net Banking,21820.96
6905,182,1,17,44,2025-12-02,2025-12-08,Delivered,Credit Card,13497.72
6906,997,4,11,40,2026-02-14,2026-02-21,Delivered,Cash on Delivery,14026.13
6907,607,4,10,53,2025-11-12,2025-11-16,Delivered,Net Banking,9500.65
6908,681,5,3,67,2026-03-21,,Cancelled,Net Banking,5761.74
6909,807,1,14,28,2026-06-18,2026-06-24,Delivered,Credit Card,22957.76
6910,891,3,19,42,2026-06-30,2026-07-03,Delivered,Net Banking,53474.07
6911,139,4,3,15,2025-08-02,2025-08-05,Delivered,Credit Card,79460.74
6912,236,3,11,81,2026-01-25,2026-01-30,Delivered,Cash on Delivery,66551.62
6913,219,4,16,63,2025-10-09,2025-10-11,Delivered,Credit Card,76459.48
6914,518,3,19,49,2026-06-19,,Pending,Debit Card,27627.34
6915,785,4,19,80,2025-11-25,,Pending,Net Banking,36584.12
6916,88,2,16,71,2025-09-24,2025-09-26,Delivered,UPI,6787.95
6917,46,1,18,92,2025-08-11,2025-08-12,Delivered,UPI,30828.57
6918,761,4,9,23,2025-10-23,2025-10-27,Delivered,Net Banking,50184.03
6919,60,4,13,24,2025-09-02,2025-09-05,Delivered,Debit Card,18229.25
6920,601,1,11,14,2026-03-02,2026-03-07,Delivered,Net Banking,17630.71
6921,717,1,13,57,2026-05-11,2026-05-17,Delivered,Net Banking,57267.27
6922,9,5,1,92,2026-01-13,2026-01-16,Delivered,Cash on Delivery,7851.5
6923,922,4,6,35,2026-04-11,2026-04-13,Delivered,Debit Card,13338.8
6924,898,2,19,51,2026-01-21,2026-01-27,Delivered,Net Banking,33776.79
6925,305,3,17,26,2026-01-25,,Pending,UPI,23881.43
6926,468,3,4,76,2025-11-14,2025-11-20,Delivered,UPI,45111.5
6927,185,3,7,33,2026-02-18,2026-02-20,Delivered,Credit Card,19088.81
6928,968,4,14,60,2026-01-12,2026-01-16,Delivered,Cash on Delivery,15589.56
6929,455,2,7,33,2026-01-21,,Pending,Cash on Delivery,17104.29
6930,819,3,11,69,2025-12-14,,Pending,UPI,5459.36
6931,212,5,3,2,2026-03-20,2026-03-26,Delivered,Cash on Delivery,23297.41
6932,614,1,3,33,2025-12-15,2025-12-19,Delivered,Credit Card,41486.05
6933,889,4,17,4,2025-09-09,,Cancelled,UPI,20822.37
6934,963,3,19,77,2026-04-07,2026-04-14,Delivered,Cash on Delivery,17103.41
6935,403,3,14,78,2025-11-23,,Pending,Cash on Delivery,37029.03
6936,156,3,3,59,2025-08-21,2025-08-23,Delivered,Credit Card,11512.08
6937,378,2,13,55,2026-02-11,2026-02-18,Delivered,UPI,10651.9
6938,224,4,5,45,2026-07-11,,Pending,Net Banking,74157.8
6939,381,4,5,47,2026-01-08,2026-01-12,Delivered,Cash on Delivery,25764.32
6940,212,1,11,94,2026-05-09,2026-05-14,Delivered,UPI,32434.58
6941,678,5,16,23,2025-11-07,2025-11-09,Delivered,Debit Card,34871.65
6942,832,4,15,50,2026-07-15,2026-07-21,Delivered,UPI,29080.51
6943,188,5,13,12,2026-04-19,2026-04-25,Delivered,Credit Card,45006.36
6944,673,1,13,86,2026-02-14,,Pending,Net Banking,4293.82
6945,405,3,6,57,2026-05-03,2026-05-09,Delivered,Debit Card,9291.81
6946,229,1,19,98,2025-09-26,2025-09-29,Delivered,Net Banking,20467.7
6947,857,4,11,51,2025-10-13,,Pending,Credit Card,20878.11
6948,17,2,2,84,2025-07-28,2025-08-01,Delivered,UPI,11227.23
6949,812,3,2,46,2026-02-06,2026-02-10,Delivered,UPI,17342.8
6950,457,1,17,60,2026-02-14,,Pending,Debit Card,38259.13
6951,860,3,17,14,2026-05-16,2026-05-22,Delivered,Credit Card,35984.55
6952,895,2,16,96,2026-05-04,2026-05-10,Delivered,Net Banking,45290.84
6953,426,2,12,21,2025-09-15,2025-09-21,Delivered,Net Banking,22819.38
6954,325,4,19,96,2026-06-17,2026-06-21,Delivered,Cash on Delivery,13637.4
6955,714,5,2,43,2026-03-19,2026-03-24,Delivered,Net Banking,32880.05
6956,732,5,2,61,2025-11-28,2025-11-30,Delivered,Net Banking,42810.59
6957,394,3,20,98,2026-05-28,2026-05-29,Delivered,Debit Card,6437.46
6958,721,4,18,24,2026-04-02,,Cancelled,UPI,26819.99
6959,51,1,5,74,2026-02-13,2026-02-20,Delivered,Credit Card,1381.85
6960,132,3,13,66,2026-07-01,2026-07-05,Delivered,Cash on Delivery,13207.6
6961,21,5,6,9,2025-12-27,2026-01-03,Delivered,Net Banking,2233.82
6962,295,2,3,47,2026-04-23,2026-04-24,Delivered,Net Banking,17843.28
6963,70,3,17,35,2026-02-11,2026-02-17,Delivered,UPI,23179.49
6964,740,1,19,46,2026-06-05,,Pending,Cash on Delivery,57220.34
6965,447,2,12,44,2026-07-26,2026-07-28,Delivered,Credit Card,11840.18
6966,710,5,12,47,2025-11-11,,Pending,Debit Card,48293.06
6967,570,2,16,86,2025-09-06,2025-09-10,Delivered,UPI,30003.14
6968,803,2,5,99,2026-03-05,2026-03-12,Delivered,Net Banking,14831.49
6969,951,5,8,31,2026-01-06,2026-01-08,Delivered,Cash on Delivery,33777.27
6970,540,2,20,64,2025-09-26,2025-10-02,Delivered,Debit Card,49356.98
6971,823,2,20,84,2025-10-30,2025-11-03,Delivered,Cash on Delivery,48474.58
6972,539,3,10,95,2026-04-04,2026-04-08,Delivered,Debit Card,37105.73
6973,329,2,2,59,2026-05-20,2026-05-25,Delivered,UPI,52633.58
6974,777,3,1,16,2025-10-20,,Cancelled,UPI,31192.13
6975,539,4,18,7,2025-09-30,,Pending,Debit Card,58624.44
6976,413,3,10,45,2026-07-08,,Pending,Net Banking,25376.36
6977,114,1,1,41,2026-01-09,2026-01-10,Delivered,Net Banking,33390.77
6978,927,4,18,88,2025-08-08,,Pending,Net Banking,33527.06
6979,504,5,9,33,2026-05-09,2026-05-10,Delivered,Credit Card,17568.84
6980,458,4,18,99,2026-04-02,2026-04-06,Delivered,Credit Card,17215.03
6981,850,3,13,82,2025-12-14,2025-12-21,Delivered,Credit Card,47307.22
6982,959,4,8,30,2026-05-03,2026-05-07,Delivered,Debit Card,13107.84
6983,762,2,19,53,2026-02-25,,Cancelled,Cash on Delivery,22925.68
6984,592,4,5,20,2025-12-20,,Pending,Credit Card,11715.63
6985,515,3,4,79,2026-05-01,,Pending,UPI,42824.25
6986,186,4,7,63,2026-03-25,2026-03-30,Delivered,Credit Card,37004.05
6987,296,1,11,7,2026-05-16,2026-05-18,Delivered,Net Banking,42910.4
6988,297,1,1,41,2025-11-12,,Pending,Debit Card,43087.7
6989,485,4,5,97,2025-09-29,2025-10-04,Delivered,Net Banking,21153.74
6990,438,5,6,77,2026-01-21,2026-01-24,Delivered,Cash on Delivery,37741.71
6991,462,5,8,53,2026-01-06,2026-01-11,Delivered,Debit Card,5173.0
6992,595,3,4,78,2026-06-17,2026-06-21,Delivered,Cash on Delivery,9398.04
6993,738,5,8,50,2026-01-29,2026-01-31,Delivered,Cash on Delivery,8996.76
6994,662,3,17,68,2025-11-17,2025-11-21,Delivered,Net Banking,39972.6
6995,766,3,20,88,2026-07-22,2026-07-28,Delivered,Cash on Delivery,39552.74
6996,120,5,8,15,2026-02-12,,Pending,Net Banking,5895.84
6997,260,5,9,34,2025-10-16,,Cancelled,Cash on Delivery,6629.14
6998,67,3,14,32,2025-09-03,,Pending,Credit Card,15157.26
6999,348,3,16,33,2026-06-21,2026-06-25,Delivered,Credit Card,32107.39
7000,450,3,6,11,2026-01-15,2026-01-20,Delivered,Net Banking,41705.57
7001,467,1,15,48,2025-10-09,2025-10-16,Delivered,Net Banking,26003.37
7002,84,4,18,97,2026-04-24,2026-04-29,Delivered,Debit Card,14276.08
7003,383,5,16,76,2025-07-27,,Pending,Credit Card,44359.91
7004,130,1,6,77,2025-12-23,2025-12-30,Delivered,UPI,15206.16
7005,332,1,19,2,2025-12-30,2026-01-02,Delivered,Cash on Delivery,5888.26
7006,236,1,13,42,2025-10-05,2025-10-08,Delivered,Debit Card,8767.59
7007,747,3,19,9,2026-06-19,2026-06-22,Delivered,Credit Card,48549.67
7008,298,4,14,17,2026-03-13,,Pending,UPI,13148.37
7009,138,4,7,79,2025-10-17,2025-10-18,Delivered,Debit Card,17342.8
7010,243,2,7,48,2026-04-08,,Pending,Debit Card,22819.88
7011,628,5,16,41,2026-04-02,,Pending,Net Banking,17699.89
7012,21,2,19,51,2026-07-17,,Cancelled,Net Banking,41351.06
7013,191,5,4,77,2026-04-17,2026-04-18,Delivered,Cash on Delivery,43077.82
7014,574,4,16,98,2025-08-29,2025-09-04,Delivered,Net Banking,23798.95
7015,668,4,18,19,2025-12-18,,Pending,Credit Card,11604.62
7016,477,4,14,32,2025-08-31,2025-09-04,Delivered,Credit Card,26524.12
7017,595,4,17,93,2026-06-07,2026-06-11,Delivered,Cash on Delivery,78816.08
7018,28,5,19,64,2026-02-17,2026-02-21,Delivered,Debit Card,45818.38
7019,953,1,11,2,2026-07-20,,Pending,Debit Card,30066.13
7020,285,2,12,85,2026-07-09,2026-07-15,Delivered,Net Banking,21019.94
7021,410,1,6,79,2026-06-02,,Pending,UPI,8598.58
7022,18,2,15,79,2026-05-19,2026-05-21,Delivered,Cash on Delivery,5049.0
7023,365,3,5,58,2025-08-31,2025-09-03,Delivered,Cash on Delivery,34043.08
7024,244,1,1,43,2026-01-25,2026-01-31,Delivered,Debit Card,30449.08
7025,436,3,16,16,2026-02-22,2026-02-26,Delivered,Credit Card,32387.14
7026,599,4,18,99,2026-02-06,,Cancelled,Credit Card,8610.16
7027,285,5,11,71,2025-09-23,2025-09-28,Delivered,Cash on Delivery,3991.48
7028,687,1,2,65,2025-11-18,2025-11-21,Delivered,Cash on Delivery,27926.08
7029,338,1,11,98,2026-05-25,2026-05-30,Delivered,Debit Card,39564.43
7030,201,2,13,44,2025-09-21,2025-09-25,Delivered,Cash on Delivery,29934.44
7031,535,1,7,80,2026-07-06,,Pending,Cash on Delivery,17444.84
7032,759,1,1,45,2025-12-22,2025-12-24,Delivered,Cash on Delivery,45385.14
7033,621,2,14,58,2026-06-11,2026-06-18,Delivered,Net Banking,6859.2
7034,110,4,11,50,2025-12-14,2025-12-19,Delivered,UPI,27056.91
7035,848,5,6,62,2026-06-11,,Pending,Debit Card,25496.22
7036,230,5,15,73,2025-12-05,,Pending,Credit Card,21608.01
7037,115,1,10,93,2026-03-02,2026-03-05,Delivered,Credit Card,22451.01
7038,485,4,4,62,2025-11-25,2025-12-02,Delivered,Credit Card,24980.08
7039,580,1,2,68,2026-01-03,2026-01-05,Delivered,Cash on Delivery,2853.44
7040,573,2,9,88,2026-03-25,,Pending,Cash on Delivery,28999.27
7041,798,2,17,16,2026-02-25,2026-02-27,Delivered,Net Banking,27488.26
7042,405,4,14,44,2026-03-14,2026-03-15,Delivered,Cash on Delivery,5367.63
7043,493,2,12,45,2026-06-16,2026-06-20,Delivered,Debit Card,4382.79
7044,298,4,4,1,2025-08-05,2025-08-11,Delivered,Cash on Delivery,42301.36
7045,922,3,5,46,2026-07-24,,Cancelled,UPI,66756.92
7046,184,5,11,89,2026-01-06,,Pending,Net Banking,15067.45
7047,756,5,17,71,2026-07-22,2026-07-28,Delivered,Debit Card,17396.48
7048,826,3,11,68,2025-09-24,2025-09-26,Delivered,Cash on Delivery,30305.39
7049,516,2,10,97,2025-10-26,2025-10-30,Delivered,UPI,9890.08
7050,540,1,1,20,2025-09-16,2025-09-17,Delivered,Debit Card,19453.88
7051,88,3,12,8,2026-01-21,,Pending,Net Banking,45812.3
7052,251,1,4,52,2026-05-04,2026-05-09,Delivered,Cash on Delivery,26216.19
7053,785,4,4,12,2025-09-21,2025-09-24,Delivered,Cash on Delivery,81793.16
7054,92,3,8,83,2025-10-20,2025-10-26,Delivered,Cash on Delivery,27040.31
7055,680,3,12,6,2026-04-06,2026-04-13,Delivered,Debit Card,32792.57
7056,566,5,10,5,2026-01-26,,Pending,Net Banking,26510.84
7057,142,5,5,81,2025-09-11,2025-09-15,Delivered,Net Banking,20576.32
7058,699,3,2,84,2026-01-17,2026-01-22,Delivered,Net Banking,51056.42
7059,248,5,11,56,2026-03-26,2026-04-01,Delivered,UPI,65295.15
7060,943,2,8,84,2026-02-07,2026-02-12,Delivered,Cash on Delivery,44702.71
7061,300,3,16,18,2026-03-08,,Pending,Debit Card,72854.77
7062,334,5,17,96,2025-08-06,2025-08-07,Delivered,Credit Card,89471.11
7063,242,3,12,9,2025-09-23,,Pending,Credit Card,14693.2
7064,267,5,9,83,2026-07-05,2026-07-12,Delivered,Cash on Delivery,45897.44
7065,412,1,8,86,2025-10-01,2025-10-08,Delivered,UPI,42073.4
7066,267,5,12,28,2025-10-23,2025-10-29,Delivered,UPI,2239.06
7067,280,4,18,98,2026-01-26,2026-02-01,Delivered,Cash on Delivery,20237.44
7068,648,5,6,41,2026-04-16,2026-04-17,Delivered,Cash on Delivery,51699.48
7069,113,4,15,7,2026-06-13,2026-06-18,Delivered,Credit Card,57142.77
7070,76,5,16,2,2026-03-06,,Cancelled,UPI,6050.26
7071,909,5,13,53,2025-08-17,,Cancelled,UPI,24857.25
7072,229,5,1,30,2025-08-09,,Pending,Debit Card,39343.83
7073,389,1,20,14,2026-04-28,2026-05-03,Delivered,Debit Card,35155.15
7074,56,4,4,49,2026-06-07,2026-06-10,Delivered,Cash on Delivery,6656.28
7075,158,3,12,57,2026-06-01,2026-06-03,Delivered,Credit Card,45260.99
7076,432,5,4,17,2026-05-19,2026-05-24,Delivered,Cash on Delivery,10623.48
7077,405,5,6,99,2026-01-09,,Pending,Debit Card,12218.58
7078,951,4,16,96,2025-11-26,2025-11-29,Delivered,Debit Card,20251.87
7079,373,5,2,72,2026-06-11,2026-06-16,Delivered,Net Banking,41432.84
7080,803,2,15,16,2025-11-09,2025-11-11,Delivered,UPI,24192.24
7081,777,1,11,100,2026-07-01,2026-07-05,Delivered,Debit Card,30949.27
7082,177,3,13,11,2026-06-02,2026-06-09,Delivered,Cash on Delivery,2290.46
7083,90,3,14,43,2026-04-30,2026-05-03,Delivered,UPI,4831.33
7084,379,5,6,56,2026-02-22,2026-02-25,Delivered,Credit Card,35082.13
7085,614,3,14,95,2026-03-27,2026-04-02,Delivered,Debit Card,14591.76
7086,89,4,19,15,2026-03-31,,Pending,Net Banking,38463.17
7087,46,4,9,77,2026-01-16,2026-01-23,Delivered,Credit Card,22906.53
7088,22,2,20,25,2025-08-17,,Pending,Cash on Delivery,56374.34
7089,253,2,20,51,2026-04-13,,Pending,Debit Card,6704.84
7090,921,4,6,61,2026-07-07,2026-07-08,Delivered,Debit Card,17606.0
7091,676,3,4,40,2026-02-26,2026-03-05,Delivered,UPI,59704.23
7092,816,3,6,56,2025-11-12,2025-11-14,Delivered,Credit Card,28173.94
7093,290,1,5,42,2026-06-06,2026-06-10,Delivered,Net Banking,12629.26
7094,203,1,5,56,2026-01-23,2026-01-30,Delivered,Credit Card,3668.4
7095,547,3,9,16,2026-01-16,,Pending,Debit Card,57149.89
7096,75,2,1,74,2026-03-09,2026-03-12,Delivered,Debit Card,20114.26
7097,792,4,5,62,2025-11-29,2025-12-02,Delivered,Net Banking,21742.68
7098,516,5,2,66,2026-04-26,,Pending,Credit Card,11542.93
7099,714,2,1,57,2025-11-04,2025-11-05,Delivered,Cash on Delivery,3097.27
7100,193,2,7,40,2025-08-23,2025-08-29,Delivered,Net Banking,12548.76
7101,217,2,16,68,2026-03-27,,Pending,Credit Card,49400.94
7102,417,2,16,21,2026-05-30,2026-06-01,Delivered,Cash on Delivery,18550.72
7103,129,4,15,58,2026-01-15,,Pending,Cash on Delivery,21522.52
7104,299,5,14,79,2026-01-06,2026-01-11,Delivered,UPI,41953.83
7105,595,4,10,98,2026-02-04,2026-02-08,Delivered,Debit Card,28863.87
7106,598,5,5,74,2025-11-25,2025-11-30,Delivered,Credit Card,20648.76
7107,807,4,3,26,2025-11-25,2025-11-28,Delivered,Credit Card,11189.68
7108,888,5,13,53,2025-10-13,2025-10-19,Delivered,UPI,8649.26
7109,932,4,11,30,2026-03-14,2026-03-18,Delivered,Net Banking,51978.97
7110,215,1,6,5,2026-02-15,2026-02-19,Delivered,Credit Card,23786.07
7111,896,3,4,62,2025-08-26,2025-08-27,Delivered,Credit Card,26474.34
7112,310,2,2,27,2026-06-09,2026-06-14,Delivered,Credit Card,13800.38
7113,205,1,4,84,2026-07-03,2026-07-09,Delivered,Net Banking,21659.6
7114,17,1,4,51,2026-06-27,2026-07-02,Delivered,Credit Card,31783.89
7115,256,1,14,18,2026-02-23,2026-03-02,Delivered,Net Banking,22180.68
7116,228,5,17,68,2026-02-22,,Pending,Debit Card,8698.24
7117,978,2,7,10,2026-03-26,2026-03-29,Delivered,Net Banking,48272.95
7118,496,3,18,13,2026-04-19,2026-04-21,Delivered,UPI,16343.64
7119,881,1,11,75,2025-08-11,,Pending,Cash on Delivery,34780.11
7120,794,2,14,2,2026-06-19,2026-06-26,Delivered,Credit Card,5803.58
7121,733,1,13,46,2026-01-18,2026-01-22,Delivered,Credit Card,48247.13
7122,421,5,6,19,2026-05-13,2026-05-17,Delivered,Net Banking,68650.94
7123,135,5,5,44,2025-10-16,2025-10-23,Delivered,Credit Card,42915.04
7124,890,2,14,83,2026-01-22,2026-01-29,Delivered,Debit Card,36257.27
7125,45,3,14,17,2026-02-11,2026-02-16,Delivered,UPI,29984.16
7126,80,5,11,62,2025-08-21,,Pending,Cash on Delivery,70472.48
7127,946,5,1,51,2025-12-10,2025-12-15,Delivered,UPI,48581.54
7128,39,2,19,79,2026-03-10,2026-03-13,Delivered,Cash on Delivery,68204.72
7129,544,1,13,54,2025-08-21,,Pending,Net Banking,23340.96
7130,220,5,14,71,2025-11-28,2025-12-02,Delivered,Credit Card,54676.36
7131,117,4,10,6,2026-02-03,2026-02-05,Delivered,Credit Card,27544.67
7132,56,1,17,88,2026-03-17,,Cancelled,Debit Card,64339.2
7133,773,1,7,75,2025-08-18,2025-08-23,Delivered,Net Banking,36687.54
7134,916,3,5,4,2026-02-28,,Pending,Cash on Delivery,12017.58
7135,182,2,13,6,2026-03-09,2026-03-15,Delivered,Debit Card,30321.99
7136,505,4,10,66,2025-11-21,,Pending,Net Banking,36680.09
7137,536,2,18,68,2025-12-17,2025-12-18,Delivered,Credit Card,10869.58
7138,473,2,8,69,2026-02-10,2026-02-13,Delivered,Credit Card,41743.54
7139,611,2,7,23,2026-03-20,2026-03-24,Delivered,Debit Card,29989.65
7140,263,2,2,15,2026-05-18,2026-05-24,Delivered,Net Banking,57966.83
7141,701,3,10,63,2026-04-29,,Pending,Debit Card,12300.84
7142,241,3,3,65,2026-03-27,2026-04-03,Delivered,Debit Card,10197.28
7143,615,4,9,59,2025-12-25,2025-12-26,Delivered,Net Banking,20692.0
7144,178,4,9,97,2025-09-30,2025-10-04,Delivered,Net Banking,7538.67
7145,856,3,17,31,2025-12-31,2026-01-03,Delivered,Debit Card,3452.92
7146,664,3,1,36,2026-06-13,,Pending,Net Banking,28059.08
7147,250,4,18,64,2026-02-25,2026-02-26,Delivered,Cash on Delivery,10910.48
7148,993,2,2,79,2025-10-16,2025-10-22,Delivered,UPI,17326.12
7149,455,2,5,13,2026-02-08,2026-02-09,Delivered,Debit Card,35959.27
7150,602,2,17,1,2025-11-06,2025-11-08,Delivered,UPI,27280.68
7151,826,3,12,87,2026-02-25,2026-03-01,Delivered,UPI,22199.41
7152,119,1,2,11,2026-02-10,2026-02-11,Delivered,Net Banking,1791.98
7153,694,4,7,27,2026-01-15,2026-01-16,Delivered,Credit Card,15642.6
7154,179,1,13,7,2026-01-02,2026-01-04,Delivered,Cash on Delivery,8126.49
7155,762,4,9,17,2025-10-14,,Pending,Credit Card,6431.49
7156,237,5,4,49,2026-02-15,2026-02-16,Delivered,Credit Card,49454.76
7157,195,4,4,1,2025-08-04,2025-08-05,Delivered,UPI,45820.37
7158,617,3,19,38,2026-06-26,2026-07-02,Delivered,UPI,21949.24
7159,343,3,4,78,2025-09-25,2025-09-30,Delivered,UPI,22216.84
7160,568,1,3,77,2025-08-02,,Pending,UPI,40658.11
7161,862,2,11,53,2026-04-19,,Pending,Debit Card,4351.85
7162,162,1,14,29,2026-01-29,2026-02-01,Delivered,Cash on Delivery,65201.49
7163,819,1,14,31,2025-12-28,2025-12-31,Delivered,Credit Card,29804.36
7164,668,5,1,20,2025-08-26,2025-09-02,Delivered,Cash on Delivery,12661.26
7165,491,4,4,7,2025-09-23,2025-09-26,Delivered,UPI,7794.99
7166,173,3,10,75,2025-10-27,2025-10-29,Delivered,Cash on Delivery,12920.99
7167,451,5,15,37,2026-03-14,2026-03-17,Delivered,UPI,26874.63
7168,377,2,16,11,2025-12-29,2025-12-31,Delivered,Credit Card,33408.32
7169,731,4,16,88,2026-04-17,2026-04-22,Delivered,Debit Card,7147.28
7170,168,5,13,16,2025-09-07,2025-09-11,Delivered,Net Banking,44110.27
7171,721,1,17,77,2025-10-05,,Pending,Cash on Delivery,36898.06
7172,836,3,18,32,2025-09-09,2025-09-10,Delivered,UPI,42915.64
7173,96,1,3,34,2026-07-25,2026-07-28,Delivered,Credit Card,39268.85
7174,300,3,17,40,2026-03-29,,Cancelled,Cash on Delivery,36873.26
7175,451,2,7,10,2026-05-28,,Pending,Cash on Delivery,29637.58
7176,77,1,16,92,2026-04-12,2026-04-17,Delivered,Cash on Delivery,24363.63
7177,412,1,20,42,2026-03-18,2026-03-21,Delivered,Net Banking,36651.9
7178,361,2,16,95,2025-08-06,,Pending,Debit Card,28348.44
7179,8,1,4,84,2026-03-29,,Cancelled,Cash on Delivery,37676.38
7180,413,2,3,60,2026-06-22,2026-06-23,Delivered,UPI,20750.89
7181,117,5,4,87,2025-12-03,2025-12-05,Delivered,Credit Card,4224.82
7182,878,1,3,86,2026-05-09,,Cancelled,Cash on Delivery,39091.0
7183,167,4,1,32,2025-08-30,,Cancelled,Net Banking,79052.93
7184,390,1,12,55,2026-02-24,2026-02-25,Delivered,Net Banking,37780.79
7185,66,4,11,38,2026-07-03,,Pending,UPI,33635.46
7186,727,2,15,71,2026-06-05,,Pending,Debit Card,4353.43
7187,77,2,4,54,2026-02-24,,Pending,Debit Card,29590.56
7188,781,1,6,39,2025-09-03,,Cancelled,UPI,27168.55
7189,260,4,16,41,2025-09-25,,Pending,Cash on Delivery,19085.92
7190,148,2,9,97,2026-07-22,2026-07-24,Delivered,UPI,40129.88
7191,660,1,14,38,2026-03-04,2026-03-05,Delivered,Cash on Delivery,4667.4
7192,943,5,17,34,2026-04-04,2026-04-06,Delivered,Net Banking,3420.48
7193,829,5,12,13,2026-05-29,2026-06-01,Delivered,Credit Card,23873.34
7194,244,2,9,89,2026-02-21,2026-02-24,Delivered,UPI,13718.4
7195,866,2,16,37,2026-02-15,2026-02-18,Delivered,Credit Card,17197.16
7196,101,5,14,97,2026-04-02,,Pending,Debit Card,52067.85
7197,10,3,14,5,2025-12-24,,Pending,UPI,26379.84
7198,99,1,7,61,2026-06-21,,Cancelled,Credit Card,13962.33
7199,658,2,10,83,2026-04-07,2026-04-14,Delivered,UPI,45345.97
7200,776,1,1,64,2026-05-27,2026-06-03,Delivered,Cash on Delivery,14304.7
7201,549,3,14,74,2026-05-19,,Pending,Cash on Delivery,10977.28
7202,766,5,13,7,2025-09-03,2025-09-10,Delivered,Credit Card,13025.56
7203,15,3,9,14,2026-02-10,2026-02-13,Delivered,Debit Card,36972.0
7204,501,2,10,64,2026-05-20,2026-05-23,Delivered,Debit Card,32464.58
7205,671,5,20,61,2025-09-16,2025-09-23,Delivered,Cash on Delivery,26067.74
7206,36,3,4,86,2026-06-08,2026-06-15,Delivered,Credit Card,47649.89
7207,857,4,12,31,2026-06-05,2026-06-12,Delivered,Debit Card,18993.96
7208,50,2,9,1,2025-08-06,,Pending,Cash on Delivery,81207.18
7209,19,5,3,96,2026-04-04,2026-04-07,Delivered,Cash on Delivery,4437.52
7210,571,1,19,90,2026-06-13,2026-06-19,Delivered,Net Banking,10326.74
7211,368,3,6,73,2026-02-01,2026-02-07,Delivered,UPI,40789.34
7212,614,2,12,62,2025-07-29,,Pending,Net Banking,45787.2
7213,70,4,17,35,2026-07-17,2026-07-19,Delivered,Cash on Delivery,21426.18
7214,518,5,2,51,2025-12-30,,Pending,Net Banking,13356.18
7215,651,1,6,37,2025-12-24,2025-12-30,Delivered,UPI,3696.32
7216,612,4,12,35,2026-04-30,2026-05-06,Delivered,Credit Card,35483.71
7217,758,1,16,66,2026-05-18,2026-05-23,Delivered,Net Banking,40811.78
7218,546,1,2,51,2026-06-22,2026-06-24,Delivered,UPI,30485.84
7219,154,3,4,59,2026-03-15,,Pending,Net Banking,15414.26
7220,143,2,18,20,2025-08-10,,Pending,Credit Card,6182.99
7221,248,4,3,24,2026-07-01,2026-07-05,Delivered,Credit Card,40248.7
7222,355,5,1,89,2025-09-10,2025-09-12,Delivered,Debit Card,33458.63
7223,966,4,14,16,2025-08-14,2025-08-20,Delivered,UPI,25850.16
7224,981,2,9,12,2026-01-19,2026-01-26,Delivered,Cash on Delivery,16005.93
7225,669,4,16,25,2026-03-11,2026-03-14,Delivered,Credit Card,17244.42
7226,717,1,16,33,2025-09-16,2025-09-23,Delivered,Debit Card,10117.65
7227,740,1,5,2,2025-10-20,2025-10-22,Delivered,Cash on Delivery,27687.31
7228,609,5,8,62,2026-01-29,2026-02-01,Delivered,Cash on Delivery,8075.98
7229,68,3,20,91,2026-05-25,2026-05-27,Delivered,UPI,6971.0
7230,881,3,11,73,2025-09-21,2025-09-28,Delivered,Credit Card,2391.78
7231,976,5,1,99,2026-03-12,2026-03-15,Delivered,Cash on Delivery,59483.39
7232,507,3,20,91,2026-02-27,2026-03-03,Delivered,Credit Card,3984.19
7233,501,2,7,59,2025-09-20,2025-09-24,Delivered,Credit Card,26181.03
7234,534,1,4,55,2025-12-24,,Cancelled,Credit Card,36026.9
7235,597,1,5,11,2026-02-26,2026-02-27,Delivered,UPI,46213.8
7236,246,3,7,7,2026-03-19,2026-03-23,Delivered,Credit Card,9520.48
7237,382,4,2,23,2026-07-08,,Pending,Net Banking,55300.92
7238,286,1,17,100,2025-10-24,,Pending,Credit Card,11980.44
7239,217,2,5,94,2025-10-21,2025-10-23,Delivered,UPI,7743.18
7240,572,4,16,32,2025-11-10,2025-11-13,Delivered,UPI,28570.82
7241,964,1,19,39,2026-07-13,2026-07-20,Delivered,Credit Card,18620.08
7242,492,5,1,68,2026-04-27,,Cancelled,Cash on Delivery,43698.39
7243,982,1,17,27,2026-02-10,2026-02-12,Delivered,Credit Card,25487.96
7244,973,5,4,55,2026-04-10,,Pending,Credit Card,25977.64
7245,144,5,13,84,2026-07-23,2026-07-24,Delivered,Net Banking,23705.28
7246,215,2,15,9,2026-06-21,2026-06-26,Delivered,UPI,34369.2
7247,948,5,15,70,2026-01-12,2026-01-18,Delivered,Net Banking,42824.78
7248,573,3,8,70,2026-04-09,2026-04-13,Delivered,Cash on Delivery,11108.42
7249,910,2,8,70,2025-11-21,2025-11-23,Delivered,Cash on Delivery,6088.79
7250,63,3,9,74,2026-03-19,2026-03-21,Delivered,Debit Card,9232.98
7251,321,1,10,4,2026-07-12,2026-07-16,Delivered,UPI,29799.4
7252,329,5,8,46,2026-01-19,2026-01-24,Delivered,Credit Card,21118.76
7253,875,1,7,34,2026-07-19,2026-07-20,Delivered,Net Banking,58148.21
7254,29,2,18,23,2025-08-13,2025-08-19,Delivered,Net Banking,7331.49
7255,330,3,2,18,2025-10-29,2025-11-03,Delivered,Cash on Delivery,12231.38
7256,493,3,19,71,2026-04-30,,Pending,Net Banking,36117.11
7257,498,4,12,29,2025-11-26,2025-11-29,Delivered,Debit Card,1145.23
7258,103,4,11,31,2025-08-13,2025-08-14,Delivered,UPI,10302.35
7259,391,1,14,54,2026-01-06,2026-01-10,Delivered,Cash on Delivery,29805.57
7260,219,1,8,12,2026-02-02,2026-02-09,Delivered,Cash on Delivery,23641.17
7261,714,5,3,14,2025-12-01,,Cancelled,Debit Card,50751.49
7262,346,2,8,4,2026-01-21,2026-01-25,Delivered,UPI,36332.62
7263,862,4,7,33,2026-02-10,2026-02-12,Delivered,Cash on Delivery,44553.85
7264,638,4,3,60,2026-03-22,2026-03-24,Delivered,Net Banking,7406.59
7265,647,5,7,4,2026-01-03,2026-01-10,Delivered,Net Banking,46848.91
7266,141,5,2,2,2026-06-26,2026-06-29,Delivered,Credit Card,24649.4
7267,47,4,16,19,2026-02-13,,Pending,Credit Card,1452.09
7268,849,3,9,58,2026-05-27,,Cancelled,Credit Card,44796.06
7269,306,2,14,72,2026-05-06,2026-05-10,Delivered,Credit Card,30439.23
7270,369,3,11,8,2026-06-27,,Pending,Credit Card,26690.96
7271,590,4,20,4,2025-10-22,2025-10-24,Delivered,Cash on Delivery,22564.75
7272,640,2,4,17,2025-10-09,2025-10-13,Delivered,UPI,13149.75
7273,637,5,12,62,2025-12-05,2025-12-11,Delivered,UPI,24752.2
7274,868,3,8,41,2025-12-11,2025-12-17,Delivered,UPI,29679.56
7275,943,4,18,13,2026-04-21,2026-04-28,Delivered,Net Banking,14131.41
7276,881,4,9,36,2026-01-16,2026-01-19,Delivered,Net Banking,24860.04
7277,799,2,3,94,2025-08-01,2025-08-04,Delivered,UPI,11036.64
7278,994,3,11,34,2026-06-02,2026-06-08,Delivered,UPI,44681.47
7279,998,4,12,89,2026-02-01,2026-02-05,Delivered,Debit Card,7682.68
7280,10,4,19,23,2026-01-14,2026-01-20,Delivered,Cash on Delivery,11574.48
7281,819,2,11,77,2025-10-26,2025-11-01,Delivered,UPI,37872.77
7282,947,1,1,10,2026-05-10,2026-05-13,Delivered,Debit Card,1345.84
7283,895,1,2,45,2025-09-04,2025-09-09,Delivered,Cash on Delivery,50111.64
7284,646,3,16,3,2026-05-20,2026-05-27,Delivered,Debit Card,63516.13
7285,977,1,14,46,2025-10-01,2025-10-04,Delivered,UPI,3272.1
7286,14,4,2,38,2026-06-18,2026-06-21,Delivered,Debit Card,19516.39
7287,870,5,12,33,2026-06-04,2026-06-08,Delivered,Credit Card,7533.93
7288,303,4,18,57,2026-04-08,2026-04-11,Delivered,UPI,33523.96
7289,289,3,18,75,2026-07-11,2026-07-18,Delivered,Cash on Delivery,11890.44
7290,436,1,5,41,2026-07-03,2026-07-04,Delivered,Credit Card,9420.94
7291,544,1,2,90,2025-10-19,2025-10-22,Delivered,UPI,41065.63
7292,520,4,4,22,2025-09-03,2025-09-04,Delivered,Debit Card,1256.97
7293,182,3,12,8,2025-11-29,2025-11-30,Delivered,Net Banking,51282.43
7294,338,3,20,3,2025-12-01,2025-12-02,Delivered,UPI,35085.18
7295,450,4,3,100,2025-12-06,2025-12-07,Delivered,Debit Card,5674.17
7296,493,4,16,99,2026-03-29,,Cancelled,Credit Card,4486.83
7297,839,2,4,81,2025-08-12,2025-08-14,Delivered,Credit Card,11768.4
7298,125,2,19,59,2026-04-17,2026-04-18,Delivered,Debit Card,20289.39
7299,315,3,13,13,2026-06-19,2026-06-22,Delivered,Debit Card,47392.62
7300,389,5,19,54,2026-05-21,2026-05-28,Delivered,Net Banking,19734.74
7301,925,5,6,33,2025-11-27,2025-11-28,Delivered,Credit Card,16634.54
7302,190,2,17,99,2026-01-13,2026-01-14,Delivered,Cash on Delivery,1569.06
7303,648,3,5,35,2026-04-15,,Pending,Cash on Delivery,29371.15
7304,956,4,20,91,2026-07-13,2026-07-18,Delivered,Debit Card,35683.81
7305,589,3,3,92,2025-08-08,,Pending,Net Banking,24876.5
7306,932,5,19,40,2025-12-12,2025-12-13,Delivered,Debit Card,13337.33
7307,394,3,11,98,2025-09-14,,Pending,Cash on Delivery,30223.99
7308,241,5,19,20,2026-04-02,2026-04-05,Delivered,Net Banking,41462.4
7309,507,2,18,3,2025-09-01,2025-09-05,Delivered,Cash on Delivery,32829.64
7310,407,5,16,54,2026-02-15,,Pending,Cash on Delivery,30415.95
7311,948,2,7,58,2026-01-28,2026-01-31,Delivered,Debit Card,14410.16
7312,878,5,5,45,2026-03-23,2026-03-24,Delivered,Cash on Delivery,6699.83
7313,126,5,14,17,2026-03-18,,Pending,Cash on Delivery,14131.41
7314,314,4,15,56,2026-04-15,,Pending,Cash on Delivery,14145.81
7315,711,1,13,97,2026-07-02,2026-07-07,Delivered,Net Banking,55430.23
7316,124,2,20,25,2026-05-10,,Pending,Cash on Delivery,8433.52
7317,859,5,9,17,2025-10-21,2025-10-27,Delivered,Credit Card,21856.79
7318,116,4,15,56,2026-02-12,,Pending,UPI,33875.6
7319,544,4,12,54,2025-11-10,,Pending,Debit Card,24807.76
7320,589,4,4,4,2026-04-29,2026-05-06,Delivered,Credit Card,48470.16
7321,816,4,19,84,2026-06-11,2026-06-15,Delivered,UPI,1399.56
7322,678,4,10,36,2025-11-12,,Pending,Cash on Delivery,40175.89
7323,939,4,4,35,2025-11-06,2025-11-13,Delivered,Cash on Delivery,14605.7
7324,968,1,2,18,2025-08-13,,Cancelled,UPI,46581.17
7325,369,1,12,37,2025-11-24,2025-11-27,Delivered,Net Banking,11992.52
7326,709,3,20,69,2025-12-16,2025-12-23,Delivered,Credit Card,17406.5
7327,380,3,13,81,2026-02-09,2026-02-12,Delivered,Net Banking,7837.14
7328,276,4,12,44,2026-02-20,2026-02-26,Delivered,Cash on Delivery,20201.63
7329,965,3,14,27,2025-10-16,2025-10-19,Delivered,Credit Card,18460.46
7330,4,3,11,4,2025-09-05,,Cancelled,Credit Card,5287.64
7331,800,4,1,88,2025-08-25,2025-08-29,Delivered,Credit Card,14172.3
7332,541,5,5,61,2025-11-24,2025-11-27,Delivered,Net Banking,12113.1
7333,510,2,2,92,2025-08-20,2025-08-23,Delivered,Cash on Delivery,11590.32
7334,837,5,13,3,2025-11-23,2025-11-27,Delivered,Net Banking,18704.67
7335,32,3,6,100,2026-07-06,2026-07-12,Delivered,Debit Card,7084.77
7336,554,5,6,83,2026-01-30,,Pending,Debit Card,43746.38
7337,202,5,12,6,2025-08-15,2025-08-19,Delivered,Cash on Delivery,27744.89
7338,822,4,4,56,2026-04-05,2026-04-09,Delivered,Cash on Delivery,5752.84
7339,698,1,17,33,2026-07-19,2026-07-23,Delivered,Cash on Delivery,9044.39
7340,295,2,19,9,2026-04-25,2026-04-29,Delivered,Cash on Delivery,20186.79
7341,596,4,11,3,2025-09-04,,Pending,Credit Card,40962.44
7342,352,4,20,23,2026-05-15,2026-05-16,Delivered,Net Banking,1440.1
7343,76,1,12,55,2025-09-24,2025-09-29,Delivered,Cash on Delivery,17309.08
7344,640,1,17,19,2026-07-25,2026-07-29,Delivered,UPI,36268.28
7345,537,3,3,26,2025-10-23,2025-10-30,Delivered,Net Banking,62464.01
7346,19,4,5,27,2026-04-04,,Pending,Debit Card,15883.14
7347,238,2,6,56,2026-05-31,2026-06-06,Delivered,Debit Card,32112.4
7348,639,4,10,13,2025-11-29,2025-11-30,Delivered,Net Banking,32955.66
7349,655,2,12,79,2026-06-22,2026-06-23,Delivered,Net Banking,46067.07
7350,868,1,10,54,2025-08-15,,Pending,Credit Card,15260.94
7351,70,5,4,70,2025-10-12,2025-10-16,Delivered,UPI,51401.71
7352,270,1,14,46,2025-12-29,2025-12-30,Delivered,Credit Card,38731.51
7353,29,1,7,30,2026-02-20,2026-02-26,Delivered,Debit Card,49780.31
7354,618,5,13,56,2026-01-15,2026-01-21,Delivered,Debit Card,44427.08
7355,158,3,7,74,2025-09-09,,Pending,Credit Card,18312.04
7356,572,3,7,93,2025-11-29,2025-12-06,Delivered,Credit Card,39334.96
7357,543,4,17,39,2026-03-27,2026-03-31,Delivered,Credit Card,17300.06
7358,314,1,18,81,2026-05-14,,Pending,Credit Card,16711.66
7359,10,1,6,58,2025-12-26,2025-12-28,Delivered,Cash on Delivery,29268.58
7360,590,1,7,10,2026-06-10,2026-06-13,Delivered,Debit Card,16956.75
7361,361,5,7,21,2026-07-24,2026-07-29,Delivered,Credit Card,5554.21
7362,285,5,10,87,2026-05-24,,Pending,Credit Card,47615.42
7363,708,4,15,19,2026-02-19,2026-02-24,Delivered,Cash on Delivery,28716.21
7364,604,5,8,94,2026-03-17,2026-03-23,Delivered,Net Banking,26577.74
7365,853,5,9,77,2025-08-24,2025-08-26,Delivered,Cash on Delivery,49058.71
7366,454,4,6,65,2026-05-11,2026-05-14,Delivered,Net Banking,22799.73
7367,393,4,20,11,2025-08-10,2025-08-11,Delivered,Cash on Delivery,28618.92
7368,722,4,6,77,2026-03-10,2026-03-15,Delivered,Debit Card,58120.02
7369,188,2,10,13,2026-04-01,2026-04-05,Delivered,UPI,18908.01
7370,682,1,17,7,2026-01-13,2026-01-16,Delivered,Debit Card,740.94
7371,80,5,1,59,2026-07-03,,Pending,UPI,774.25
7372,138,2,20,100,2026-06-30,,Pending,Credit Card,7272.72
7373,468,5,2,24,2026-01-17,2026-01-21,Delivered,UPI,34506.01
7374,299,3,20,51,2026-03-23,2026-03-26,Delivered,UPI,31779.05
7375,81,1,19,27,2026-01-16,2026-01-17,Delivered,UPI,24458.55
7376,904,3,4,93,2026-02-20,2026-02-23,Delivered,Cash on Delivery,18110.69
7377,454,4,8,12,2025-08-16,,Pending,UPI,54484.78
7378,712,4,2,93,2026-07-01,2026-07-02,Delivered,Debit Card,24623.41
7379,581,4,7,12,2026-07-04,,Pending,Debit Card,21780.3
7380,425,1,1,64,2025-09-20,,Cancelled,Credit Card,28291.64
7381,967,4,4,91,2025-10-25,,Pending,Credit Card,14390.36
7382,465,4,7,31,2026-04-01,,Pending,UPI,45515.28
7383,86,5,1,13,2025-11-21,2025-11-24,Delivered,Credit Card,17287.25
7384,424,5,6,10,2026-06-04,,Pending,Net Banking,4905.45
7385,874,3,6,21,2026-05-25,,Pending,UPI,50452.22
7386,1,3,14,10,2026-03-27,2026-03-31,Delivered,Debit Card,10772.95
7387,867,1,19,55,2025-11-07,,Pending,Credit Card,66071.61
7388,938,3,11,11,2025-12-12,,Cancelled,Credit Card,16604.95
7389,350,4,18,93,2026-01-08,2026-01-11,Delivered,UPI,35844.71
7390,66,1,18,92,2026-02-10,,Pending,Debit Card,38853.88
7391,348,2,2,11,2025-11-17,,Pending,UPI,27884.03
7392,725,5,4,74,2025-11-06,,Pending,Cash on Delivery,37086.84
7393,60,2,5,62,2026-01-03,2026-01-10,Delivered,Debit Card,9335.69
7394,816,1,16,63,2026-01-26,2026-01-30,Delivered,Debit Card,11655.84
7395,263,4,17,43,2026-03-07,2026-03-10,Delivered,Debit Card,27203.72
7396,9,3,9,22,2026-06-06,2026-06-10,Delivered,UPI,16447.9
7397,397,5,19,34,2025-11-17,2025-11-23,Delivered,Cash on Delivery,55016.31
7398,776,3,4,100,2025-08-05,2025-08-09,Delivered,Debit Card,29784.54
7399,901,4,4,95,2026-07-17,2026-07-21,Delivered,UPI,37295.98
7400,813,1,4,39,2026-05-18,2026-05-25,Delivered,Cash on Delivery,13954.15
7401,57,5,12,72,2025-10-25,2025-10-26,Delivered,Cash on Delivery,44809.62
7402,688,1,11,46,2026-06-10,,Pending,Net Banking,38273.16
7403,175,3,13,63,2026-05-22,2026-05-26,Delivered,UPI,31038.37
7404,269,3,9,94,2026-01-07,2026-01-10,Delivered,Credit Card,11267.34
7405,640,4,9,99,2026-05-04,2026-05-08,Delivered,UPI,380.42
7406,543,1,18,8,2026-06-24,2026-07-01,Delivered,UPI,7384.84
7407,337,4,4,30,2026-01-08,2026-01-13,Delivered,Credit Card,50027.48
7408,421,4,17,33,2025-11-19,,Pending,UPI,8365.88
7409,301,5,5,33,2026-06-08,2026-06-14,Delivered,Net Banking,20578.88
7410,120,1,10,20,2025-08-04,,Pending,Cash on Delivery,25609.08
7411,1000,1,13,85,2025-08-21,2025-08-25,Delivered,UPI,39789.25
7412,440,2,18,10,2026-01-10,,Pending,Cash on Delivery,39014.87
7413,369,5,19,61,2025-10-19,2025-10-21,Delivered,Cash on Delivery,28206.15
7414,401,3,14,95,2026-07-26,2026-07-27,Delivered,Debit Card,29537.15
7415,125,4,15,11,2025-09-17,2025-09-18,Delivered,Cash on Delivery,61152.55
7416,15,4,3,89,2026-03-22,,Pending,Debit Card,2414.34
7417,776,1,4,91,2025-11-28,2025-11-29,Delivered,Cash on Delivery,8891.28
7418,935,3,16,71,2026-01-29,2026-02-03,Delivered,Debit Card,63863.96
7419,372,4,15,56,2025-10-19,2025-10-25,Delivered,Cash on Delivery,34608.17
7420,494,1,2,56,2026-05-17,2026-05-19,Delivered,Net Banking,32403.44
7421,744,3,6,23,2026-02-05,2026-02-07,Delivered,Net Banking,38764.39
7422,885,5,4,34,2026-02-08,2026-02-14,Delivered,Credit Card,33097.73
7423,114,3,12,21,2026-04-10,2026-04-12,Delivered,Net Banking,38852.93
7424,497,4,18,29,2025-10-15,2025-10-22,Delivered,Debit Card,28635.86
7425,804,2,2,68,2026-06-29,2026-06-30,Delivered,UPI,26105.51
7426,354,3,19,75,2025-09-11,,Pending,Cash on Delivery,50810.99
7427,644,5,13,76,2025-12-11,2025-12-16,Delivered,UPI,34212.93
7428,93,3,6,86,2026-03-10,,Pending,Cash on Delivery,8494.86
7429,817,1,5,8,2026-02-05,2026-02-09,Delivered,UPI,9324.61
7430,881,4,18,70,2025-12-16,2025-12-19,Delivered,UPI,39235.38
7431,812,2,3,52,2026-01-18,,Pending,UPI,36615.45
7432,753,2,13,92,2026-04-27,2026-04-28,Delivered,Debit Card,31033.58
7433,950,1,11,80,2026-07-18,2026-07-23,Delivered,Debit Card,55157.31
7434,127,1,13,57,2025-09-27,,Pending,Cash on Delivery,25539.2
7435,723,4,14,20,2026-03-17,,Cancelled,Debit Card,36600.76
7436,555,1,13,96,2026-07-15,2026-07-22,Delivered,Credit Card,19538.79
7437,800,4,12,32,2026-04-26,,Cancelled,Net Banking,43266.48
7438,500,5,7,19,2026-04-12,,Pending,Credit Card,38178.5
7439,183,5,11,36,2025-09-22,2025-09-29,Delivered,UPI,42599.86
7440,397,5,20,35,2026-04-10,2026-04-14,Delivered,Cash on Delivery,2403.2
7441,840,4,7,84,2026-01-13,,Pending,UPI,28251.52
7442,837,1,18,26,2025-10-25,2025-10-28,Delivered,UPI,11798.97
7443,53,3,1,56,2025-09-05,2025-09-10,Delivered,Net Banking,34437.62
7444,295,5,8,92,2026-02-09,,Pending,Credit Card,40657.3
7445,978,1,1,97,2025-12-26,2025-12-30,Delivered,Credit Card,37691.01
7446,719,5,11,84,2026-03-01,2026-03-02,Delivered,Net Banking,22729.2
7447,714,2,16,5,2026-05-23,2026-05-28,Delivered,Cash on Delivery,13722.07
7448,382,5,20,1,2026-05-11,2026-05-15,Delivered,UPI,67324.38
7449,651,1,11,96,2025-10-15,2025-10-17,Delivered,Debit Card,25120.0
7450,482,5,1,17,2026-04-28,2026-05-03,Delivered,UPI,15066.27
7451,164,2,15,55,2025-08-10,2025-08-11,Delivered,UPI,28391.89
7452,703,1,2,42,2025-09-18,,Pending,UPI,16576.04
7453,917,3,20,70,2026-03-03,,Pending,Cash on Delivery,50586.5
7454,337,5,10,62,2026-06-14,2026-06-19,Delivered,UPI,27843.12
7455,555,4,10,24,2025-08-30,2025-08-31,Delivered,Credit Card,28462.46
7456,523,4,6,65,2025-12-02,2025-12-03,Delivered,Credit Card,41837.44
7457,353,2,11,29,2026-03-01,2026-03-04,Delivered,Net Banking,15348.87
7458,370,1,3,41,2025-12-17,,Pending,UPI,24697.09
7459,194,1,11,21,2026-07-19,2026-07-20,Delivered,Cash on Delivery,46785.38
7460,567,3,17,61,2026-04-26,2026-05-03,Delivered,UPI,41172.33
7461,737,5,12,16,2026-04-10,2026-04-17,Delivered,UPI,36733.23
7462,899,1,17,82,2025-11-22,2025-11-27,Delivered,Debit Card,40116.73
7463,767,1,3,38,2026-04-02,2026-04-03,Delivered,Cash on Delivery,65514.46
7464,265,1,2,36,2025-09-28,2025-10-01,Delivered,Debit Card,25517.38
7465,439,2,19,78,2026-06-11,,Pending,Credit Card,23515.69
7466,822,2,5,61,2025-10-23,2025-10-28,Delivered,Cash on Delivery,8390.64
7467,576,5,19,75,2025-10-23,2025-10-25,Delivered,Cash on Delivery,38741.87
7468,858,3,20,26,2025-10-02,2025-10-04,Delivered,Credit Card,17045.48
7469,872,3,7,78,2025-11-20,2025-11-21,Delivered,Cash on Delivery,9145.45
7470,204,3,14,6,2025-08-31,2025-09-02,Delivered,UPI,5583.33
7471,209,5,16,27,2025-12-19,2025-12-22,Delivered,UPI,21057.92
7472,141,1,11,69,2026-06-23,,Cancelled,Net Banking,28724.52
7473,228,2,14,50,2026-05-08,2026-05-15,Delivered,Cash on Delivery,13459.29
7474,305,2,7,55,2025-12-18,2025-12-24,Delivered,UPI,42393.88
7475,674,5,10,95,2025-08-22,,Cancelled,Debit Card,50675.32
7476,382,3,14,71,2026-02-25,,Pending,UPI,27154.77
7477,773,3,18,75,2025-12-08,2025-12-09,Delivered,Cash on Delivery,53251.66
7478,719,1,8,84,2026-03-27,,Pending,Net Banking,9578.04
7479,459,2,20,71,2026-05-09,2026-05-13,Delivered,Credit Card,20145.45
7480,1000,2,2,17,2025-11-02,2025-11-05,Delivered,Credit Card,20443.0
7481,247,2,8,89,2026-02-20,2026-02-26,Delivered,UPI,22416.56
7482,678,3,19,50,2025-10-31,2025-11-02,Delivered,UPI,33254.22
7483,626,1,5,64,2026-03-10,2026-03-11,Delivered,Debit Card,28787.3
7484,252,4,18,56,2026-01-11,,Pending,Net Banking,9117.3
7485,311,2,15,6,2026-06-01,,Pending,Cash on Delivery,27975.46
7486,44,5,6,60,2025-12-25,2025-12-31,Delivered,Net Banking,60283.31
7487,429,3,14,26,2025-08-05,2025-08-06,Delivered,Credit Card,43262.88
7488,995,5,16,25,2026-01-24,2026-01-31,Delivered,Net Banking,40176.78
7489,1000,1,5,26,2026-07-15,2026-07-22,Delivered,Net Banking,13565.43
7490,472,5,1,12,2025-10-15,2025-10-20,Delivered,Credit Card,23560.21
7491,302,4,15,64,2025-11-20,2025-11-26,Delivered,Debit Card,41988.4
7492,102,2,17,89,2025-11-17,,Pending,UPI,16200.04
7493,4,4,19,65,2026-05-31,2026-06-07,Delivered,Credit Card,26889.45
7494,414,2,15,68,2025-12-23,,Pending,Net Banking,23593.41
7495,665,4,3,55,2026-06-20,2026-06-25,Delivered,UPI,29079.35
7496,15,4,13,100,2026-01-25,,Pending,Net Banking,46873.18
7497,698,2,17,9,2026-04-28,,Pending,Cash on Delivery,23340.96
7498,603,3,2,40,2025-11-02,2025-11-04,Delivered,Credit Card,44840.24
7499,558,4,9,49,2025-12-24,2025-12-25,Delivered,Net Banking,61945.17
7500,795,2,3,87,2025-10-03,2025-10-05,Delivered,Debit Card,45863.89
7501,104,5,20,79,2026-05-05,,Pending,Cash on Delivery,41917.44
7502,9,5,7,16,2025-09-12,2025-09-13,Delivered,Credit Card,23561.51
7503,271,3,18,93,2025-12-08,2025-12-13,Delivered,Debit Card,24123.35
7504,264,3,17,59,2026-05-11,2026-05-12,Delivered,Net Banking,28771.17
7505,253,3,7,33,2026-03-29,2026-04-05,Delivered,Net Banking,6268.78
7506,387,1,15,95,2026-03-06,2026-03-10,Delivered,Credit Card,57011.79
7507,103,1,7,9,2025-12-12,2025-12-17,Delivered,Cash on Delivery,3007.07
7508,721,1,14,96,2026-02-23,2026-02-26,Delivered,Debit Card,21974.22
7509,945,3,20,74,2025-11-14,2025-11-20,Delivered,Credit Card,38591.67
7510,656,1,1,68,2026-04-05,2026-04-10,Delivered,Credit Card,15897.51
7511,456,3,17,23,2025-08-27,,Pending,Credit Card,42923.32
7512,450,5,4,17,2026-07-19,2026-07-26,Delivered,Net Banking,740.94
7513,509,1,1,37,2026-03-27,,Cancelled,Debit Card,23025.17
7514,806,1,11,63,2026-02-01,2026-02-07,Delivered,Credit Card,11035.47
7515,647,2,15,26,2025-11-07,2025-11-10,Delivered,UPI,27584.38
7516,861,3,16,86,2026-05-10,2026-05-12,Delivered,Cash on Delivery,7968.38
7517,609,3,20,36,2026-07-23,,Cancelled,Credit Card,44141.82
7518,202,2,4,64,2026-07-20,,Cancelled,Cash on Delivery,60043.73
7519,232,4,2,46,2026-07-22,2026-07-27,Delivered,Cash on Delivery,18852.44
7520,446,1,5,5,2026-03-20,2026-03-27,Delivered,Cash on Delivery,26716.15
7521,534,3,9,92,2025-09-09,,Pending,UPI,6330.63
7522,783,4,4,43,2026-01-07,2026-01-10,Delivered,Cash on Delivery,2851.38
7523,143,5,4,77,2025-08-20,2025-08-24,Delivered,Debit Card,5810.45
7524,863,3,14,44,2026-01-14,2026-01-17,Delivered,Debit Card,21129.85
7525,154,4,9,43,2025-07-28,2025-08-01,Delivered,Cash on Delivery,3924.88
7526,179,4,20,23,2025-12-04,2025-12-05,Delivered,Credit Card,35821.99
7527,139,4,14,61,2025-08-01,2025-08-02,Delivered,UPI,6873.28
7528,102,5,11,100,2025-09-27,2025-09-29,Delivered,Credit Card,36679.42
7529,449,5,8,72,2026-07-10,2026-07-15,Delivered,Credit Card,37432.69
7530,243,5,20,18,2025-09-29,,Pending,Net Banking,33132.56
7531,538,3,13,18,2025-08-25,2025-08-31,Delivered,Cash on Delivery,15654.02
7532,665,4,17,95,2026-02-11,2026-02-16,Delivered,Cash on Delivery,72280.96
7533,89,4,2,30,2026-04-11,2026-04-14,Delivered,Debit Card,29821.53
7534,657,2,18,7,2025-09-01,2025-09-04,Delivered,Cash on Delivery,22241.93
7535,668,5,3,91,2025-12-31,2026-01-07,Delivered,Credit Card,43175.76
7536,421,1,5,62,2026-03-03,2026-03-06,Delivered,Cash on Delivery,42875.27
7537,33,4,2,94,2026-02-26,2026-03-05,Delivered,Cash on Delivery,1108.08
7538,883,5,10,50,2025-08-23,2025-08-24,Delivered,Cash on Delivery,27947.54
7539,78,5,10,78,2026-04-03,,Pending,UPI,22406.23
7540,7,3,2,77,2026-06-15,2026-06-19,Delivered,Net Banking,40258.38
7541,894,2,11,40,2025-11-15,2025-11-18,Delivered,UPI,55480.79
7542,56,3,4,61,2026-07-08,,Pending,Cash on Delivery,3269.38
7543,134,2,16,94,2025-09-03,2025-09-10,Delivered,UPI,17022.51
7544,934,2,11,24,2025-10-23,,Pending,Debit Card,36244.27
7545,682,2,18,74,2026-05-28,2026-06-01,Delivered,UPI,4536.39
7546,512,3,7,21,2026-05-19,2026-05-23,Delivered,Cash on Delivery,45479.64
7547,584,5,4,6,2025-11-20,2025-11-21,Delivered,Cash on Delivery,10299.72
7548,770,1,3,16,2026-06-17,,Pending,Credit Card,60740.95
7549,686,1,9,1,2025-11-10,2025-11-13,Delivered,UPI,28329.82
7550,417,4,9,23,2026-04-12,2026-04-16,Delivered,Debit Card,16151.96
7551,252,4,10,74,2026-01-29,2026-02-05,Delivered,Debit Card,20776.44
7552,144,1,14,87,2025-12-24,2025-12-27,Delivered,Debit Card,17741.4
7553,997,3,7,37,2026-04-24,2026-04-28,Delivered,UPI,59397.4
7554,84,5,14,2,2026-07-07,2026-07-10,Delivered,Debit Card,15365.36
7555,197,3,18,69,2025-08-18,2025-08-21,Delivered,Net Banking,16481.24
7556,655,5,18,64,2026-04-26,,Pending,Credit Card,20508.84
7557,61,3,9,93,2026-03-13,2026-03-16,Delivered,Credit Card,41391.55
7558,986,2,17,95,2025-11-03,,Pending,Credit Card,20465.98
7559,51,3,4,52,2026-06-09,,Pending,Credit Card,29246.86
7560,21,2,8,81,2026-03-02,,Cancelled,Net Banking,21270.27
7561,983,3,16,59,2025-10-13,2025-10-16,Delivered,Credit Card,45487.56
7562,234,4,5,76,2026-04-22,2026-04-25,Delivered,Net Banking,30170.83
7563,439,1,16,89,2026-02-01,2026-02-04,Delivered,Debit Card,15635.66
7564,878,4,16,59,2026-06-06,2026-06-12,Delivered,Debit Card,8664.23
7565,936,5,20,62,2026-01-17,2026-01-24,Delivered,Credit Card,52571.13
7566,678,4,10,14,2025-11-15,2025-11-16,Delivered,Cash on Delivery,28854.06
7567,643,4,3,3,2025-08-06,2025-08-11,Delivered,Net Banking,15010.07
7568,299,5,10,23,2026-05-08,2026-05-10,Delivered,Net Banking,39093.94
7569,254,1,3,49,2025-09-14,2025-09-16,Delivered,Credit Card,18336.58
7570,515,5,5,55,2026-03-13,2026-03-16,Delivered,Cash on Delivery,8100.02
7571,993,5,2,99,2026-06-06,2026-06-11,Delivered,UPI,53071.43
7572,2,5,11,83,2026-05-02,2026-05-07,Delivered,Net Banking,6549.36
7573,91,5,12,99,2026-06-25,,Pending,Debit Card,26304.67
7574,235,4,9,87,2025-09-13,,Cancelled,Debit Card,16448.51
7575,985,2,4,84,2026-02-20,2026-02-27,Delivered,Debit Card,45358.54
7576,210,4,9,36,2025-12-31,2026-01-07,Delivered,UPI,64100.45
7577,527,2,1,54,2025-11-16,,Pending,UPI,3048.69
7578,963,3,8,76,2026-04-11,2026-04-17,Delivered,Credit Card,10820.52
7579,331,3,15,70,2026-03-31,2026-04-06,Delivered,Debit Card,16784.32
7580,635,1,1,96,2025-10-28,2025-11-03,Delivered,Credit Card,26558.96
7581,536,1,6,10,2025-10-13,2025-10-20,Delivered,Credit Card,25770.76
7582,403,5,10,82,2026-05-22,2026-05-28,Delivered,UPI,7407.1
7583,328,5,9,34,2026-07-24,,Pending,Net Banking,3138.12
7584,598,1,7,99,2025-08-07,2025-08-11,Delivered,Cash on Delivery,12617.2
7585,60,3,12,4,2026-06-07,2026-06-12,Delivered,UPI,57474.17
7586,654,2,13,17,2025-09-23,2025-09-25,Delivered,Cash on Delivery,3552.8
7587,415,2,6,33,2026-01-07,2026-01-14,Delivered,Credit Card,5396.23
7588,438,4,11,58,2026-06-23,2026-06-30,Delivered,Net Banking,7002.29
7589,538,4,2,33,2026-03-30,2026-03-31,Delivered,Net Banking,38943.52
7590,637,4,8,57,2025-12-09,2025-12-14,Delivered,Cash on Delivery,774.25
7591,680,2,11,21,2026-07-24,2026-07-30,Delivered,Net Banking,35931.62
7592,604,2,20,56,2026-05-13,,Pending,Cash on Delivery,17507.66
7593,580,3,4,67,2025-08-07,2025-08-10,Delivered,UPI,6215.45
7594,888,3,19,70,2026-03-07,2026-03-12,Delivered,Cash on Delivery,23303.64
7595,997,2,19,20,2026-05-04,2026-05-08,Delivered,Net Banking,22244.63
7596,19,3,4,54,2026-04-03,,Pending,UPI,51741.3
7597,324,4,20,93,2026-03-11,2026-03-13,Delivered,Debit Card,27436.8
7598,458,1,18,95,2025-12-23,,Cancelled,Debit Card,29347.66
7599,659,1,11,95,2026-04-27,2026-04-29,Delivered,Cash on Delivery,54379.03
7600,588,2,8,10,2026-06-10,,Pending,Debit Card,40787.08
7601,837,1,16,43,2025-10-07,,Pending,Net Banking,10975.69
7602,852,4,14,96,2025-09-10,2025-09-14,Delivered,Debit Card,15217.4
7603,646,1,2,19,2026-02-28,2026-03-01,Delivered,UPI,49201.91
7604,176,5,16,68,2026-07-07,2026-07-13,Delivered,Net Banking,37535.67
7605,366,4,17,86,2025-10-08,,Pending,UPI,15712.22
7606,787,3,1,45,2026-01-04,2026-01-06,Delivered,Credit Card,4224.17
7607,526,2,2,84,2025-12-20,,Pending,UPI,6554.24
7608,629,4,1,43,2026-01-18,,Pending,Cash on Delivery,20296.28
7609,613,5,7,22,2026-01-21,2026-01-25,Delivered,Credit Card,24020.04
7610,726,4,16,37,2025-09-12,2025-09-19,Delivered,Credit Card,14502.96
7611,184,3,13,66,2026-03-16,2026-03-20,Delivered,Credit Card,12998.49
7612,91,2,3,96,2026-05-12,,Pending,Debit Card,45396.68
7613,778,1,7,69,2025-12-20,2025-12-27,Delivered,Cash on Delivery,6835.52
7614,333,3,15,78,2026-01-04,2026-01-05,Delivered,Debit Card,59736.01
7615,258,1,20,35,2026-01-03,,Pending,Net Banking,49362.76
7616,724,5,19,49,2026-01-12,2026-01-15,Delivered,Cash on Delivery,59580.65
7617,181,1,9,86,2025-08-26,2025-08-29,Delivered,Net Banking,16845.18
7618,971,1,5,99,2025-07-27,2025-08-02,Delivered,Debit Card,27557.14
7619,462,3,8,86,2025-09-19,2025-09-24,Delivered,UPI,11374.9
7620,663,5,15,8,2025-11-25,2025-11-26,Delivered,Credit Card,27312.68
7621,358,1,3,83,2026-05-12,,Pending,Credit Card,28897.56
7622,92,4,18,56,2025-12-27,2025-12-28,Delivered,Debit Card,30911.9
7623,593,3,4,36,2026-07-17,2026-07-23,Delivered,Cash on Delivery,21746.06
7624,440,4,3,80,2025-10-28,2025-11-01,Delivered,Cash on Delivery,28981.94
7625,816,3,1,12,2025-11-11,2025-11-12,Delivered,Credit Card,48592.39
7626,279,4,1,99,2025-10-02,2025-10-04,Delivered,Debit Card,14760.44
7627,351,3,15,49,2026-06-07,2026-06-11,Delivered,Cash on Delivery,34649.62
7628,865,2,13,47,2026-07-19,2026-07-21,Delivered,Net Banking,34661.76
7629,659,1,16,62,2025-08-08,,Cancelled,UPI,45032.09
7630,346,1,1,56,2025-09-17,2025-09-22,Delivered,Credit Card,53848.94
7631,248,4,8,7,2026-05-31,2026-06-03,Delivered,Credit Card,14880.61
7632,121,4,10,90,2026-06-21,2026-06-22,Delivered,UPI,26164.08
7633,858,4,13,43,2026-06-17,2026-06-24,Delivered,Credit Card,35364.68
7634,857,3,1,42,2025-09-14,2025-09-21,Delivered,Credit Card,54988.35
7635,557,5,20,1,2025-09-16,,Cancelled,UPI,44190.82
7636,651,5,14,20,2026-04-17,2026-04-18,Delivered,Cash on Delivery,34911.64
7637,115,1,12,8,2026-04-24,2026-05-01,Delivered,Cash on Delivery,20648.76
7638,408,4,4,51,2025-10-20,2025-10-22,Delivered,Cash on Delivery,33573.53
7639,60,1,11,74,2025-11-08,2025-11-09,Delivered,Cash on Delivery,58913.42
7640,673,4,19,82,2026-03-22,,Pending,Cash on Delivery,10792.46
7641,624,5,14,87,2026-03-12,2026-03-17,Delivered,Debit Card,17423.84
7642,423,4,15,5,2026-02-23,2026-02-28,Delivered,UPI,23546.51
7643,563,1,15,35,2025-08-11,2025-08-18,Delivered,Credit Card,63868.8
7644,154,4,20,66,2025-08-24,2025-08-29,Delivered,Net Banking,4465.7
7645,530,5,10,92,2026-07-11,2026-07-18,Delivered,Net Banking,17889.91
7646,521,4,17,20,2025-10-16,2025-10-18,Delivered,Debit Card,75664.59
7647,637,4,13,68,2026-05-04,2026-05-09,Delivered,Credit Card,39237.1
7648,458,2,9,65,2026-01-12,2026-01-18,Delivered,UPI,23901.57
7649,894,3,2,73,2026-01-07,2026-01-08,Delivered,Debit Card,33192.06
7650,500,1,11,76,2026-02-27,,Cancelled,UPI,29984.94
7651,832,2,7,98,2025-10-20,,Pending,Cash on Delivery,20651.68
7652,464,3,5,94,2026-07-08,2026-07-09,Delivered,Cash on Delivery,29643.96
7653,457,2,17,9,2026-01-06,2026-01-11,Delivered,Net Banking,45213.82
7654,187,3,10,97,2026-02-01,,Pending,Net Banking,15781.17
7655,658,4,4,83,2025-12-13,2025-12-14,Delivered,Debit Card,14601.5
7656,58,2,19,36,2026-03-23,2026-03-25,Delivered,UPI,49259.1
7657,383,5,19,53,2026-05-10,2026-05-14,Delivered,UPI,6389.52
7658,816,5,8,16,2025-08-02,,Pending,UPI,27584.12
7659,374,2,4,66,2025-09-01,2025-09-07,Delivered,Cash on Delivery,38027.79
7660,827,5,19,3,2026-01-27,2026-01-31,Delivered,UPI,45870.85
7661,312,3,14,94,2026-06-27,2026-07-02,Delivered,UPI,4644.31
7662,789,1,12,88,2026-01-18,,Pending,Debit Card,41704.72
7663,101,2,20,98,2026-03-22,2026-03-25,Delivered,Cash on Delivery,31593.78
7664,574,1,19,12,2025-08-24,,Cancelled,Net Banking,27105.48
7665,703,5,6,56,2025-12-01,,Pending,Net Banking,27990.28
7666,56,1,1,80,2025-09-23,2025-09-27,Delivered,Cash on Delivery,39717.11
7667,847,3,17,10,2026-03-30,,Pending,Debit Card,34053.18
7668,881,4,3,55,2025-11-22,,Pending,Cash on Delivery,16672.69
7669,99,2,4,62,2025-11-11,,Pending,Net Banking,8656.32
7670,285,4,6,1,2026-06-08,2026-06-15,Delivered,UPI,23637.36
7671,571,3,1,44,2025-12-30,2026-01-05,Delivered,Net Banking,45782.69
7672,158,4,9,87,2025-09-11,2025-09-16,Delivered,Cash on Delivery,9358.15
7673,729,2,19,90,2025-11-10,2025-11-14,Delivered,Debit Card,27297.39
7674,7,3,2,30,2025-11-18,2025-11-19,Delivered,UPI,43247.9
7675,765,5,17,53,2025-08-06,2025-08-09,Delivered,Net Banking,25009.95
7676,624,3,14,23,2026-03-23,,Pending,Net Banking,20116.12
7677,312,5,15,54,2025-09-28,2025-09-29,Delivered,Debit Card,20373.69
7678,604,2,12,65,2025-10-17,,Pending,Debit Card,66150.29
7679,78,2,20,74,2025-10-30,2025-10-31,Delivered,Cash on Delivery,53130.01
7680,238,2,7,34,2026-05-24,,Pending,Credit Card,27393.59
7681,454,1,16,90,2026-06-25,,Pending,Net Banking,17908.42
7682,336,2,19,40,2025-12-10,,Pending,Cash on Delivery,17768.1
7683,519,3,6,31,2025-08-20,2025-08-26,Delivered,Debit Card,4253.24
7684,271,2,7,89,2026-01-20,2026-01-25,Delivered,UPI,13558.2
7685,247,3,17,82,2025-11-22,2025-11-23,Delivered,Debit Card,21004.87
7686,489,3,13,78,2026-06-22,2026-06-23,Delivered,UPI,44783.19
7687,216,3,20,70,2025-12-27,,Pending,Debit Card,5802.31
7688,826,2,8,21,2026-07-14,,Pending,Cash on Delivery,33052.69
7689,371,5,1,65,2025-12-14,,Pending,Cash on Delivery,24060.35
7690,249,3,4,60,2026-01-11,2026-01-13,Delivered,Credit Card,6047.25
7691,698,2,8,19,2026-07-04,2026-07-07,Delivered,UPI,2146.83
7692,757,4,7,73,2025-11-23,2025-11-29,Delivered,Net Banking,26039.37
7693,908,2,14,42,2025-09-19,,Pending,Net Banking,37109.2
7694,7,3,16,26,2026-06-29,,Pending,UPI,56772.99
7695,13,3,14,91,2026-06-06,2026-06-12,Delivered,Debit Card,39486.93
7696,738,3,17,6,2025-12-20,,Cancelled,Net Banking,40378.42
7697,175,5,20,38,2026-06-07,2026-06-14,Delivered,Credit Card,44211.69
7698,532,5,13,24,2025-08-16,2025-08-19,Delivered,Cash on Delivery,30070.97
7699,767,4,6,74,2025-09-07,2025-09-13,Delivered,UPI,20768.3
7700,785,3,14,97,2026-02-25,2026-03-03,Delivered,Net Banking,22987.31
7701,975,5,15,93,2025-12-23,2025-12-24,Delivered,UPI,65225.95
7702,377,2,12,69,2025-10-30,2025-11-05,Delivered,Cash on Delivery,7263.42
7703,148,4,7,91,2026-02-02,2026-02-06,Delivered,Debit Card,18252.92
7704,870,2,1,9,2026-05-14,2026-05-16,Delivered,Cash on Delivery,44140.05
7705,766,1,1,100,2025-09-14,2025-09-17,Delivered,Debit Card,11703.51
7706,960,4,15,62,2025-12-21,,Pending,Net Banking,38490.4
7707,522,2,14,28,2025-10-19,2025-10-20,Delivered,Cash on Delivery,49935.29
7708,605,1,19,69,2025-08-21,2025-08-26,Delivered,Debit Card,54879.73
7709,255,5,17,24,2026-03-04,2026-03-09,Delivered,UPI,45883.38
7710,818,2,6,91,2026-03-11,2026-03-18,Delivered,Net Banking,13732.96
7711,400,2,11,58,2026-05-26,2026-05-29,Delivered,Cash on Delivery,29039.04
7712,812,3,13,35,2026-05-14,,Pending,UPI,28849.91
7713,163,2,11,50,2025-12-12,2025-12-14,Delivered,UPI,11890.44
7714,555,3,7,36,2026-05-08,,Pending,Debit Card,46933.95
7715,820,4,5,76,2026-07-13,2026-07-19,Delivered,UPI,14302.24
7716,215,4,17,8,2026-04-02,2026-04-07,Delivered,UPI,26534.25
7717,938,2,14,73,2025-12-22,2025-12-28,Delivered,Net Banking,29264.44
7718,614,5,9,44,2026-07-09,2026-07-13,Delivered,Credit Card,22646.08
7719,532,2,5,79,2026-03-21,2026-03-25,Delivered,Net Banking,8391.48
7720,529,4,13,2,2026-03-30,2026-04-01,Delivered,Net Banking,41177.97
7721,383,2,16,14,2025-12-04,,Pending,Cash on Delivery,4767.24
7722,667,5,7,82,2025-12-12,2025-12-16,Delivered,Debit Card,25139.47
7723,667,5,14,23,2026-03-10,2026-03-11,Delivered,Cash on Delivery,34698.83
7724,629,2,10,10,2026-05-17,2026-05-20,Delivered,Net Banking,60135.21
7725,542,1,18,79,2025-09-26,2025-10-03,Delivered,Net Banking,34058.4
7726,911,4,17,98,2026-04-01,,Pending,UPI,57136.88
7727,538,1,3,12,2025-10-05,,Pending,Cash on Delivery,21314.42
7728,102,4,10,77,2026-01-31,2026-02-02,Delivered,UPI,13195.68
7729,251,3,14,66,2026-04-19,2026-04-25,Delivered,Net Banking,26057.73
7730,679,3,17,37,2026-01-13,2026-01-20,Delivered,Credit Card,19149.64
7731,822,2,16,18,2025-12-19,,Pending,Credit Card,14215.4
7732,442,2,16,64,2026-06-22,,Pending,Net Banking,90697.94
7733,801,5,8,100,2026-07-04,,Pending,UPI,11053.24
7734,701,2,17,8,2025-11-06,,Pending,Net Banking,24212.65
7735,914,5,10,90,2026-06-07,2026-06-14,Delivered,Cash on Delivery,33363.14
7736,584,4,16,43,2025-08-31,,Cancelled,Net Banking,32691.69
7737,734,5,9,23,2025-11-19,2025-11-20,Delivered,UPI,49133.49
7738,68,2,17,96,2026-03-20,2026-03-24,Delivered,Net Banking,47552.36
7739,94,3,8,14,2025-08-13,2025-08-17,Delivered,Net Banking,4974.33
7740,709,1,15,40,2025-08-06,2025-08-08,Delivered,Credit Card,24210.72
7741,703,5,7,14,2025-10-19,2025-10-23,Delivered,UPI,16039.84
7742,459,2,1,40,2026-07-22,2026-07-24,Delivered,Cash on Delivery,56141.81
7743,877,1,11,68,2026-06-25,2026-06-26,Delivered,Net Banking,23361.35
7744,326,1,20,22,2026-05-30,2026-06-01,Delivered,Debit Card,51948.11
7745,120,2,13,45,2026-07-18,2026-07-22,Delivered,Cash on Delivery,6388.92
7746,92,3,18,73,2026-06-08,2026-06-13,Delivered,Credit Card,29378.88
7747,100,1,2,3,2026-02-24,,Cancelled,Cash on Delivery,24849.04
7748,617,4,6,97,2025-11-29,2025-12-01,Delivered,Credit Card,2337.28
7749,160,2,7,70,2025-07-27,2025-07-28,Delivered,Cash on Delivery,33807.3
7750,978,5,2,23,2025-10-04,2025-10-09,Delivered,UPI,15703.0
7751,853,3,20,40,2026-05-11,2026-05-18,Delivered,Cash on Delivery,14543.2
7752,631,2,13,11,2026-06-03,,Pending,Cash on Delivery,32057.2
7753,37,2,15,64,2025-12-03,2025-12-07,Delivered,UPI,33475.36
7754,648,5,10,47,2025-12-07,2025-12-13,Delivered,Net Banking,21471.73
7755,8,2,14,95,2025-08-20,,Pending,Debit Card,27912.86
7756,235,4,8,27,2026-05-05,2026-05-06,Delivered,Credit Card,17385.94
7757,432,1,5,42,2026-05-03,,Cancelled,Debit Card,30887.79
7758,864,4,19,35,2025-10-15,2025-10-16,Delivered,Credit Card,6009.43
7759,37,3,12,86,2026-06-15,2026-06-21,Delivered,UPI,16583.04
7760,212,4,8,85,2026-07-25,2026-07-30,Delivered,Cash on Delivery,31996.12
7761,208,2,2,76,2026-05-26,,Pending,Debit Card,58462.01
7762,999,2,1,62,2025-11-09,2025-11-15,Delivered,Debit Card,11569.0
7763,581,5,14,54,2026-05-25,2026-05-27,Delivered,UPI,26131.99
7764,228,3,13,29,2025-11-16,2025-11-21,Delivered,Cash on Delivery,36561.52
7765,285,3,7,29,2026-07-21,2026-07-26,Delivered,Net Banking,28872.58
7766,20,3,1,4,2026-04-18,,Pending,UPI,8671.4
7767,402,1,5,88,2025-11-03,2025-11-06,Delivered,UPI,36371.04
7768,731,1,10,56,2026-07-01,2026-07-07,Delivered,Debit Card,51446.34
7769,401,1,12,1,2026-02-25,,Cancelled,Credit Card,1132.2
7770,592,3,9,99,2025-12-29,2026-01-01,Delivered,Net Banking,21470.13
7771,734,3,10,50,2026-01-29,,Pending,Credit Card,4609.8
7772,61,5,4,65,2025-09-19,2025-09-25,Delivered,UPI,53912.65
7773,144,3,7,22,2025-10-05,2025-10-09,Delivered,UPI,8839.02
7774,615,1,17,71,2026-02-19,,Pending,Cash on Delivery,21039.97
7775,762,3,1,77,2026-07-15,2026-07-19,Delivered,UPI,10858.0
7776,468,5,11,16,2026-02-20,,Pending,Credit Card,28257.24
7777,400,1,15,61,2025-10-23,2025-10-30,Delivered,Debit Card,35177.57
7778,411,2,4,51,2026-03-06,2026-03-12,Delivered,Net Banking,33039.14
7779,643,4,10,26,2025-07-27,2025-08-02,Delivered,Debit Card,33991.84
7780,436,5,18,96,2025-11-20,,Pending,Cash on Delivery,30436.66
7781,804,3,6,2,2026-01-25,2026-01-26,Delivered,Net Banking,34959.37
7782,498,4,3,4,2026-05-16,,Pending,Debit Card,7317.92
7783,233,1,10,63,2025-10-28,2025-10-31,Delivered,Debit Card,23540.06
7784,299,4,5,93,2025-10-25,,Cancelled,UPI,34234.2
7785,703,3,19,57,2025-08-21,,Pending,Credit Card,6742.77
7786,66,1,10,47,2025-11-02,2025-11-05,Delivered,Net Banking,13879.73
7787,985,1,2,7,2026-07-21,2026-07-26,Delivered,Cash on Delivery,70947.19
7788,737,3,19,45,2025-12-14,2025-12-16,Delivered,Cash on Delivery,41454.86
7789,934,2,9,18,2025-11-11,,Pending,Net Banking,36935.03
7790,261,5,7,53,2025-12-20,2025-12-21,Delivered,UPI,61351.2
7791,580,5,17,21,2026-05-06,2026-05-07,Delivered,UPI,12154.9
7792,271,2,14,86,2026-05-09,2026-05-10,Delivered,Credit Card,32121.28
7793,429,1,1,57,2026-04-23,2026-04-27,Delivered,Cash on Delivery,38022.0
7794,14,3,6,23,2025-08-28,2025-08-31,Delivered,Credit Card,1578.08
7795,677,4,3,25,2025-12-19,2025-12-20,Delivered,Cash on Delivery,39255.71
7796,191,3,6,70,2026-04-19,2026-04-24,Delivered,Debit Card,20467.0
7797,949,1,3,63,2026-01-30,2026-02-05,Delivered,UPI,22767.16
7798,398,5,8,58,2025-11-17,2025-11-20,Delivered,Debit Card,44668.47
7799,568,5,6,71,2026-03-09,2026-03-11,Delivered,Credit Card,21998.3
7800,217,1,20,96,2026-06-14,2026-06-20,Delivered,UPI,30542.16
7801,780,4,18,21,2025-10-11,,Pending,Debit Card,27073.82
7802,445,4,4,18,2025-09-22,,Pending,Debit Card,2797.42
7803,396,4,9,93,2025-12-12,2025-12-16,Delivered,Debit Card,15906.94
7804,475,1,18,46,2025-09-01,2025-09-04,Delivered,Net Banking,15703.0
7805,268,3,12,8,2025-09-09,2025-09-10,Delivered,Credit Card,40293.11
7806,814,4,19,75,2025-11-05,2025-11-08,Delivered,UPI,2092.52
7807,902,5,19,75,2026-04-23,,Pending,Cash on Delivery,30637.73
7808,123,3,1,19,2026-05-26,2026-06-01,Delivered,UPI,40871.85
7809,257,3,8,68,2026-03-12,2026-03-14,Delivered,Debit Card,7613.79
7810,145,5,1,32,2026-01-20,2026-01-26,Delivered,Cash on Delivery,27371.03
7811,346,5,19,16,2026-02-16,2026-02-17,Delivered,Net Banking,55607.19
7812,37,5,12,24,2026-02-12,2026-02-14,Delivered,UPI,21008.8
7813,871,4,11,25,2026-01-24,2026-01-28,Delivered,Credit Card,58702.31
7814,911,1,1,94,2026-03-12,2026-03-14,Delivered,Credit Card,25616.39
7815,576,4,17,38,2026-06-11,2026-06-17,Delivered,Cash on Delivery,38096.25
7816,476,1,13,76,2025-11-27,2025-12-03,Delivered,Net Banking,25863.26
7817,886,4,4,95,2025-10-17,2025-10-18,Delivered,UPI,23629.31
7818,593,3,15,5,2025-08-20,2025-08-24,Delivered,Debit Card,51543.77
7819,357,5,9,4,2025-09-17,,Pending,UPI,4319.54
7820,911,4,10,32,2026-07-01,2026-07-08,Delivered,Cash on Delivery,16731.76
7821,213,3,18,83,2026-04-20,2026-04-21,Delivered,Debit Card,55845.36
7822,424,4,16,55,2025-07-30,2025-08-04,Delivered,Net Banking,43873.83
7823,168,2,19,49,2025-11-16,2025-11-20,Delivered,Credit Card,13127.93
7824,734,2,16,28,2025-08-01,2025-08-04,Delivered,Cash on Delivery,43040.91
7825,775,5,2,25,2026-03-10,2026-03-16,Delivered,UPI,6011.88
7826,585,3,2,42,2025-11-29,2025-12-06,Delivered,UPI,20377.79
7827,947,2,9,9,2025-11-14,2025-11-17,Delivered,UPI,24847.4
7828,915,2,15,51,2025-10-29,2025-11-05,Delivered,Credit Card,20440.48
7829,973,5,19,100,2026-01-14,2026-01-18,Delivered,UPI,2321.79
7830,657,1,14,5,2026-02-04,,Pending,Net Banking,20421.92
7831,106,2,16,1,2026-04-05,2026-04-08,Delivered,Credit Card,59833.44
7832,439,2,8,57,2026-01-12,2026-01-18,Delivered,Cash on Delivery,15537.32
7833,256,5,18,6,2026-01-08,2026-01-09,Delivered,Debit Card,32491.79
7834,198,4,10,10,2025-09-01,2025-09-08,Delivered,UPI,35387.25
7835,825,1,14,96,2026-02-11,2026-02-15,Delivered,UPI,14090.97
7836,112,1,10,60,2025-10-10,2025-10-12,Delivered,Cash on Delivery,62402.46
7837,210,2,9,60,2025-08-16,2025-08-23,Delivered,Debit Card,4630.27
7838,320,3,4,36,2026-04-24,,Pending,Debit Card,40946.37
7839,813,1,14,40,2026-02-17,2026-02-19,Delivered,UPI,19131.87
7840,798,2,13,66,2026-06-04,2026-06-09,Delivered,Cash on Delivery,38161.04
7841,413,1,8,61,2025-12-19,2025-12-20,Delivered,Net Banking,3916.41
7842,890,2,17,78,2026-02-06,2026-02-11,Delivered,UPI,25370.12
7843,128,5,10,71,2025-08-16,2025-08-20,Delivered,UPI,22404.37
7844,415,1,12,56,2025-08-19,2025-08-24,Delivered,Debit Card,16826.64
7845,919,2,3,66,2025-09-03,2025-09-04,Delivered,Debit Card,29704.22
7846,292,2,13,92,2026-05-03,2026-05-08,Delivered,Cash on Delivery,41524.54
7847,68,1,15,27,2026-04-23,2026-04-27,Delivered,Net Banking,2545.79
7848,469,2,7,98,2026-02-20,,Pending,UPI,65914.81
7849,269,1,19,25,2026-01-29,2026-02-03,Delivered,Credit Card,36231.24
7850,463,2,5,98,2025-10-29,2025-11-04,Delivered,Net Banking,36813.25
7851,763,2,1,40,2025-08-29,2025-09-04,Delivered,UPI,52142.03
7852,795,1,17,95,2025-11-25,2025-11-30,Delivered,UPI,17998.23
7853,412,2,10,63,2025-10-15,2025-10-20,Delivered,Cash on Delivery,65654.54
7854,203,5,18,89,2026-03-10,,Cancelled,UPI,37585.5
7855,209,2,8,94,2025-08-28,2025-08-30,Delivered,Cash on Delivery,21966.06
7856,830,3,18,14,2025-11-30,2025-12-03,Delivered,Credit Card,21172.35
7857,675,5,19,24,2025-08-31,2025-09-05,Delivered,Credit Card,13840.06
7858,35,1,6,12,2026-07-26,2026-07-30,Delivered,Cash on Delivery,16062.58
7859,53,4,8,32,2025-08-21,2025-08-22,Delivered,Net Banking,16321.9
7860,466,3,13,2,2025-11-01,2025-11-05,Delivered,Net Banking,48696.74
7861,15,3,16,21,2025-10-23,2025-10-29,Delivered,Net Banking,47989.76
7862,522,2,3,1,2026-01-11,2026-01-12,Delivered,Net Banking,3097.27
7863,91,5,14,62,2026-01-29,2026-01-31,Delivered,Net Banking,12112.88
7864,686,5,8,57,2026-02-19,2026-02-21,Delivered,Net Banking,10287.07
7865,337,1,19,29,2026-01-03,,Pending,Net Banking,6455.89
7866,915,5,5,24,2025-10-01,,Pending,UPI,44066.85
7867,281,3,14,74,2026-03-29,2026-04-03,Delivered,Credit Card,13500.48
7868,848,2,14,76,2025-09-05,2025-09-07,Delivered,Credit Card,63387.34
7869,44,5,15,22,2026-06-02,2026-06-09,Delivered,Cash on Delivery,48365.44
7870,102,2,3,44,2025-08-01,2025-08-07,Delivered,Credit Card,66586.05
7871,54,5,13,64,2026-01-31,2026-02-01,Delivered,Debit Card,39176.93
7872,395,3,16,5,2026-06-02,,Cancelled,UPI,24028.95
7873,870,1,5,72,2026-02-25,,Pending,Debit Card,2129.84
7874,302,2,15,14,2025-08-26,,Cancelled,UPI,21792.22
7875,576,5,7,97,2026-02-25,2026-02-28,Delivered,Cash on Delivery,22950.46
7876,315,4,17,43,2026-01-20,2026-01-22,Delivered,Net Banking,1551.16
7877,663,2,18,55,2025-09-02,2025-09-06,Delivered,Credit Card,43878.09
7878,817,1,15,59,2025-08-13,,Cancelled,Cash on Delivery,18228.32
7879,998,3,7,79,2026-03-22,,Pending,UPI,19674.11
7880,723,5,8,53,2026-04-13,2026-04-20,Delivered,UPI,8825.64
7881,437,4,12,99,2025-12-31,2026-01-01,Delivered,Net Banking,18071.49
7882,562,4,9,83,2026-03-29,2026-04-02,Delivered,Credit Card,43193.68
7883,692,3,8,61,2026-02-15,2026-02-22,Delivered,Cash on Delivery,62611.26
7884,800,3,3,65,2025-11-28,2025-11-30,Delivered,Cash on Delivery,31141.23
7885,464,3,16,92,2026-01-07,2026-01-12,Delivered,Net Banking,23570.36
7886,142,5,20,36,2025-11-20,,Cancelled,Credit Card,29760.37
7887,424,5,3,69,2025-09-15,,Cancelled,Credit Card,21790.34
7888,451,2,10,40,2025-12-02,2025-12-07,Delivered,Credit Card,23122.34
7889,777,3,20,49,2026-05-18,2026-05-20,Delivered,Debit Card,23629.08
7890,333,4,1,24,2026-01-19,2026-01-26,Delivered,Cash on Delivery,11814.63
7891,656,5,2,20,2026-06-17,2026-06-21,Delivered,Credit Card,29262.65
7892,633,4,11,76,2025-08-16,2025-08-17,Delivered,UPI,26991.68
7893,741,2,1,30,2025-12-31,2026-01-04,Delivered,Credit Card,51110.97
7894,604,5,10,1,2026-04-02,2026-04-09,Delivered,UPI,41206.12
7895,312,2,7,63,2026-02-24,2026-03-02,Delivered,Cash on Delivery,26027.47
7896,626,3,18,2,2026-04-06,2026-04-10,Delivered,Debit Card,39843.02
7897,880,1,4,2,2026-06-17,2026-06-24,Delivered,Net Banking,12407.7
7898,846,1,19,60,2025-07-27,,Pending,Cash on Delivery,7870.14
7899,869,1,17,27,2025-09-20,2025-09-22,Delivered,Credit Card,32244.69
7900,131,4,20,39,2026-06-27,2026-07-03,Delivered,Debit Card,30512.7
7901,603,1,10,24,2026-01-09,2026-01-10,Delivered,Cash on Delivery,11046.83
7902,383,3,15,47,2026-06-11,2026-06-15,Delivered,Net Banking,21663.23
7903,388,1,7,82,2026-03-08,2026-03-09,Delivered,Cash on Delivery,11388.91
7904,686,3,1,44,2026-04-07,2026-04-14,Delivered,Debit Card,48026.56
7905,491,3,7,67,2025-10-11,2025-10-18,Delivered,UPI,45373.18
7906,53,4,19,52,2025-10-29,2025-10-30,Delivered,Cash on Delivery,32569.64
7907,848,1,4,53,2026-07-21,,Pending,Debit Card,89277.18
7908,199,2,3,57,2026-06-06,2026-06-07,Delivered,Debit Card,45679.26
7909,299,5,12,49,2026-05-03,2026-05-09,Delivered,UPI,12542.92
7910,523,4,3,38,2025-08-24,2025-08-31,Delivered,Net Banking,15465.05
7911,999,3,15,43,2025-12-18,2025-12-25,Delivered,Debit Card,26644.4
7912,403,2,1,50,2025-11-06,2025-11-09,Delivered,Cash on Delivery,32685.56
7913,22,5,12,25,2025-10-04,2025-10-09,Delivered,Credit Card,41745.24
7914,833,5,10,78,2026-04-27,2026-05-01,Delivered,Cash on Delivery,45817.54
7915,387,1,2,70,2026-05-11,2026-05-18,Delivered,Net Banking,4005.84
7916,478,1,11,67,2025-10-11,2025-10-14,Delivered,Debit Card,37483.51
7917,655,3,1,25,2025-07-31,2025-08-02,Delivered,Net Banking,30796.7
7918,456,4,9,43,2025-12-30,2026-01-06,Delivered,UPI,16043.66
7919,930,5,19,31,2025-08-08,,Pending,UPI,25479.14
7920,887,2,6,21,2025-08-16,2025-08-21,Delivered,UPI,32761.21
7921,616,2,10,38,2025-10-06,2025-10-07,Delivered,UPI,37923.08
7922,811,3,7,36,2025-10-10,,Cancelled,Debit Card,71599.41
7923,852,1,15,78,2025-08-17,2025-08-18,Delivered,Cash on Delivery,25500.17
7924,190,5,11,52,2025-10-06,2025-10-13,Delivered,Cash on Delivery,5882.55
7925,135,4,8,8,2026-02-07,2026-02-09,Delivered,Debit Card,6285.3
7926,458,3,17,26,2026-01-10,2026-01-11,Delivered,UPI,5102.2
7927,989,4,2,37,2026-07-01,2026-07-05,Delivered,Cash on Delivery,49427.01
7928,495,5,13,63,2025-12-04,2025-12-11,Delivered,Credit Card,36130.21
7929,762,3,5,93,2026-04-04,,Cancelled,Net Banking,63193.52
7930,393,4,16,28,2026-04-21,2026-04-26,Delivered,Cash on Delivery,4140.7
7931,322,2,11,100,2025-12-04,2025-12-05,Delivered,UPI,27188.74
7932,858,1,20,40,2026-07-15,2026-07-21,Delivered,Credit Card,34493.66
7933,552,2,20,89,2026-04-23,2026-04-26,Delivered,Net Banking,21529.88
7934,948,4,17,18,2025-08-03,2025-08-08,Delivered,Cash on Delivery,8784.46
7935,586,4,9,16,2026-04-15,2026-04-19,Delivered,Cash on Delivery,37987.08
7936,277,5,18,67,2025-11-30,2025-12-05,Delivered,Net Banking,41247.05
7937,401,5,20,2,2026-07-17,2026-07-21,Delivered,Cash on Delivery,42496.01
7938,238,3,19,11,2026-06-14,,Cancelled,UPI,24094.98
7939,553,5,8,42,2025-09-18,2025-09-24,Delivered,Debit Card,19686.9
7940,625,3,2,88,2025-09-30,2025-10-03,Delivered,Cash on Delivery,33410.62
7941,286,3,6,59,2025-11-15,2025-11-17,Delivered,Debit Card,23666.17
7942,280,4,11,93,2026-05-10,2026-05-15,Delivered,UPI,4072.92
7943,63,2,20,43,2025-09-02,2025-09-09,Delivered,Net Banking,35580.18
7944,487,5,9,8,2025-09-02,2025-09-03,Delivered,Credit Card,23573.79
7945,626,2,4,33,2025-11-16,2025-11-17,Delivered,Cash on Delivery,40646.51
7946,560,1,6,72,2026-05-29,,Pending,Credit Card,3840.55
7947,322,5,14,67,2025-09-24,,Pending,UPI,20981.16
7948,693,5,1,72,2025-08-06,2025-08-09,Delivered,Cash on Delivery,13448.8
7949,492,4,15,1,2025-12-30,,Pending,Debit Card,32551.18
7950,31,5,4,25,2026-01-01,2026-01-07,Delivered,Credit Card,37763.92
7951,859,4,20,81,2026-01-29,2026-02-01,Delivered,Cash on Delivery,8587.64
7952,858,4,20,62,2025-08-10,2025-08-13,Delivered,Credit Card,1425.69
7953,95,4,16,100,2025-09-05,2025-09-10,Delivered,Credit Card,30755.94
7954,417,5,14,94,2025-11-26,2025-12-03,Delivered,Cash on Delivery,5246.76
7955,72,5,13,30,2025-08-25,,Pending,Cash on Delivery,29500.1
7956,213,2,18,16,2025-11-03,2025-11-05,Delivered,Cash on Delivery,23022.9
7957,133,5,10,88,2025-11-28,,Pending,Cash on Delivery,48588.89
7958,311,3,1,79,2026-05-09,2026-05-13,Delivered,Debit Card,20469.93
7959,581,2,16,58,2026-03-12,2026-03-15,Delivered,Cash on Delivery,26929.05
7960,305,5,9,32,2026-03-03,,Pending,Debit Card,4840.21
7961,295,4,4,17,2025-09-20,2025-09-24,Delivered,Credit Card,40400.07
7962,50,2,18,84,2025-08-03,2025-08-04,Delivered,Net Banking,3885.28
7963,631,2,8,33,2025-09-02,,Pending,Net Banking,14018.22
7964,10,1,1,87,2026-06-25,2026-07-02,Delivered,Debit Card,33466.72
7965,253,3,13,42,2025-12-30,2026-01-05,Delivered,Cash on Delivery,40571.29
7966,538,1,14,80,2026-01-07,2026-01-08,Delivered,UPI,12356.94
7967,616,3,6,28,2026-07-08,2026-07-15,Delivered,Credit Card,30330.76
7968,826,1,10,2,2025-11-01,,Pending,Debit Card,2183.12
7969,653,2,15,42,2025-10-14,2025-10-17,Delivered,Cash on Delivery,34538.45
7970,434,1,17,54,2026-06-21,,Cancelled,Credit Card,20097.34
7971,492,5,15,94,2026-05-10,,Cancelled,Credit Card,15140.67
7972,824,4,8,29,2026-02-13,2026-02-16,Delivered,Net Banking,16704.56
7973,319,3,5,3,2025-09-19,2025-09-22,Delivered,Debit Card,2598.33
7974,459,2,13,49,2025-09-14,2025-09-21,Delivered,Net Banking,34389.27
7975,862,1,12,7,2025-09-17,2025-09-20,Delivered,UPI,12141.43
7976,219,4,3,69,2026-06-23,2026-06-29,Delivered,Credit Card,32152.01
7977,685,2,6,82,2025-09-18,2025-09-25,Delivered,Credit Card,27751.97
7978,262,3,14,48,2025-11-11,2025-11-14,Delivered,Cash on Delivery,5764.33
7979,766,1,3,17,2025-08-10,,Pending,Credit Card,18789.03
7980,780,4,18,36,2025-08-08,2025-08-12,Delivered,Credit Card,52496.69
7981,447,5,9,39,2025-11-28,2025-11-29,Delivered,Net Banking,6935.63
7982,633,5,6,91,2025-10-25,,Cancelled,UPI,31217.79
7983,915,2,10,87,2026-06-29,2026-07-02,Delivered,Debit Card,39095.56
7984,898,4,9,24,2026-03-12,2026-03-18,Delivered,Credit Card,36040.61
7985,850,1,18,86,2025-09-15,,Pending,Cash on Delivery,50375.62
7986,711,2,17,11,2025-10-06,,Pending,Net Banking,25891.14
7987,291,2,15,43,2026-04-11,,Pending,Debit Card,23268.42
7988,794,1,2,60,2025-10-03,2025-10-08,Delivered,Net Banking,44856.39
7989,891,2,11,3,2025-08-14,2025-08-19,Delivered,Debit Card,25233.7
7990,54,3,12,86,2025-12-18,,Pending,Cash on Delivery,36683.79
7991,730,5,12,10,2025-12-20,2025-12-24,Delivered,UPI,36691.02
7992,678,3,14,14,2025-09-19,2025-09-26,Delivered,Net Banking,39216.65
7993,466,2,7,82,2026-04-07,2026-04-10,Delivered,UPI,19661.76
7994,238,3,4,41,2025-08-06,2025-08-10,Delivered,Credit Card,16517.98
7995,990,2,20,33,2025-09-02,2025-09-09,Delivered,Net Banking,22150.37
7996,17,5,11,33,2026-04-10,2026-04-11,Delivered,Credit Card,26100.57
7997,799,4,7,14,2026-05-10,2026-05-11,Delivered,Net Banking,30159.8
7998,509,3,8,2,2026-03-22,,Pending,Credit Card,32116.36
7999,596,2,1,5,2026-05-17,2026-05-20,Delivered,Credit Card,42627.72
8000,764,2,20,21,2025-08-14,,Pending,UPI,12417.56
8001,916,3,11,88,2026-06-22,2026-06-28,Delivered,Debit Card,17450.77
8002,962,3,13,19,2025-08-25,,Pending,Net Banking,57001.9
8003,510,4,12,50,2025-09-09,,Pending,Net Banking,73501.19
8004,709,5,8,30,2026-05-17,2026-05-22,Delivered,Debit Card,26017.19
8005,213,1,3,4,2025-10-15,2025-10-18,Delivered,Net Banking,2290.46
8006,517,5,17,46,2025-11-03,,Pending,Cash on Delivery,33994.98
8007,544,1,6,68,2026-02-19,,Pending,Net Banking,4317.08
8008,349,5,16,24,2025-11-23,2025-11-30,Delivered,Credit Card,33494.64
8009,619,1,15,67,2025-10-16,2025-10-22,Delivered,Net Banking,56830.11
8010,617,5,18,56,2025-10-21,,Pending,Net Banking,17862.8
8011,300,1,13,97,2026-03-07,,Pending,Cash on Delivery,9238.01
8012,772,2,10,44,2025-09-04,,Pending,Debit Card,63193.96
8013,696,2,13,82,2025-10-09,2025-10-11,Delivered,Cash on Delivery,26560.87
8014,102,5,18,82,2025-10-23,2025-10-26,Delivered,Cash on Delivery,14558.7
8015,843,5,11,7,2026-04-02,,Pending,UPI,34043.07
8016,681,2,5,5,2025-10-02,2025-10-08,Delivered,UPI,56920.21
8017,259,4,13,75,2025-12-15,,Pending,Debit Card,57352.56
8018,214,3,19,3,2025-10-05,2025-10-12,Delivered,Net Banking,13729.44
8019,258,1,16,64,2026-02-12,2026-02-14,Delivered,Credit Card,24525.51
8020,306,4,9,100,2025-12-21,2025-12-27,Delivered,Credit Card,4768.29
8021,651,5,4,74,2025-09-10,2025-09-15,Delivered,UPI,36378.26
8022,124,4,3,24,2026-06-01,2026-06-03,Delivered,Cash on Delivery,23529.39
8023,932,1,6,79,2025-10-18,2025-10-24,Delivered,Cash on Delivery,15254.2
8024,634,1,9,17,2025-09-26,,Pending,Cash on Delivery,21309.04
8025,426,4,14,36,2025-10-29,2025-10-30,Delivered,Net Banking,33997.5
8026,226,3,12,24,2026-05-07,2026-05-11,Delivered,Credit Card,25381.22
8027,718,2,1,70,2026-03-16,2026-03-22,Delivered,UPI,30483.79
8028,668,5,1,10,2025-11-02,2025-11-03,Delivered,Credit Card,55483.67
8029,183,1,3,43,2025-12-04,2025-12-09,Delivered,UPI,37713.79
8030,860,4,16,38,2026-06-15,2026-06-21,Delivered,Cash on Delivery,18169.93
8031,729,5,9,27,2026-06-25,,Pending,Cash on Delivery,17425.84
8032,25,2,10,19,2026-01-02,2026-01-08,Delivered,UPI,28237.42
8033,408,3,16,18,2026-04-16,2026-04-23,Delivered,Cash on Delivery,3747.99
8034,857,4,9,36,2025-11-14,2025-11-15,Delivered,UPI,9127.51
8035,810,2,13,8,2025-12-03,2025-12-09,Delivered,Cash on Delivery,31713.06
8036,930,2,15,68,2025-09-14,2025-09-19,Delivered,UPI,38996.5
8037,262,4,4,70,2025-10-19,2025-10-20,Delivered,Credit Card,5844.66
8038,826,4,20,4,2025-11-22,2025-11-25,Delivered,Net Banking,33848.96
8039,830,1,18,93,2025-10-07,2025-10-08,Delivered,Cash on Delivery,31166.41
8040,63,4,12,99,2026-02-06,2026-02-10,Delivered,Debit Card,31894.54
8041,553,4,12,59,2025-12-29,,Pending,Net Banking,555.04
8042,22,4,8,94,2025-11-19,2025-11-25,Delivered,Debit Card,16849.88
8043,649,4,19,97,2026-05-23,2026-05-26,Delivered,Net Banking,14609.88
8044,86,5,1,75,2026-06-04,,Pending,Net Banking,33087.54
8045,859,4,7,96,2025-11-19,,Pending,Net Banking,69990.6
8046,290,3,18,92,2026-03-20,,Pending,Credit Card,5060.48
8047,223,2,2,69,2026-01-14,2026-01-17,Delivered,Credit Card,22489.85
8048,271,5,7,4,2026-01-09,2026-01-16,Delivered,Credit Card,42652.22
8049,27,4,15,5,2026-05-30,2026-06-01,Delivered,Cash on Delivery,19211.01
8050,358,5,11,34,2025-07-28,2025-07-30,Delivered,Cash on Delivery,70367.25
8051,825,2,10,92,2025-10-02,2025-10-06,Delivered,Net Banking,48729.26
8052,143,2,11,11,2025-11-06,2025-11-13,Delivered,Credit Card,36298.62
8053,54,4,7,45,2026-03-10,2026-03-11,Delivered,Credit Card,36237.25
8054,398,5,8,88,2026-02-10,2026-02-11,Delivered,UPI,44573.01
8055,802,1,9,71,2026-01-10,,Pending,Net Banking,91637.61
8056,911,1,17,92,2026-01-09,2026-01-15,Delivered,UPI,10807.62
8057,171,2,12,65,2025-10-10,2025-10-13,Delivered,UPI,4705.56
8058,408,4,11,88,2025-11-07,,Pending,Cash on Delivery,29391.39
8059,130,4,3,13,2025-10-02,2025-10-03,Delivered,Net Banking,20351.42
8060,109,4,1,73,2026-05-12,2026-05-13,Delivered,Cash on Delivery,20135.61
8061,922,2,14,30,2025-08-17,,Pending,UPI,7769.13
8062,342,4,5,54,2026-05-06,2026-05-13,Delivered,UPI,49068.3
8063,75,4,1,58,2026-06-06,,Pending,Net Banking,66082.56
8064,421,3,17,83,2026-03-10,2026-03-14,Delivered,UPI,46059.47
8065,298,3,16,31,2025-12-12,2025-12-17,Delivered,Cash on Delivery,24294.21
8066,563,3,19,43,2025-10-31,2025-11-04,Delivered,Credit Card,36868.02
8067,352,5,6,41,2026-01-12,2026-01-16,Delivered,Net Banking,13544.21
8068,855,4,19,82,2026-05-14,2026-05-20,Delivered,Credit Card,32785.87
8069,697,4,19,48,2026-01-19,2026-01-25,Delivered,UPI,34855.15
8070,230,4,6,86,2026-03-31,2026-04-06,Delivered,UPI,28585.31
8071,103,3,9,87,2026-04-13,2026-04-18,Delivered,UPI,59194.9
8072,696,3,15,83,2026-01-26,,Pending,UPI,38136.3
8073,636,2,20,49,2026-03-26,2026-04-01,Delivered,Credit Card,27934.17
8074,229,2,2,84,2026-07-13,2026-07-17,Delivered,Debit Card,17516.46
8075,735,3,19,54,2026-06-28,2026-06-29,Delivered,Net Banking,21329.6
8076,723,2,12,88,2026-06-10,2026-06-17,Delivered,Credit Card,10934.62
8077,824,2,17,100,2025-10-29,2025-11-02,Delivered,Net Banking,12674.46
8078,700,5,1,56,2025-11-11,2025-11-17,Delivered,UPI,34039.08
8079,329,2,14,51,2026-04-10,2026-04-17,Delivered,UPI,24436.26
8080,994,5,19,69,2026-03-06,2026-03-07,Delivered,Credit Card,13258.53
8081,270,2,7,36,2026-02-25,,Pending,Cash on Delivery,29510.17
8082,256,5,11,56,2026-03-31,2026-04-06,Delivered,Cash on Delivery,37646.99
8083,454,2,20,81,2026-03-26,,Pending,Debit Card,38192.75
8084,499,3,5,38,2025-12-14,,Pending,UPI,18849.69
8085,721,5,14,60,2025-10-03,2025-10-04,Delivered,Cash on Delivery,36274.01
8086,764,3,10,31,2026-03-25,2026-03-29,Delivered,Cash on Delivery,26166.2
8087,309,4,5,78,2026-01-26,2026-01-28,Delivered,Net Banking,9871.25
8088,242,2,10,67,2026-06-14,2026-06-19,Delivered,Net Banking,20798.78
8089,869,5,11,14,2025-10-25,2025-10-27,Delivered,Net Banking,19353.99
8090,42,2,18,40,2025-12-12,2025-12-17,Delivered,Cash on Delivery,43162.1
8091,144,2,15,62,2025-12-31,,Pending,UPI,4269.8
8092,883,5,6,44,2026-06-16,2026-06-18,Delivered,Cash on Delivery,30608.69
8093,403,1,13,29,2026-05-23,2026-05-26,Delivered,Net Banking,32203.47
8094,453,4,9,34,2025-08-31,,Pending,Cash on Delivery,16049.23
8095,350,5,6,99,2025-12-03,2025-12-07,Delivered,Cash on Delivery,31172.88
8096,529,2,11,98,2026-04-20,2026-04-25,Delivered,UPI,4727.45
8097,489,3,12,10,2025-10-03,2025-10-05,Delivered,Credit Card,33411.56
8098,645,4,18,39,2025-12-22,2025-12-28,Delivered,UPI,22055.31
8099,729,4,11,1,2025-12-31,2026-01-03,Delivered,Debit Card,66312.3
8100,700,4,11,91,2025-12-18,2025-12-19,Delivered,Cash on Delivery,20605.99
8101,430,1,10,69,2026-06-08,2026-06-11,Delivered,Credit Card,18535.41
8102,559,1,8,16,2025-12-03,2025-12-07,Delivered,Cash on Delivery,19432.36
8103,549,5,8,26,2026-03-02,2026-03-05,Delivered,Credit Card,18340.62
8104,653,5,5,33,2026-06-20,2026-06-23,Delivered,Net Banking,13542.48
8105,122,2,13,2,2025-08-21,2025-08-24,Delivered,Debit Card,35670.57
8106,111,3,16,55,2025-11-07,2025-11-10,Delivered,Cash on Delivery,62517.64
8107,110,5,9,13,2026-02-01,2026-02-08,Delivered,UPI,18800.2
8108,34,2,4,38,2026-05-19,2026-05-23,Delivered,Net Banking,39932.14
8109,657,5,3,81,2026-07-10,2026-07-15,Delivered,Credit Card,789.04
8110,964,1,11,67,2025-12-25,2025-12-30,Delivered,UPI,28561.05
8111,138,4,15,61,2025-09-26,2025-09-30,Delivered,UPI,24421.74
8112,937,2,11,50,2025-12-17,2025-12-20,Delivered,Net Banking,10029.87
8113,5,3,19,13,2026-05-28,2026-05-31,Delivered,Cash on Delivery,50706.08
8114,584,1,9,2,2025-10-30,,Pending,Credit Card,10231.59
8115,30,5,18,77,2026-06-30,2026-07-02,Delivered,UPI,33287.36
8116,883,5,13,34,2026-04-01,,Pending,Net Banking,25327.74
8117,783,1,13,42,2026-02-10,2026-02-13,Delivered,Credit Card,10099.66
8118,712,3,19,32,2025-08-19,2025-08-22,Delivered,Credit Card,13430.3
8119,842,2,14,82,2026-03-24,2026-03-28,Delivered,Net Banking,44833.11
8120,15,3,6,31,2026-07-17,2026-07-21,Delivered,Cash on Delivery,17423.84
8121,183,5,14,6,2026-01-04,,Cancelled,UPI,6982.35
8122,374,1,19,70,2026-01-04,2026-01-11,Delivered,Net Banking,7615.4
8123,787,2,18,66,2025-11-20,2025-11-26,Delivered,UPI,25650.64
8124,1,5,11,25,2025-09-05,2025-09-07,Delivered,Cash on Delivery,55993.52
8125,887,2,17,95,2025-11-07,2025-11-09,Delivered,UPI,22494.16
8126,931,5,7,2,2026-01-26,2026-01-27,Delivered,UPI,19329.54
8127,922,2,14,74,2026-05-26,2026-05-28,Delivered,Net Banking,16369.26
8128,479,3,13,83,2025-12-17,2025-12-18,Delivered,Debit Card,34720.6
8129,71,5,12,90,2025-10-20,2025-10-25,Delivered,UPI,45848.91
8130,457,4,1,100,2025-10-31,2025-11-02,Delivered,Credit Card,2527.41
8131,635,2,6,89,2025-12-31,2026-01-07,Delivered,Net Banking,19290.7
8132,419,2,7,43,2026-06-21,2026-06-28,Delivered,Debit Card,36982.12
8133,598,2,6,91,2026-03-09,,Pending,Net Banking,34995.58
8134,597,5,18,63,2026-04-24,2026-04-27,Delivered,Debit Card,36952.36
8135,360,2,20,12,2025-12-18,2025-12-20,Delivered,Credit Card,2022.18
8136,369,2,12,68,2025-09-26,2025-09-30,Delivered,Net Banking,40926.84
8137,666,5,8,34,2025-11-16,2025-11-18,Delivered,Net Banking,22727.68
8138,100,3,14,11,2026-07-03,2026-07-04,Delivered,Debit Card,8145.84
8139,984,2,18,63,2026-01-14,2026-01-15,Delivered,Net Banking,23713.61
8140,420,1,3,35,2026-05-24,2026-05-29,Delivered,Net Banking,36220.98
8141,305,2,3,55,2025-11-09,2025-11-12,Delivered,UPI,15955.59
8142,192,5,15,77,2026-07-20,,Pending,Net Banking,43875.01
8143,699,5,4,36,2026-05-19,2026-05-22,Delivered,UPI,38201.28
8144,830,1,3,72,2025-12-26,,Cancelled,Cash on Delivery,20577.6
8145,642,5,6,66,2026-01-11,2026-01-18,Delivered,Debit Card,20840.46
8146,549,1,16,35,2026-05-02,2026-05-03,Delivered,Net Banking,7036.74
8147,890,5,6,54,2025-11-27,2025-12-04,Delivered,Cash on Delivery,36266.29
8148,355,4,18,3,2026-04-12,,Cancelled,Credit Card,17915.0
8149,22,3,2,72,2025-10-25,2025-10-26,Delivered,Cash on Delivery,15230.75
8150,822,3,1,11,2025-12-05,2025-12-09,Delivered,Credit Card,31669.58
8151,988,5,11,58,2025-10-15,2025-10-17,Delivered,Credit Card,26129.55
8152,339,4,12,90,2026-03-01,,Pending,Net Banking,12410.21
8153,26,1,18,35,2026-03-09,2026-03-14,Delivered,UPI,1046.26
8154,107,2,11,89,2026-04-24,2026-04-25,Delivered,Credit Card,32779.34
8155,390,5,5,35,2026-04-20,2026-04-23,Delivered,Debit Card,40298.41
8156,804,3,16,87,2026-04-24,2026-04-26,Delivered,UPI,20443.0
8157,586,4,2,51,2026-07-21,,Pending,Credit Card,47801.0
8158,316,3,9,100,2026-01-01,2026-01-06,Delivered,Cash on Delivery,63246.96
8159,706,5,16,21,2025-09-14,,Pending,Cash on Delivery,51161.72
8160,497,5,10,59,2026-05-18,2026-05-19,Delivered,Credit Card,11230.35
8161,342,1,15,17,2026-03-30,2026-04-04,Delivered,Net Banking,8084.02
8162,97,4,2,5,2026-07-04,2026-07-11,Delivered,Credit Card,5247.24
8163,274,1,15,40,2026-05-20,2026-05-26,Delivered,Net Banking,22329.96
8164,15,2,9,100,2026-03-07,2026-03-13,Delivered,Credit Card,14226.36
8165,200,5,1,41,2026-02-26,,Pending,Cash on Delivery,8593.14
8166,897,4,12,59,2026-07-06,2026-07-13,Delivered,Net Banking,15190.02
8167,794,4,6,65,2025-12-05,,Pending,Debit Card,38621.19
8168,981,2,15,47,2026-05-13,2026-05-16,Delivered,Debit Card,51806.96
8169,522,5,14,72,2025-11-01,2025-11-05,Delivered,Debit Card,10288.44
8170,26,4,14,98,2025-09-24,2025-09-29,Delivered,Net Banking,14761.53
8171,172,5,13,40,2025-11-16,,Pending,Cash on Delivery,3701.56
8172,115,3,8,6,2025-10-13,2025-10-15,Delivered,Debit Card,5375.92
8173,268,2,13,83,2026-07-02,2026-07-09,Delivered,Credit Card,38949.11
8174,293,5,15,80,2026-07-15,2026-07-17,Delivered,Debit Card,29177.54
8175,651,3,17,37,2026-04-27,2026-04-28,Delivered,UPI,28314.64
8176,706,4,10,48,2026-05-16,2026-05-22,Delivered,Credit Card,21526.83
8177,784,3,7,62,2025-12-24,2025-12-29,Delivered,UPI,2750.53
8178,874,1,3,67,2026-02-03,2026-02-07,Delivered,Credit Card,28901.09
8179,548,3,15,47,2026-07-20,2026-07-23,Delivered,Net Banking,41639.75
8180,287,2,6,23,2026-03-14,2026-03-15,Delivered,Credit Card,66097.74
8181,906,5,5,37,2025-09-23,2025-09-29,Delivered,Cash on Delivery,21470.52
8182,868,1,15,93,2025-11-19,2025-11-24,Delivered,UPI,22572.56
8183,731,3,13,57,2025-09-05,2025-09-09,Delivered,Credit Card,22354.29
8184,389,5,2,34,2025-12-05,2025-12-06,Delivered,Net Banking,16167.51
8185,340,2,20,20,2026-01-27,2026-01-30,Delivered,Cash on Delivery,1141.26
8186,588,2,9,61,2025-08-27,2025-09-01,Delivered,Debit Card,40115.48
8187,795,5,16,50,2025-09-25,2025-09-30,Delivered,Net Banking,24365.73
8188,218,1,17,54,2026-04-01,2026-04-07,Delivered,Net Banking,55853.91
8189,682,3,16,59,2026-01-20,2026-01-26,Delivered,Net Banking,15847.2
8190,691,5,2,70,2026-06-27,2026-06-28,Delivered,Cash on Delivery,24549.26
8191,650,4,11,21,2026-04-03,2026-04-09,Delivered,Net Banking,48426.13
8192,754,3,2,82,2026-04-24,,Pending,Credit Card,60146.19
8193,680,1,3,18,2026-07-24,,Cancelled,Debit Card,29461.26
8194,327,5,16,39,2026-01-05,2026-01-11,Delivered,Debit Card,27927.02
8195,949,4,11,80,2025-10-11,2025-10-18,Delivered,Cash on Delivery,34690.19
8196,587,1,11,48,2026-05-12,2026-05-19,Delivered,Credit Card,14027.31
8197,426,5,17,12,2026-03-26,2026-03-30,Delivered,Credit Card,42198.44
8198,462,2,7,14,2026-02-24,,Pending,Debit Card,18166.84
8199,596,3,10,14,2026-07-23,2026-07-25,Delivered,Debit Card,11088.87
8200,597,5,6,26,2025-10-22,2025-10-25,Delivered,UPI,40380.34
8201,988,4,6,37,2025-11-29,2025-12-06,Delivered,UPI,21667.36
8202,940,4,4,99,2025-11-09,2025-11-11,Delivered,Debit Card,52055.95
8203,790,3,7,43,2025-10-17,2025-10-24,Delivered,Net Banking,10635.83
8204,129,1,17,53,2026-04-09,2026-04-13,Delivered,Credit Card,23024.81
8205,211,2,4,60,2025-11-15,2025-11-16,Delivered,Net Banking,20387.31
8206,762,1,3,6,2026-01-02,,Cancelled,Cash on Delivery,42533.63
8207,398,3,8,38,2026-02-25,2026-02-27,Delivered,Cash on Delivery,37634.32
8208,3,4,6,84,2025-12-01,,Cancelled,Credit Card,58656.2
8209,252,4,12,51,2026-02-06,2026-02-12,Delivered,Credit Card,40080.24
8210,607,1,18,85,2026-05-13,,Pending,Credit Card,26032.11
8211,339,1,5,13,2026-01-09,2026-01-15,Delivered,Debit Card,34257.68
8212,695,1,8,45,2025-10-30,,Pending,Cash on Delivery,27871.02
8213,134,3,7,86,2026-04-12,2026-04-17,Delivered,UPI,26973.95
8214,270,1,10,69,2026-03-08,2026-03-12,Delivered,Credit Card,43924.57
8215,842,2,8,43,2025-08-06,2025-08-10,Delivered,Credit Card,14298.87
8216,263,3,2,41,2026-01-03,,Pending,Credit Card,38432.45
8217,47,2,13,10,2026-05-27,,Cancelled,Net Banking,47698.23
8218,18,5,1,35,2025-09-04,2025-09-09,Delivered,Credit Card,60714.79
8219,485,1,12,82,2025-12-26,2025-12-29,Delivered,Net Banking,9546.24
8220,504,2,2,97,2026-05-06,2026-05-11,Delivered,Credit Card,49646.1
8221,343,3,12,46,2026-02-21,2026-02-26,Delivered,Net Banking,22604.14
8222,569,5,3,68,2025-09-22,,Pending,Debit Card,14543.16
8223,905,3,7,79,2025-11-18,2025-11-22,Delivered,Net Banking,20666.93
8224,810,3,13,75,2026-03-03,2026-03-04,Delivered,Debit Card,5543.16
8225,501,1,7,26,2026-01-25,,Pending,Cash on Delivery,10443.64
8226,639,5,5,52,2026-03-13,2026-03-14,Delivered,Debit Card,9571.52
8227,11,1,10,33,2026-04-01,2026-04-04,Delivered,UPI,41974.36
8228,466,4,11,2,2025-10-26,2025-11-01,Delivered,Debit Card,31834.76
8229,801,1,11,67,2026-03-23,2026-03-28,Delivered,Cash on Delivery,36804.29
8230,331,4,18,51,2026-03-20,,Pending,Credit Card,28112.52
8231,168,3,7,22,2026-05-15,2026-05-16,Delivered,Credit Card,4435.35
8232,19,5,2,52,2026-07-07,2026-07-08,Delivered,UPI,36959.12
8233,889,4,2,55,2026-05-17,,Pending,UPI,16990.44
8234,757,3,8,49,2026-02-24,,Pending,Net Banking,34752.29
8235,81,2,3,39,2026-05-28,,Cancelled,UPI,36075.19
8236,1000,2,5,71,2026-04-08,2026-04-10,Delivered,Credit Card,49445.06
8237,162,1,18,53,2025-08-25,2025-09-01,Delivered,Debit Card,23086.58
8238,3,3,5,82,2026-01-04,2026-01-07,Delivered,Credit Card,15136.19
8239,150,3,9,95,2025-09-02,2025-09-04,Delivered,Credit Card,19809.9
8240,23,1,5,30,2025-12-11,2025-12-18,Delivered,UPI,20705.2
8241,28,5,4,25,2026-06-26,2026-07-01,Delivered,Credit Card,13440.24
8242,558,1,6,34,2025-10-22,2025-10-25,Delivered,Net Banking,25163.31
8243,857,3,16,73,2026-04-14,2026-04-16,Delivered,Credit Card,48572.54
8244,778,1,6,78,2026-02-06,2026-02-10,Delivered,Cash on Delivery,18910.92
8245,421,5,6,76,2025-08-28,2025-09-03,Delivered,Debit Card,24166.79
8246,418,5,16,49,2025-09-04,2025-09-11,Delivered,Net Banking,34218.72
8247,890,2,15,59,2025-12-26,2025-12-29,Delivered,Cash on Delivery,8629.26
8248,71,4,9,1,2026-07-10,2026-07-11,Delivered,UPI,17022.51
8249,612,4,2,51,2026-05-26,2026-05-28,Delivered,UPI,30207.57
8250,132,3,16,25,2026-02-12,,Pending,Cash on Delivery,4365.35
8251,482,2,6,54,2026-04-07,2026-04-13,Delivered,Cash on Delivery,37473.2
8252,192,5,19,19,2025-10-11,2025-10-18,Delivered,Net Banking,23793.59
8253,586,2,16,91,2026-04-22,2026-04-26,Delivered,Net Banking,13434.64
8254,744,2,6,89,2026-01-22,2026-01-27,Delivered,UPI,23104.72
8255,287,2,14,22,2025-08-30,2025-09-01,Delivered,Credit Card,25342.65
8256,969,1,17,29,2025-08-07,2025-08-13,Delivered,Credit Card,40269.22
8257,513,3,11,23,2025-10-30,2025-11-01,Delivered,Net Banking,26677.6
8258,29,5,13,19,2025-08-04,2025-08-05,Delivered,Debit Card,24233.34
8259,942,3,2,93,2026-02-05,2026-02-08,Delivered,UPI,56143.87
8260,176,2,10,44,2026-06-05,,Pending,Net Banking,19202.84
8261,159,1,9,48,2025-10-15,2025-10-21,Delivered,Net Banking,33907.62
8262,682,3,19,29,2026-01-27,2026-01-29,Delivered,UPI,43385.71
8263,287,2,14,21,2025-09-15,2025-09-20,Delivered,Credit Card,24186.45
8264,659,3,15,36,2025-12-21,2025-12-23,Delivered,Net Banking,23690.8
8265,839,5,8,27,2025-08-18,2025-08-22,Delivered,Net Banking,14995.8
8266,374,5,20,11,2026-01-26,2026-02-02,Delivered,UPI,29815.86
8267,349,3,8,98,2026-04-21,2026-04-27,Delivered,Debit Card,34069.92
8268,575,5,16,47,2025-09-29,2025-09-30,Delivered,Credit Card,26975.12
8269,354,2,16,17,2026-05-23,2026-05-29,Delivered,UPI,35846.06
8270,6,1,16,1,2026-06-14,2026-06-21,Delivered,Net Banking,15335.73
8271,447,4,20,39,2026-05-23,2026-05-26,Delivered,Cash on Delivery,10021.68
8272,292,2,15,93,2025-07-28,2025-07-31,Delivered,Net Banking,22628.84
8273,101,4,9,71,2025-09-02,2025-09-05,Delivered,Debit Card,922.81
8274,43,5,18,82,2025-11-10,,Pending,Credit Card,8145.84
8275,681,1,5,59,2026-02-20,,Pending,Credit Card,66998.49
8276,341,3,5,87,2026-03-22,2026-03-29,Delivered,UPI,20577.6
8277,816,3,4,96,2026-01-07,2026-01-14,Delivered,Debit Card,28621.66
8278,757,2,14,23,2026-06-08,2026-06-09,Delivered,Cash on Delivery,51802.83
8279,676,5,14,58,2026-01-30,2026-02-05,Delivered,UPI,7185.5
8280,805,3,19,34,2026-02-27,,Pending,Net Banking,46084.72
8281,412,4,10,62,2026-07-13,2026-07-15,Delivered,Debit Card,6247.86
8282,175,2,10,99,2026-04-29,2026-05-01,Delivered,UPI,25255.48
8283,441,2,11,35,2025-08-03,,Pending,Credit Card,43306.49
8284,418,3,3,38,2026-02-27,,Cancelled,UPI,25838.11
8285,713,3,7,62,2026-07-10,2026-07-12,Delivered,Credit Card,6026.85
8286,814,4,4,6,2025-09-19,2025-09-22,Delivered,Net Banking,4936.04
8287,254,3,1,80,2025-12-24,,Pending,Credit Card,39534.48
8288,745,2,3,96,2026-05-07,,Cancelled,Debit Card,24279.36
8289,168,4,13,36,2025-11-10,2025-11-13,Delivered,Net Banking,35653.8
8290,475,4,2,56,2026-03-06,2026-03-12,Delivered,Debit Card,56021.47
8291,289,2,6,65,2025-10-15,2025-10-22,Delivered,UPI,24682.83
8292,478,1,1,59,2025-09-10,2025-09-16,Delivered,UPI,16621.04
8293,751,3,2,14,2025-09-16,2025-09-23,Delivered,Net Banking,35497.38
8294,790,3,1,48,2025-09-12,2025-09-18,Delivered,Credit Card,31418.16
8295,108,5,4,95,2025-11-14,2025-11-17,Delivered,UPI,31450.28
8296,27,1,9,33,2025-12-28,2026-01-04,Delivered,UPI,24095.32
8297,450,3,6,90,2026-05-27,2026-05-28,Delivered,Net Banking,19110.08
8298,178,1,1,37,2025-10-11,2025-10-13,Delivered,Cash on Delivery,47208.38
8299,297,1,2,34,2026-03-13,2026-03-14,Delivered,Cash on Delivery,17871.46
8300,42,1,9,88,2026-05-21,,Cancelled,UPI,40496.56
8301,820,2,12,48,2025-11-19,,Pending,UPI,14479.8
8302,374,1,17,66,2026-05-27,2026-05-30,Delivered,Cash on Delivery,48981.94
8303,426,3,1,99,2026-05-23,2026-05-30,Delivered,UPI,39932.66
8304,274,1,4,34,2026-01-14,2026-01-17,Delivered,Debit Card,23960.54
8305,413,2,1,73,2025-12-28,2025-12-31,Delivered,Cash on Delivery,36814.5
8306,486,2,2,88,2025-10-06,2025-10-09,Delivered,Net Banking,28389.98
8307,398,1,4,14,2025-11-29,,Cancelled,UPI,62905.24
8308,82,4,14,23,2026-04-02,,Pending,UPI,27537.9
8309,263,3,7,97,2025-11-11,2025-11-13,Delivered,UPI,28917.68
8310,37,3,13,14,2026-06-17,2026-06-21,Delivered,UPI,18064.13
8311,647,2,9,90,2025-09-20,,Pending,Debit Card,55873.17
8312,357,1,7,16,2026-05-13,,Pending,Cash on Delivery,38586.01
8313,205,4,16,10,2026-03-08,2026-03-09,Delivered,Credit Card,60461.93
8314,330,3,2,70,2026-06-14,2026-06-17,Delivered,Credit Card,2025.89
8315,308,1,1,71,2026-03-29,2026-04-04,Delivered,Net Banking,55212.67
8316,439,2,19,17,2025-09-28,2025-09-30,Delivered,Cash on Delivery,30570.16
8317,40,5,4,87,2025-12-24,2025-12-29,Delivered,Net Banking,64342.37
8318,244,3,3,76,2026-06-19,,Cancelled,UPI,5554.21
8319,27,2,20,79,2026-04-25,2026-04-26,Delivered,Net Banking,3128.45
8320,463,2,4,76,2025-11-19,2025-11-25,Delivered,Net Banking,8593.14
8321,534,5,15,40,2025-12-07,2025-12-10,Delivered,Debit Card,37716.63
8322,638,3,5,46,2026-05-14,2026-05-16,Delivered,Debit Card,18625.13
8323,841,2,2,20,2025-12-31,2026-01-03,Delivered,Cash on Delivery,4435.35
8324,249,4,18,91,2025-10-14,2025-10-19,Delivered,Cash on Delivery,6905.84
8325,916,1,9,71,2026-07-18,2026-07-19,Delivered,Debit Card,8407.58
8326,72,4,6,73,2026-06-08,2026-06-10,Delivered,Credit Card,42320.1
8327,839,4,9,25,2025-10-09,2025-10-13,Delivered,Cash on Delivery,21409.56
8328,510,4,20,67,2026-03-16,2026-03-20,Delivered,Cash on Delivery,37565.63
8329,520,2,3,2,2025-09-07,2025-09-12,Delivered,Debit Card,44645.01
8330,984,3,2,65,2026-01-21,2026-01-23,Delivered,UPI,53060.36
8331,734,3,8,25,2025-09-18,2025-09-19,Delivered,Cash on Delivery,17866.99
8332,591,2,6,8,2026-05-13,2026-05-19,Delivered,Cash on Delivery,18654.43
8333,395,1,3,91,2026-07-23,2026-07-25,Delivered,UPI,21932.49
8334,457,3,5,76,2026-03-11,,Pending,UPI,8868.74
8335,696,4,5,49,2026-06-26,2026-07-03,Delivered,UPI,3408.81
8336,903,4,18,54,2026-06-05,,Cancelled,UPI,29207.09
8337,90,2,1,71,2026-03-12,2026-03-18,Delivered,Net Banking,37098.83
8338,28,4,19,24,2026-03-28,2026-04-03,Delivered,Cash on Delivery,2880.2
8339,920,1,16,28,2026-07-11,,Pending,Net Banking,21267.16
8340,428,5,8,27,2025-11-20,2025-11-25,Delivered,Debit Card,21594.59
8341,46,4,13,51,2025-07-31,2025-08-06,Delivered,Cash on Delivery,19137.48
8342,9,1,11,46,2025-10-18,2025-10-24,Delivered,UPI,15417.55
8343,348,2,2,87,2025-12-27,2026-01-01,Delivered,UPI,35035.57
8344,427,5,20,24,2026-06-10,2026-06-16,Delivered,Net Banking,25655.89
8345,850,3,2,45,2026-03-06,,Cancelled,Cash on Delivery,5109.66
8346,951,5,10,40,2025-11-05,,Pending,Net Banking,5135.84
8347,767,3,10,100,2026-02-08,2026-02-10,Delivered,Credit Card,19795.27
8348,428,2,3,51,2026-06-20,2026-06-21,Delivered,Net Banking,33368.52
8349,651,4,19,79,2026-04-11,,Cancelled,Cash on Delivery,49351.59
8350,95,5,19,16,2025-08-27,,Pending,UPI,23280.02
8351,760,2,10,79,2026-04-12,,Pending,Cash on Delivery,4977.24
8352,506,2,17,34,2025-09-07,2025-09-09,Delivered,UPI,56179.7
8353,461,1,15,36,2025-10-05,2025-10-11,Delivered,UPI,8975.01
8354,786,1,16,56,2026-04-02,2026-04-05,Delivered,UPI,76220.38
8355,286,2,7,64,2026-01-03,2026-01-10,Delivered,UPI,36850.71
8356,341,2,15,46,2026-04-25,2026-05-01,Delivered,Credit Card,39142.45
8357,636,5,11,7,2026-07-15,2026-07-17,Delivered,Cash on Delivery,36224.16
8358,37,4,7,75,2025-12-22,2025-12-26,Delivered,Debit Card,15046.04
8359,569,4,14,57,2026-05-02,,Pending,Cash on Delivery,5784.98
8360,975,3,12,27,2025-11-17,,Pending,UPI,32044.44
8361,910,4,11,32,2026-03-04,2026-03-10,Delivered,Debit Card,36132.93
8362,207,1,20,18,2026-01-21,2026-01-26,Delivered,Credit Card,11284.44
8363,59,1,15,70,2025-08-30,2025-09-06,Delivered,Credit Card,32116.52
8364,505,1,18,12,2026-03-24,,Pending,UPI,33911.56
8365,256,2,5,1,2026-01-02,2026-01-09,Delivered,Debit Card,6989.52
8366,929,5,4,99,2026-01-18,2026-01-23,Delivered,UPI,25271.93
8367,591,5,15,45,2026-04-14,2026-04-19,Delivered,Debit Card,51285.51
8368,117,4,13,52,2025-08-05,2025-08-06,Delivered,Cash on Delivery,28235.27
8369,267,1,10,35,2026-01-02,,Pending,Debit Card,7249.92
8370,229,4,19,37,2026-04-17,2026-04-23,Delivered,UPI,46523.11
8371,445,4,5,17,2026-07-07,2026-07-11,Delivered,Credit Card,14247.56
8372,442,1,4,3,2026-02-25,2026-03-04,Delivered,Credit Card,18441.04
8373,742,5,13,3,2025-10-22,2025-10-24,Delivered,Debit Card,29359.21
8374,872,2,14,46,2025-10-19,2025-10-24,Delivered,UPI,61332.2
8375,725,5,17,76,2025-12-01,2025-12-06,Delivered,Cash on Delivery,67260.47
8376,925,2,9,80,2025-10-20,2025-10-22,Delivered,Net Banking,7408.52
8377,461,1,9,46,2026-03-17,2026-03-22,Delivered,Net Banking,26705.8
8378,44,4,6,30,2025-09-08,2025-09-13,Delivered,Cash on Delivery,27271.92
8379,87,2,10,39,2025-08-08,2025-08-14,Delivered,Cash on Delivery,15458.14
8380,926,1,8,49,2025-09-05,,Pending,Net Banking,24262.12
8381,993,2,2,66,2025-12-25,2025-12-28,Delivered,Cash on Delivery,47675.18
8382,618,1,10,57,2025-09-06,2025-09-08,Delivered,Net Banking,4455.23
8383,733,5,7,84,2025-09-30,2025-10-06,Delivered,UPI,77346.06
8384,14,2,6,37,2025-12-09,,Pending,Cash on Delivery,24870.98
8385,551,3,11,21,2026-05-27,,Pending,Cash on Delivery,23102.82
8386,742,1,3,41,2026-05-23,2026-05-25,Delivered,Cash on Delivery,25342.45
8387,504,5,13,95,2026-03-05,2026-03-10,Delivered,Cash on Delivery,49788.94
8388,46,3,3,3,2025-08-06,2025-08-10,Delivered,Net Banking,4203.79
8389,907,3,20,58,2025-09-09,2025-09-11,Delivered,Credit Card,34825.95
8390,753,5,12,54,2025-12-29,2025-12-31,Delivered,Credit Card,51162.64
8391,571,3,11,33,2026-05-24,2026-05-25,Delivered,Debit Card,27125.05
8392,642,5,11,3,2026-05-02,2026-05-07,Delivered,Cash on Delivery,46093.08
8393,199,4,17,26,2025-10-30,2025-11-03,Delivered,Net Banking,24103.15
8394,774,3,1,67,2026-03-04,2026-03-07,Delivered,Net Banking,33070.01
8395,544,4,13,6,2026-03-17,2026-03-23,Delivered,Debit Card,18071.49
8396,231,1,6,88,2025-11-09,2025-11-11,Delivered,Debit Card,20558.03
8397,679,5,7,3,2026-05-07,2026-05-11,Delivered,UPI,15106.27
8398,633,4,2,38,2026-03-11,2026-03-17,Delivered,Net Banking,3673.3
8399,436,2,1,10,2025-08-09,2025-08-14,Delivered,Credit Card,28082.5
8400,953,5,9,41,2026-05-18,2026-05-23,Delivered,Credit Card,11267.34
8401,618,5,9,45,2026-05-15,2026-05-16,Delivered,Credit Card,5678.29
8402,205,4,16,72,2025-08-27,2025-08-30,Delivered,Debit Card,20709.12
8403,149,2,12,4,2025-10-10,2025-10-13,Delivered,Net Banking,14751.81
8404,865,5,5,6,2025-10-22,,Pending,Debit Card,53259.54
8405,846,4,2,84,2025-10-24,2025-10-25,Delivered,Net Banking,44198.88
8406,439,3,15,58,2025-11-09,,Pending,UPI,28402.74
8407,36,3,11,25,2025-11-09,,Cancelled,Cash on Delivery,34508.36
8408,815,4,13,92,2025-10-18,2025-10-20,Delivered,Cash on Delivery,21331.08
8409,214,3,7,50,2026-01-27,2026-01-29,Delivered,Cash on Delivery,5453.38
8410,288,1,3,46,2026-07-18,,Pending,Cash on Delivery,6364.16
8411,753,4,8,20,2026-04-11,2026-04-15,Delivered,UPI,14195.56
8412,657,2,9,66,2026-01-05,,Pending,Debit Card,22316.7
8413,669,1,8,54,2026-06-15,2026-06-18,Delivered,Cash on Delivery,44445.2
8414,541,4,6,90,2026-01-30,2026-02-02,Delivered,Cash on Delivery,4519.4
8415,208,4,2,98,2026-04-08,2026-04-11,Delivered,UPI,17373.74
8416,82,5,16,86,2026-06-02,2026-06-03,Delivered,Cash on Delivery,31953.32
8417,314,5,1,93,2025-10-14,2025-10-21,Delivered,Credit Card,15761.29
8418,336,3,14,87,2026-04-19,2026-04-21,Delivered,Net Banking,9055.8
8419,671,5,14,17,2025-11-10,2025-11-12,Delivered,Cash on Delivery,11444.42
8420,490,2,16,49,2026-02-19,2026-02-20,Delivered,Credit Card,10862.25
8421,305,1,16,98,2026-05-31,2026-06-03,Delivered,Credit Card,5982.44
8422,463,2,9,85,2025-09-03,,Pending,Net Banking,7981.35
8423,664,4,6,54,2025-11-13,,Pending,Debit Card,28120.07
8424,186,4,19,29,2025-08-13,,Pending,Cash on Delivery,49882.52
8425,371,3,13,23,2026-06-12,2026-06-19,Delivered,Debit Card,51703.07
8426,691,5,9,2,2026-03-02,2026-03-05,Delivered,Net Banking,21965.31
8427,775,5,19,32,2026-02-23,2026-02-26,Delivered,Debit Card,27619.02
8428,338,2,8,52,2026-06-01,2026-06-07,Delivered,Credit Card,22520.64
8429,703,3,2,75,2026-04-21,2026-04-22,Delivered,Debit Card,51737.06
8430,907,3,9,64,2025-11-07,,Pending,Net Banking,35216.32
8431,898,1,7,79,2025-08-30,2025-09-06,Delivered,UPI,10756.02
8432,968,5,18,94,2026-05-05,2026-05-09,Delivered,Credit Card,28676.56
8433,855,5,15,8,2025-08-20,2025-08-22,Delivered,Net Banking,34695.4
8434,340,3,5,67,2025-08-23,2025-08-30,Delivered,Net Banking,18128.6
8435,239,3,9,84,2026-06-27,,Cancelled,Credit Card,22354.29
8436,26,4,5,75,2026-01-11,2026-01-17,Delivered,Credit Card,9010.2
8437,563,2,11,40,2026-02-03,2026-02-10,Delivered,Debit Card,42071.46
8438,63,3,5,79,2026-03-17,,Pending,Net Banking,36426.19
8439,784,5,1,39,2025-10-19,2025-10-24,Delivered,Cash on Delivery,30395.68
8440,720,5,20,92,2025-08-10,,Cancelled,UPI,34768.73
8441,553,3,15,52,2025-08-24,2025-08-31,Delivered,Credit Card,3805.87
8442,500,1,6,40,2025-11-01,2025-11-05,Delivered,UPI,55428.8
8443,360,5,15,71,2026-07-14,2026-07-18,Delivered,UPI,31942.64
8444,350,4,14,16,2026-02-23,,Pending,Credit Card,31261.54
8445,67,1,16,28,2025-08-31,2025-09-04,Delivered,Credit Card,17627.29
8446,760,3,17,93,2025-09-05,2025-09-06,Delivered,UPI,4945.51
8447,716,1,7,10,2025-12-29,2026-01-05,Delivered,Cash on Delivery,22546.17
8448,436,2,14,100,2025-07-31,2025-08-04,Delivered,Debit Card,28333.24
8449,765,5,13,80,2025-11-13,2025-11-18,Delivered,Cash on Delivery,30834.87
8450,492,1,13,23,2026-03-08,,Pending,Net Banking,4988.89
8451,142,2,6,40,2026-04-07,2026-04-13,Delivered,Credit Card,7748.62
8452,264,4,16,52,2026-04-28,2026-05-03,Delivered,Cash on Delivery,15369.52
8453,44,1,15,14,2026-03-13,2026-03-17,Delivered,Debit Card,59518.58
8454,532,3,19,46,2026-04-10,2026-04-12,Delivered,Cash on Delivery,31691.05
8455,550,2,12,89,2026-04-08,2026-04-11,Delivered,Net Banking,52313.63
8456,515,2,2,4,2025-08-28,,Pending,Debit Card,71181.28
8457,777,2,3,29,2026-05-22,,Pending,Debit Card,52790.27
8458,350,4,9,17,2025-08-05,,Cancelled,UPI,52459.33
8459,988,5,3,45,2025-08-14,,Pending,Credit Card,7634.18
8460,879,5,6,9,2026-06-21,2026-06-28,Delivered,Debit Card,32881.81
8461,87,1,15,12,2025-11-24,,Pending,Cash on Delivery,51639.27
8462,843,4,1,56,2026-04-07,2026-04-13,Delivered,Net Banking,16168.04
8463,203,4,4,27,2026-07-11,2026-07-18,Delivered,Debit Card,13641.12
8464,321,3,8,71,2026-07-20,2026-07-24,Delivered,Credit Card,1846.21
8465,358,3,11,2,2025-09-27,,Pending,Credit Card,13092.72
8466,249,2,6,94,2026-07-09,2026-07-10,Delivered,Debit Card,16824.34
8467,971,5,10,90,2026-07-16,2026-07-19,Delivered,UPI,54477.74
8468,300,5,19,76,2025-08-11,2025-08-14,Delivered,Cash on Delivery,6818.7
8469,483,4,2,30,2025-09-23,2025-09-30,Delivered,UPI,2051.86
8470,370,3,14,69,2026-02-17,2026-02-19,Delivered,Net Banking,16583.04
8471,201,2,6,6,2026-03-02,2026-03-05,Delivered,Debit Card,5436.37
8472,314,2,12,50,2026-06-14,,Pending,Cash on Delivery,18459.92
8473,896,2,16,79,2026-07-04,2026-07-10,Delivered,Cash on Delivery,61959.0
8474,513,3,14,31,2026-01-05,2026-01-12,Delivered,Debit Card,5459.36
8475,737,1,10,75,2026-06-23,2026-06-24,Delivered,Cash on Delivery,36867.24
8476,954,4,7,97,2026-01-04,2026-01-08,Delivered,Credit Card,1087.8
8477,579,1,5,82,2026-07-21,2026-07-28,Delivered,Debit Card,5091.58
8478,144,2,19,38,2025-09-11,2025-09-16,Delivered,UPI,15143.62
8479,92,2,20,23,2025-12-30,2026-01-02,Delivered,Debit Card,42759.66
8480,52,2,14,78,2026-07-17,2026-07-22,Delivered,UPI,5808.36
8481,590,2,19,95,2026-02-23,2026-02-27,Delivered,UPI,2768.43
8482,97,5,5,3,2025-08-08,2025-08-10,Delivered,Net Banking,46068.57
8483,518,5,7,76,2026-05-13,,Pending,UPI,35776.55
8484,108,3,12,1,2025-08-24,,Pending,Net Banking,15297.25
8485,358,1,10,63,2026-07-02,,Cancelled,Cash on Delivery,10995.36
8486,573,5,2,93,2026-03-25,2026-03-29,Delivered,UPI,35392.17
8487,973,1,8,5,2026-03-17,2026-03-24,Delivered,UPI,40950.74
8488,886,3,11,88,2025-08-11,,Cancelled,Cash on Delivery,52986.39
8489,534,2,1,11,2025-10-30,,Pending,UPI,17211.04
8490,840,4,9,28,2025-11-17,,Pending,UPI,40372.44
8491,938,1,12,64,2025-09-21,2025-09-23,Delivered,UPI,34987.17
8492,123,5,12,35,2025-09-12,2025-09-17,Delivered,Credit Card,6671.14
8493,592,1,3,98,2026-06-20,2026-06-25,Delivered,Net Banking,4486.83
8494,389,1,20,85,2026-05-21,2026-05-28,Delivered,Credit Card,19732.09
8495,389,3,10,9,2025-10-12,2025-10-16,Delivered,Net Banking,49522.58
8496,132,3,1,48,2025-11-04,,Cancelled,Net Banking,44946.09
8497,650,1,7,51,2026-02-06,2026-02-11,Delivered,UPI,17354.38
8498,431,3,17,2,2026-07-09,2026-07-10,Delivered,Credit Card,34145.24
8499,760,2,14,3,2026-05-11,2026-05-14,Delivered,Net Banking,43360.75
8500,307,2,12,81,2026-07-24,,Pending,Debit Card,26240.38
8501,917,1,20,64,2025-12-01,2025-12-02,Delivered,Net Banking,29476.34
8502,424,2,2,15,2025-11-21,2025-11-24,Delivered,UPI,50494.16
8503,368,3,8,23,2026-02-26,,Pending,Cash on Delivery,1845.62
8504,763,5,6,40,2025-11-05,2025-11-10,Delivered,Net Banking,37128.14
8505,663,3,18,3,2026-07-06,,Pending,Net Banking,21060.63
8506,508,3,2,34,2025-09-25,2025-09-30,Delivered,Debit Card,22074.56
8507,365,2,4,88,2025-08-19,2025-08-25,Delivered,Credit Card,15697.88
8508,735,4,10,5,2025-10-16,,Pending,Debit Card,31840.93
8509,103,2,3,82,2025-11-27,2025-11-30,Delivered,Net Banking,13684.8
8510,101,5,1,31,2025-10-11,2025-10-18,Delivered,UPI,37881.73
8511,711,1,13,99,2025-08-25,2025-08-29,Delivered,Net Banking,16006.25
8512,889,3,12,20,2026-01-08,2026-01-13,Delivered,Net Banking,22176.36
8513,871,1,13,68,2025-08-19,,Pending,Debit Card,19925.63
8514,712,1,7,78,2026-04-23,2026-04-28,Delivered,UPI,29836.13
8515,812,2,17,87,2026-01-28,2026-02-02,Delivered,Debit Card,31942.97
8516,793,2,18,82,2026-03-03,2026-03-08,Delivered,Net Banking,25168.66
8517,733,2,18,6,2026-04-13,2026-04-14,Delivered,Cash on Delivery,33824.37
8518,483,3,7,97,2025-09-02,2025-09-03,Delivered,Net Banking,5741.56
8519,810,3,18,53,2026-01-31,2026-02-06,Delivered,Net Banking,52483.28
8520,364,5,7,89,2026-06-17,2026-06-20,Delivered,Cash on Delivery,45551.54
8521,971,3,18,10,2026-07-26,,Pending,UPI,5882.55
8522,741,3,19,45,2026-07-22,2026-07-23,Delivered,UPI,4525.87
8523,328,2,2,96,2026-03-13,2026-03-14,Delivered,Cash on Delivery,18516.55
8524,77,5,16,5,2025-09-03,2025-09-06,Delivered,Debit Card,17104.05
8525,312,2,4,93,2025-10-14,,Pending,Credit Card,60335.67
8526,682,1,9,65,2026-07-19,,Pending,Net Banking,18603.5
8527,292,5,11,22,2026-02-23,2026-02-25,Delivered,Cash on Delivery,6954.37
8528,150,3,11,47,2025-12-22,2025-12-25,Delivered,UPI,28930.73
8529,960,5,5,85,2025-08-18,,Cancelled,Net Banking,28882.44
8530,457,1,2,9,2025-08-27,,Pending,Net Banking,4712.38
8531,196,3,5,16,2025-11-29,2025-12-04,Delivered,UPI,26837.94
8532,509,3,14,15,2026-05-28,2026-06-04,Delivered,Net Banking,9004.27
8533,993,1,8,21,2026-01-29,2026-02-04,Delivered,Net Banking,2623.62
8534,416,4,11,97,2025-09-03,2025-09-09,Delivered,UPI,57410.13
8535,135,4,4,50,2026-06-24,,Pending,Net Banking,6023.83
8536,306,1,17,12,2026-04-25,,Pending,UPI,5059.36
8537,79,1,3,22,2026-07-05,2026-07-07,Delivered,UPI,23048.5
8538,430,3,15,75,2025-08-29,,Pending,Debit Card,13067.88
8539,641,2,13,84,2026-05-30,2026-06-01,Delivered,Credit Card,11624.63
8540,562,3,7,50,2026-02-04,2026-02-05,Delivered,Credit Card,33552.99
8541,315,2,10,51,2025-09-10,,Pending,Net Banking,8706.86
8542,24,1,16,34,2025-10-13,2025-10-19,Delivered,Debit Card,29772.35
8543,205,5,17,87,2026-07-02,,Cancelled,UPI,30079.44
8544,351,3,20,48,2025-09-17,2025-09-24,Delivered,Credit Card,4141.66
8545,538,2,3,56,2026-05-26,2026-05-30,Delivered,Debit Card,3381.66
8546,976,5,15,63,2026-04-26,2026-04-27,Delivered,Cash on Delivery,29703.13
8547,190,1,15,37,2025-09-02,,Cancelled,UPI,17045.48
8548,853,4,12,75,2026-03-10,2026-03-13,Delivered,Net Banking,1670.39
8549,522,5,3,48,2026-04-17,2026-04-18,Delivered,Debit Card,25174.26
8550,608,3,12,92,2025-11-24,,Cancelled,Credit Card,6814.16
8551,638,2,14,33,2026-07-21,2026-07-24,Delivered,Credit Card,33903.22
8552,99,2,16,26,2026-06-21,2026-06-24,Delivered,Debit Card,46879.5
8553,796,2,17,62,2026-06-09,,Pending,Net Banking,26872.38
8554,548,5,2,85,2025-08-02,2025-08-04,Delivered,UPI,34399.41
8555,659,1,15,23,2025-09-17,2025-09-24,Delivered,Credit Card,38958.21
8556,737,3,9,19,2025-11-21,2025-11-27,Delivered,Cash on Delivery,20137.03
8557,529,4,4,32,2026-07-13,2026-07-16,Delivered,Credit Card,61007.83
8558,739,2,12,30,2026-01-23,2026-01-24,Delivered,Debit Card,43893.03
8559,871,1,3,29,2026-04-12,2026-04-13,Delivered,Credit Card,60754.35
8560,68,2,10,55,2026-06-28,2026-07-01,Delivered,UPI,22271.12
8561,289,1,8,60,2025-07-28,2025-08-02,Delivered,Debit Card,21047.26
8562,344,4,20,18,2025-09-27,2025-10-01,Delivered,UPI,18507.04
8563,966,5,5,55,2026-07-24,2026-07-27,Delivered,Cash on Delivery,31489.02
8564,410,5,20,84,2026-02-14,2026-02-19,Delivered,Cash on Delivery,23912.76
8565,713,4,6,45,2026-02-27,2026-03-04,Delivered,Debit Card,34672.51
8566,80,4,3,28,2026-06-03,2026-06-10,Delivered,Cash on Delivery,50634.36
8567,806,2,10,80,2026-04-07,2026-04-11,Delivered,Cash on Delivery,38198.86
8568,724,5,13,25,2025-08-30,2025-09-03,Delivered,UPI,21604.22
8569,969,5,2,57,2025-11-16,2025-11-17,Delivered,Debit Card,37663.04
8570,512,3,11,7,2025-08-31,2025-09-07,Delivered,Credit Card,54872.84
8571,132,4,2,13,2025-09-11,2025-09-18,Delivered,UPI,35820.04
8572,750,3,10,19,2025-09-16,2025-09-22,Delivered,Net Banking,66073.17
8573,743,2,8,31,2026-06-18,2026-06-20,Delivered,Net Banking,65180.54
8574,88,1,10,30,2026-02-19,2026-02-23,Delivered,Cash on Delivery,1447.44
8575,416,3,20,86,2026-01-21,2026-01-27,Delivered,Cash on Delivery,13396.44
8576,597,5,16,6,2026-06-22,2026-06-23,Delivered,Net Banking,31349.58
8577,827,1,19,43,2026-03-29,,Pending,UPI,17257.2
8578,379,2,16,70,2025-11-20,,Pending,Credit Card,47633.28
8579,597,3,2,26,2025-11-27,2025-11-30,Delivered,Net Banking,7451.43
8580,411,2,1,24,2025-09-18,2025-09-20,Delivered,Cash on Delivery,23209.24
8581,891,3,6,93,2026-07-14,,Pending,Net Banking,45307.47
8582,551,2,10,92,2026-01-31,2026-02-05,Delivered,Cash on Delivery,13596.45
8583,71,3,9,60,2026-07-24,2026-07-28,Delivered,UPI,12763.25
8584,532,1,1,46,2026-04-23,2026-04-27,Delivered,UPI,57948.32
8585,911,3,16,68,2025-08-25,2025-08-28,Delivered,UPI,20096.43
8586,62,5,5,94,2026-05-23,2026-05-26,Delivered,Net Banking,7434.6
8587,262,4,6,36,2026-07-22,2026-07-24,Delivered,Net Banking,29930.0
8588,846,3,7,52,2026-03-19,2026-03-20,Delivered,Debit Card,7450.57
8589,552,5,13,95,2025-10-17,2025-10-18,Delivered,Net Banking,11582.33
8590,78,4,14,9,2026-01-12,2026-01-18,Delivered,Cash on Delivery,28878.83
8591,661,4,8,38,2026-01-28,,Pending,Debit Card,34093.26
8592,603,3,14,57,2026-06-21,,Cancelled,Debit Card,63459.81
8593,718,2,5,60,2026-02-10,,Pending,UPI,34239.74
8594,656,4,17,67,2025-12-17,2025-12-21,Delivered,Debit Card,38224.34
8595,876,3,10,16,2026-02-02,,Pending,Debit Card,20254.96
8596,643,4,12,44,2025-12-21,2025-12-26,Delivered,UPI,740.94
8597,742,1,15,77,2025-11-18,,Pending,Cash on Delivery,49379.74
8598,915,3,15,83,2026-06-26,2026-06-29,Delivered,Debit Card,21704.78
8599,992,1,7,4,2026-01-09,,Cancelled,Cash on Delivery,23219.98
8600,201,1,4,100,2025-10-07,,Pending,Credit Card,1311.81
8601,483,2,6,45,2026-03-19,2026-03-20,Delivered,Net Banking,21279.7
8602,642,2,18,46,2025-08-23,2025-08-29,Delivered,Debit Card,981.22
8603,54,2,12,47,2025-10-27,2025-11-02,Delivered,Debit Card,40260.48
8604,872,5,4,64,2026-02-27,2026-03-05,Delivered,Debit Card,25093.73
8605,442,4,11,20,2026-05-29,,Pending,Debit Card,4203.79
8606,935,3,5,98,2025-08-26,,Pending,Credit Card,44920.1
8607,449,2,10,20,2025-08-10,2025-08-12,Delivered,UPI,18999.51
8608,190,4,5,7,2026-07-18,2026-07-19,Delivered,Debit Card,24479.38
8609,927,4,19,52,2026-03-31,2026-04-02,Delivered,Debit Card,17877.45
8610,161,5,2,88,2026-02-05,2026-02-08,Delivered,Cash on Delivery,31836.51
8611,430,4,2,80,2025-11-21,2025-11-23,Delivered,Credit Card,9353.21
8612,383,1,2,8,2026-03-22,2026-03-24,Delivered,Net Banking,5984.67
8613,351,5,13,93,2025-09-08,,Pending,Credit Card,48532.23
8614,809,4,6,8,2026-04-08,2026-04-09,Delivered,Debit Card,62777.74
8615,43,1,13,73,2025-12-21,2025-12-27,Delivered,Debit Card,32925.03
8616,938,3,18,67,2025-09-12,2025-09-18,Delivered,Credit Card,36004.99
8617,223,1,13,33,2026-05-26,2026-05-29,Delivered,UPI,29208.24
8618,928,2,1,5,2026-03-08,,Pending,UPI,28615.36
8619,551,1,19,49,2025-11-15,2025-11-21,Delivered,Debit Card,20947.05
8620,60,1,14,19,2025-09-30,2025-10-02,Delivered,Debit Card,55564.58
8621,123,4,15,41,2025-10-31,2025-11-04,Delivered,Net Banking,18285.68
8622,812,5,6,74,2026-04-02,2026-04-05,Delivered,Cash on Delivery,66564.88
8623,363,2,8,11,2025-09-23,,Pending,Debit Card,24815.19
8624,921,1,6,23,2025-09-11,2025-09-18,Delivered,Debit Card,11088.55
8625,223,4,3,88,2025-12-09,2025-12-13,Delivered,Credit Card,18951.85
8626,170,5,5,72,2025-11-14,2025-11-19,Delivered,Debit Card,25715.64
8627,935,4,17,73,2026-07-02,2026-07-06,Delivered,Debit Card,21177.52
8628,169,4,18,94,2025-08-14,2025-08-15,Delivered,Cash on Delivery,2975.5
8629,908,4,16,86,2025-08-25,,Pending,Credit Card,10772.88
8630,928,1,17,98,2026-04-28,,Pending,UPI,7291.43
8631,107,2,3,27,2025-10-27,2025-10-30,Delivered,Net Banking,18158.71
8632,155,2,7,68,2025-08-28,2025-08-30,Delivered,Credit Card,44251.36
8633,477,5,16,43,2026-07-19,2026-07-22,Delivered,UPI,36147.23
8634,408,5,8,81,2025-12-04,2025-12-07,Delivered,Net Banking,20129.44
8635,409,1,18,33,2025-10-19,2025-10-22,Delivered,Credit Card,34183.73
8636,429,3,4,51,2025-12-02,2025-12-05,Delivered,Debit Card,13606.89
8637,133,5,15,75,2025-08-15,2025-08-21,Delivered,Net Banking,23205.41
8638,481,4,2,17,2026-01-02,2026-01-05,Delivered,UPI,20146.84
8639,760,1,13,79,2026-03-15,,Pending,Debit Card,34585.74
8640,485,4,13,10,2026-04-10,2026-04-15,Delivered,Debit Card,8214.82
8641,270,3,10,11,2026-01-11,2026-01-12,Delivered,Credit Card,5117.95
8642,502,4,15,5,2026-04-10,2026-04-16,Delivered,Cash on Delivery,15902.1
8643,947,4,2,43,2025-10-07,2025-10-10,Delivered,Credit Card,21509.38
8644,244,3,15,24,2025-12-24,,Cancelled,Cash on Delivery,23512.78
8645,684,4,9,99,2025-08-21,2025-08-28,Delivered,UPI,26612.16
8646,302,3,18,98,2025-12-31,,Pending,UPI,17439.36
8647,88,3,19,76,2026-02-24,2026-02-28,Delivered,Cash on Delivery,15273.01
8648,750,4,8,23,2025-11-02,,Pending,Cash on Delivery,56902.92
8649,620,4,3,98,2026-06-08,2026-06-15,Delivered,Net Banking,9954.69
8650,345,2,4,24,2025-12-07,2025-12-13,Delivered,Cash on Delivery,49126.66
8651,183,2,19,10,2025-12-04,2025-12-07,Delivered,Credit Card,31468.23
8652,134,2,20,19,2025-09-29,,Pending,Net Banking,29625.61
8653,264,4,3,71,2025-11-29,2025-12-06,Delivered,Cash on Delivery,21683.46
8654,89,2,16,52,2025-10-03,2025-10-07,Delivered,Credit Card,24283.56
8655,686,5,9,47,2026-05-17,,Pending,Credit Card,36293.28
8656,447,2,14,2,2026-04-07,2026-04-12,Delivered,Credit Card,45875.9
8657,679,2,10,7,2026-02-04,2026-02-10,Delivered,Cash on Delivery,13055.55
8658,524,1,7,51,2026-05-10,,Pending,Debit Card,31484.14
8659,854,4,19,24,2025-11-25,,Pending,Net Banking,10141.64
8660,416,1,13,83,2026-07-08,2026-07-13,Delivered,Cash on Delivery,16425.12
8661,603,1,12,54,2025-08-25,2025-08-26,Delivered,UPI,8448.34
8662,191,1,5,63,2025-07-27,,Cancelled,Net Banking,7678.63
8663,207,3,14,85,2025-09-18,,Pending,Cash on Delivery,35715.06
8664,895,2,1,80,2026-03-29,2026-03-30,Delivered,Credit Card,57522.88
8665,464,2,3,34,2025-12-15,2025-12-16,Delivered,Cash on Delivery,20318.2
8666,296,2,15,23,2025-11-13,2025-11-18,Delivered,Net Banking,14180.84
8667,180,5,5,88,2026-01-31,2026-02-06,Delivered,Net Banking,28269.1
8668,286,4,19,42,2026-05-02,2026-05-06,Delivered,Credit Card,4277.07
8669,626,4,8,94,2026-06-06,2026-06-08,Delivered,Net Banking,28310.1
8670,894,1,17,28,2025-08-21,2025-08-24,Delivered,Cash on Delivery,37022.28
8671,179,5,17,11,2026-07-24,,Pending,Debit Card,12171.61
8672,627,4,17,14,2026-04-27,2026-05-03,Delivered,UPI,19412.87
8673,681,1,17,4,2026-01-24,2026-01-29,Delivered,Net Banking,6194.54
8674,548,5,18,93,2026-03-10,2026-03-11,Delivered,Credit Card,33837.09
8675,237,3,13,93,2026-02-22,2026-02-24,Delivered,Debit Card,17566.25
8676,338,3,5,24,2026-03-15,2026-03-20,Delivered,Credit Card,40558.53
8677,400,4,16,30,2026-04-26,,Pending,Credit Card,31626.44
8678,190,3,5,14,2026-03-22,,Pending,Credit Card,27250.99
8679,150,4,11,7,2025-11-11,,Pending,Net Banking,11451.28
8680,886,2,19,25,2026-02-14,,Pending,Net Banking,17045.48
8681,955,4,15,33,2026-02-16,2026-02-17,Delivered,Debit Card,6419.25
8682,835,2,3,55,2026-07-17,2026-07-21,Delivered,Debit Card,23669.55
8683,854,2,19,42,2026-07-15,,Pending,Credit Card,27050.22
8684,596,1,14,55,2025-12-13,,Pending,Debit Card,30865.78
8685,848,5,15,42,2026-01-08,,Pending,Cash on Delivery,20708.22
8686,405,1,10,62,2025-12-25,2025-12-31,Delivered,Net Banking,12929.08
8687,88,2,7,18,2026-03-18,2026-03-22,Delivered,Credit Card,33803.99
8688,755,5,19,16,2025-11-13,2025-11-14,Delivered,Debit Card,31393.29
8689,997,1,13,43,2026-02-08,,Pending,Cash on Delivery,2717.31
8690,960,5,7,56,2026-03-05,2026-03-11,Delivered,Debit Card,29274.93
8691,928,4,3,49,2026-03-16,2026-03-22,Delivered,Debit Card,41367.27
8692,364,5,20,80,2025-10-20,,Pending,UPI,7425.84
8693,965,4,20,49,2025-08-18,,Cancelled,Net Banking,36399.13
8694,454,2,13,8,2025-08-07,2025-08-09,Delivered,Cash on Delivery,12548.82
8695,282,3,10,74,2025-12-17,2025-12-24,Delivered,UPI,2723.78
8696,868,3,10,31,2025-09-06,2025-09-07,Delivered,Credit Card,2691.51
8697,909,4,9,20,2026-03-13,2026-03-14,Delivered,Credit Card,64684.24
8698,441,3,7,16,2026-03-28,2026-04-01,Delivered,Debit Card,52894.77
8699,152,3,6,19,2026-04-25,2026-04-27,Delivered,Credit Card,28818.15
8700,991,4,4,92,2026-05-06,,Pending,Credit Card,8093.81
8701,997,5,17,12,2025-12-06,2025-12-13,Delivered,UPI,23025.42
8702,939,4,8,33,2026-01-11,2026-01-12,Delivered,Debit Card,20177.76
8703,104,5,2,85,2026-01-18,2026-01-21,Delivered,Credit Card,11613.53
8704,747,2,18,42,2025-12-09,2025-12-15,Delivered,Credit Card,42460.48
8705,173,2,16,13,2026-07-26,2026-07-29,Delivered,Debit Card,23690.8
8706,90,2,7,41,2026-04-10,2026-04-16,Delivered,Debit Card,53429.98
8707,231,5,3,90,2026-07-18,2026-07-19,Delivered,UPI,25701.72
8708,916,2,13,30,2025-12-30,,Pending,Debit Card,1962.44
8709,268,3,15,81,2025-10-15,2025-10-18,Delivered,Credit Card,25443.92
8710,249,4,17,22,2025-12-15,2025-12-16,Delivered,Cash on Delivery,33545.15
8711,558,1,19,19,2025-12-15,2025-12-17,Delivered,Cash on Delivery,20741.32
8712,946,5,18,18,2026-05-25,2026-05-31,Delivered,Debit Card,4435.35
8713,350,3,18,89,2026-02-08,2026-02-13,Delivered,Debit Card,9310.19
8714,472,1,4,87,2025-11-19,2025-11-24,Delivered,Net Banking,19287.07
8715,680,3,17,11,2026-07-06,2026-07-08,Delivered,Debit Card,35725.81
8716,612,3,20,26,2025-09-21,2025-09-24,Delivered,Credit Card,12761.07
8717,748,5,14,44,2026-06-22,2026-06-24,Delivered,Cash on Delivery,43519.02
8718,114,4,8,54,2025-10-06,2025-10-09,Delivered,UPI,41570.63
8719,442,3,4,55,2026-01-17,,Pending,Debit Card,5372.56
8720,247,2,8,58,2026-03-31,2026-04-04,Delivered,Cash on Delivery,15835.35
8721,481,4,3,17,2026-05-04,2026-05-07,Delivered,UPI,37260.84
8722,428,3,20,97,2025-08-29,,Pending,Credit Card,44203.91
8723,824,5,3,23,2026-01-19,2026-01-26,Delivered,Net Banking,35386.72
8724,310,4,1,85,2025-09-25,2025-09-30,Delivered,Credit Card,36096.24
8725,609,1,14,58,2025-12-25,,Cancelled,Debit Card,23209.22
8726,92,1,18,56,2025-12-30,2026-01-01,Delivered,Net Banking,52335.37
8727,775,5,4,83,2025-09-16,2025-09-20,Delivered,Cash on Delivery,21292.79
8728,322,3,18,50,2026-05-18,2026-05-22,Delivered,UPI,51308.56
8729,910,3,4,78,2026-04-06,,Pending,Debit Card,31119.5
8730,253,3,4,58,2025-12-14,,Cancelled,UPI,22533.32
8731,267,2,13,14,2025-12-31,2026-01-03,Delivered,Net Banking,20648.07
8732,866,4,9,7,2025-12-16,2025-12-23,Delivered,Credit Card,44216.15
8733,866,4,13,62,2025-08-06,2025-08-09,Delivered,Cash on Delivery,336.46
8734,839,1,19,81,2025-11-04,2025-11-07,Delivered,Debit Card,4553.3
8735,133,5,12,85,2025-12-22,,Pending,Debit Card,52089.13
8736,402,2,7,53,2026-07-01,2026-07-02,Delivered,Net Banking,45288.03
8737,339,2,11,21,2025-07-30,2025-08-04,Delivered,Credit Card,41270.43
8738,119,4,7,20,2026-01-28,2026-02-01,Delivered,Net Banking,55885.06
8739,222,5,10,26,2025-08-04,,Pending,Debit Card,50432.85
8740,633,4,19,14,2026-04-10,,Pending,Cash on Delivery,53946.37
8741,420,5,8,66,2025-08-12,2025-08-16,Delivered,Credit Card,43828.34
8742,146,2,11,92,2025-08-28,2025-08-31,Delivered,Cash on Delivery,37610.01
8743,709,5,14,26,2025-11-18,2025-11-20,Delivered,Cash on Delivery,26101.42
8744,100,4,3,60,2026-06-25,,Pending,Debit Card,52752.76
8745,882,3,7,82,2026-04-06,2026-04-13,Delivered,Debit Card,40324.0
8746,200,1,20,35,2026-07-19,,Pending,Cash on Delivery,34256.0
8747,682,2,19,67,2025-11-10,2025-11-15,Delivered,Net Banking,38676.64
8748,270,1,18,53,2025-09-08,2025-09-15,Delivered,Net Banking,47547.7
8749,588,3,15,91,2026-06-17,2026-06-20,Delivered,Debit Card,39412.49
8750,125,5,15,75,2025-10-21,2025-10-28,Delivered,Debit Card,5108.44
8751,935,1,8,11,2025-07-28,2025-08-02,Delivered,Debit Card,13643.41
8752,163,1,3,46,2026-06-09,2026-06-15,Delivered,Net Banking,17396.48
8753,412,5,15,50,2025-12-20,2025-12-22,Delivered,Debit Card,35576.16
8754,507,3,9,5,2026-02-09,2026-02-16,Delivered,Credit Card,17075.37
8755,763,1,16,82,2026-04-04,2026-04-11,Delivered,Credit Card,8587.32
8756,378,2,9,60,2026-01-06,2026-01-13,Delivered,UPI,12053.7
8757,988,5,15,85,2026-06-26,,Pending,Net Banking,43145.48
8758,501,5,11,10,2025-10-04,2025-10-05,Delivered,UPI,29471.58
8759,405,1,12,99,2025-11-05,,Pending,Net Banking,14090.06
8760,872,2,10,3,2025-08-11,2025-08-18,Delivered,Debit Card,8058.84
8761,974,3,14,14,2026-05-28,2026-05-29,Delivered,UPI,15807.63
8762,730,5,3,64,2026-04-25,2026-04-27,Delivered,Credit Card,40105.64
8763,143,1,2,76,2026-02-10,2026-02-13,Delivered,Credit Card,16623.92
8764,634,3,1,1,2026-01-15,2026-01-21,Delivered,UPI,23809.16
8765,66,4,3,39,2026-05-25,2026-05-31,Delivered,Credit Card,9963.05
8766,632,3,19,8,2026-06-05,2026-06-08,Delivered,Credit Card,47849.91
8767,247,1,16,65,2025-09-04,2025-09-09,Delivered,Debit Card,37931.3
8768,628,3,16,45,2026-07-02,2026-07-09,Delivered,Debit Card,30578.56
8769,386,4,18,37,2025-07-28,2025-08-04,Delivered,Credit Card,33275.64
8770,201,5,7,32,2025-07-28,,Pending,Net Banking,17818.37
8771,914,3,10,94,2026-03-31,,Pending,UPI,14463.96
8772,585,2,2,27,2026-06-07,2026-06-12,Delivered,UPI,46182.88
8773,573,1,5,38,2026-01-02,2026-01-03,Delivered,Cash on Delivery,12512.63
8774,814,3,2,52,2026-01-01,2026-01-08,Delivered,Debit Card,32795.73
8775,824,5,19,6,2026-02-22,2026-02-28,Delivered,Credit Card,24932.54
8776,896,4,10,16,2026-03-16,,Cancelled,Credit Card,28961.06
8777,209,1,10,92,2025-08-18,2025-08-20,Delivered,Cash on Delivery,5808.36
8778,114,1,18,93,2026-04-14,,Pending,Net Banking,32769.36
8779,164,2,3,50,2025-11-09,2025-11-13,Delivered,Net Banking,30320.81
8780,169,4,8,9,2026-06-04,2026-06-08,Delivered,Net Banking,59349.71
8781,117,1,3,85,2026-05-18,,Pending,Net Banking,36697.47
8782,822,2,2,20,2025-09-03,,Pending,Net Banking,32024.98
8783,571,4,8,52,2026-01-31,,Cancelled,UPI,28240.89
8784,789,4,5,86,2025-09-17,,Pending,Net Banking,24234.69
8785,904,4,11,31,2026-02-20,,Pending,Debit Card,15133.32
8786,277,2,3,9,2025-09-19,2025-09-25,Delivered,Debit Card,34091.77
8787,299,2,15,89,2025-07-29,2025-08-02,Delivered,Net Banking,16309.11
8788,580,2,13,21,2026-01-26,2026-01-27,Delivered,Credit Card,1828.56
8789,515,1,9,80,2026-01-01,2026-01-03,Delivered,Cash on Delivery,36139.87
8790,649,1,12,80,2025-09-30,2025-10-03,Delivered,Net Banking,5120.6
8791,46,5,20,83,2025-10-09,2025-10-11,Delivered,Debit Card,44794.44
8792,786,5,16,18,2026-02-06,2026-02-10,Delivered,Credit Card,4253.24
8793,630,1,11,31,2026-05-02,2026-05-08,Delivered,UPI,44306.01
8794,393,2,16,29,2025-09-08,2025-09-13,Delivered,Cash on Delivery,1249.33
8795,394,3,11,28,2025-09-12,,Pending,Net Banking,37165.31
8796,686,4,2,23,2025-12-10,2025-12-15,Delivered,Cash on Delivery,30934.07
8797,534,5,20,74,2026-06-29,2026-07-01,Delivered,Debit Card,20211.01
8798,561,1,12,93,2026-05-30,2026-06-01,Delivered,UPI,34729.45
8799,2,3,4,82,2026-04-09,2026-04-15,Delivered,Debit Card,43033.89
8800,311,4,10,71,2025-09-27,,Pending,Net Banking,27718.13
8801,145,1,1,58,2025-09-19,2025-09-22,Delivered,Net Banking,43670.97
8802,877,2,15,2,2025-10-24,,Cancelled,Credit Card,4293.82
8803,106,1,15,59,2025-09-20,2025-09-25,Delivered,Credit Card,14421.8
8804,353,5,9,96,2026-02-26,,Pending,Net Banking,32532.75
8805,247,2,19,10,2025-09-22,2025-09-24,Delivered,UPI,7851.5
8806,708,4,9,14,2025-10-05,2025-10-07,Delivered,Credit Card,31944.93
8807,521,5,3,8,2025-10-02,,Cancelled,Cash on Delivery,17594.2
8808,177,4,20,44,2026-02-27,,Pending,Debit Card,20895.57
8809,366,1,4,20,2025-09-25,2025-09-29,Delivered,UPI,24684.79
8810,506,2,20,55,2025-11-14,,Pending,Credit Card,5285.86
8811,719,4,1,24,2025-08-01,2025-08-02,Delivered,Cash on Delivery,35562.44
8812,440,1,14,69,2026-02-20,2026-02-22,Delivered,Credit Card,11124.09
8813,501,2,10,54,2025-11-11,2025-11-18,Delivered,Credit Card,7794.99
8814,311,3,12,74,2026-01-25,,Pending,Net Banking,55422.03
8815,182,3,20,48,2025-11-30,,Cancelled,Cash on Delivery,24219.76
8816,164,5,3,75,2026-06-28,,Cancelled,Debit Card,34856.86
8817,866,5,20,5,2025-09-25,2025-10-01,Delivered,Debit Card,16867.04
8818,896,4,10,10,2026-02-16,,Pending,Debit Card,13291.36
8819,941,2,7,98,2025-10-09,2025-10-16,Delivered,Cash on Delivery,18215.27
8820,780,2,18,91,2025-12-13,,Cancelled,Debit Card,28503.47
8821,985,3,14,38,2026-03-19,,Pending,Net Banking,81375.3
8822,439,3,10,64,2026-03-13,2026-03-18,Delivered,Debit Card,58160.15
8823,694,1,16,63,2026-03-15,2026-03-18,Delivered,Net Banking,42101.08
8824,417,5,12,7,2025-11-19,2025-11-24,Delivered,Cash on Delivery,30182.88
8825,946,5,9,44,2025-08-08,2025-08-11,Delivered,UPI,30772.58
8826,321,3,20,18,2025-07-27,,Pending,Cash on Delivery,53290.07
8827,516,4,15,1,2025-11-09,2025-11-11,Delivered,Debit Card,9154.1
8828,387,5,20,64,2025-08-31,2025-09-01,Delivered,UPI,43725.7
8829,805,1,10,89,2025-08-11,2025-08-18,Delivered,Cash on Delivery,26161.63
8830,226,2,17,91,2026-05-05,,Pending,Net Banking,64405.19
8831,381,2,2,92,2026-05-14,2026-05-18,Delivered,Cash on Delivery,9322.36
8832,339,5,1,81,2026-02-27,2026-02-28,Delivered,Credit Card,6705.29
8833,185,2,11,23,2025-11-08,2025-11-15,Delivered,Net Banking,84324.98
8834,13,3,6,75,2026-01-18,,Pending,Debit Card,29505.55
8835,717,4,13,18,2026-03-19,,Pending,Credit Card,4253.24
8836,332,5,4,38,2026-06-03,2026-06-06,Delivered,Cash on Delivery,16439.7
8837,646,5,3,41,2025-09-09,2025-09-11,Delivered,Debit Card,17873.36
8838,283,5,12,97,2025-10-23,,Pending,Credit Card,35879.09
8839,748,2,18,41,2025-12-18,2025-12-24,Delivered,Debit Card,5975.04
8840,513,5,10,74,2026-07-07,2026-07-14,Delivered,Net Banking,36831.49
8841,864,3,3,56,2026-05-26,2026-05-28,Delivered,Net Banking,26748.5
8842,730,4,11,19,2025-09-04,2025-09-10,Delivered,Debit Card,24813.84
8843,82,1,5,1,2026-04-26,2026-04-27,Delivered,Net Banking,38564.31
8844,92,4,16,86,2025-09-09,2025-09-14,Delivered,Credit Card,23993.42
8845,785,4,3,16,2026-07-25,2026-07-30,Delivered,Credit Card,12495.72
8846,215,1,14,4,2025-10-30,2025-11-04,Delivered,UPI,2742.96
8847,323,3,1,37,2025-12-08,2025-12-15,Delivered,Net Banking,16566.22
8848,770,5,13,82,2026-04-12,,Pending,Cash on Delivery,14780.67
8849,922,3,9,8,2025-08-07,2025-08-13,Delivered,Net Banking,62621.24
8850,503,3,12,100,2026-06-12,2026-06-15,Delivered,Debit Card,10708.0
8851,615,3,9,22,2026-06-23,2026-06-29,Delivered,Credit Card,79901.27
8852,18,5,17,38,2026-05-23,,Pending,Credit Card,15383.94
8853,559,4,14,42,2025-11-26,2025-11-27,Delivered,Net Banking,34491.41
8854,454,3,6,42,2025-10-10,2025-10-16,Delivered,Debit Card,7817.22
8855,123,2,11,16,2025-11-27,2025-12-02,Delivered,Cash on Delivery,55433.21
8856,379,4,15,98,2026-05-25,2026-05-26,Delivered,Net Banking,36686.05
8857,389,4,1,88,2026-01-15,2026-01-21,Delivered,Net Banking,26828.41
8858,283,1,4,28,2026-07-22,,Pending,Credit Card,36536.44
8859,837,5,18,34,2025-09-21,,Pending,Credit Card,48568.28
8860,389,3,20,41,2025-09-28,,Cancelled,Net Banking,22720.36
8861,850,4,12,69,2026-05-20,,Cancelled,Cash on Delivery,5436.37
8862,755,2,2,89,2026-04-02,2026-04-07,Delivered,Credit Card,36481.5
8863,426,4,20,85,2026-02-18,2026-02-21,Delivered,Net Banking,53807.29
8864,689,5,9,77,2026-03-13,2026-03-14,Delivered,Credit Card,6242.2
8865,510,2,14,16,2025-09-15,2025-09-17,Delivered,Debit Card,39769.66
8866,834,3,3,85,2026-07-20,2026-07-25,Delivered,Debit Card,21248.54
8867,601,4,13,75,2026-06-12,2026-06-19,Delivered,Credit Card,6716.59
8868,721,5,9,77,2025-07-29,2025-07-31,Delivered,Debit Card,15407.52
8869,950,5,14,26,2026-05-30,2026-06-02,Delivered,Net Banking,23611.72
8870,712,5,9,76,2026-07-22,2026-07-24,Delivered,Cash on Delivery,8433.52
8871,912,1,17,64,2026-01-12,,Pending,Net Banking,44436.23
8872,529,1,3,81,2025-11-16,,Pending,UPI,7398.97
8873,739,5,8,30,2025-09-10,,Pending,Debit Card,36077.65
8874,899,2,6,27,2026-04-01,2026-04-04,Delivered,Credit Card,25942.91
8875,283,1,3,81,2026-04-24,,Pending,Cash on Delivery,26618.8
8876,900,5,4,19,2026-07-25,2026-07-29,Delivered,Cash on Delivery,1850.78
8877,246,5,8,96,2026-04-11,2026-04-18,Delivered,UPI,31120.56
8878,862,2,17,93,2025-12-13,2025-12-19,Delivered,Credit Card,41598.79
8879,755,2,2,65,2026-02-02,,Pending,UPI,10204.4
8880,313,2,10,67,2026-02-28,2026-03-07,Delivered,Debit Card,38107.51
8881,115,5,20,63,2025-08-11,2025-08-18,Delivered,UPI,26116.42
8882,426,1,9,76,2026-03-16,2026-03-17,Delivered,Debit Card,39585.11
8883,996,5,5,86,2026-05-17,,Pending,Net Banking,25516.41
8884,18,2,1,91,2026-01-23,,Pending,Net Banking,54378.38
8885,302,4,6,18,2026-02-15,2026-02-16,Delivered,UPI,50254.91
8886,724,2,4,70,2025-10-28,,Pending,UPI,42564.16
8887,245,3,16,64,2025-08-07,2025-08-09,Delivered,UPI,34086.78
8888,230,5,2,44,2025-09-14,2025-09-18,Delivered,Credit Card,21255.35
8889,341,3,3,64,2026-07-21,2026-07-23,Delivered,Net Banking,5962.4
8890,118,2,8,53,2026-02-21,2026-02-28,Delivered,UPI,6765.42
8891,84,4,11,20,2025-08-02,2025-08-08,Delivered,Net Banking,23835.67
8892,429,4,18,48,2026-06-22,,Cancelled,Credit Card,25698.21
8893,84,1,3,50,2025-08-24,,Cancelled,UPI,23079.51
8894,428,2,6,6,2025-08-05,2025-08-06,Delivered,Debit Card,69139.36
8895,11,3,15,100,2026-07-09,2026-07-13,Delivered,Debit Card,40317.06
8896,684,2,7,50,2025-11-20,2025-11-25,Delivered,UPI,30487.3
8897,775,1,8,93,2025-09-04,2025-09-10,Delivered,UPI,4782.03
8898,246,4,9,33,2026-03-25,,Pending,Net Banking,43335.06
8899,942,5,19,42,2025-11-15,2025-11-17,Delivered,UPI,10872.75
8900,863,5,17,37,2026-07-15,2026-07-20,Delivered,Debit Card,38533.32
8901,365,5,9,86,2026-06-28,,Pending,Debit Card,18007.6
8902,753,4,20,57,2026-04-29,2026-05-02,Delivered,Credit Card,16445.41
8903,675,3,2,37,2025-12-01,2025-12-08,Delivered,Credit Card,33022.52
8904,696,4,4,58,2025-10-29,,Pending,Credit Card,24081.43
8905,583,4,9,76,2025-11-21,2025-11-24,Delivered,Debit Card,25341.62
8906,104,3,10,39,2025-08-25,2025-08-29,Delivered,Cash on Delivery,22094.0
8907,317,3,17,9,2026-03-22,,Pending,Credit Card,69201.64
8908,325,5,5,91,2025-12-03,,Pending,Net Banking,50302.83
8909,683,1,13,39,2026-06-30,2026-07-07,Delivered,Net Banking,24480.35
8910,626,4,8,4,2026-05-17,2026-05-18,Delivered,Net Banking,3323.12
8911,301,1,5,10,2025-09-14,2025-09-19,Delivered,Credit Card,53177.63
8912,796,3,14,90,2026-05-28,2026-06-01,Delivered,Debit Card,43829.63
8913,540,4,8,79,2026-05-18,2026-05-22,Delivered,Credit Card,20394.24
8914,767,3,15,95,2026-02-10,2026-02-13,Delivered,Credit Card,33754.76
8915,168,1,9,15,2026-05-18,2026-05-21,Delivered,Credit Card,46119.76
8916,873,1,17,87,2026-07-14,2026-07-21,Delivered,Credit Card,29084.55
8917,295,4,16,18,2025-09-02,2025-09-09,Delivered,Credit Card,29294.72
8918,45,5,15,39,2026-07-23,,Pending,Cash on Delivery,43037.81
8919,354,1,7,62,2026-04-07,2026-04-13,Delivered,Cash on Delivery,23622.48
8920,242,5,6,31,2025-11-05,2025-11-10,Delivered,Net Banking,16141.89
8921,925,2,16,59,2025-11-15,2025-11-18,Delivered,UPI,1583.76
8922,1,2,17,44,2026-01-25,,Pending,Cash on Delivery,14572.18
8923,375,2,12,88,2026-02-27,,Pending,Cash on Delivery,33752.49
8924,967,5,8,21,2026-01-02,,Pending,Net Banking,4659.51
8925,288,5,12,13,2026-06-02,2026-06-07,Delivered,Debit Card,35160.61
8926,784,5,17,73,2026-01-19,2026-01-24,Delivered,UPI,33061.98
8927,541,5,4,13,2025-11-15,,Pending,Net Banking,17439.36
8928,277,5,6,72,2026-05-07,2026-05-14,Delivered,Credit Card,41717.14
8929,293,3,5,100,2026-07-05,2026-07-09,Delivered,Credit Card,11002.12
8930,206,3,19,96,2026-03-28,2026-03-31,Delivered,Credit Card,11586.88
8931,831,4,10,26,2025-09-15,2025-09-20,Delivered,UPI,27311.74
8932,788,3,20,57,2026-02-25,2026-02-26,Delivered,UPI,17508.92
8933,849,2,19,87,2025-08-10,,Pending,Debit Card,57794.0
8934,152,1,9,100,2025-10-03,2025-10-09,Delivered,UPI,9684.99
8935,628,4,3,88,2025-08-29,2025-09-05,Delivered,Credit Card,53344.53
8936,115,2,13,25,2026-04-02,2026-04-05,Delivered,UPI,36478.99
8937,674,4,17,84,2026-02-10,,Pending,Credit Card,24477.39
8938,314,5,9,62,2026-04-14,2026-04-21,Delivered,UPI,43488.48
8939,945,1,16,16,2026-02-27,,Pending,Credit Card,22270.05
8940,375,5,16,80,2026-07-21,,Pending,Cash on Delivery,58915.53
8941,957,1,20,10,2026-03-20,2026-03-23,Delivered,Net Banking,28038.32
8942,516,3,6,61,2025-10-21,,Pending,Debit Card,69318.8
8943,668,4,20,47,2025-08-04,2025-08-05,Delivered,Cash on Delivery,29827.05
8944,585,3,19,81,2025-12-23,,Pending,Credit Card,15771.24
8945,836,5,18,27,2025-10-21,2025-10-28,Delivered,Cash on Delivery,8479.98
8946,505,4,17,74,2026-05-16,2026-05-20,Delivered,Debit Card,11512.08
8947,875,1,2,14,2025-12-07,,Pending,UPI,35190.53
8948,382,2,9,38,2026-02-05,,Cancelled,Cash on Delivery,7791.46
8949,449,2,13,8,2026-07-16,2026-07-23,Delivered,Credit Card,40395.09
8950,100,3,13,18,2026-03-01,2026-03-05,Delivered,UPI,7888.83
8951,26,4,2,3,2026-04-02,2026-04-09,Delivered,Net Banking,38625.16
8952,358,4,16,40,2026-04-28,2026-05-05,Delivered,Credit Card,71405.55
8953,562,1,9,58,2025-08-05,,Cancelled,Net Banking,49915.72
8954,276,2,12,65,2026-04-14,2026-04-18,Delivered,UPI,24246.87
8955,949,1,6,14,2025-10-23,2025-10-30,Delivered,Net Banking,17832.74
8956,163,4,7,53,2026-01-23,2026-01-30,Delivered,Credit Card,23081.4
8957,339,5,4,12,2026-02-28,2026-03-06,Delivered,UPI,42340.1
8958,762,2,7,97,2026-03-11,2026-03-12,Delivered,Cash on Delivery,28512.6
8959,157,4,8,57,2026-05-23,2026-05-24,Delivered,Cash on Delivery,12663.91
8960,690,3,10,72,2025-09-09,2025-09-11,Delivered,Credit Card,37463.4
8961,885,4,5,74,2026-04-12,2026-04-15,Delivered,Debit Card,5367.63
8962,977,1,9,64,2025-09-21,2025-09-28,Delivered,Cash on Delivery,24693.47
8963,617,1,3,39,2025-09-02,2025-09-07,Delivered,Credit Card,8063.88
8964,395,3,11,29,2025-10-21,2025-10-27,Delivered,Credit Card,42211.68
8965,854,4,7,57,2026-06-11,2026-06-14,Delivered,Cash on Delivery,14497.0
8966,463,2,13,96,2026-04-09,,Pending,Cash on Delivery,63098.13
8967,934,4,16,50,2026-03-25,2026-03-28,Delivered,Net Banking,13094.94
8968,13,3,9,46,2026-05-04,,Cancelled,Credit Card,4077.73
8969,775,1,5,38,2026-07-13,2026-07-15,Delivered,Debit Card,10513.72
8970,612,2,14,34,2026-05-02,,Cancelled,Debit Card,5501.06
8971,296,3,20,58,2026-01-15,2026-01-19,Delivered,Credit Card,60409.68
8972,494,4,3,80,2025-11-01,,Pending,UPI,71210.82
8973,712,5,7,38,2026-07-23,,Pending,Net Banking,18077.32
8974,498,1,8,9,2026-07-18,2026-07-19,Delivered,Debit Card,37584.46
8975,390,5,11,31,2026-07-13,,Pending,Net Banking,27229.18
8976,380,3,6,12,2025-10-28,2025-11-03,Delivered,Debit Card,15781.17
8977,832,1,6,33,2026-06-11,2026-06-14,Delivered,Debit Card,12818.86
8978,219,1,15,79,2026-05-02,,Cancelled,Net Banking,37215.82
8979,426,2,18,4,2025-12-30,2026-01-04,Delivered,Debit Card,39358.88
8980,540,2,12,46,2026-03-15,,Cancelled,Cash on Delivery,9684.99
8981,268,3,11,34,2026-03-07,2026-03-11,Delivered,Net Banking,8448.34
8982,460,4,19,73,2025-08-01,,Pending,Debit Card,25296.14
8983,137,5,12,94,2025-11-27,2025-11-29,Delivered,UPI,29704.15
8984,749,4,10,28,2026-06-08,2026-06-10,Delivered,Debit Card,37648.64
8985,414,5,17,33,2025-12-02,2025-12-06,Delivered,Debit Card,21062.85
8986,64,4,15,67,2026-02-26,,Pending,Cash on Delivery,15936.76
8987,949,5,6,98,2025-11-29,2025-11-30,Delivered,UPI,37453.24
8988,342,4,17,1,2025-12-07,2025-12-11,Delivered,Net Banking,31688.71
8989,691,5,20,34,2026-07-17,2026-07-18,Delivered,Credit Card,28277.88
8990,696,5,6,37,2026-02-03,2026-02-04,Delivered,Net Banking,20367.62
8991,608,4,5,60,2026-05-27,2026-05-29,Delivered,UPI,1256.97
8992,21,5,1,93,2025-12-18,2025-12-25,Delivered,Debit Card,25698.15
8993,890,1,20,83,2026-03-14,2026-03-17,Delivered,Net Banking,33635.84
8994,868,2,16,45,2026-03-06,2026-03-09,Delivered,Credit Card,24651.7
8995,43,2,19,92,2025-11-22,2025-11-23,Delivered,UPI,23467.32
8996,67,3,10,40,2026-04-24,,Pending,UPI,47113.41
8997,637,3,16,21,2026-05-21,2026-05-28,Delivered,UPI,36370.76
8998,674,5,2,28,2025-08-04,2025-08-07,Delivered,UPI,42338.5
8999,397,5,19,100,2026-02-23,2026-02-25,Delivered,Net Banking,24758.15
9000,273,4,2,10,2026-05-17,,Cancelled,UPI,68002.65
9001,853,4,7,5,2025-11-12,,Pending,UPI,4974.33
9002,634,4,15,13,2025-10-07,2025-10-11,Delivered,Net Banking,37862.24
9003,59,2,18,60,2026-03-07,2026-03-13,Delivered,Cash on Delivery,12574.92
9004,222,2,4,54,2026-07-09,,Pending,Cash on Delivery,54193.91
9005,354,1,20,22,2026-05-09,2026-05-13,Delivered,UPI,33156.18
9006,45,4,1,52,2025-07-27,2025-08-02,Delivered,Cash on Delivery,58290.92
9007,300,1,2,1,2026-06-15,2026-06-19,Delivered,UPI,15623.72
9008,526,4,7,17,2026-01-05,2026-01-11,Delivered,Cash on Delivery,8008.0
9009,762,1,3,70,2026-03-18,2026-03-19,Delivered,Net Banking,3452.95
9010,933,1,11,32,2026-01-09,,Pending,UPI,45656.44
9011,512,2,2,3,2026-03-03,2026-03-05,Delivered,Credit Card,29976.9
9012,743,2,4,22,2026-03-31,2026-04-05,Delivered,Net Banking,530.97
9013,43,1,11,13,2025-08-14,,Pending,UPI,19414.68
9014,945,5,3,98,2026-04-20,,Pending,UPI,21589.86
9015,752,5,13,73,2025-11-19,2025-11-22,Delivered,UPI,24967.62
9016,6,4,13,60,2025-12-13,2025-12-18,Delivered,UPI,27022.77
9017,41,1,4,37,2026-07-09,2026-07-10,Delivered,Cash on Delivery,28654.88
9018,235,3,6,72,2025-09-24,2025-09-26,Delivered,UPI,31078.03
9019,582,5,13,33,2026-02-13,,Pending,Debit Card,43665.38
9020,520,1,13,16,2026-03-20,2026-03-22,Delivered,UPI,5534.55
9021,920,2,16,3,2026-06-03,,Pending,Debit Card,11589.14
9022,260,1,10,77,2026-02-22,2026-02-25,Delivered,Credit Card,33319.35
9023,724,1,9,95,2026-01-09,2026-01-15,Delivered,Net Banking,12156.4
9024,680,3,5,42,2025-08-01,,Pending,Net Banking,29947.2
9025,52,5,11,90,2025-12-20,2025-12-23,Delivered,Debit Card,38602.02
9026,3,2,6,38,2025-08-21,2025-08-24,Delivered,Cash on Delivery,46399.16
9027,221,4,8,48,2026-05-05,2026-05-06,Delivered,Debit Card,36925.22
9028,295,2,17,57,2025-08-14,2025-08-15,Delivered,Credit Card,24073.05
9029,3,2,5,3,2025-12-24,2025-12-30,Delivered,Net Banking,32601.87
9030,822,5,5,2,2025-12-02,2025-12-09,Delivered,Cash on Delivery,18830.81
9031,461,4,14,94,2026-01-06,,Pending,Debit Card,42632.36
9032,315,4,17,22,2026-01-21,2026-01-27,Delivered,Net Banking,24337.15
9033,12,3,16,25,2025-10-28,2025-10-29,Delivered,Net Banking,37173.5
9034,443,4,8,5,2025-10-25,2025-10-29,Delivered,Cash on Delivery,16757.48
9035,888,2,15,97,2026-01-18,,Pending,Net Banking,40033.31
9036,388,5,2,81,2026-05-16,2026-05-23,Delivered,Cash on Delivery,22165.22
9037,969,1,10,79,2025-11-10,2025-11-16,Delivered,Debit Card,65515.8
9038,812,3,16,16,2025-12-18,,Cancelled,Net Banking,17405.4
9039,336,3,9,42,2026-01-15,2026-01-22,Delivered,Debit Card,8839.02
9040,932,1,14,45,2026-07-09,2026-07-15,Delivered,Credit Card,41662.76
9041,705,2,15,15,2025-08-12,2025-08-15,Delivered,Cash on Delivery,27529.7
9042,515,5,19,28,2025-08-28,2025-08-30,Delivered,Cash on Delivery,25718.14
9043,789,2,7,19,2025-12-28,,Pending,Cash on Delivery,32758.13
9044,786,3,13,55,2025-11-27,,Cancelled,Net Banking,29904.95
9045,647,5,10,17,2025-09-20,2025-09-23,Delivered,Debit Card,4691.4
9046,439,1,10,44,2026-01-15,2026-01-21,Delivered,Credit Card,3324.24
9047,914,1,1,93,2026-01-03,2026-01-09,Delivered,Debit Card,57613.67
9048,240,5,13,54,2025-09-01,2025-09-08,Delivered,Debit Card,25636.96
9049,368,2,7,71,2026-07-21,,Cancelled,Credit Card,42047.06
9050,140,3,8,40,2025-10-21,,Pending,Credit Card,17439.36
9051,224,2,12,50,2026-01-05,2026-01-12,Delivered,Credit Card,8839.02
9052,793,4,17,77,2026-04-10,,Cancelled,Debit Card,17171.21
9053,789,2,16,86,2026-03-01,2026-03-06,Delivered,UPI,8058.84
9054,997,1,8,90,2025-08-22,2025-08-23,Delivered,Credit Card,5294.83
9055,239,5,15,82,2025-11-20,2025-11-27,Delivered,UPI,31831.61
9056,922,1,12,87,2026-03-12,2026-03-13,Delivered,Debit Card,7680.1
9057,898,3,3,15,2026-07-11,,Pending,Net Banking,42744.09
9058,111,2,13,20,2026-02-26,2026-03-01,Delivered,Net Banking,26142.51
9059,280,5,6,71,2025-08-18,2025-08-21,Delivered,Cash on Delivery,66460.25
9060,897,1,13,44,2025-09-19,2025-09-26,Delivered,Cash on Delivery,13253.56
9061,207,3,20,58,2025-12-12,,Pending,UPI,31137.82
9062,378,2,15,96,2025-10-20,2025-10-27,Delivered,UPI,22433.28
9063,893,5,12,9,2026-03-30,2026-04-04,Delivered,UPI,27761.08
9064,64,3,1,83,2025-08-03,2025-08-06,Delivered,Credit Card,11652.99
9065,16,2,2,18,2026-02-10,2026-02-12,Delivered,UPI,8754.12
9066,694,2,13,43,2025-11-12,2025-11-15,Delivered,Cash on Delivery,22005.65
9067,659,5,14,81,2025-10-10,2025-10-11,Delivered,Credit Card,24792.73
9068,392,4,7,22,2026-01-28,,Pending,Cash on Delivery,20450.78
9069,755,3,8,89,2026-05-03,2026-05-04,Delivered,Credit Card,14591.07
9070,82,5,2,59,2025-12-28,2026-01-04,Delivered,Net Banking,34705.75
9071,886,2,16,11,2026-03-23,2026-03-26,Delivered,Cash on Delivery,49076.55
9072,739,4,10,18,2026-03-22,2026-03-23,Delivered,Debit Card,31951.7
9073,749,5,13,15,2025-09-27,2025-09-29,Delivered,Credit Card,27307.74
9074,854,3,17,96,2026-04-01,2026-04-05,Delivered,Credit Card,13600.38
9075,708,3,18,93,2026-03-22,2026-03-25,Delivered,UPI,15895.84
9076,365,2,18,37,2026-06-21,2026-06-24,Delivered,Net Banking,25193.47
9077,810,2,19,38,2025-12-28,2025-12-31,Delivered,Net Banking,31491.53
9078,972,2,19,62,2025-11-18,,Pending,Debit Card,13863.68
9079,342,5,20,59,2025-11-08,,Pending,Net Banking,14944.33
9080,557,3,6,24,2025-11-21,,Pending,Debit Card,15030.31
9081,354,2,10,4,2026-01-21,2026-01-24,Delivered,UPI,18588.41
9082,22,5,1,15,2026-05-23,2026-05-28,Delivered,Cash on Delivery,4224.17
9083,122,4,4,98,2026-06-17,,Pending,Cash on Delivery,4105.5
9084,540,1,11,36,2026-02-05,2026-02-10,Delivered,Debit Card,17748.71
9085,451,4,20,70,2026-06-25,2026-06-27,Delivered,Net Banking,34116.08
9086,181,2,7,31,2026-07-15,2026-07-22,Delivered,UPI,46380.0
9087,34,2,5,84,2025-10-05,2025-10-08,Delivered,Net Banking,23303.89
9088,343,2,6,82,2025-11-29,2025-12-05,Delivered,Cash on Delivery,21039.01
9089,863,2,16,86,2026-06-03,2026-06-04,Delivered,Debit Card,32607.25
9090,162,4,10,47,2026-07-02,2026-07-09,Delivered,UPI,17618.59
9091,126,1,8,13,2026-06-07,2026-06-08,Delivered,Cash on Delivery,18651.07
9092,360,3,4,63,2025-07-30,2025-08-01,Delivered,Net Banking,2394.51
9093,201,5,14,19,2026-02-18,,Pending,Credit Card,11997.88
9094,128,3,11,12,2025-11-13,2025-11-18,Delivered,Debit Card,10540.44
9095,226,4,18,64,2026-04-15,,Pending,UPI,5682.3
9096,469,5,3,30,2025-10-06,2025-10-12,Delivered,Credit Card,767.61
9097,357,3,17,88,2025-10-28,2025-10-29,Delivered,Debit Card,14244.85
9098,552,4,6,43,2026-05-11,2026-05-17,Delivered,Credit Card,17384.93
9099,626,2,14,36,2025-09-19,2025-09-26,Delivered,UPI,34554.34
9100,441,5,3,99,2026-07-11,2026-07-17,Delivered,Net Banking,30430.28
9101,145,4,18,54,2025-11-01,2025-11-07,Delivered,Net Banking,7697.76
9102,301,3,5,86,2025-10-02,2025-10-06,Delivered,UPI,27651.96
9103,323,2,8,51,2025-10-17,2025-10-24,Delivered,UPI,47065.28
9104,710,3,19,57,2025-11-21,,Pending,UPI,42603.87
9105,847,2,13,49,2026-02-10,2026-02-11,Delivered,Net Banking,584.32
9106,322,3,13,67,2025-07-28,2025-08-04,Delivered,Debit Card,36158.48
9107,81,2,14,37,2026-05-20,,Pending,Credit Card,29554.08
9108,102,5,3,12,2025-08-08,2025-08-15,Delivered,Debit Card,14114.79
9109,320,2,1,22,2025-11-10,2025-11-17,Delivered,UPI,1950.17
9110,531,1,2,51,2025-08-27,2025-09-02,Delivered,Credit Card,44945.7
9111,769,3,14,32,2026-01-19,2026-01-25,Delivered,UPI,9779.7
9112,564,1,11,22,2026-04-28,2026-05-04,Delivered,Cash on Delivery,16102.89
9113,839,1,12,52,2025-09-13,2025-09-19,Delivered,Cash on Delivery,5749.0
9114,753,1,8,80,2025-11-23,2025-11-27,Delivered,Debit Card,12651.33
9115,524,3,10,88,2025-09-07,2025-09-10,Delivered,Credit Card,30329.84
9116,31,3,1,60,2026-05-02,2026-05-09,Delivered,Cash on Delivery,28158.94
9117,756,1,16,61,2025-12-02,,Pending,Debit Card,5046.74
9118,921,3,14,96,2025-12-06,,Pending,UPI,26009.2
9119,514,2,7,13,2025-10-30,2025-11-01,Delivered,Debit Card,36421.37
9120,228,3,8,91,2026-07-01,2026-07-02,Delivered,Cash on Delivery,29107.68
9121,753,4,12,60,2025-12-28,2026-01-04,Delivered,Cash on Delivery,36098.2
9122,896,2,2,59,2026-03-17,,Cancelled,Debit Card,31371.97
9123,24,4,15,93,2025-09-06,,Cancelled,Cash on Delivery,11507.01
9124,46,1,13,74,2025-12-01,2025-12-04,Delivered,Net Banking,26673.78
9125,959,1,12,92,2026-02-19,2026-02-20,Delivered,Cash on Delivery,31780.08
9126,526,2,20,53,2025-12-05,2025-12-12,Delivered,Credit Card,12278.34
9127,395,3,9,64,2025-11-26,2025-11-27,Delivered,UPI,34461.23
9128,185,3,9,2,2026-01-21,2026-01-28,Delivered,Credit Card,12278.34
9129,583,2,14,67,2025-11-13,2025-11-20,Delivered,Debit Card,15666.82
9130,598,5,13,7,2026-06-20,2026-06-21,Delivered,Credit Card,16082.92
9131,8,2,17,63,2026-03-11,2026-03-17,Delivered,Net Banking,20177.76
9132,909,5,18,16,2026-07-22,2026-07-28,Delivered,Credit Card,22891.02
9133,489,5,3,73,2025-08-07,2025-08-12,Delivered,Credit Card,28462.22
9134,573,2,4,79,2025-12-23,2025-12-28,Delivered,UPI,4007.73
9135,424,1,11,1,2025-10-02,2025-10-07,Delivered,Cash on Delivery,20605.24
9136,755,1,12,59,2026-06-15,2026-06-16,Delivered,Net Banking,28626.04
9137,33,3,17,56,2026-02-05,2026-02-11,Delivered,Credit Card,74508.18
9138,130,1,14,17,2026-03-02,2026-03-09,Delivered,Debit Card,50955.85
9139,132,1,17,79,2026-06-06,2026-06-11,Delivered,Cash on Delivery,38234.62
9140,894,1,14,44,2025-12-21,,Pending,Cash on Delivery,27642.32
9141,971,5,16,26,2025-08-01,2025-08-02,Delivered,Cash on Delivery,7963.89
9142,923,3,10,73,2025-09-27,2025-09-29,Delivered,Credit Card,29471.41
9143,731,2,16,87,2025-11-11,,Cancelled,Debit Card,39495.4
9144,351,4,20,32,2025-09-28,,Cancelled,Debit Card,62693.24
9145,65,3,3,67,2025-12-17,,Pending,Cash on Delivery,78564.58
9146,772,1,14,81,2026-01-18,,Pending,Cash on Delivery,39320.6
9147,220,1,20,15,2025-08-19,2025-08-23,Delivered,Debit Card,55333.22
9148,258,5,18,89,2025-10-27,2025-10-29,Delivered,UPI,17936.21
9149,890,3,7,37,2026-05-19,2026-05-26,Delivered,UPI,88083.82
9150,193,4,7,37,2025-10-17,2025-10-23,Delivered,Debit Card,21865.38
9151,607,4,14,82,2025-10-21,,Cancelled,Debit Card,49580.86
9152,457,3,10,83,2026-04-08,2026-04-12,Delivered,Debit Card,13997.0
9153,726,4,9,69,2025-09-21,2025-09-26,Delivered,Credit Card,22646.34
9154,630,2,18,85,2026-03-25,2026-04-01,Delivered,Debit Card,12432.49
9155,928,4,11,66,2026-05-31,2026-06-04,Delivered,Debit Card,16391.61
9156,842,1,2,100,2025-12-05,2025-12-07,Delivered,Debit Card,22353.84
9157,68,4,7,40,2026-04-15,,Pending,Debit Card,40464.37
9158,56,4,18,91,2026-03-16,2026-03-19,Delivered,Net Banking,17149.03
9159,577,4,14,89,2025-11-17,2025-11-22,Delivered,Debit Card,49514.88
9160,301,1,16,63,2025-12-13,2025-12-16,Delivered,Credit Card,10321.65
9161,348,2,8,83,2025-10-05,,Pending,Debit Card,23913.06
9162,885,4,3,4,2026-07-23,2026-07-30,Delivered,Credit Card,34441.86
9163,626,3,20,58,2025-10-21,2025-10-25,Delivered,Cash on Delivery,66841.53
9164,783,4,6,92,2026-06-21,,Pending,Cash on Delivery,9198.98
9165,647,2,2,31,2025-08-28,,Pending,Credit Card,63291.99
9166,385,3,15,88,2025-11-29,2025-12-02,Delivered,UPI,48769.83
9167,35,1,18,33,2026-04-01,2026-04-05,Delivered,UPI,26288.27
9168,533,2,6,91,2026-02-20,2026-02-21,Delivered,Debit Card,45328.68
9169,37,5,20,95,2026-07-19,2026-07-25,Delivered,Credit Card,9927.96
9170,489,2,4,63,2026-06-06,2026-06-12,Delivered,UPI,4863.69
9171,217,4,3,86,2025-09-19,2025-09-23,Delivered,Debit Card,17212.61
9172,923,5,14,90,2026-02-16,2026-02-23,Delivered,Debit Card,21419.52
9173,487,5,17,66,2025-12-24,2025-12-30,Delivered,Cash on Delivery,47666.64
9174,539,3,18,66,2025-10-22,,Cancelled,Net Banking,34482.2
9175,641,4,16,80,2025-08-13,2025-08-16,Delivered,Net Banking,50500.17
9176,489,1,3,13,2025-11-12,2025-11-17,Delivered,Cash on Delivery,20912.7
9177,940,5,20,38,2025-08-03,2025-08-09,Delivered,UPI,69349.13
9178,954,2,13,76,2026-07-16,2026-07-18,Delivered,Net Banking,17588.28
9179,823,2,12,13,2026-06-13,2026-06-20,Delivered,Credit Card,32973.7
9180,781,4,16,86,2025-09-19,2025-09-23,Delivered,Net Banking,6321.72
9181,878,5,14,70,2026-03-18,,Cancelled,Net Banking,4555.47
9182,538,2,10,19,2026-01-11,2026-01-13,Delivered,Cash on Delivery,2936.32
9183,962,3,11,8,2025-12-26,2025-12-27,Delivered,Credit Card,46431.94
9184,268,1,4,13,2025-10-06,2025-10-08,Delivered,Cash on Delivery,4963.98
9185,417,2,12,13,2026-07-13,,Cancelled,Credit Card,18116.33
9186,346,4,6,73,2026-07-04,2026-07-07,Delivered,Cash on Delivery,17286.31
9187,55,5,8,92,2026-04-21,,Cancelled,Cash on Delivery,2966.31
9188,884,5,3,4,2026-03-23,2026-03-30,Delivered,Credit Card,743.06
9189,774,3,19,62,2026-03-17,2026-03-24,Delivered,Credit Card,38215.92
9190,535,2,14,70,2025-08-31,2025-09-01,Delivered,Net Banking,16662.63
9191,460,2,14,63,2026-01-14,2026-01-15,Delivered,Debit Card,32774.39
9192,308,3,11,52,2025-09-26,,Pending,Credit Card,11334.08
9193,872,5,4,45,2025-09-03,2025-09-09,Delivered,Credit Card,1381.51
9194,701,5,10,72,2026-01-31,,Pending,Net Banking,10456.64
9195,731,1,12,32,2025-11-18,,Cancelled,Credit Card,66903.04
9196,892,5,2,5,2025-09-25,2025-09-28,Delivered,UPI,19096.55
9197,320,3,2,100,2026-03-17,2026-03-19,Delivered,UPI,8765.66
9198,694,3,15,5,2025-09-18,2025-09-24,Delivered,Credit Card,55124.45
9199,906,1,8,63,2026-06-14,2026-06-16,Delivered,Credit Card,51124.23
9200,307,4,5,40,2025-09-15,2025-09-21,Delivered,UPI,24149.32
9201,822,4,17,74,2025-08-06,,Pending,Credit Card,22970.13
9202,866,5,3,98,2025-11-21,2025-11-25,Delivered,Debit Card,8165.73
9203,746,1,5,83,2025-08-29,2025-08-30,Delivered,UPI,22704.32
9204,507,5,5,64,2026-01-01,,Pending,Credit Card,30356.36
9205,83,3,11,12,2026-01-23,,Pending,UPI,75011.82
9206,750,1,16,88,2026-02-22,2026-02-24,Delivered,Credit Card,8434.22
9207,148,3,9,88,2026-07-22,2026-07-29,Delivered,Net Banking,36711.9
9208,399,3,3,80,2026-05-21,,Pending,UPI,14882.96
9209,625,3,13,51,2025-10-03,2025-10-04,Delivered,Debit Card,9729.32
9210,496,5,2,55,2026-07-13,2026-07-19,Delivered,Cash on Delivery,13462.92
9211,798,2,17,56,2025-09-11,2025-09-18,Delivered,Cash on Delivery,7206.81
9212,524,4,12,90,2025-12-13,,Pending,UPI,23767.66
9213,693,5,15,16,2026-04-18,2026-04-23,Delivered,Net Banking,18062.9
9214,991,1,7,89,2025-10-28,2025-11-02,Delivered,Cash on Delivery,31505.38
9215,389,4,16,1,2026-03-13,2026-03-20,Delivered,UPI,60721.68
9216,2,4,5,22,2025-10-03,2025-10-08,Delivered,Credit Card,8380.38
9217,755,5,9,40,2026-07-11,2026-07-15,Delivered,Debit Card,2375.64
9218,972,2,7,1,2025-12-31,2026-01-01,Delivered,Net Banking,38929.07
9219,559,4,16,65,2025-12-22,2025-12-23,Delivered,Debit Card,44767.2
9220,434,1,11,73,2026-03-18,2026-03-23,Delivered,Net Banking,36305.23
9221,425,3,18,83,2025-10-16,2025-10-23,Delivered,Net Banking,3627.92
9222,667,2,17,63,2026-01-27,2026-02-01,Delivered,Credit Card,50788.04
9223,8,4,7,93,2026-06-25,2026-06-27,Delivered,Net Banking,13272.92
9224,880,2,13,65,2026-06-15,2026-06-21,Delivered,Cash on Delivery,15254.83
9225,376,5,12,95,2025-07-28,,Pending,Debit Card,30134.92
9226,805,4,10,42,2025-12-27,2026-01-02,Delivered,Debit Card,5407.74
9227,220,4,1,75,2025-10-20,2025-10-26,Delivered,Debit Card,789.04
9228,211,2,1,65,2025-09-14,2025-09-16,Delivered,Credit Card,41793.55
9229,355,2,15,48,2026-06-10,2026-06-11,Delivered,Credit Card,83844.91
9230,432,3,13,40,2025-12-11,,Pending,UPI,14595.98
9231,586,4,9,41,2026-05-14,2026-05-20,Delivered,Credit Card,21095.33
9232,101,4,10,99,2025-08-08,2025-08-14,Delivered,Cash on Delivery,30910.55
9233,182,4,5,85,2025-10-18,2025-10-22,Delivered,UPI,28497.76
9234,207,5,18,20,2025-09-12,,Pending,UPI,12889.46
9235,493,3,3,8,2026-06-17,2026-06-20,Delivered,Net Banking,14078.97
9236,792,3,17,87,2025-10-24,,Pending,UPI,28599.74
9237,645,5,15,84,2026-03-11,2026-03-16,Delivered,Cash on Delivery,28000.02
9238,628,2,16,78,2025-09-25,2025-10-02,Delivered,Net Banking,42606.31
9239,785,2,7,32,2026-02-06,2026-02-12,Delivered,Net Banking,53954.09
9240,457,4,14,71,2025-08-13,2025-08-18,Delivered,Net Banking,38669.31
9241,595,4,17,20,2025-11-21,2025-11-22,Delivered,Credit Card,3636.36
9242,571,3,14,69,2026-02-18,2026-02-22,Delivered,Credit Card,7817.22
9243,761,5,5,32,2026-05-26,2026-05-30,Delivered,Net Banking,45502.32
9244,242,2,16,70,2026-07-26,,Cancelled,Debit Card,50032.49
9245,137,4,4,75,2026-06-10,2026-06-11,Delivered,Net Banking,21630.96
9246,262,2,20,52,2025-12-13,2025-12-15,Delivered,Debit Card,3909.14
9247,181,1,20,100,2025-07-29,2025-08-01,Delivered,Net Banking,45377.11
9248,405,2,15,20,2025-10-06,,Cancelled,Cash on Delivery,44231.22
9249,679,4,14,24,2025-09-23,2025-09-24,Delivered,Cash on Delivery,52667.14
9250,451,5,15,95,2025-08-13,,Cancelled,Cash on Delivery,35548.95
9251,985,5,15,86,2026-01-05,2026-01-11,Delivered,Cash on Delivery,28898.77
9252,78,1,18,9,2025-09-01,,Cancelled,Debit Card,57316.45
9253,668,5,19,57,2026-04-13,2026-04-17,Delivered,Net Banking,17740.48
9254,917,2,19,30,2026-03-11,2026-03-14,Delivered,Cash on Delivery,28684.57
9255,288,2,2,86,2025-08-14,2025-08-17,Delivered,Cash on Delivery,62657.24
9256,121,3,2,91,2025-09-06,2025-09-08,Delivered,Net Banking,17990.15
9257,710,1,16,64,2026-03-07,2026-03-10,Delivered,Net Banking,57679.31
9258,550,5,9,100,2025-10-27,2025-11-01,Delivered,Cash on Delivery,27291.79
9259,773,3,13,11,2026-04-02,2026-04-07,Delivered,UPI,42341.03
9260,410,2,8,47,2025-10-29,,Cancelled,Debit Card,54304.82
9261,479,4,13,27,2025-10-17,2025-10-20,Delivered,Credit Card,50068.13
9262,828,1,13,85,2025-12-19,2025-12-22,Delivered,UPI,38855.03
9263,477,3,5,71,2026-03-24,,Pending,Credit Card,3747.99
9264,521,1,12,68,2025-10-22,,Pending,UPI,8539.6
9265,593,4,20,76,2026-02-02,,Pending,Cash on Delivery,32215.79
9266,921,3,19,21,2026-03-18,,Pending,Debit Card,53558.42
9267,707,5,1,42,2026-02-01,2026-02-04,Delivered,UPI,18470.18
9268,318,3,17,97,2025-08-28,2025-08-30,Delivered,Net Banking,37713.15
9269,500,3,12,35,2026-03-18,2026-03-21,Delivered,Credit Card,12579.15
9270,391,1,10,80,2025-08-19,2025-08-20,Delivered,Cash on Delivery,49353.38
9271,512,2,19,78,2025-07-27,2025-07-31,Delivered,Credit Card,10629.0
9272,165,4,5,90,2025-08-18,2025-08-25,Delivered,UPI,49484.39
9273,775,1,11,31,2026-04-03,2026-04-04,Delivered,Credit Card,25357.31
9274,509,1,1,18,2025-08-04,2025-08-07,Delivered,Cash on Delivery,40332.84
9275,863,4,14,79,2025-10-06,2025-10-12,Delivered,Net Banking,22560.37
9276,250,1,18,89,2026-04-28,2026-05-01,Delivered,Debit Card,11922.61
9277,367,1,8,71,2026-03-09,2026-03-14,Delivered,UPI,13089.14
9278,953,1,14,67,2026-04-04,,Pending,Credit Card,47716.35
9279,780,1,2,64,2025-12-06,2025-12-07,Delivered,UPI,16871.88
9280,413,1,20,99,2026-01-10,,Pending,Debit Card,4014.3
9281,375,2,17,45,2025-09-03,,Pending,Net Banking,38789.03
9282,916,3,6,19,2025-12-20,,Pending,Debit Card,11694.11
9283,365,2,14,44,2025-09-21,2025-09-23,Delivered,UPI,22379.43
9284,311,1,18,79,2025-10-06,2025-10-13,Delivered,Credit Card,33511.6
9285,637,4,19,74,2026-06-18,2026-06-19,Delivered,Cash on Delivery,20947.05
9286,578,2,20,26,2025-12-06,2025-12-07,Delivered,Net Banking,2550.88
9287,82,1,11,56,2025-12-20,2025-12-25,Delivered,Cash on Delivery,20592.48
9288,14,4,12,95,2026-04-30,2026-05-07,Delivered,Net Banking,19391.81
9289,379,2,3,2,2026-05-01,,Pending,Cash on Delivery,61714.14
9290,926,2,4,84,2026-04-15,,Pending,Net Banking,26141.16
9291,873,5,16,38,2025-11-13,2025-11-20,Delivered,UPI,4863.47
9292,66,4,15,25,2026-04-24,,Cancelled,Net Banking,35766.66
9293,814,2,20,30,2026-02-03,,Pending,UPI,11924.8
9294,283,5,11,17,2025-08-20,2025-08-27,Delivered,Net Banking,8725.75
9295,617,5,19,73,2026-02-11,2026-02-16,Delivered,Credit Card,11754.65
9296,8,2,6,71,2026-05-10,2026-05-13,Delivered,UPI,24797.51
9297,515,1,12,7,2025-12-17,2025-12-24,Delivered,Net Banking,16437.04
9298,959,2,7,96,2025-12-11,2025-12-12,Delivered,Cash on Delivery,13813.59
9299,55,5,9,90,2026-03-16,2026-03-19,Delivered,Net Banking,32337.15
9300,432,1,11,34,2025-11-24,2025-11-29,Delivered,Net Banking,15634.44
9301,997,5,9,35,2025-07-27,,Cancelled,Credit Card,27904.65
9302,557,4,14,46,2026-05-05,,Cancelled,UPI,18615.31
9303,638,3,6,64,2026-01-17,2026-01-18,Delivered,Debit Card,32789.42
9304,523,3,15,40,2026-03-09,2026-03-10,Delivered,Cash on Delivery,50987.53
9305,390,1,5,29,2026-03-25,2026-04-01,Delivered,Debit Card,38002.14
9306,402,3,1,75,2026-06-07,2026-06-10,Delivered,Cash on Delivery,32260.65
9307,893,2,4,47,2026-07-10,2026-07-11,Delivered,Credit Card,59399.37
9308,939,3,11,7,2025-09-20,2025-09-26,Delivered,Cash on Delivery,6982.35
9309,444,5,2,47,2025-10-23,2025-10-26,Delivered,UPI,15644.0
9310,855,4,17,47,2025-07-27,2025-08-02,Delivered,Cash on Delivery,24556.68
9311,338,2,16,69,2025-11-14,,Pending,Cash on Delivery,5277.01
9312,587,3,8,75,2026-05-31,2026-06-05,Delivered,Cash on Delivery,53161.02
9313,273,5,8,60,2026-05-25,2026-05-30,Delivered,UPI,62221.08
9314,722,1,7,42,2025-12-07,,Pending,Net Banking,41686.46
9315,750,2,13,3,2026-05-05,2026-05-06,Delivered,Cash on Delivery,15562.29
9316,433,3,9,64,2026-06-04,2026-06-11,Delivered,Credit Card,4936.04
9317,258,5,8,22,2025-10-19,2025-10-20,Delivered,UPI,31365.09
9318,134,2,14,83,2025-09-18,2025-09-24,Delivered,Credit Card,29943.65
9319,497,5,15,25,2026-05-11,,Cancelled,UPI,10226.62
9320,802,2,8,32,2025-10-26,2025-10-31,Delivered,UPI,47619.79
9321,270,1,12,21,2025-08-28,2025-09-02,Delivered,Credit Card,32159.69
9322,317,2,13,28,2025-12-23,,Pending,Net Banking,27629.14
9323,454,4,9,82,2026-04-05,2026-04-08,Delivered,Debit Card,14649.02
9324,414,1,18,51,2026-03-27,2026-04-01,Delivered,Debit Card,3095.72
9325,943,3,18,6,2026-01-25,2026-01-31,Delivered,Net Banking,1916.34
9326,590,5,12,90,2026-01-23,,Pending,UPI,18266.37
9327,336,1,16,48,2026-07-17,,Pending,UPI,52320.34
9328,874,3,11,35,2026-05-26,2026-05-31,Delivered,Cash on Delivery,26650.0
9329,554,4,4,72,2026-02-19,2026-02-23,Delivered,Net Banking,2189.38
9330,990,1,9,80,2026-05-21,,Pending,Debit Card,25303.11
9331,902,1,17,67,2025-08-25,,Pending,Debit Card,38143.76
9332,686,1,4,38,2025-11-14,2025-11-18,Delivered,Net Banking,16642.73
9333,674,1,20,44,2025-12-02,2025-12-06,Delivered,UPI,22284.01
9334,4,4,14,47,2025-12-20,2025-12-22,Delivered,Cash on Delivery,24070.82
9335,439,3,18,71,2025-11-16,2025-11-23,Delivered,Debit Card,24832.94
9336,241,4,13,29,2026-01-14,2026-01-21,Delivered,Cash on Delivery,42621.74
9337,444,5,12,78,2026-05-08,2026-05-11,Delivered,Net Banking,36157.25
9338,47,2,6,85,2025-11-15,2025-11-18,Delivered,Credit Card,35102.71
9339,916,2,18,14,2026-06-17,,Pending,Credit Card,14177.64
9340,391,5,14,35,2025-10-30,2025-11-02,Delivered,UPI,50558.28
9341,540,5,13,13,2026-01-15,2026-01-17,Delivered,Net Banking,13645.0
9342,240,1,13,28,2025-07-31,2025-08-05,Delivered,Debit Card,17348.95
9343,770,1,7,26,2026-05-26,2026-05-29,Delivered,Credit Card,26093.26
9344,80,1,7,45,2026-05-10,2026-05-17,Delivered,Cash on Delivery,15407.7
9345,919,4,1,21,2025-09-10,2025-09-13,Delivered,Credit Card,26506.88
9346,305,5,10,59,2026-03-22,,Cancelled,Credit Card,44938.49
9347,457,5,6,96,2025-11-18,2025-11-25,Delivered,UPI,8364.59
9348,495,4,13,10,2026-05-16,2026-05-23,Delivered,Net Banking,28016.66
9349,165,5,6,45,2025-12-10,2025-12-13,Delivered,Debit Card,17788.15
9350,678,3,7,16,2025-10-11,2025-10-17,Delivered,Cash on Delivery,24115.09
9351,312,3,1,68,2026-04-16,2026-04-20,Delivered,UPI,72458.15
9352,887,5,15,25,2026-03-22,2026-03-24,Delivered,Cash on Delivery,22436.44
9353,107,4,16,45,2026-04-24,2026-04-28,Delivered,Net Banking,41189.69
9354,586,3,2,50,2026-07-16,2026-07-18,Delivered,Debit Card,24424.37
9355,153,5,11,16,2025-09-05,2025-09-06,Delivered,Debit Card,10258.35
9356,267,2,11,41,2026-07-19,2026-07-25,Delivered,Debit Card,23691.5
9357,107,2,12,17,2025-08-27,2025-08-31,Delivered,Debit Card,53433.11
9358,561,1,9,1,2026-04-13,2026-04-17,Delivered,Cash on Delivery,32589.57
9359,50,3,13,33,2026-01-18,2026-01-19,Delivered,Debit Card,62090.38
9360,334,2,7,32,2026-02-05,2026-02-08,Delivered,UPI,21379.56
9361,99,4,12,49,2026-01-09,2026-01-12,Delivered,UPI,10739.11
9362,389,2,10,10,2026-01-06,2026-01-10,Delivered,Credit Card,43626.95
9363,487,5,14,67,2026-04-29,2026-05-05,Delivered,UPI,70191.1
9364,207,1,9,10,2026-01-09,2026-01-14,Delivered,UPI,32131.48
9365,634,4,1,63,2025-12-06,2025-12-09,Delivered,UPI,14962.68
9366,673,3,10,45,2025-08-18,2025-08-23,Delivered,UPI,50815.47
9367,287,5,19,89,2025-12-07,2025-12-10,Delivered,Credit Card,33877.88
9368,556,4,16,28,2025-10-03,2025-10-04,Delivered,Credit Card,34872.84
9369,610,5,13,55,2026-04-08,2026-04-15,Delivered,UPI,16163.01
9370,548,5,9,31,2026-01-25,,Pending,UPI,7189.94
9371,392,4,18,40,2026-04-04,2026-04-11,Delivered,Credit Card,59748.96
9372,201,1,1,77,2026-07-10,2026-07-14,Delivered,Debit Card,50169.62
9373,741,2,13,36,2026-05-18,2026-05-19,Delivered,UPI,36427.55
9374,679,3,1,49,2026-01-05,2026-01-08,Delivered,UPI,16266.64
9375,691,5,20,79,2025-08-21,2025-08-22,Delivered,Cash on Delivery,70672.89
9376,237,4,7,7,2025-09-13,2025-09-17,Delivered,Credit Card,26712.23
9377,732,4,5,59,2025-08-06,2025-08-08,Delivered,Credit Card,45874.4
9378,853,1,14,79,2026-05-27,,Pending,Debit Card,38249.83
9379,852,4,7,19,2026-03-07,,Pending,UPI,51121.21
9380,340,3,19,7,2025-09-27,2025-09-29,Delivered,Credit Card,25444.97
9381,336,3,5,22,2026-02-27,2026-03-06,Delivered,Debit Card,17038.26
9382,604,3,7,7,2025-08-29,,Cancelled,Credit Card,44326.12
9383,985,3,19,60,2026-06-10,,Pending,Debit Card,22333.82
9384,99,5,7,87,2026-04-24,2026-05-01,Delivered,Net Banking,16828.4
9385,445,4,10,19,2026-04-04,2026-04-10,Delivered,UPI,29248.65
9386,733,4,1,79,2025-11-28,2025-12-04,Delivered,Credit Card,32126.78
9387,479,3,9,2,2026-01-28,2026-01-29,Delivered,Credit Card,33680.94
9388,118,5,13,38,2026-02-24,2026-02-25,Delivered,Net Banking,39055.81
9389,876,4,3,90,2025-08-17,2025-08-20,Delivered,Debit Card,25829.13
9390,735,2,2,83,2025-12-31,,Cancelled,Debit Card,51108.99
9391,947,4,10,23,2026-04-10,2026-04-11,Delivered,Credit Card,56476.66
9392,553,5,19,85,2025-08-24,2025-08-26,Delivered,Debit Card,4820.07
9393,209,2,12,60,2026-06-01,2026-06-06,Delivered,Net Banking,17753.42
9394,662,3,20,41,2026-05-03,,Pending,Debit Card,15001.9
9395,898,1,18,73,2026-03-26,2026-03-29,Delivered,Cash on Delivery,40839.16
9396,286,5,16,42,2025-08-19,2025-08-22,Delivered,Cash on Delivery,35291.03
9397,470,2,12,51,2025-09-25,2025-09-26,Delivered,Net Banking,20748.44
9398,867,3,17,87,2025-09-16,,Pending,Cash on Delivery,58951.19
9399,207,4,18,25,2025-10-30,2025-11-03,Delivered,Debit Card,23616.43
9400,792,1,15,8,2025-08-22,2025-08-28,Delivered,UPI,46516.6
9401,172,5,5,81,2026-04-15,2026-04-17,Delivered,Cash on Delivery,2907.02
9402,365,3,7,83,2025-09-09,,Pending,Credit Card,70669.08
9403,76,3,10,37,2025-12-25,2025-12-27,Delivered,Debit Card,46380.97
9404,693,3,11,97,2026-01-28,,Pending,Net Banking,47724.97
9405,519,4,17,92,2026-03-27,2026-04-01,Delivered,Net Banking,70869.4
9406,994,2,7,72,2026-02-24,2026-02-27,Delivered,Debit Card,7735.73
9407,889,2,10,28,2026-04-16,2026-04-23,Delivered,Debit Card,21999.51
9408,706,3,8,97,2026-07-22,2026-07-23,Delivered,UPI,40715.84
9409,502,4,7,88,2026-01-14,,Cancelled,Cash on Delivery,33927.25
9410,969,5,1,56,2025-08-05,,Cancelled,Net Banking,26919.0
9411,829,3,5,96,2025-12-24,2025-12-25,Delivered,Cash on Delivery,13107.36
9412,799,1,11,54,2026-03-28,,Pending,Net Banking,11845.4
9413,48,1,3,5,2026-06-12,,Pending,Credit Card,15170.21
9414,184,3,4,92,2026-01-28,2026-02-02,Delivered,Debit Card,27982.03
9415,110,4,6,13,2026-03-29,,Pending,Net Banking,19353.84
9416,525,3,8,18,2026-01-09,2026-01-14,Delivered,Debit Card,41324.76
9417,102,4,9,17,2025-10-14,,Pending,Credit Card,22871.97
9418,643,2,5,53,2025-12-04,2025-12-10,Delivered,UPI,37238.95
9419,303,1,9,41,2025-10-30,2025-11-03,Delivered,Debit Card,57934.16
9420,662,5,2,35,2025-09-17,2025-09-24,Delivered,Cash on Delivery,1132.2
9421,501,1,18,57,2025-09-23,2025-09-28,Delivered,UPI,49091.84
9422,696,1,4,82,2025-10-12,2025-10-17,Delivered,Credit Card,38919.19
9423,183,2,14,69,2026-04-18,2026-04-20,Delivered,Cash on Delivery,15967.45
9424,195,4,11,46,2026-01-31,,Pending,Net Banking,7615.4
9425,697,5,2,27,2025-09-12,2025-09-16,Delivered,Credit Card,9867.18
9426,89,4,2,44,2026-02-21,2026-02-26,Delivered,Credit Card,31048.58
9427,181,3,7,91,2025-12-12,2025-12-15,Delivered,Debit Card,18056.02
9428,347,5,5,59,2026-03-11,,Cancelled,Cash on Delivery,34322.64
9429,448,2,6,81,2025-09-25,2025-09-27,Delivered,Debit Card,19154.94
9430,440,5,10,3,2025-08-23,,Cancelled,Credit Card,47479.23
9431,15,5,20,79,2026-06-29,,Pending,Cash on Delivery,10220.39
9432,522,1,20,11,2025-09-18,2025-09-21,Delivered,Cash on Delivery,44927.82
9433,713,4,18,56,2025-12-21,2025-12-26,Delivered,Net Banking,27422.5
9434,586,1,20,73,2026-06-09,2026-06-14,Delivered,Net Banking,59207.5
9435,662,4,4,81,2026-03-30,2026-04-04,Delivered,Debit Card,18250.17
9436,399,1,4,23,2026-02-12,2026-02-18,Delivered,Net Banking,28942.65
9437,713,3,1,5,2026-05-02,2026-05-03,Delivered,Debit Card,37480.94
9438,116,2,16,42,2025-11-14,2025-11-18,Delivered,Cash on Delivery,31927.62
9439,216,1,11,27,2026-04-04,2026-04-08,Delivered,Credit Card,24384.43
9440,517,5,19,78,2026-02-11,2026-02-15,Delivered,Cash on Delivery,21887.6
9441,829,3,18,48,2025-12-16,,Pending,Credit Card,58798.56
9442,72,1,3,50,2026-01-03,2026-01-04,Delivered,Cash on Delivery,26603.49
9443,364,4,3,40,2025-10-20,2025-10-23,Delivered,Credit Card,6548.94
9444,806,3,20,52,2026-07-16,2026-07-22,Delivered,Credit Card,37255.57
9445,81,1,1,44,2026-02-05,2026-02-09,Delivered,UPI,19333.57
9446,955,2,7,88,2025-08-28,2025-09-03,Delivered,Cash on Delivery,63205.96
9447,339,5,19,54,2025-08-28,2025-09-03,Delivered,Net Banking,17475.95
9448,782,5,11,71,2025-11-15,2025-11-19,Delivered,Credit Card,47341.7
9449,340,2,17,39,2026-06-20,2026-06-22,Delivered,UPI,48941.16
9450,269,2,19,36,2025-09-24,,Pending,UPI,27353.62
9451,173,5,12,91,2026-03-19,,Pending,Cash on Delivery,4435.35
9452,47,1,14,18,2025-11-25,2025-12-02,Delivered,Net Banking,53469.98
9453,917,3,17,14,2025-10-09,2025-10-15,Delivered,UPI,25955.08
9454,669,5,19,93,2025-08-04,2025-08-11,Delivered,Net Banking,17012.08
9455,119,3,11,16,2025-08-11,,Pending,UPI,19507.61
9456,299,5,1,46,2025-08-07,,Pending,Debit Card,46929.39
9457,15,4,3,91,2026-07-26,2026-07-29,Delivered,Debit Card,60117.18
9458,733,4,6,77,2026-05-12,2026-05-14,Delivered,Debit Card,39733.69
9459,74,3,6,22,2025-10-30,,Pending,Cash on Delivery,37331.3
9460,139,5,11,89,2026-01-19,2026-01-21,Delivered,Credit Card,17287.96
9461,293,4,11,28,2026-06-14,2026-06-20,Delivered,UPI,40203.63
9462,868,1,10,17,2025-12-04,2025-12-09,Delivered,Cash on Delivery,39499.98
9463,290,5,9,18,2026-05-23,2026-05-25,Delivered,Cash on Delivery,34164.4
9464,541,4,11,97,2026-07-14,2026-07-18,Delivered,Net Banking,9606.58
9465,877,5,6,3,2025-10-30,2025-11-04,Delivered,UPI,2567.92
9466,170,4,5,40,2026-03-05,,Pending,Cash on Delivery,31487.72
9467,126,5,9,21,2026-05-15,,Pending,UPI,51995.11
9468,620,4,16,1,2026-02-20,2026-02-25,Delivered,Net Banking,47508.89
9469,723,3,1,78,2026-03-03,2026-03-05,Delivered,UPI,42986.99
9470,851,3,11,80,2026-07-14,2026-07-18,Delivered,Credit Card,23212.1
9471,242,3,4,57,2026-04-23,2026-04-29,Delivered,Credit Card,30161.45
9472,245,4,16,77,2025-09-22,2025-09-27,Delivered,UPI,6554.24
9473,316,3,8,60,2026-07-01,,Pending,Net Banking,22428.52
9474,472,1,6,99,2025-10-29,2025-11-02,Delivered,Cash on Delivery,15835.64
9475,142,2,2,88,2026-04-26,2026-04-28,Delivered,Credit Card,21102.82
9476,26,2,1,26,2026-04-23,,Pending,Debit Card,58490.63
9477,974,4,13,74,2025-08-24,,Pending,Debit Card,17905.51
9478,456,1,9,9,2025-10-15,2025-10-17,Delivered,UPI,31860.1
9479,366,5,3,77,2025-09-20,2025-09-22,Delivered,Debit Card,50666.38
9480,553,4,10,21,2025-11-04,2025-11-10,Delivered,Credit Card,24438.46
9481,89,1,12,39,2026-01-12,,Pending,Net Banking,14598.56
9482,902,3,20,4,2025-12-07,,Cancelled,Net Banking,42492.52
9483,121,3,8,10,2026-03-16,2026-03-20,Delivered,Credit Card,7175.97
9484,880,4,13,56,2026-04-08,2026-04-10,Delivered,Debit Card,19594.02
9485,429,3,7,43,2026-03-27,2026-03-30,Delivered,Credit Card,15489.7
9486,189,2,17,97,2026-02-07,2026-02-09,Delivered,Debit Card,53367.76
9487,704,2,7,40,2026-06-22,2026-06-25,Delivered,Net Banking,5459.36
9488,458,5,20,73,2025-12-21,2025-12-24,Delivered,Cash on Delivery,30167.65
9489,364,2,15,59,2025-12-21,2025-12-23,Delivered,Debit Card,39317.32
9490,181,4,4,86,2026-03-21,2026-03-22,Delivered,Debit Card,8331.18
9491,7,1,14,37,2025-10-16,2025-10-18,Delivered,Debit Card,46612.74
9492,288,5,2,20,2025-09-14,2025-09-18,Delivered,Credit Card,2220.16
9493,9,2,15,43,2026-01-28,2026-02-01,Delivered,Credit Card,15886.74
9494,510,1,1,25,2026-05-16,2026-05-21,Delivered,Debit Card,17492.86
9495,105,5,1,87,2026-02-19,2026-02-23,Delivered,Cash on Delivery,48646.89
9496,206,1,14,39,2026-04-30,2026-05-02,Delivered,Credit Card,12296.68
9497,934,2,13,34,2025-11-04,2025-11-07,Delivered,Cash on Delivery,44676.86
9498,499,4,14,66,2025-09-05,2025-09-12,Delivered,Net Banking,13637.4
9499,980,4,14,62,2026-02-02,2026-02-06,Delivered,Credit Card,53261.33
9500,396,1,20,66,2026-04-08,2026-04-10,Delivered,UPI,17034.87
9501,708,5,8,27,2026-02-27,2026-03-03,Delivered,Net Banking,38109.99
9502,755,4,18,18,2025-10-13,,Pending,UPI,19698.48
9503,176,1,14,86,2026-06-03,,Pending,Net Banking,45129.79
9504,581,3,13,10,2026-04-18,2026-04-23,Delivered,Net Banking,14518.21
9505,97,4,18,46,2026-02-04,2026-02-10,Delivered,Debit Card,8972.99
9506,433,2,4,54,2026-01-03,2026-01-10,Delivered,Net Banking,32109.44
9507,290,2,19,42,2025-12-07,,Cancelled,Cash on Delivery,39165.01
9508,30,2,14,66,2026-03-05,,Pending,Net Banking,5674.17
9509,470,3,19,41,2025-08-23,2025-08-24,Delivered,UPI,9288.62
9510,772,4,1,73,2026-07-04,,Pending,UPI,46304.11
9511,689,2,12,79,2025-12-06,2025-12-08,Delivered,Debit Card,3945.56
9512,977,5,15,68,2026-07-09,2026-07-14,Delivered,Debit Card,5380.63
9513,816,1,2,55,2025-10-16,2025-10-18,Delivered,Credit Card,28524.12
9514,293,1,16,95,2026-07-19,,Pending,UPI,37665.15
9515,189,2,2,18,2026-02-15,2026-02-16,Delivered,Credit Card,17686.98
9516,895,3,17,81,2025-09-19,,Pending,Net Banking,30252.11
9517,853,1,11,90,2025-08-12,,Pending,Credit Card,64791.46
9518,607,2,5,5,2025-09-01,2025-09-03,Delivered,UPI,41538.03
9519,809,2,7,32,2025-09-03,2025-09-08,Delivered,Credit Card,53417.16
9520,230,1,19,70,2026-05-25,2026-05-28,Delivered,UPI,58893.21
9521,716,5,4,31,2025-11-10,2025-11-15,Delivered,Cash on Delivery,27962.83
9522,782,4,16,32,2026-04-12,2026-04-18,Delivered,Net Banking,3335.57
9523,162,4,15,71,2026-06-30,,Cancelled,Cash on Delivery,28493.75
9524,965,5,18,21,2025-08-07,2025-08-08,Delivered,Debit Card,3924.88
9525,187,4,5,76,2026-06-08,,Pending,Debit Card,18646.73
9526,107,5,10,33,2025-12-24,2025-12-31,Delivered,Cash on Delivery,20519.26
9527,347,2,15,35,2026-06-04,2026-06-08,Delivered,UPI,21253.0
9528,392,5,17,9,2025-12-11,2025-12-17,Delivered,Debit Card,12632.77
9529,829,5,19,79,2025-09-28,2025-10-03,Delivered,Cash on Delivery,555.04
9530,145,5,2,23,2026-04-24,,Pending,UPI,3984.19
9531,65,5,7,2,2026-01-09,,Pending,Debit Card,24652.2
9532,244,1,7,75,2025-12-26,2025-12-29,Delivered,Net Banking,53927.64
9533,723,1,18,15,2025-11-17,,Pending,Cash on Delivery,17887.2
9534,606,1,14,32,2025-10-06,,Pending,Debit Card,17393.48
9535,2,5,15,97,2026-01-10,,Cancelled,Debit Card,8676.75
9536,55,2,10,37,2026-01-15,2026-01-22,Delivered,Cash on Delivery,11192.98
9537,100,1,19,22,2026-06-28,2026-07-04,Delivered,Credit Card,8630.16
9538,724,3,17,36,2026-05-30,,Cancelled,UPI,21732.54
9539,816,2,14,12,2026-07-02,2026-07-07,Delivered,Cash on Delivery,16473.57
9540,829,5,6,35,2025-10-20,,Pending,Net Banking,45004.42
9541,786,4,11,15,2026-06-30,,Pending,Credit Card,3121.16
9542,136,1,8,65,2026-07-06,2026-07-10,Delivered,Debit Card,7679.5
9543,495,4,10,10,2025-12-17,2025-12-21,Delivered,Credit Card,28615.48
9544,180,1,14,94,2025-08-20,2025-08-23,Delivered,Debit Card,32308.87
9545,132,1,12,69,2026-06-04,2026-06-07,Delivered,Cash on Delivery,82104.55
9546,240,1,11,64,2025-09-21,2025-09-28,Delivered,Cash on Delivery,12548.82
9547,290,5,9,92,2026-02-01,2026-02-08,Delivered,Debit Card,43211.78
9548,826,2,16,14,2025-10-06,,Pending,Net Banking,17531.16
9549,61,5,4,100,2025-11-12,2025-11-14,Delivered,UPI,26813.02
9550,963,3,11,67,2025-11-26,,Pending,UPI,54846.62
9551,860,1,4,71,2025-12-08,2025-12-09,Delivered,UPI,19146.14
9552,97,3,10,50,2025-10-20,2025-10-22,Delivered,Credit Card,49714.1
9553,912,4,11,82,2026-06-05,,Pending,Net Banking,48605.68
9554,167,3,17,76,2026-07-15,2026-07-22,Delivered,UPI,23584.18
9555,551,4,4,18,2025-10-31,2025-11-03,Delivered,Credit Card,36879.03
9556,832,4,3,52,2026-02-01,2026-02-05,Delivered,UPI,12704.34
9557,147,2,15,13,2026-06-16,2026-06-21,Delivered,Cash on Delivery,21003.34
9558,542,5,18,72,2025-12-15,2025-12-19,Delivered,Cash on Delivery,37820.95
9559,982,2,3,70,2026-04-14,2026-04-19,Delivered,Net Banking,23616.82
9560,236,1,10,64,2025-12-26,2025-12-30,Delivered,Debit Card,16641.14
9561,999,3,3,2,2025-11-25,2025-12-02,Delivered,Cash on Delivery,52923.04
9562,239,5,1,81,2026-07-23,2026-07-25,Delivered,Credit Card,10015.44
9563,965,3,4,28,2026-05-14,2026-05-15,Delivered,Net Banking,4144.53
9564,177,1,10,81,2025-12-23,,Pending,Debit Card,17405.4
9565,756,3,8,3,2026-03-22,2026-03-25,Delivered,Cash on Delivery,31080.97
9566,581,2,15,69,2026-01-25,2026-01-28,Delivered,Debit Card,35970.52
9567,577,1,14,29,2026-01-02,2026-01-09,Delivered,UPI,18422.78
9568,953,5,3,76,2025-11-05,2025-11-10,Delivered,Credit Card,35949.91
9569,253,1,9,47,2026-02-17,2026-02-20,Delivered,Net Banking,21345.97
9570,373,1,3,86,2026-01-14,2026-01-20,Delivered,Credit Card,24830.06
9571,27,1,15,100,2026-02-10,2026-02-14,Delivered,Cash on Delivery,554.82
9572,5,4,13,90,2025-11-17,,Pending,Cash on Delivery,40708.63
9573,570,5,9,53,2026-03-12,2026-03-18,Delivered,Credit Card,31202.58
9574,816,5,1,77,2026-01-08,2026-01-10,Delivered,Debit Card,53775.23
9575,787,4,17,10,2025-09-27,2025-10-02,Delivered,Net Banking,24518.56
9576,403,3,20,18,2025-09-28,2025-10-01,Delivered,Debit Card,26331.88
9577,58,3,11,48,2025-11-12,2025-11-19,Delivered,Cash on Delivery,4403.4
9578,775,5,15,22,2026-06-08,2026-06-10,Delivered,Cash on Delivery,10796.78
9579,874,2,7,84,2026-06-03,,Cancelled,UPI,10553.07
9580,725,3,19,10,2026-03-08,2026-03-14,Delivered,Net Banking,4904.87
9581,694,2,10,15,2025-11-15,2025-11-21,Delivered,Credit Card,23616.93
9582,70,4,20,4,2026-04-28,2026-04-29,Delivered,Cash on Delivery,35714.35
9583,844,2,17,49,2025-12-16,2025-12-20,Delivered,UPI,3024.26
9584,715,5,18,47,2026-06-14,,Pending,Credit Card,58267.12
9585,863,1,12,66,2025-09-11,,Pending,Debit Card,28334.9
9586,493,3,2,100,2025-08-04,,Pending,Cash on Delivery,16338.34
9587,91,4,6,54,2025-11-23,2025-11-26,Delivered,Debit Card,1001.46
9588,104,4,14,41,2025-12-31,2026-01-04,Delivered,UPI,34587.11
9589,344,1,15,99,2026-03-26,,Pending,UPI,39576.33
9590,842,1,4,18,2025-09-18,2025-09-22,Delivered,UPI,3097.0
9591,535,5,1,89,2025-11-26,2025-12-01,Delivered,Credit Card,41064.98
9592,784,5,12,73,2025-07-29,2025-08-04,Delivered,Credit Card,19659.74
9593,824,3,14,24,2026-01-03,2026-01-10,Delivered,Credit Card,16657.46
9594,354,2,15,54,2026-03-08,2026-03-09,Delivered,Credit Card,31189.5
9595,356,5,20,81,2025-09-15,2025-09-18,Delivered,UPI,59368.94
9596,861,5,17,54,2026-03-04,2026-03-08,Delivered,Credit Card,12913.32
9597,770,2,1,33,2026-01-05,2026-01-07,Delivered,Net Banking,20409.22
9598,618,1,16,70,2025-11-30,2025-12-02,Delivered,UPI,33734.17
9599,67,5,8,29,2025-12-22,,Pending,Net Banking,10877.22
9600,847,1,7,2,2026-02-19,2026-02-22,Delivered,UPI,7165.2
9601,254,5,16,54,2026-07-22,2026-07-25,Delivered,UPI,27222.89
9602,109,4,10,6,2025-12-03,,Pending,Debit Card,26649.98
9603,754,4,1,19,2026-06-25,,Pending,Net Banking,7529.02
9604,501,5,2,87,2025-09-07,2025-09-14,Delivered,UPI,16681.08
9605,626,4,11,79,2025-09-20,2025-09-26,Delivered,Net Banking,28251.52
9606,578,5,1,35,2026-06-09,2026-06-13,Delivered,UPI,9090.35
9607,797,5,20,98,2026-04-14,2026-04-15,Delivered,Credit Card,32194.75
9608,787,5,17,54,2025-08-17,,Pending,Net Banking,25651.31
9609,193,1,13,18,2026-06-28,2026-07-02,Delivered,Cash on Delivery,45776.7
9610,718,4,7,50,2026-01-06,,Cancelled,UPI,32211.47
9611,467,5,15,41,2026-05-20,2026-05-24,Delivered,Debit Card,30013.57
9612,956,3,6,89,2025-09-14,2025-09-15,Delivered,Debit Card,15308.94
9613,725,5,18,81,2026-05-14,2026-05-19,Delivered,UPI,21780.46
9614,688,3,9,13,2026-01-16,2026-01-19,Delivered,Credit Card,38302.66
9615,815,1,15,97,2026-07-02,,Pending,Debit Card,22779.41
9616,40,1,18,61,2026-01-05,2026-01-08,Delivered,Debit Card,13262.24
9617,441,5,6,34,2026-04-29,2026-05-06,Delivered,UPI,40007.22
9618,557,4,18,69,2026-02-03,2026-02-07,Delivered,Net Banking,18964.03
9619,984,1,19,92,2025-10-04,2025-10-05,Delivered,Credit Card,31561.05
9620,909,2,19,15,2026-03-15,,Pending,Net Banking,32010.92
9621,473,1,2,57,2025-10-24,,Pending,Debit Card,15704.28
9622,897,5,6,3,2026-05-10,2026-05-13,Delivered,Net Banking,51216.21
9623,880,2,10,28,2025-11-28,2025-12-04,Delivered,Net Banking,40591.01
9624,680,2,3,40,2026-04-25,2026-04-29,Delivered,Debit Card,40007.53
9625,487,3,18,56,2025-08-04,2025-08-06,Delivered,Cash on Delivery,14172.0
9626,950,4,6,28,2026-03-22,2026-03-24,Delivered,Credit Card,26385.87
9627,239,2,2,65,2026-01-14,2026-01-15,Delivered,Debit Card,52518.46
9628,327,3,10,40,2026-03-10,2026-03-15,Delivered,Credit Card,3134.55
9629,988,1,6,9,2026-05-25,,Cancelled,Net Banking,1665.12
9630,330,1,10,77,2025-10-18,2025-10-22,Delivered,Cash on Delivery,52699.83
9631,472,4,7,8,2025-11-03,,Pending,Net Banking,40415.33
9632,955,5,1,74,2026-04-18,2026-04-24,Delivered,Net Banking,5155.01
9633,657,1,17,36,2026-07-02,2026-07-06,Delivered,Cash on Delivery,66063.16
9634,20,1,20,74,2025-11-08,2025-11-09,Delivered,Credit Card,11175.62
9635,732,3,12,52,2026-06-28,2026-06-30,Delivered,Cash on Delivery,29450.08
9636,710,5,13,18,2025-09-18,2025-09-24,Delivered,UPI,44039.59
9637,146,5,17,4,2025-08-24,2025-08-31,Delivered,Debit Card,42692.94
9638,383,3,1,4,2025-09-15,,Pending,Debit Card,74011.82
9639,281,4,3,45,2026-03-07,2026-03-14,Delivered,Credit Card,11470.56
9640,43,4,12,94,2025-09-07,2025-09-09,Delivered,Debit Card,19919.36
9641,445,4,5,24,2025-11-20,2025-11-21,Delivered,Debit Card,4419.51
9642,554,5,19,23,2026-01-12,,Pending,Credit Card,5253.84
9643,578,1,1,42,2026-06-29,2026-06-30,Delivered,Credit Card,22602.26
9644,658,1,16,91,2026-05-26,2026-06-01,Delivered,Cash on Delivery,28987.16
9645,190,2,1,86,2026-04-08,,Pending,Debit Card,22266.4
9646,532,2,20,25,2025-12-18,,Pending,Credit Card,15787.11
9647,664,4,15,62,2026-07-11,,Pending,Cash on Delivery,28370.43
9648,488,4,20,35,2025-07-28,,Pending,Net Banking,52359.54
9649,333,3,7,24,2025-10-07,2025-10-14,Delivered,Net Banking,36761.01
9650,290,5,5,54,2025-09-22,2025-09-27,Delivered,Net Banking,6162.27
9651,996,4,18,94,2026-05-28,2026-06-01,Delivered,Debit Card,21893.71
9652,488,5,10,56,2025-10-11,,Pending,Debit Card,28442.75
9653,693,3,15,71,2025-11-17,2025-11-24,Delivered,Debit Card,1665.12
9654,90,5,19,23,2026-07-08,2026-07-12,Delivered,Credit Card,31992.37
9655,272,5,13,69,2026-02-03,2026-02-10,Delivered,Net Banking,23598.8
9656,976,2,12,12,2026-01-22,2026-01-24,Delivered,Net Banking,23299.76
9657,503,4,7,42,2026-02-25,2026-03-02,Delivered,Cash on Delivery,38194.16
9658,544,1,13,31,2026-06-24,2026-06-30,Delivered,Debit Card,23499.56
9659,292,3,18,62,2026-04-20,2026-04-24,Delivered,Cash on Delivery,65382.7
9660,964,1,14,100,2026-07-25,2026-07-29,Delivered,UPI,11765.1
9661,198,2,3,68,2026-06-23,2026-06-30,Delivered,Cash on Delivery,58417.18
9662,499,4,19,54,2026-04-24,,Cancelled,Net Banking,34960.44
9663,518,3,17,86,2026-04-12,2026-04-18,Delivered,Credit Card,52294.39
9664,975,3,1,43,2026-05-06,2026-05-07,Delivered,Cash on Delivery,13387.62
9665,548,1,10,52,2026-04-24,2026-05-01,Delivered,Cash on Delivery,7746.86
9666,215,5,9,99,2025-07-29,2025-07-30,Delivered,Cash on Delivery,49770.86
9667,879,1,11,99,2025-11-15,2025-11-17,Delivered,Credit Card,33835.46
9668,66,5,10,10,2026-07-15,2026-07-17,Delivered,Credit Card,19015.17
9669,644,5,20,65,2025-12-07,2025-12-11,Delivered,UPI,64635.16
9670,545,1,14,85,2026-02-03,2026-02-06,Delivered,Debit Card,23209.24
9671,448,1,14,7,2026-05-03,,Pending,Cash on Delivery,11603.5
9672,15,4,12,73,2026-03-04,2026-03-08,Delivered,UPI,31161.95
9673,110,2,11,48,2026-01-23,2026-01-25,Delivered,Cash on Delivery,42088.59
9674,316,3,3,95,2026-06-25,2026-06-29,Delivered,Debit Card,20302.41
9675,158,4,20,47,2026-07-02,2026-07-07,Delivered,Credit Card,7023.8
9676,942,2,11,15,2025-09-18,2025-09-20,Delivered,UPI,29868.4
9677,964,4,6,21,2025-12-19,,Pending,UPI,60107.1
9678,85,1,7,84,2025-09-10,2025-09-11,Delivered,Credit Card,32565.64
9679,85,5,9,77,2026-06-27,2026-06-28,Delivered,Debit Card,24901.49
9680,454,4,11,43,2026-02-13,2026-02-19,Delivered,Credit Card,19040.45
9681,298,5,7,20,2025-11-17,2025-11-19,Delivered,UPI,41505.13
9682,193,5,5,85,2026-04-24,2026-04-25,Delivered,Credit Card,9319.02
9683,426,3,13,75,2026-04-07,,Pending,Net Banking,15703.0
9684,530,1,8,46,2025-08-16,2025-08-22,Delivered,Net Banking,34094.53
9685,279,4,13,77,2026-01-21,2026-01-28,Delivered,Credit Card,31599.0
9686,142,5,19,59,2025-08-05,,Pending,Debit Card,49696.81
9687,776,2,11,55,2025-10-14,2025-10-15,Delivered,Cash on Delivery,9506.77
9688,55,4,5,34,2025-10-24,,Pending,Net Banking,43509.14
9689,538,1,9,45,2026-04-05,2026-04-10,Delivered,Net Banking,35254.65
9690,63,1,13,52,2026-03-21,,Pending,Net Banking,17223.07
9691,305,4,15,68,2026-02-17,2026-02-18,Delivered,Credit Card,20467.0
9692,945,5,14,38,2025-09-17,2025-09-20,Delivered,Net Banking,43689.72
9693,945,3,19,76,2025-09-01,2025-09-03,Delivered,Debit Card,20268.45
9694,778,2,10,50,2025-11-17,,Pending,UPI,12489.56
9695,146,1,17,88,2026-01-18,2026-01-20,Delivered,Net Banking,1934.38
9696,970,5,6,59,2026-02-27,2026-03-01,Delivered,UPI,68169.09
9697,604,2,17,12,2026-04-17,2026-04-19,Delivered,UPI,1665.12
9698,187,5,3,44,2026-06-18,2026-06-20,Delivered,Debit Card,17836.06
9699,81,3,7,50,2025-09-20,2025-09-21,Delivered,Debit Card,15113.43
9700,861,2,4,92,2026-05-23,2026-05-26,Delivered,Credit Card,36957.01
9701,501,4,1,1,2025-10-29,,Pending,Cash on Delivery,50301.7
9702,488,1,12,10,2025-10-09,2025-10-16,Delivered,Credit Card,7472.36
9703,181,2,6,93,2026-01-15,2026-01-19,Delivered,Debit Card,12517.2
9704,779,2,15,66,2026-04-03,2026-04-05,Delivered,Cash on Delivery,5913.95
9705,479,2,9,69,2026-05-06,2026-05-09,Delivered,UPI,22084.86
9706,796,5,2,27,2026-07-04,2026-07-06,Delivered,Debit Card,32002.11
9707,831,4,9,32,2025-09-25,2025-09-29,Delivered,Credit Card,45380.78
9708,57,1,12,71,2026-04-22,2026-04-24,Delivered,Net Banking,41744.71
9709,433,4,9,98,2025-08-17,2025-08-22,Delivered,Net Banking,60618.37
9710,153,1,5,35,2026-07-21,2026-07-23,Delivered,Credit Card,31680.26
9711,365,2,12,65,2026-03-04,2026-03-09,Delivered,Net Banking,51560.28
9712,173,3,7,3,2026-04-24,2026-04-25,Delivered,UPI,54346.28
9713,131,4,11,60,2026-04-26,2026-04-30,Delivered,UPI,21753.71
9714,469,2,16,80,2025-11-08,2025-11-14,Delivered,Debit Card,36416.35
9715,260,3,11,39,2025-11-26,2025-11-30,Delivered,Net Banking,23046.96
9716,987,1,15,9,2025-08-20,2025-08-27,Delivered,Debit Card,64595.86
9717,828,2,14,68,2026-05-01,,Pending,UPI,66968.93
9718,690,3,2,17,2026-07-20,2026-07-24,Delivered,Debit Card,9809.86
9719,616,4,14,30,2025-12-27,2025-12-30,Delivered,Net Banking,22072.69
9720,294,1,12,66,2026-02-01,2026-02-02,Delivered,Net Banking,20219.08
9721,15,5,7,45,2025-12-29,2026-01-01,Delivered,Cash on Delivery,1207.17
9722,139,4,13,25,2026-05-20,2026-05-26,Delivered,Debit Card,37596.98
9723,36,2,6,63,2026-05-06,2026-05-11,Delivered,Cash on Delivery,15392.55
9724,314,2,6,15,2026-01-15,2026-01-17,Delivered,Net Banking,42686.99
9725,800,5,15,21,2025-07-31,,Pending,Net Banking,15599.68
9726,32,3,16,32,2025-12-27,2025-12-31,Delivered,Net Banking,32034.48
9727,988,3,16,6,2025-10-11,2025-10-16,Delivered,Net Banking,27450.67
9728,728,1,20,1,2026-01-01,2026-01-07,Delivered,Net Banking,17323.27
9729,842,2,13,85,2026-03-28,2026-03-31,Delivered,Credit Card,56029.58
9730,354,1,14,19,2025-10-20,2025-10-23,Delivered,Credit Card,26716.84
9731,75,5,3,16,2026-04-13,,Pending,Cash on Delivery,10911.61
9732,6,2,2,1,2025-09-19,2025-09-26,Delivered,Credit Card,47541.13
9733,131,2,2,46,2026-06-21,2026-06-27,Delivered,UPI,54553.13
9734,555,4,19,31,2026-06-27,2026-06-30,Delivered,UPI,5971.08
9735,542,4,19,68,2026-05-27,2026-05-31,Delivered,UPI,6069.73
9736,870,1,15,15,2026-06-05,,Pending,UPI,33788.13
9737,293,4,16,69,2026-02-14,2026-02-21,Delivered,Debit Card,42958.9
9738,919,1,19,79,2026-01-08,2026-01-15,Delivered,Cash on Delivery,24769.72
9739,197,4,19,6,2025-10-12,,Pending,Debit Card,22002.65
9740,60,5,13,66,2025-07-28,2025-08-03,Delivered,Debit Card,983.38
9741,474,2,14,100,2025-09-08,2025-09-12,Delivered,UPI,24411.82
9742,435,3,1,31,2025-08-22,,Pending,UPI,57587.54
9743,158,2,10,44,2025-09-18,2025-09-25,Delivered,Credit Card,1249.33
9744,760,3,15,8,2026-07-05,,Pending,Credit Card,24309.5
9745,865,5,9,12,2026-05-31,2026-06-04,Delivered,Debit Card,30985.21
9746,797,4,11,56,2026-06-12,,Pending,Net Banking,30883.19
9747,426,3,13,60,2025-09-23,2025-09-29,Delivered,Cash on Delivery,959.66
9748,629,3,4,36,2025-08-06,2025-08-11,Delivered,UPI,42628.84
9749,18,1,1,2,2026-06-11,,Pending,Credit Card,56037.2
9750,779,3,15,34,2026-06-18,2026-06-23,Delivered,Cash on Delivery,45056.49
9751,750,2,4,3,2025-08-15,,Pending,Net Banking,56410.21
9752,832,2,6,25,2026-07-08,,Cancelled,Debit Card,7006.73
9753,868,4,18,89,2026-07-06,2026-07-10,Delivered,Credit Card,62386.56
9754,658,3,5,27,2026-05-02,2026-05-05,Delivered,UPI,8189.04
9755,119,4,11,36,2026-04-15,2026-04-19,Delivered,Debit Card,1452.09
9756,473,4,18,54,2026-02-13,,Cancelled,UPI,31350.31
9757,44,5,2,5,2025-11-17,2025-11-20,Delivered,UPI,38915.5
9758,873,2,4,68,2026-02-07,,Pending,Debit Card,12088.8
9759,512,2,20,97,2026-07-18,2026-07-20,Delivered,Debit Card,18787.23
9760,521,4,19,11,2025-11-08,2025-11-10,Delivered,Net Banking,13158.32
9761,658,3,13,29,2025-09-14,2025-09-17,Delivered,Debit Card,60834.82
9762,693,4,17,7,2025-12-24,2025-12-29,Delivered,Debit Card,39630.69
9763,511,2,11,59,2026-06-09,2026-06-15,Delivered,UPI,49005.26
9764,522,2,8,95,2025-11-02,2025-11-04,Delivered,Cash on Delivery,35424.99
9765,56,5,18,36,2026-05-23,2026-05-27,Delivered,Debit Card,26825.49
9766,17,1,4,86,2026-06-29,2026-07-04,Delivered,Credit Card,17019.18
9767,519,3,12,92,2026-02-22,,Cancelled,UPI,3118.93
9768,563,4,10,23,2025-10-14,2025-10-16,Delivered,Debit Card,25738.66
9769,331,4,15,6,2025-10-14,2025-10-21,Delivered,Credit Card,25730.28
9770,235,4,16,85,2026-05-15,2026-05-16,Delivered,Debit Card,13650.3
9771,198,5,13,6,2025-10-17,2025-10-24,Delivered,Cash on Delivery,38167.09
9772,85,1,6,61,2026-01-07,2026-01-08,Delivered,Net Banking,15328.23
9773,160,4,13,22,2026-06-21,2026-06-25,Delivered,Debit Card,63962.85
9774,429,1,20,78,2026-01-18,2026-01-24,Delivered,Cash on Delivery,30978.99
9775,712,5,1,39,2026-04-15,2026-04-19,Delivered,Cash on Delivery,28464.3
9776,11,1,20,47,2026-03-07,2026-03-14,Delivered,UPI,25065.22
9777,840,1,18,24,2025-12-21,2025-12-23,Delivered,UPI,46003.01
9778,493,3,11,65,2025-08-04,2025-08-06,Delivered,Net Banking,32306.95
9779,829,2,8,3,2026-05-29,2026-06-01,Delivered,Credit Card,38401.98
9780,708,5,13,26,2026-02-09,2026-02-12,Delivered,Credit Card,9819.26
9781,514,1,19,53,2025-09-29,,Cancelled,Net Banking,26101.61
9782,703,4,13,16,2026-07-26,2026-07-29,Delivered,Net Banking,9896.76
9783,443,3,7,33,2026-04-21,,Pending,Net Banking,3924.88
9784,983,2,13,36,2026-02-21,2026-02-23,Delivered,UPI,22503.55
9785,427,3,19,98,2026-03-19,2026-03-21,Delivered,Debit Card,18197.2
9786,542,3,8,7,2025-12-31,2026-01-07,Delivered,Net Banking,35470.54
9787,61,2,18,100,2026-02-05,2026-02-09,Delivered,Debit Card,11873.82
9788,763,1,10,79,2026-05-04,2026-05-11,Delivered,Net Banking,10571.72
9789,531,5,12,30,2026-05-10,2026-05-15,Delivered,Credit Card,4394.82
9790,944,2,3,78,2026-03-31,,Pending,Cash on Delivery,41429.78
9791,743,4,6,58,2025-08-29,,Pending,Net Banking,20039.13
9792,803,2,7,37,2026-04-23,2026-04-28,Delivered,Credit Card,27396.61
9793,963,1,17,11,2025-10-15,,Pending,Cash on Delivery,23515.29
9794,679,4,16,12,2025-12-22,,Pending,Cash on Delivery,26588.38
9795,682,1,4,16,2025-07-30,2025-08-02,Delivered,Credit Card,24127.8
9796,55,3,16,29,2026-06-22,2026-06-26,Delivered,Debit Card,38528.95
9797,466,1,9,14,2025-12-04,2025-12-09,Delivered,Net Banking,41418.96
9798,279,1,17,1,2026-04-01,2026-04-02,Delivered,UPI,39383.41
9799,898,2,3,30,2026-04-15,2026-04-22,Delivered,UPI,27695.78
9800,283,1,18,76,2025-11-02,2025-11-03,Delivered,UPI,1753.76
9801,745,1,8,99,2026-03-19,2026-03-21,Delivered,Debit Card,13795.99
9802,677,5,18,93,2026-07-18,,Pending,Credit Card,13055.55
9803,478,4,16,19,2025-11-15,2025-11-17,Delivered,Cash on Delivery,8764.02
9804,974,3,10,42,2026-07-07,2026-07-12,Delivered,Cash on Delivery,4555.47
9805,575,5,19,13,2026-01-11,2026-01-17,Delivered,Credit Card,53694.57
9806,212,3,13,43,2026-07-02,2026-07-06,Delivered,Cash on Delivery,24919.95
9807,906,1,2,81,2026-07-17,,Cancelled,Debit Card,27142.24
9808,528,1,15,95,2026-03-16,,Cancelled,Net Banking,49709.14
9809,190,2,20,97,2025-09-16,2025-09-21,Delivered,Credit Card,8970.24
9810,966,4,17,17,2025-08-05,,Pending,Debit Card,61667.72
9811,433,5,4,73,2026-03-02,2026-03-08,Delivered,Cash on Delivery,767.61
9812,557,5,3,18,2025-12-17,2025-12-21,Delivered,Net Banking,20620.04
9813,122,5,13,94,2026-07-18,,Pending,Credit Card,16137.69
9814,747,5,15,58,2026-01-05,2026-01-11,Delivered,Cash on Delivery,34610.13
9815,713,3,13,46,2025-11-12,2025-11-19,Delivered,Net Banking,22241.44
9816,751,4,14,48,2026-03-04,,Pending,Cash on Delivery,37595.52
9817,680,4,11,77,2026-04-30,,Pending,Cash on Delivery,24791.89
9818,445,5,16,28,2026-06-15,2026-06-22,Delivered,UPI,54406.55
9819,41,4,15,41,2025-08-16,2025-08-23,Delivered,Net Banking,33812.61
9820,137,4,7,84,2025-09-09,2025-09-16,Delivered,Credit Card,25276.71
9821,858,3,8,73,2026-06-28,2026-07-02,Delivered,UPI,51456.72
9822,949,4,6,56,2025-10-07,2025-10-12,Delivered,Debit Card,47650.56
9823,460,5,2,58,2025-09-21,2025-09-28,Delivered,Debit Card,5436.37
9824,268,3,13,1,2025-11-05,2025-11-12,Delivered,Credit Card,4933.59
9825,84,2,15,27,2026-03-25,2026-03-27,Delivered,UPI,22264.55
9826,654,5,11,66,2025-12-17,,Pending,Net Banking,35434.52
9827,172,2,17,68,2026-05-19,,Pending,Credit Card,22108.41
9828,603,4,12,43,2026-06-28,,Pending,Cash on Delivery,30056.65
9829,634,2,7,8,2025-09-01,2025-09-06,Delivered,Cash on Delivery,4710.47
9830,834,1,2,57,2026-07-14,2026-07-19,Delivered,Net Banking,55744.55
9831,803,1,1,54,2026-03-03,2026-03-09,Delivered,Debit Card,7485.93
9832,759,3,10,29,2026-07-23,,Pending,Net Banking,11267.34
9833,81,4,19,63,2025-10-18,2025-10-25,Delivered,UPI,25818.62
9834,654,4,18,37,2025-12-19,2025-12-23,Delivered,UPI,7839.26
9835,115,3,15,97,2025-08-15,,Pending,Net Banking,38174.53
9836,542,2,11,75,2026-06-12,2026-06-15,Delivered,Cash on Delivery,23035.01
9837,383,2,2,79,2026-04-06,2026-04-10,Delivered,Cash on Delivery,21748.9
9838,988,5,15,23,2026-07-07,2026-07-12,Delivered,Cash on Delivery,10157.13
9839,168,2,18,86,2026-07-01,2026-07-02,Delivered,Credit Card,12788.89
9840,868,4,4,48,2025-07-27,,Pending,Cash on Delivery,13086.0
9841,460,1,2,9,2025-08-26,2025-08-31,Delivered,Net Banking,26673.6
9842,477,3,4,60,2025-09-07,2025-09-10,Delivered,Net Banking,11626.24
9843,587,4,20,21,2026-07-11,2026-07-12,Delivered,UPI,21948.6
9844,932,1,17,78,2025-12-02,2025-12-08,Delivered,Credit Card,59655.11
9845,177,5,3,32,2025-11-17,2025-11-22,Delivered,Cash on Delivery,27530.52
9846,34,4,11,5,2025-12-26,2025-12-29,Delivered,UPI,4021.13
9847,889,4,3,61,2025-09-07,2025-09-08,Delivered,Debit Card,37619.88
9848,934,3,3,36,2026-01-27,2026-01-30,Delivered,Debit Card,20501.11
9849,336,2,3,24,2025-12-07,,Cancelled,Debit Card,8325.57
9850,373,3,19,10,2026-05-28,2026-06-04,Delivered,Net Banking,38703.01
9851,90,1,12,84,2026-07-11,2026-07-13,Delivered,Credit Card,23260.96
9852,392,3,7,30,2026-02-18,2026-02-24,Delivered,Net Banking,4789.32
9853,410,3,11,3,2026-04-30,2026-05-03,Delivered,Credit Card,13215.8
9854,334,1,6,41,2026-04-21,,Pending,UPI,27998.02
9855,581,3,3,53,2026-07-09,2026-07-13,Delivered,Cash on Delivery,23345.45
9856,21,4,13,84,2026-04-28,2026-05-02,Delivered,Cash on Delivery,9219.14
9857,520,3,4,27,2026-04-02,2026-04-05,Delivered,Credit Card,7789.98
9858,281,3,9,71,2025-08-19,,Pending,Net Banking,6203.46
9859,67,5,11,28,2026-02-22,2026-02-23,Delivered,UPI,3485.5
9860,685,1,9,26,2026-07-02,,Cancelled,Net Banking,56552.09
9861,284,5,2,49,2025-08-14,,Pending,Credit Card,52608.27
9862,616,1,9,82,2025-10-19,2025-10-22,Delivered,Credit Card,11230.12
9863,149,5,15,11,2026-02-15,2026-02-18,Delivered,Net Banking,1109.64
9864,107,3,6,55,2026-05-07,,Pending,Credit Card,9331.55
9865,990,1,17,34,2026-02-09,,Pending,Net Banking,6639.63
9866,575,1,4,74,2026-03-08,,Pending,Debit Card,25467.12
9867,50,2,20,13,2026-04-01,,Cancelled,Credit Card,43577.47
9868,581,4,5,85,2026-05-17,2026-05-24,Delivered,Credit Card,17618.5
9869,326,4,19,29,2026-05-05,2026-05-10,Delivered,Debit Card,1503.71
9870,502,5,4,15,2026-05-08,,Cancelled,Credit Card,43259.99
9871,726,5,10,74,2025-08-09,2025-08-11,Delivered,Credit Card,6765.53
9872,3,5,1,55,2025-11-15,2025-11-17,Delivered,UPI,8572.62
9873,525,3,7,84,2025-11-03,2025-11-06,Delivered,UPI,10098.3
9874,425,4,16,74,2026-03-31,2026-04-04,Delivered,UPI,18159.05
9875,699,1,19,56,2025-08-22,2025-08-27,Delivered,UPI,26214.29
9876,484,2,5,79,2025-08-19,,Pending,Credit Card,16290.51
9877,234,2,11,73,2025-11-13,2025-11-19,Delivered,Debit Card,18886.88
9878,212,2,3,48,2025-08-19,2025-08-23,Delivered,Net Banking,3036.98
9879,879,3,15,93,2025-11-09,2025-11-12,Delivered,UPI,46344.31
9880,790,1,9,92,2025-10-28,,Pending,Net Banking,27218.61
9881,260,4,4,35,2025-08-20,,Pending,UPI,50614.23
9882,775,5,14,71,2025-12-09,2025-12-15,Delivered,Net Banking,31016.91
9883,178,3,3,69,2025-12-31,2026-01-03,Delivered,Cash on Delivery,23216.81
9884,561,2,6,13,2025-12-23,2025-12-27,Delivered,Net Banking,4138.43
9885,500,3,1,28,2026-07-09,2026-07-16,Delivered,Cash on Delivery,22282.88
9886,900,2,8,19,2026-02-09,,Cancelled,Credit Card,13589.81
9887,928,4,5,18,2025-12-06,2025-12-13,Delivered,Credit Card,27179.94
9888,464,1,18,93,2025-08-25,2025-08-30,Delivered,Credit Card,48842.2
9889,349,5,9,14,2026-04-19,2026-04-21,Delivered,Cash on Delivery,5260.39
9890,964,1,18,36,2025-10-17,2025-10-22,Delivered,Debit Card,20696.07
9891,265,4,15,37,2026-06-15,2026-06-19,Delivered,Debit Card,46936.6
9892,220,4,9,35,2025-12-02,2025-12-05,Delivered,Net Banking,42922.8
9893,307,3,2,50,2025-10-09,2025-10-11,Delivered,Credit Card,32776.93
9894,181,3,19,32,2026-02-14,2026-02-17,Delivered,Debit Card,6544.2
9895,679,3,18,97,2026-03-30,2026-04-05,Delivered,UPI,36849.47
9896,591,5,19,48,2026-04-07,2026-04-08,Delivered,Net Banking,13811.68
9897,461,3,16,41,2025-09-05,,Pending,Cash on Delivery,23553.04
9898,140,4,18,16,2025-11-10,2025-11-16,Delivered,UPI,40710.54
9899,934,1,14,55,2026-02-12,2026-02-19,Delivered,UPI,5749.0
9900,723,2,14,23,2026-04-03,2026-04-06,Delivered,Cash on Delivery,27610.51
9901,455,5,4,34,2025-10-19,2025-10-22,Delivered,Cash on Delivery,38678.06
9902,169,4,10,67,2026-01-28,2026-01-30,Delivered,UPI,45012.48
9903,357,2,6,67,2025-11-24,,Pending,UPI,19565.42
9904,331,5,14,71,2026-01-20,2026-01-21,Delivered,UPI,17843.38
9905,521,5,6,3,2025-11-28,2025-12-04,Delivered,UPI,45822.06
9906,609,2,17,66,2025-12-10,,Pending,UPI,41182.98
9907,595,1,5,46,2026-02-08,2026-02-09,Delivered,Net Banking,69168.17
9908,281,3,5,26,2025-08-15,2025-08-21,Delivered,Cash on Delivery,3935.43
9909,579,4,3,28,2025-10-11,2025-10-13,Delivered,Net Banking,49753.44
9910,134,1,19,75,2025-08-12,2025-08-15,Delivered,UPI,51249.88
9911,16,2,6,22,2026-03-26,2026-03-31,Delivered,Debit Card,1739.97
9912,858,5,15,74,2026-04-01,,Cancelled,Net Banking,24644.75
9913,922,3,17,32,2025-07-31,2025-08-05,Delivered,Credit Card,39338.15
9914,173,2,14,5,2025-09-05,2025-09-12,Delivered,Debit Card,1911.35
9915,51,4,18,1,2026-07-20,,Pending,Cash on Delivery,7451.43
9916,658,5,2,2,2025-12-30,2026-01-06,Delivered,UPI,3572.1
9917,503,5,4,45,2026-02-12,2026-02-16,Delivered,Debit Card,58447.6
9918,152,5,10,49,2026-07-23,2026-07-28,Delivered,Net Banking,25302.67
9919,379,1,19,21,2025-11-27,,Cancelled,Net Banking,23240.14
9920,335,2,4,46,2025-12-22,2025-12-24,Delivered,Net Banking,17175.51
9921,427,5,13,6,2025-11-13,2025-11-18,Delivered,Net Banking,8602.92
9922,736,1,15,89,2026-01-16,2026-01-19,Delivered,UPI,15915.73
9923,798,1,15,15,2025-09-07,2025-09-12,Delivered,Credit Card,24627.66
9924,416,4,10,65,2026-02-01,2026-02-03,Delivered,Credit Card,7068.57
9925,714,1,12,79,2026-06-18,2026-06-24,Delivered,UPI,7062.88
9926,150,3,11,78,2026-06-08,2026-06-13,Delivered,Net Banking,6412.64
9927,707,2,7,35,2026-01-18,,Pending,Net Banking,31879.49
9928,954,4,15,70,2026-02-25,,Pending,Cash on Delivery,11577.6
9929,77,2,11,40,2025-11-05,,Cancelled,Net Banking,43555.96
9930,707,3,11,87,2025-08-10,2025-08-15,Delivered,Cash on Delivery,11796.6
9931,84,4,19,39,2025-08-31,2025-09-07,Delivered,UPI,3122.39
9932,46,1,15,12,2026-07-22,2026-07-23,Delivered,Credit Card,46765.78
9933,376,3,7,29,2026-03-20,2026-03-22,Delivered,Net Banking,45474.41
9934,153,2,4,81,2025-08-10,,Pending,Credit Card,32315.07
9935,273,1,1,44,2025-09-25,,Pending,Debit Card,48298.63
9936,329,4,18,93,2026-07-07,,Pending,Cash on Delivery,1661.56
9937,254,2,4,85,2026-01-22,2026-01-28,Delivered,Net Banking,37973.59
9938,478,3,2,49,2026-05-29,2026-06-01,Delivered,Credit Card,44911.64
9939,879,5,4,15,2026-07-16,,Pending,Net Banking,12874.92
9940,636,1,11,79,2026-04-08,2026-04-14,Delivered,Net Banking,34567.77
9941,152,1,13,42,2025-09-04,2025-09-07,Delivered,Cash on Delivery,61999.0
9942,211,3,8,51,2025-12-31,2026-01-04,Delivered,Net Banking,19277.12
9943,123,4,9,29,2026-07-10,2026-07-17,Delivered,Debit Card,11553.85
9944,24,1,1,90,2026-03-19,2026-03-24,Delivered,UPI,30493.13
9945,846,2,4,1,2026-02-16,,Pending,Net Banking,35980.03
9946,169,2,6,36,2026-04-22,,Pending,Credit Card,37892.31
9947,394,3,12,99,2026-02-28,2026-03-05,Delivered,UPI,37749.23
9948,683,1,17,78,2026-04-03,2026-04-08,Delivered,Net Banking,46564.32
9949,499,3,17,84,2026-04-26,2026-05-03,Delivered,UPI,1011.09
9950,461,2,20,15,2025-10-14,2025-10-21,Delivered,Cash on Delivery,49270.85
9951,594,2,18,6,2026-01-30,,Pending,Debit Card,30945.96
9952,376,2,20,92,2026-04-25,2026-04-30,Delivered,UPI,15546.01
9953,999,1,10,79,2025-09-04,2025-09-09,Delivered,Net Banking,27790.58
9954,900,4,3,5,2026-01-12,,Cancelled,Net Banking,15460.76
9955,334,5,13,79,2025-09-01,2025-09-06,Delivered,Credit Card,8787.06
9956,193,2,7,11,2025-09-06,2025-09-11,Delivered,Cash on Delivery,2874.51
9957,819,2,13,37,2025-12-16,2025-12-23,Delivered,UPI,37119.47
9958,458,5,12,1,2026-02-12,2026-02-19,Delivered,Net Banking,19908.68
9959,28,1,14,36,2026-07-22,2026-07-23,Delivered,Cash on Delivery,49266.8
9960,459,5,4,8,2025-12-25,2025-12-29,Delivered,Cash on Delivery,24836.76
9961,379,3,4,3,2026-01-07,,Pending,Net Banking,19522.1
9962,167,4,1,70,2026-06-02,2026-06-04,Delivered,Debit Card,938.92
9963,594,5,9,46,2026-02-12,2026-02-18,Delivered,Credit Card,18451.26
9964,609,4,7,11,2026-01-07,2026-01-14,Delivered,Cash on Delivery,801.28
9965,751,2,11,33,2025-09-08,,Pending,Debit Card,23187.64
9966,941,4,15,66,2025-08-29,2025-08-31,Delivered,Net Banking,42996.6
9967,562,5,17,94,2026-03-04,2026-03-08,Delivered,Cash on Delivery,27749.08
9968,722,4,8,23,2026-03-05,2026-03-10,Delivered,UPI,24993.73
9969,644,5,7,3,2026-01-25,2026-02-01,Delivered,UPI,22665.38
9970,476,2,14,17,2026-06-13,2026-06-19,Delivered,Debit Card,14986.43
9971,344,5,17,70,2026-06-14,2026-06-20,Delivered,UPI,37734.26
9972,170,1,15,60,2025-12-23,2025-12-26,Delivered,Net Banking,29560.99
9973,31,3,15,65,2026-01-13,,Pending,Credit Card,12943.17
9974,270,1,13,60,2025-12-12,2025-12-18,Delivered,UPI,15332.25
9975,261,3,5,45,2026-03-08,2026-03-12,Delivered,Cash on Delivery,8538.23
9976,95,3,6,44,2026-05-08,2026-05-15,Delivered,Net Banking,12651.36
9977,309,3,15,73,2026-04-29,2026-05-06,Delivered,UPI,7176.66
9978,610,5,13,9,2026-02-14,2026-02-21,Delivered,UPI,42175.66
9979,994,5,3,85,2025-10-13,2025-10-14,Delivered,UPI,80082.29
9980,343,5,10,83,2026-04-10,2026-04-17,Delivered,Cash on Delivery,3551.72
9981,175,4,12,19,2025-10-12,,Pending,Debit Card,19927.21
9982,253,2,18,79,2025-09-27,2025-10-04,Delivered,Net Banking,42628.65
9983,1000,4,2,59,2026-01-03,,Pending,Cash on Delivery,7255.84
9984,498,3,12,90,2025-08-21,2025-08-24,Delivered,Credit Card,57473.42
9985,15,3,8,14,2026-01-28,,Pending,Cash on Delivery,32281.89
9986,604,5,19,64,2026-06-29,2026-07-02,Delivered,UPI,43444.45
9987,105,4,5,36,2025-08-12,2025-08-13,Delivered,Cash on Delivery,57160.01
9988,564,5,8,56,2026-05-02,2026-05-03,Delivered,Cash on Delivery,11855.79
9989,753,5,17,7,2025-11-28,,Pending,Credit Card,34871.0
9990,150,4,15,16,2026-06-27,,Pending,Cash on Delivery,41800.9
9991,176,2,7,78,2025-08-06,2025-08-09,Delivered,Cash on Delivery,30208.01
9992,2,4,3,60,2025-12-03,,Cancelled,Credit Card,15703.0
9993,880,2,14,44,2026-02-20,2026-02-21,Delivered,Credit Card,444.14
9994,812,3,14,13,2025-10-15,2025-10-21,Delivered,Credit Card,4827.21
9995,845,5,15,1,2025-12-19,2025-12-26,Delivered,Credit Card,6281.24
9996,219,2,7,83,2025-10-08,,Pending,UPI,2289.78
9997,53,2,6,42,2025-11-03,,Pending,UPI,11179.4
9998,283,4,13,61,2025-12-12,2025-12-13,Delivered,UPI,19840.99
9999,558,1,12,29,2026-04-02,2026-04-09,Delivered,Debit Card,15877.38
10000,414,4,10,90,2026-02-21,2026-02-24,Delivered,Credit Card,12369.46
